-- Catapult Ultra Synthesis: Report                                              
-- ------------------------- ---------------------------------------------------
-- Version:                  2025.1/1166825 Production Release                   
-- Build Date:               Sun Feb 16 14:04:49 PST 2025                        
                                                                                 
-- Generated by:             gtombesi@corsica                                    
-- Generated date:           Thu May 08 19:13:15 EDT 2025                        

Solution Settings: leakyrelu_ctrl.v1
  Current state: schedule
  Project: Catapult

Design Input Files Specified
  $PROJECT_HOME/../../tb/testbench.cpp
  $PROJECT_HOME/../../tb/testbench.hpp
  $PROJECT_HOME/../../tb/sc_main.cpp
  $PROJECT_HOME/../../tb/system.hpp
  $PROJECT_HOME/../../inc/leakyrelu_ctrl.h
    $MGC_HOME/shared/include/systemc.h
      $MGC_HOME/shared/include/systemc
        $MGC_HOME/shared/include/sysc/kernel/sc_cmnhdr.h
        $MGC_HOME/shared/include/sysc/kernel/sc_externs.h
        $MGC_HOME/shared/include/sysc/kernel/sc_except.h
          $MGC_HOME/shared/include/sysc/kernel/sc_cmnhdr.h
        $MGC_HOME/shared/include/sysc/kernel/sc_module.h
          $MGC_HOME/shared/include/sysc/kernel/sc_kernel_ids.h
            $MGC_HOME/shared/include/sysc/utils/sc_report.h
              $MGC_HOME/shared/include/sysc/kernel/sc_cmnhdr.h
              $MGC_HOME/shared/include/sysc/utils/sc_report_handler.h
          $MGC_HOME/shared/include/sysc/kernel/sc_process.h
            $MGC_HOME/shared/include/sysc/kernel/sc_constants.h
            $MGC_HOME/shared/include/sysc/kernel/sc_object.h
              $MGC_HOME/shared/include/sysc/kernel/sc_attribute.h
                $MGC_HOME/shared/include/sysc/kernel/sc_cmnhdr.h
            $MGC_HOME/shared/include/sysc/communication/sc_export.h
              $MGC_HOME/shared/include/sysc/communication/sc_communication_ids.h
              $MGC_HOME/shared/include/sysc/communication/sc_interface.h
                $MGC_HOME/shared/include/sysc/kernel/sc_cmnhdr.h
              $MGC_HOME/shared/include/sysc/utils/sc_typeindex.h
                $MGC_HOME/shared/include/sysc/kernel/sc_cmnhdr.h
          $MGC_HOME/shared/include/sysc/kernel/sc_module_name.h
          $MGC_HOME/shared/include/sysc/kernel/sc_sensitive.h
          $MGC_HOME/shared/include/sysc/kernel/sc_time.h
            $MGC_HOME/shared/include/sysc/datatypes/int/sc_nbdefs.h
              $MGC_HOME/shared/include/sysc/kernel/sc_cmnhdr.h
            $MGC_HOME/shared/include/sysc/datatypes/fx/scfx_ieee.h
              $MGC_HOME/shared/include/sysc/datatypes/fx/sc_fxdefs.h
                $MGC_HOME/shared/include/sysc/kernel/sc_cmnhdr.h
                $MGC_HOME/shared/include/sysc/utils/sc_machine.h
                  $MGC_HOME/shared/include/sysc/packages/boost/detail/endian.hpp
                $MGC_HOME/shared/include/sysc/datatypes/fx/sc_fx_ids.h
                $MGC_HOME/shared/include/sysc/datatypes/int/sc_nbutils.h
                  $MGC_HOME/shared/include/sysc/datatypes/bit/sc_bit_ids.h
                  $MGC_HOME/shared/include/sysc/datatypes/int/sc_int_ids.h
          $MGC_HOME/shared/include/sysc/kernel/sc_wait.h
            $MGC_HOME/shared/include/sysc/kernel/sc_simcontext.h
              $MGC_HOME/shared/include/sysc/kernel/sc_cmnhdr.h
              $MGC_HOME/shared/include/sysc/kernel/sc_status.h
                $MGC_HOME/shared/include/sysc/kernel/sc_cmnhdr.h
              $MGC_HOME/shared/include/sysc/utils/sc_hash.h
                $MGC_HOME/shared/include/sysc/kernel/sc_simcontext.h
              $MGC_HOME/shared/include/sysc/utils/sc_pq.h
                $MGC_HOME/shared/include/sysc/kernel/sc_cmnhdr.h
          $MGC_HOME/shared/include/sysc/kernel/sc_wait_cthread.h
            $MGC_HOME/shared/include/sysc/datatypes/bit/sc_logic.h
              $MGC_HOME/shared/include/sysc/kernel/sc_cmnhdr.h
              $MGC_HOME/shared/include/sysc/kernel/sc_macros.h
                $MGC_HOME/shared/include/sysc/kernel/sc_cmnhdr.h
              $MGC_HOME/shared/include/sysc/utils/sc_mempool.h
              $MGC_HOME/shared/include/sysc/datatypes/bit/sc_bit.h
          $MGC_HOME/shared/include/sysc/kernel/sc_process_handle.h
            $MGC_HOME/shared/include/sysc/kernel/sc_module.h
          $MGC_HOME/shared/include/sysc/utils/sc_list.h
            $MGC_HOME/shared/include/sysc/kernel/sc_cmnhdr.h
        $MGC_HOME/shared/include/sysc/kernel/sc_ver.h
          $MGC_HOME/shared/include/sysc/kernel/sc_cmnhdr.h
          $MGC_HOME/shared/include/sysc/communication/sc_writer_policy.h
        $MGC_HOME/shared/include/sysc/communication/sc_buffer.h
          $MGC_HOME/shared/include/sysc/communication/sc_signal.h
            $MGC_HOME/shared/include/sysc/communication/sc_port.h
              $MGC_HOME/shared/include/sysc/kernel/sc_event.h
                $MGC_HOME/shared/include/sysc/kernel/sc_cmnhdr.h
            $MGC_HOME/shared/include/sysc/communication/sc_prim_channel.h
            $MGC_HOME/shared/include/sysc/communication/sc_signal_ifs.h
            $MGC_HOME/shared/include/sysc/tracing/sc_trace.h
        $MGC_HOME/shared/include/sysc/communication/sc_clock.h
        $MGC_HOME/shared/include/sysc/communication/sc_clock_ports.h
          $MGC_HOME/shared/include/sysc/communication/sc_signal_ports.h
            $MGC_HOME/shared/include/sysc/communication/sc_event_finder.h
        $MGC_HOME/shared/include/sysc/communication/sc_event_queue.h
        $MGC_HOME/shared/include/sysc/communication/sc_fifo.h
          $MGC_HOME/shared/include/sysc/communication/sc_fifo_ifs.h
        $MGC_HOME/shared/include/sysc/communication/sc_fifo_ports.h
        $MGC_HOME/shared/include/sysc/communication/sc_mutex.h
          $MGC_HOME/shared/include/sysc/communication/sc_mutex_if.h
        $MGC_HOME/shared/include/sysc/communication/sc_semaphore.h
          $MGC_HOME/shared/include/sysc/communication/sc_semaphore_if.h
        $MGC_HOME/shared/include/sysc/communication/sc_signal_resolved.h
        $MGC_HOME/shared/include/sysc/communication/sc_signal_resolved_ports.h
        $MGC_HOME/shared/include/sysc/communication/sc_signal_rv.h
          $MGC_HOME/shared/include/sysc/datatypes/bit/sc_lv.h
            $MGC_HOME/shared/include/sysc/datatypes/bit/sc_lv_base.h
              $MGC_HOME/shared/include/sysc/datatypes/bit/sc_bv_base.h
                $MGC_HOME/shared/include/sysc/datatypes/bit/sc_bit_proxies.h
                  $MGC_HOME/shared/include/sysc/datatypes/bit/sc_proxy.h
                    $MGC_HOME/shared/include/sysc/kernel/sc_cmnhdr.h
                    $MGC_HOME/shared/include/sysc/datatypes/int/sc_signed.h
                      $MGC_HOME/shared/include/sysc/datatypes/misc/sc_value_base.h
                      $MGC_HOME/shared/include/sysc/utils/sc_temporary.h
                        $MGC_HOME/shared/include/sysc/kernel/sc_cmnhdr.h
                      $MGC_HOME/shared/include/sysc/datatypes/int/sc_length_param.h
                        $MGC_HOME/shared/include/sysc/datatypes/fx/sc_context.h
                          $MGC_HOME/shared/include/sysc/kernel/sc_cmnhdr.h
                      $MGC_HOME/shared/include/sysc/datatypes/int/sc_nbexterns.h
                      $MGC_HOME/shared/include/sysc/datatypes/int/sc_unsigned.h
                    $MGC_HOME/shared/include/sysc/datatypes/int/sc_int_base.h
                      $MGC_HOME/shared/include/sysc/kernel/sc_cmnhdr.h
                      $MGC_HOME/shared/include/sysc/datatypes/int/sc_uint_base.h
        $MGC_HOME/shared/include/sysc/communication/sc_signal_rv_ports.h
        $MGC_HOME/shared/include/sysc/datatypes/bit/sc_bv.h
        $MGC_HOME/shared/include/sysc/datatypes/int/sc_bigint.h
        $MGC_HOME/shared/include/sysc/datatypes/int/sc_biguint.h
        $MGC_HOME/shared/include/sysc/datatypes/int/sc_int.h
        $MGC_HOME/shared/include/sysc/datatypes/int/sc_uint.h
        $MGC_HOME/shared/include/sysc/datatypes/misc/sc_concatref.h
        $MGC_HOME/shared/include/sysc/utils/sc_utils_ids.h
        $MGC_HOME/shared/include/sysc/utils/sc_pvector.h
        $MGC_HOME/shared/include/sysc/utils/sc_string_view.h
          $MGC_HOME/shared/include/sysc/kernel/sc_cmnhdr.h
          $MGC_HOME/shared/include/sysc/packages/boost/utility/string_view.hpp
            $MGC_HOME/shared/include/sysc/packages/boost/config.hpp
              $MGC_HOME/shared/include/sysc/packages/boost/config/user.hpp
              $MGC_HOME/shared/include/sysc/packages/boost/config/select_compiler_config.hpp
              $MGC_HOME/shared/include/sysc/packages/boost/config/compiler/gcc.hpp
              $MGC_HOME/shared/include/sysc/packages/boost/config/select_stdlib_config.hpp
              $MGC_HOME/shared/include/sysc/packages/boost/config/stdlib/libstdcpp3.hpp
              $MGC_HOME/shared/include/sysc/packages/boost/config/select_platform_config.hpp
              $MGC_HOME/shared/include/sysc/packages/boost/config/platform/linux.hpp
                $MGC_HOME/shared/include/sysc/packages/boost/config/posix_features.hpp
              $MGC_HOME/shared/include/sysc/packages/boost/config/suffix.hpp
            $MGC_HOME/shared/include/sysc/packages/boost/utility/string_view_fwd.hpp
        $MGC_HOME/shared/include/sysc/utils/sc_vector.h
    $PROJECT_HOME/../../../../common/matchlib_toolkit/examples/matchlib/cmod/include/nvhls_int.h
      $PROJECT_HOME/../../../../common/matchlib_toolkit/examples/matchlib/cmod/include/nvhls_marshaller.h
        $MGC_HOME/shared/include/connections/marshaller.h
          $MGC_HOME/shared/include/ccs_types.h
            $MGC_HOME/shared/include/tlm.h
              $MGC_HOME/shared/include/tlm
                $MGC_HOME/shared/include/systemc
                $MGC_HOME/shared/include/tlm_core/tlm_2/tlm_version.h
                $MGC_HOME/shared/include/tlm_core/tlm_1/tlm_analysis/tlm_analysis.h
                  $MGC_HOME/shared/include/tlm_core/tlm_1/tlm_analysis/tlm_write_if.h
                    $MGC_HOME/shared/include/systemc
                  $MGC_HOME/shared/include/tlm_core/tlm_1/tlm_analysis/tlm_analysis_if.h
                  $MGC_HOME/shared/include/tlm_core/tlm_1/tlm_analysis/tlm_analysis_triple.h
                  $MGC_HOME/shared/include/tlm_core/tlm_1/tlm_analysis/tlm_analysis_port.h
                  $MGC_HOME/shared/include/tlm_core/tlm_1/tlm_analysis/tlm_analysis_fifo.h
                    $MGC_HOME/shared/include/tlm_core/tlm_1/tlm_req_rsp/tlm_channels/tlm_fifo/tlm_fifo.h
                      $MGC_HOME/shared/include/tlm_core/tlm_1/tlm_req_rsp/tlm_1_interfaces/tlm_fifo_ifs.h
                        $MGC_HOME/shared/include/tlm_core/tlm_1/tlm_req_rsp/tlm_1_interfaces/tlm_core_ifs.h
                          $MGC_HOME/shared/include/tlm_core/tlm_1/tlm_req_rsp/tlm_1_interfaces/tlm_tag.h
                      $MGC_HOME/shared/include/tlm_core/tlm_1/tlm_req_rsp/tlm_channels/tlm_fifo/circular_buffer.h
                      $MGC_HOME/shared/include/tlm_core/tlm_1/tlm_req_rsp/tlm_channels/tlm_fifo/tlm_fifo_put_get.h
                      $MGC_HOME/shared/include/tlm_core/tlm_1/tlm_req_rsp/tlm_channels/tlm_fifo/tlm_fifo_peek.h
                      $MGC_HOME/shared/include/tlm_core/tlm_1/tlm_req_rsp/tlm_channels/tlm_fifo/tlm_fifo_resize.h
                $MGC_HOME/shared/include/tlm_core/tlm_1/tlm_req_rsp/tlm_req_rsp.h
                  $MGC_HOME/shared/include/tlm_core/tlm_1/tlm_req_rsp/tlm_1_interfaces/tlm_master_slave_ifs.h
                  $MGC_HOME/shared/include/tlm_core/tlm_1/tlm_req_rsp/tlm_channels/tlm_req_rsp_channels/tlm_req_rsp_channels.h
                    $MGC_HOME/shared/include/tlm_core/tlm_1/tlm_req_rsp/tlm_adapters/tlm_adapters.h
                    $MGC_HOME/shared/include/tlm_core/tlm_1/tlm_req_rsp/tlm_channels/tlm_req_rsp_channels/tlm_put_get_imp.h
                  $MGC_HOME/shared/include/tlm_core/tlm_1/tlm_req_rsp/tlm_ports/tlm_nonblocking_port.h
                    $MGC_HOME/shared/include/tlm_core/tlm_1/tlm_req_rsp/tlm_ports/tlm_event_finder.h
                $MGC_HOME/shared/include/tlm_core/tlm_2/tlm_2_interfaces/tlm_2_interfaces.h
                  $MGC_HOME/shared/include/tlm_core/tlm_2/tlm_2_interfaces/tlm_dmi.h
                    $MGC_HOME/shared/include/systemc
                  $MGC_HOME/shared/include/tlm_core/tlm_2/tlm_2_interfaces/tlm_fw_bw_ifs.h
                    $MGC_HOME/shared/include/systemc
                    $MGC_HOME/shared/include/tlm_core/tlm_2/tlm_generic_payload/tlm_generic_payload.h
                      $MGC_HOME/shared/include/tlm_core/tlm_2/tlm_generic_payload/tlm_helpers.h
                      $MGC_HOME/shared/include/tlm_core/tlm_2/tlm_generic_payload/tlm_phase.h
                        $MGC_HOME/shared/include/sysc/kernel/sc_cmnhdr.h
                      $MGC_HOME/shared/include/tlm_core/tlm_2/tlm_generic_payload/tlm_gp.h
                        $MGC_HOME/shared/include/sysc/kernel/sc_cmnhdr.h
                        $MGC_HOME/shared/include/tlm_core/tlm_2/tlm_generic_payload/tlm_array.h
                      $MGC_HOME/shared/include/tlm_core/tlm_2/tlm_generic_payload/tlm_endian_conv.h
                $MGC_HOME/shared/include/tlm_core/tlm_2/tlm_sockets/tlm_sockets.h
                  $MGC_HOME/shared/include/tlm_core/tlm_2/tlm_sockets/tlm_initiator_socket.h
                    $MGC_HOME/shared/include/tlm_core/tlm_2/tlm_sockets/tlm_base_socket_if.h
                  $MGC_HOME/shared/include/tlm_core/tlm_2/tlm_sockets/tlm_target_socket.h
                $MGC_HOME/shared/include/tlm_core/tlm_2/tlm_quantum/tlm_quantum.h
                  $MGC_HOME/shared/include/tlm_core/tlm_2/tlm_quantum/tlm_global_quantum.h
            $MGC_HOME/shared/include/ac_sc.h
              $MGC_HOME/shared/include/ac_complex.h
                $MGC_HOME/shared/include/ac_float.h
                  $MGC_HOME/shared/include/ac_fixed.h
                    $MGC_HOME/shared/include/ac_int.h
            $MGC_HOME/shared/include/mc_typeconv.h
              $MGC_HOME/shared/include/mc_container_types.h
          $MGC_HOME/shared/include/connections/connections_utils.h
            $MGC_HOME/shared/include/ac_assert.h
        $PROJECT_HOME/../../../../common/matchlib_toolkit/examples/matchlib/cmod/include/nvhls_assert.h
          $PROJECT_HOME/../../../../common/matchlib_toolkit/examples/matchlib/cmod/include/hls_globals.h
          $MGC_HOME/shared/include/ac_assert.h
    $PROJECT_HOME/../../../../common/matchlib_toolkit/examples/matchlib/cmod/include/nvhls_connections.h
      $MGC_HOME/shared/include/connections/connections.h
        $MGC_HOME/shared/include/connections/marshaller.h
          $MGC_HOME/shared/include/mc_typeconv.h
        $MGC_HOME/shared/include/connections/connections_trace.h
          $MGC_HOME/shared/include/systemc
        $MGC_HOME/shared/include/connections/message.h
      $PROJECT_HOME/../../../../common/matchlib_toolkit/examples/matchlib/cmod/include/nvhls_packet.h
        $PROJECT_HOME/../../../../common/matchlib_toolkit/examples/matchlib/cmod/include/nvhls_types.h
        $PROJECT_HOME/../../../../common/matchlib_toolkit/examples/matchlib/cmod/include/nvhls_message.h
          $PROJECT_HOME/../../../../common/matchlib_toolkit/examples/matchlib/cmod/include/nvhls_connections_utils.h
      $PROJECT_HOME/../../../../common/matchlib_toolkit/examples/matchlib/cmod/include/nvhls_module.h
        $PROJECT_HOME/../../../../common/matchlib_toolkit/examples/matchlib/cmod/include/nvhls_trace.h
      $PROJECT_HOME/../../../../common/matchlib_toolkit/examples/matchlib/cmod/include/fifo.h
        $PROJECT_HOME/../../../../common/matchlib_toolkit/examples/matchlib/cmod/include/mem_array.h
          $PROJECT_HOME/../../../../common/matchlib_toolkit/examples/matchlib/cmod/include/nvhls_array.h
            $MGC_HOME/shared/include/ac_assert.h
          $PROJECT_HOME/../../../../common/matchlib_toolkit/examples/matchlib/cmod/include/TypeToBits.h
      $PROJECT_HOME/../../../../common/matchlib_toolkit/examples/matchlib/cmod/include/nvhls_connections_buffered_ports.h
        $PROJECT_HOME/../../../../common/matchlib_toolkit/include/ccs_p2p.h
      $PROJECT_HOME/../../../../common/matchlib_toolkit/examples/matchlib/cmod/include/nvhls_connections_network.h
        $PROJECT_HOME/../../../../common/matchlib_toolkit/examples/matchlib/cmod/include/nvhls_connections.h
    $MGC_HOME/shared/include/mc_scverify.h
      $MGC_HOME/shared/include/ac_assert.h
    $PROJECT_HOME/../../../../common/matchlib_toolkit/include/ac_shared_bank_array.h
      $MGC_HOME/shared/include/ac_assert.h
      $PROJECT_HOME/../../../../common/matchlib_toolkit/include/ac_shared_proxy.h
        $MGC_HOME/shared/include/ac_shared.h
      $PROJECT_HOME/../../../../common/matchlib_toolkit/include/ac_max_pow2.h
      $PROJECT_HOME/../../../../common/matchlib_toolkit/include/ac_array_1D.h
        $MGC_HOME/shared/include/ac_assert.h
    $PROJECT_HOME/../../inc/leakyrelu_data_types.h
      $MGC_HOME/shared/include/ac_std_float.h
      $MGC_HOME/shared/include/ac_math.h
        $MGC_HOME/shared/include/ac_math/ac_abs.h
          $MGC_HOME/shared/include/ac_math/ac_sqrt_pwl.h
            $MGC_HOME/shared/include/ac_math/ac_shift.h
            $MGC_HOME/shared/include/ac_math/ac_normalize.h
        $MGC_HOME/shared/include/ac_math/ac_arccos_cordic.h
        $MGC_HOME/shared/include/ac_math/ac_arcsin_cordic.h
        $MGC_HOME/shared/include/ac_math/ac_atan_pwl.h
          $MGC_HOME/shared/include/ac_math/ac_reciprocal_pwl.h
        $MGC_HOME/shared/include/ac_math/ac_atan_pwl_ha.h
          $MGC_HOME/shared/include/ac_math/ac_reciprocal_pwl_ha.h
        $MGC_HOME/shared/include/ac_math/ac_atan2_cordic.h
        $MGC_HOME/shared/include/ac_math/ac_barrel_shift.h
        $MGC_HOME/shared/include/ac_math/ac_div.h
        $MGC_HOME/shared/include/ac_math/ac_hcordic.h
        $MGC_HOME/shared/include/ac_math/ac_inverse_sqrt_pwl.h
        $MGC_HOME/shared/include/ac_math/ac_log_pwl.h
        $MGC_HOME/shared/include/ac_math/ac_pow_pwl.h
        $MGC_HOME/shared/include/ac_math/ac_sigmoid_pwl.h
        $MGC_HOME/shared/include/ac_math/ac_sincos_cordic.h
        $MGC_HOME/shared/include/ac_math/ac_sincos_lut.h
        $MGC_HOME/shared/include/ac_math/ac_sqrt.h
        $MGC_HOME/shared/include/ac_math/ac_tan_pwl.h
        $MGC_HOME/shared/include/ac_math/ac_tanh_pwl.h
        $MGC_HOME/shared/include/ac_math/ac_softmax_pwl.h
        $MGC_HOME/shared/include/ac_float_add_tree.h
      $PROJECT_HOME/../../inc/leakyrelu_specs.h
        $MGC_HOME/shared/include/mc_connections.h
          $MGC_HOME/shared/include/ac_sysc_macros.h
          $MGC_HOME/shared/include/ac_sysc_trace.h
          $MGC_HOME/shared/include/connections/connections_sync.h
          $MGC_HOME/shared/include/connections/connections_fifo.h
          $MGC_HOME/shared/include/connections/port_scanner.h
            $MGC_HOME/shared/include/systemc
        $PROJECT_HOME/../../../../common/matchlib_toolkit/examples/matchlib/cmod/include/nvhls_vector.h
          $PROJECT_HOME/../../../../common/matchlib_toolkit/examples/matchlib/cmod/include/hls_globals.h
          $PROJECT_HOME/../../../../common/matchlib_toolkit/include/ccs_p2p.h
        $PROJECT_HOME/../../../../common/inc/esp_dma_info_sysc.hpp
        $PROJECT_HOME/../../inc/leakyrelu_conf_info.h
          $PROJECT_HOME/../../inc/leakyrelu_specs.h
          $PROJECT_HOME/../../../../common/matchlib_toolkit/include/auto_gen_port_info.h
            $MGC_HOME/shared/include/connections/marshaller.h
              $MGC_HOME/shared/include/mc_typeconv.h
            $PROJECT_HOME/../../../../common/matchlib_toolkit/include/auto_gen_fields.h
              $MGC_HOME/shared/include/connections/marshaller.h
                $MGC_HOME/shared/include/mc_typeconv.h
              $PROJECT_HOME/../../../../common/matchlib_toolkit/examples/matchlib/cmod/include/UIntOrEmpty.h
                $MGC_HOME/shared/include/systemc
          $PROJECT_HOME/../../../../common/matchlib_toolkit/include/ac_enum.h
  $PROJECT_HOME/../../inc/leakyrelu_specs.h
    $MGC_HOME/shared/include/mc_connections.h
      $MGC_HOME/shared/include/systemc.h
        $MGC_HOME/shared/include/systemc
          $MGC_HOME/shared/include/sysc/kernel/sc_cmnhdr.h
          $MGC_HOME/shared/include/sysc/kernel/sc_externs.h
          $MGC_HOME/shared/include/sysc/kernel/sc_except.h
            $MGC_HOME/shared/include/sysc/kernel/sc_cmnhdr.h
          $MGC_HOME/shared/include/sysc/kernel/sc_module.h
            $MGC_HOME/shared/include/sysc/kernel/sc_kernel_ids.h
              $MGC_HOME/shared/include/sysc/utils/sc_report.h
                $MGC_HOME/shared/include/sysc/kernel/sc_cmnhdr.h
                $MGC_HOME/shared/include/sysc/utils/sc_report_handler.h
            $MGC_HOME/shared/include/sysc/kernel/sc_process.h
              $MGC_HOME/shared/include/sysc/kernel/sc_constants.h
              $MGC_HOME/shared/include/sysc/kernel/sc_object.h
                $MGC_HOME/shared/include/sysc/kernel/sc_attribute.h
                  $MGC_HOME/shared/include/sysc/kernel/sc_cmnhdr.h
              $MGC_HOME/shared/include/sysc/communication/sc_export.h
                $MGC_HOME/shared/include/sysc/communication/sc_communication_ids.h
                $MGC_HOME/shared/include/sysc/communication/sc_interface.h
                  $MGC_HOME/shared/include/sysc/kernel/sc_cmnhdr.h
                $MGC_HOME/shared/include/sysc/utils/sc_typeindex.h
                  $MGC_HOME/shared/include/sysc/kernel/sc_cmnhdr.h
            $MGC_HOME/shared/include/sysc/kernel/sc_module_name.h
            $MGC_HOME/shared/include/sysc/kernel/sc_sensitive.h
            $MGC_HOME/shared/include/sysc/kernel/sc_time.h
              $MGC_HOME/shared/include/sysc/datatypes/int/sc_nbdefs.h
                $MGC_HOME/shared/include/sysc/kernel/sc_cmnhdr.h
              $MGC_HOME/shared/include/sysc/datatypes/fx/scfx_ieee.h
                $MGC_HOME/shared/include/sysc/datatypes/fx/sc_fxdefs.h
                  $MGC_HOME/shared/include/sysc/kernel/sc_cmnhdr.h
                  $MGC_HOME/shared/include/sysc/utils/sc_machine.h
                    $MGC_HOME/shared/include/sysc/packages/boost/detail/endian.hpp
                  $MGC_HOME/shared/include/sysc/datatypes/fx/sc_fx_ids.h
                  $MGC_HOME/shared/include/sysc/datatypes/int/sc_nbutils.h
                    $MGC_HOME/shared/include/sysc/datatypes/bit/sc_bit_ids.h
                    $MGC_HOME/shared/include/sysc/datatypes/int/sc_int_ids.h
            $MGC_HOME/shared/include/sysc/kernel/sc_wait.h
              $MGC_HOME/shared/include/sysc/kernel/sc_simcontext.h
                $MGC_HOME/shared/include/sysc/kernel/sc_cmnhdr.h
                $MGC_HOME/shared/include/sysc/kernel/sc_status.h
                  $MGC_HOME/shared/include/sysc/kernel/sc_cmnhdr.h
                $MGC_HOME/shared/include/sysc/utils/sc_hash.h
                  $MGC_HOME/shared/include/sysc/kernel/sc_simcontext.h
                $MGC_HOME/shared/include/sysc/utils/sc_pq.h
                  $MGC_HOME/shared/include/sysc/kernel/sc_cmnhdr.h
            $MGC_HOME/shared/include/sysc/kernel/sc_wait_cthread.h
              $MGC_HOME/shared/include/sysc/datatypes/bit/sc_logic.h
                $MGC_HOME/shared/include/sysc/kernel/sc_cmnhdr.h
                $MGC_HOME/shared/include/sysc/kernel/sc_macros.h
                  $MGC_HOME/shared/include/sysc/kernel/sc_cmnhdr.h
                $MGC_HOME/shared/include/sysc/utils/sc_mempool.h
                $MGC_HOME/shared/include/sysc/datatypes/bit/sc_bit.h
            $MGC_HOME/shared/include/sysc/kernel/sc_process_handle.h
              $MGC_HOME/shared/include/sysc/kernel/sc_module.h
            $MGC_HOME/shared/include/sysc/utils/sc_list.h
              $MGC_HOME/shared/include/sysc/kernel/sc_cmnhdr.h
          $MGC_HOME/shared/include/sysc/kernel/sc_ver.h
            $MGC_HOME/shared/include/sysc/kernel/sc_cmnhdr.h
            $MGC_HOME/shared/include/sysc/communication/sc_writer_policy.h
          $MGC_HOME/shared/include/sysc/communication/sc_buffer.h
            $MGC_HOME/shared/include/sysc/communication/sc_signal.h
              $MGC_HOME/shared/include/sysc/communication/sc_port.h
                $MGC_HOME/shared/include/sysc/kernel/sc_event.h
                  $MGC_HOME/shared/include/sysc/kernel/sc_cmnhdr.h
              $MGC_HOME/shared/include/sysc/communication/sc_prim_channel.h
              $MGC_HOME/shared/include/sysc/communication/sc_signal_ifs.h
              $MGC_HOME/shared/include/sysc/tracing/sc_trace.h
          $MGC_HOME/shared/include/sysc/communication/sc_clock.h
          $MGC_HOME/shared/include/sysc/communication/sc_clock_ports.h
            $MGC_HOME/shared/include/sysc/communication/sc_signal_ports.h
              $MGC_HOME/shared/include/sysc/communication/sc_event_finder.h
          $MGC_HOME/shared/include/sysc/communication/sc_event_queue.h
          $MGC_HOME/shared/include/sysc/communication/sc_fifo.h
            $MGC_HOME/shared/include/sysc/communication/sc_fifo_ifs.h
          $MGC_HOME/shared/include/sysc/communication/sc_fifo_ports.h
          $MGC_HOME/shared/include/sysc/communication/sc_mutex.h
            $MGC_HOME/shared/include/sysc/communication/sc_mutex_if.h
          $MGC_HOME/shared/include/sysc/communication/sc_semaphore.h
            $MGC_HOME/shared/include/sysc/communication/sc_semaphore_if.h
          $MGC_HOME/shared/include/sysc/communication/sc_signal_resolved.h
          $MGC_HOME/shared/include/sysc/communication/sc_signal_resolved_ports.h
          $MGC_HOME/shared/include/sysc/communication/sc_signal_rv.h
            $MGC_HOME/shared/include/sysc/datatypes/bit/sc_lv.h
              $MGC_HOME/shared/include/sysc/datatypes/bit/sc_lv_base.h
                $MGC_HOME/shared/include/sysc/datatypes/bit/sc_bv_base.h
                  $MGC_HOME/shared/include/sysc/datatypes/bit/sc_bit_proxies.h
                    $MGC_HOME/shared/include/sysc/datatypes/bit/sc_proxy.h
                      $MGC_HOME/shared/include/sysc/kernel/sc_cmnhdr.h
                      $MGC_HOME/shared/include/sysc/datatypes/int/sc_signed.h
                        $MGC_HOME/shared/include/sysc/datatypes/misc/sc_value_base.h
                        $MGC_HOME/shared/include/sysc/utils/sc_temporary.h
                          $MGC_HOME/shared/include/sysc/kernel/sc_cmnhdr.h
                        $MGC_HOME/shared/include/sysc/datatypes/int/sc_length_param.h
                          $MGC_HOME/shared/include/sysc/datatypes/fx/sc_context.h
                            $MGC_HOME/shared/include/sysc/kernel/sc_cmnhdr.h
                        $MGC_HOME/shared/include/sysc/datatypes/int/sc_nbexterns.h
                        $MGC_HOME/shared/include/sysc/datatypes/int/sc_unsigned.h
                      $MGC_HOME/shared/include/sysc/datatypes/int/sc_int_base.h
                        $MGC_HOME/shared/include/sysc/kernel/sc_cmnhdr.h
                        $MGC_HOME/shared/include/sysc/datatypes/int/sc_uint_base.h
          $MGC_HOME/shared/include/sysc/communication/sc_signal_rv_ports.h
          $MGC_HOME/shared/include/sysc/datatypes/bit/sc_bv.h
          $MGC_HOME/shared/include/sysc/datatypes/int/sc_bigint.h
          $MGC_HOME/shared/include/sysc/datatypes/int/sc_biguint.h
          $MGC_HOME/shared/include/sysc/datatypes/int/sc_int.h
          $MGC_HOME/shared/include/sysc/datatypes/int/sc_uint.h
          $MGC_HOME/shared/include/sysc/datatypes/misc/sc_concatref.h
          $MGC_HOME/shared/include/sysc/utils/sc_utils_ids.h
          $MGC_HOME/shared/include/sysc/utils/sc_pvector.h
          $MGC_HOME/shared/include/sysc/utils/sc_string_view.h
            $MGC_HOME/shared/include/sysc/kernel/sc_cmnhdr.h
            $MGC_HOME/shared/include/sysc/packages/boost/utility/string_view.hpp
              $MGC_HOME/shared/include/sysc/packages/boost/config.hpp
                $MGC_HOME/shared/include/sysc/packages/boost/config/user.hpp
                $MGC_HOME/shared/include/sysc/packages/boost/config/select_compiler_config.hpp
                $MGC_HOME/shared/include/sysc/packages/boost/config/compiler/gcc.hpp
                $MGC_HOME/shared/include/sysc/packages/boost/config/select_stdlib_config.hpp
                $MGC_HOME/shared/include/sysc/packages/boost/config/stdlib/libstdcpp3.hpp
                $MGC_HOME/shared/include/sysc/packages/boost/config/select_platform_config.hpp
                $MGC_HOME/shared/include/sysc/packages/boost/config/platform/linux.hpp
                  $MGC_HOME/shared/include/sysc/packages/boost/config/posix_features.hpp
                $MGC_HOME/shared/include/sysc/packages/boost/config/suffix.hpp
              $MGC_HOME/shared/include/sysc/packages/boost/utility/string_view_fwd.hpp
          $MGC_HOME/shared/include/sysc/utils/sc_vector.h
      $MGC_HOME/shared/include/ac_sysc_macros.h
      $MGC_HOME/shared/include/ac_sysc_trace.h
      $MGC_HOME/shared/include/connections/connections.h
        $MGC_HOME/shared/include/connections/marshaller.h
          $MGC_HOME/shared/include/ccs_types.h
            $MGC_HOME/shared/include/tlm.h
              $MGC_HOME/shared/include/tlm
                $MGC_HOME/shared/include/systemc
                $MGC_HOME/shared/include/tlm_core/tlm_2/tlm_version.h
                $MGC_HOME/shared/include/tlm_core/tlm_1/tlm_analysis/tlm_analysis.h
                  $MGC_HOME/shared/include/tlm_core/tlm_1/tlm_analysis/tlm_write_if.h
                    $MGC_HOME/shared/include/systemc
                  $MGC_HOME/shared/include/tlm_core/tlm_1/tlm_analysis/tlm_analysis_if.h
                  $MGC_HOME/shared/include/tlm_core/tlm_1/tlm_analysis/tlm_analysis_triple.h
                  $MGC_HOME/shared/include/tlm_core/tlm_1/tlm_analysis/tlm_analysis_port.h
                  $MGC_HOME/shared/include/tlm_core/tlm_1/tlm_analysis/tlm_analysis_fifo.h
                    $MGC_HOME/shared/include/tlm_core/tlm_1/tlm_req_rsp/tlm_channels/tlm_fifo/tlm_fifo.h
                      $MGC_HOME/shared/include/tlm_core/tlm_1/tlm_req_rsp/tlm_1_interfaces/tlm_fifo_ifs.h
                        $MGC_HOME/shared/include/tlm_core/tlm_1/tlm_req_rsp/tlm_1_interfaces/tlm_core_ifs.h
                          $MGC_HOME/shared/include/tlm_core/tlm_1/tlm_req_rsp/tlm_1_interfaces/tlm_tag.h
                      $MGC_HOME/shared/include/tlm_core/tlm_1/tlm_req_rsp/tlm_channels/tlm_fifo/circular_buffer.h
                      $MGC_HOME/shared/include/tlm_core/tlm_1/tlm_req_rsp/tlm_channels/tlm_fifo/tlm_fifo_put_get.h
                      $MGC_HOME/shared/include/tlm_core/tlm_1/tlm_req_rsp/tlm_channels/tlm_fifo/tlm_fifo_peek.h
                      $MGC_HOME/shared/include/tlm_core/tlm_1/tlm_req_rsp/tlm_channels/tlm_fifo/tlm_fifo_resize.h
                $MGC_HOME/shared/include/tlm_core/tlm_1/tlm_req_rsp/tlm_req_rsp.h
                  $MGC_HOME/shared/include/tlm_core/tlm_1/tlm_req_rsp/tlm_1_interfaces/tlm_master_slave_ifs.h
                  $MGC_HOME/shared/include/tlm_core/tlm_1/tlm_req_rsp/tlm_channels/tlm_req_rsp_channels/tlm_req_rsp_channels.h
                    $MGC_HOME/shared/include/tlm_core/tlm_1/tlm_req_rsp/tlm_adapters/tlm_adapters.h
                    $MGC_HOME/shared/include/tlm_core/tlm_1/tlm_req_rsp/tlm_channels/tlm_req_rsp_channels/tlm_put_get_imp.h
                  $MGC_HOME/shared/include/tlm_core/tlm_1/tlm_req_rsp/tlm_ports/tlm_nonblocking_port.h
                    $MGC_HOME/shared/include/tlm_core/tlm_1/tlm_req_rsp/tlm_ports/tlm_event_finder.h
                $MGC_HOME/shared/include/tlm_core/tlm_2/tlm_2_interfaces/tlm_2_interfaces.h
                  $MGC_HOME/shared/include/tlm_core/tlm_2/tlm_2_interfaces/tlm_dmi.h
                    $MGC_HOME/shared/include/systemc
                  $MGC_HOME/shared/include/tlm_core/tlm_2/tlm_2_interfaces/tlm_fw_bw_ifs.h
                    $MGC_HOME/shared/include/systemc
                    $MGC_HOME/shared/include/tlm_core/tlm_2/tlm_generic_payload/tlm_generic_payload.h
                      $MGC_HOME/shared/include/tlm_core/tlm_2/tlm_generic_payload/tlm_helpers.h
                      $MGC_HOME/shared/include/tlm_core/tlm_2/tlm_generic_payload/tlm_phase.h
                        $MGC_HOME/shared/include/sysc/kernel/sc_cmnhdr.h
                      $MGC_HOME/shared/include/tlm_core/tlm_2/tlm_generic_payload/tlm_gp.h
                        $MGC_HOME/shared/include/sysc/kernel/sc_cmnhdr.h
                        $MGC_HOME/shared/include/tlm_core/tlm_2/tlm_generic_payload/tlm_array.h
                      $MGC_HOME/shared/include/tlm_core/tlm_2/tlm_generic_payload/tlm_endian_conv.h
                $MGC_HOME/shared/include/tlm_core/tlm_2/tlm_sockets/tlm_sockets.h
                  $MGC_HOME/shared/include/tlm_core/tlm_2/tlm_sockets/tlm_initiator_socket.h
                    $MGC_HOME/shared/include/tlm_core/tlm_2/tlm_sockets/tlm_base_socket_if.h
                  $MGC_HOME/shared/include/tlm_core/tlm_2/tlm_sockets/tlm_target_socket.h
                $MGC_HOME/shared/include/tlm_core/tlm_2/tlm_quantum/tlm_quantum.h
                  $MGC_HOME/shared/include/tlm_core/tlm_2/tlm_quantum/tlm_global_quantum.h
            $MGC_HOME/shared/include/ac_sc.h
              $MGC_HOME/shared/include/ac_complex.h
                $MGC_HOME/shared/include/ac_float.h
                  $MGC_HOME/shared/include/ac_fixed.h
                    $MGC_HOME/shared/include/ac_int.h
            $MGC_HOME/shared/include/mc_typeconv.h
              $MGC_HOME/shared/include/mc_container_types.h
          $MGC_HOME/shared/include/connections/connections_utils.h
            $MGC_HOME/shared/include/ac_assert.h
        $MGC_HOME/shared/include/connections/connections_trace.h
          $MGC_HOME/shared/include/systemc
        $MGC_HOME/shared/include/connections/message.h
      $MGC_HOME/shared/include/connections/connections_sync.h
      $MGC_HOME/shared/include/connections/connections_fifo.h
      $MGC_HOME/shared/include/connections/port_scanner.h
        $MGC_HOME/shared/include/systemc
    $PROJECT_HOME/../../../../common/matchlib_toolkit/examples/matchlib/cmod/include/nvhls_connections.h
      $PROJECT_HOME/../../../../common/matchlib_toolkit/examples/matchlib/cmod/include/nvhls_packet.h
        $PROJECT_HOME/../../../../common/matchlib_toolkit/examples/matchlib/cmod/include/nvhls_types.h
          $PROJECT_HOME/../../../../common/matchlib_toolkit/examples/matchlib/cmod/include/nvhls_int.h
            $PROJECT_HOME/../../../../common/matchlib_toolkit/examples/matchlib/cmod/include/nvhls_marshaller.h
              $MGC_HOME/shared/include/connections/marshaller.h
                $MGC_HOME/shared/include/mc_typeconv.h
              $PROJECT_HOME/../../../../common/matchlib_toolkit/examples/matchlib/cmod/include/nvhls_assert.h
                $PROJECT_HOME/../../../../common/matchlib_toolkit/examples/matchlib/cmod/include/hls_globals.h
                $MGC_HOME/shared/include/ac_assert.h
        $PROJECT_HOME/../../../../common/matchlib_toolkit/examples/matchlib/cmod/include/nvhls_message.h
          $PROJECT_HOME/../../../../common/matchlib_toolkit/examples/matchlib/cmod/include/nvhls_connections_utils.h
      $PROJECT_HOME/../../../../common/matchlib_toolkit/examples/matchlib/cmod/include/nvhls_module.h
        $PROJECT_HOME/../../../../common/matchlib_toolkit/examples/matchlib/cmod/include/nvhls_trace.h
      $PROJECT_HOME/../../../../common/matchlib_toolkit/examples/matchlib/cmod/include/fifo.h
        $PROJECT_HOME/../../../../common/matchlib_toolkit/examples/matchlib/cmod/include/mem_array.h
          $PROJECT_HOME/../../../../common/matchlib_toolkit/examples/matchlib/cmod/include/nvhls_array.h
            $MGC_HOME/shared/include/ac_assert.h
          $PROJECT_HOME/../../../../common/matchlib_toolkit/examples/matchlib/cmod/include/TypeToBits.h
      $PROJECT_HOME/../../../../common/matchlib_toolkit/examples/matchlib/cmod/include/nvhls_connections_buffered_ports.h
        $PROJECT_HOME/../../../../common/matchlib_toolkit/include/ccs_p2p.h
      $PROJECT_HOME/../../../../common/matchlib_toolkit/examples/matchlib/cmod/include/nvhls_connections_network.h
        $PROJECT_HOME/../../../../common/matchlib_toolkit/examples/matchlib/cmod/include/nvhls_connections.h
    $PROJECT_HOME/../../../../common/matchlib_toolkit/examples/matchlib/cmod/include/nvhls_vector.h
      $PROJECT_HOME/../../../../common/matchlib_toolkit/examples/matchlib/cmod/include/hls_globals.h
      $PROJECT_HOME/../../../../common/matchlib_toolkit/include/ccs_p2p.h
    $PROJECT_HOME/../../../../common/inc/esp_dma_info_sysc.hpp
    $PROJECT_HOME/../../inc/leakyrelu_conf_info.h
      $PROJECT_HOME/../../inc/leakyrelu_specs.h
      $PROJECT_HOME/../../../../common/matchlib_toolkit/include/auto_gen_port_info.h
        $MGC_HOME/shared/include/connections/marshaller.h
          $MGC_HOME/shared/include/mc_typeconv.h
        $PROJECT_HOME/../../../../common/matchlib_toolkit/include/auto_gen_fields.h
          $MGC_HOME/shared/include/connections/marshaller.h
            $MGC_HOME/shared/include/mc_typeconv.h
          $PROJECT_HOME/../../../../common/matchlib_toolkit/examples/matchlib/cmod/include/UIntOrEmpty.h
            $MGC_HOME/shared/include/systemc
      $PROJECT_HOME/../../../../common/matchlib_toolkit/include/ac_enum.h

Processes/Blocks in Design
  Process                                                  Real Operation(s) count Latency Throughput Reset Length II Comments 
  -------------------------------------------------------- ----------------------- ------- ---------- ------------ -- --------
  /LeakyreluController/LeakyreluController:dma2acc/dma2acc                      81    4397       4398            1  0        ? 
  /LeakyreluController/LeakyreluController:plm2vec/plm2vec                     118       9         10            1  0        ? 
  /LeakyreluController/LeakyreluController:acc2dma/acc2dma                      77    1042       1042            1  0        ? 
  Design Total:                                                                276    5448       4398            1  0          
  
Clock Information
  Clock Signal Edge   Period Sharing Alloc (%) Uncertainty Used by Processes/Blocks                                                                                                                                                   
  ------------ ------ ------ ----------------- ----------- --------------------------------------------------------------------------------------------------------------------------------------------------------------------------
  clk          rising  5.000             20.00    0.000000 /LeakyreluController/LeakyreluController:dma2acc/dma2acc /LeakyreluController/LeakyreluController:plm2vec/plm2vec /LeakyreluController/LeakyreluController:acc2dma/acc2dma 
  
I/O Data Ranges
  Port                       Mode DeclType DeclWidth DeclRange ActType ActWidth ActRange 
  -------------------------- ---- -------- --------- --------- ------- -------- --------
  clk                        IN   Unsigned         1                                     
  rst                        IN   Unsigned         1                                     
  dma_read_chnl.val          IN   Unsigned         1                                     
  dma_read_chnl.msg          IN   Unsigned        64                                     
  dma_write_chnl.rdy         IN   Unsigned         1                                     
  dma_read_ctrl.rdy          IN   Unsigned         1                                     
  dma_write_ctrl.rdy         IN   Unsigned         1                                     
  conf_info_ctrl_dma2acc.val IN   Unsigned         1                                     
  conf_info_ctrl_dma2acc.msg IN   Unsigned       160                                     
  conf_info_ctrl_plm2vec.val IN   Unsigned         1                                     
  conf_info_ctrl_plm2vec.msg IN   Unsigned       160                                     
  conf_info_ctrl_acc2dma.val IN   Unsigned         1                                     
  conf_info_ctrl_acc2dma.msg IN   Unsigned       160                                     
  vec_in_a.rdy               IN   Unsigned         1                                     
  vec_in_b.rdy               IN   Unsigned         1                                     
  vec_out.val                IN   Unsigned         1                                     
  vec_out.msg                IN   Unsigned       512                                     
  acc_done                   OUT  Unsigned         1                                     
  dma_read_chnl.rdy          OUT  Unsigned         1                                     
  dma_write_chnl.val         OUT  Unsigned         1                                     
  dma_write_chnl.msg         OUT  Unsigned        64                                     
  dma_read_ctrl.val          OUT  Unsigned         1                                     
  dma_read_ctrl.msg          OUT  Unsigned        73                                     
  dma_write_ctrl.val         OUT  Unsigned         1                                     
  dma_write_ctrl.msg         OUT  Unsigned        73                                     
  conf_info_ctrl_dma2acc.rdy OUT  Unsigned         1                                     
  conf_info_ctrl_plm2vec.rdy OUT  Unsigned         1                                     
  conf_info_ctrl_acc2dma.rdy OUT  Unsigned         1                                     
  vec_in_a.val               OUT  Unsigned         1                                     
  vec_in_a.msg               OUT  Unsigned       512                                     
  vec_in_b.val               OUT  Unsigned         1                                     
  vec_in_b.msg               OUT  Unsigned       512                                     
  vec_out.rdy                OUT  Unsigned         1                                     
  
Memory Resources
  Resource Name: /LeakyreluController/LeakyreluController:dma2acc/conf_info_ctrl_dma2acc.Pop():mio
    Memory Component: ccs_conn_ctrl_in_buf_wait    Size:         1 x 160
    External:         false                        Packing Mode: compact
    Memory Map:
    Variable                                                                    Indices Phys Memory Address     
    --------------------------------------------------------------------------- ------- -----------------------
    /LeakyreluController/LeakyreluController:dma2acc/conf_info_ctrl_dma2acc.msg   0:159 00000000-00000000 (0-0) 
    
  Resource Name: /LeakyreluController/LeakyreluController:dma2acc/dma_read_ctrl.Push():mio
    Memory Component: ccs_conn_out_buf_wait        Size:         1 x 73
    External:         false                        Packing Mode: compact
    Memory Map:
    Variable                                                           Indices Phys Memory Address     
    ------------------------------------------------------------------ ------- -----------------------
    /LeakyreluController/LeakyreluController:dma2acc/dma_read_ctrl.msg    0:72 00000000-00000000 (0-0) 
    
  Resource Name: /LeakyreluController/LeakyreluController:dma2acc/dma_read_chnl.Pop():mio
    Memory Component: ccs_conn_ctrl_in_buf_wait    Size:         1 x 64
    External:         false                        Packing Mode: compact
    Memory Map:
    Variable                                                           Indices Phys Memory Address     
    ------------------------------------------------------------------ ------- -----------------------
    /LeakyreluController/LeakyreluController:dma2acc/dma_read_chnl.msg    0:63 00000000-00000000 (0-0) 
    
  Resource Name: /LeakyreluController/LeakyreluController:dma2acc/ld2com_sync.Push():mio
    Memory Component: ccs_conn_out_buf_wait        Size:         1 x 32
    External:         false                        Packing Mode: compact
    Memory Map:
    Variable                                                         Indices Phys Memory Address     
    ---------------------------------------------------------------- ------- -----------------------
    /LeakyreluController/LeakyreluController:dma2acc/ld2com_sync.msg    0:31 00000000-00000000 (0-0) 
    
  Resource Name: /LeakyreluController/LeakyreluController:dma2acc/plm_a_ping.a0.a0.a0.a0.a.d.data:rsc
    Memory Component: BLOCK_1R1W_RBW               Size:         64 x 32
    External:         false                        Packing Mode: compact
    Memory Map:
    Variable                                                                         Indices Phys Memory Address      
    -------------------------------------------------------------------------------- ------- ------------------------
    /LeakyreluController/LeakyreluController:dma2acc/plm_a_ping.a0.a0.a0.a0.a.d.data    0:31 0000003f-00000000 (63-0) 
    
  Resource Name: /LeakyreluController/LeakyreluController:dma2acc/plm_a_ping.a0.a0.a0.a1.a.d.data:rsc
    Memory Component: BLOCK_1R1W_RBW               Size:         64 x 32
    External:         false                        Packing Mode: compact
    Memory Map:
    Variable                                                                         Indices Phys Memory Address      
    -------------------------------------------------------------------------------- ------- ------------------------
    /LeakyreluController/LeakyreluController:dma2acc/plm_a_ping.a0.a0.a0.a1.a.d.data    0:31 0000003f-00000000 (63-0) 
    
  Resource Name: /LeakyreluController/LeakyreluController:dma2acc/plm_a_ping.a0.a0.a1.a0.a.d.data:rsc
    Memory Component: BLOCK_1R1W_RBW               Size:         64 x 32
    External:         false                        Packing Mode: compact
    Memory Map:
    Variable                                                                         Indices Phys Memory Address      
    -------------------------------------------------------------------------------- ------- ------------------------
    /LeakyreluController/LeakyreluController:dma2acc/plm_a_ping.a0.a0.a1.a0.a.d.data    0:31 0000003f-00000000 (63-0) 
    
  Resource Name: /LeakyreluController/LeakyreluController:dma2acc/plm_a_ping.a0.a0.a1.a1.a.d.data:rsc
    Memory Component: BLOCK_1R1W_RBW               Size:         64 x 32
    External:         false                        Packing Mode: compact
    Memory Map:
    Variable                                                                         Indices Phys Memory Address      
    -------------------------------------------------------------------------------- ------- ------------------------
    /LeakyreluController/LeakyreluController:dma2acc/plm_a_ping.a0.a0.a1.a1.a.d.data    0:31 0000003f-00000000 (63-0) 
    
  Resource Name: /LeakyreluController/LeakyreluController:dma2acc/plm_a_ping.a0.a1.a0.a0.a.d.data:rsc
    Memory Component: BLOCK_1R1W_RBW               Size:         64 x 32
    External:         false                        Packing Mode: compact
    Memory Map:
    Variable                                                                         Indices Phys Memory Address      
    -------------------------------------------------------------------------------- ------- ------------------------
    /LeakyreluController/LeakyreluController:dma2acc/plm_a_ping.a0.a1.a0.a0.a.d.data    0:31 0000003f-00000000 (63-0) 
    
  Resource Name: /LeakyreluController/LeakyreluController:dma2acc/plm_a_ping.a0.a1.a0.a1.a.d.data:rsc
    Memory Component: BLOCK_1R1W_RBW               Size:         64 x 32
    External:         false                        Packing Mode: compact
    Memory Map:
    Variable                                                                         Indices Phys Memory Address      
    -------------------------------------------------------------------------------- ------- ------------------------
    /LeakyreluController/LeakyreluController:dma2acc/plm_a_ping.a0.a1.a0.a1.a.d.data    0:31 0000003f-00000000 (63-0) 
    
  Resource Name: /LeakyreluController/LeakyreluController:dma2acc/plm_a_ping.a0.a1.a1.a0.a.d.data:rsc
    Memory Component: BLOCK_1R1W_RBW               Size:         64 x 32
    External:         false                        Packing Mode: compact
    Memory Map:
    Variable                                                                         Indices Phys Memory Address      
    -------------------------------------------------------------------------------- ------- ------------------------
    /LeakyreluController/LeakyreluController:dma2acc/plm_a_ping.a0.a1.a1.a0.a.d.data    0:31 0000003f-00000000 (63-0) 
    
  Resource Name: /LeakyreluController/LeakyreluController:dma2acc/plm_a_ping.a0.a1.a1.a1.a.d.data:rsc
    Memory Component: BLOCK_1R1W_RBW               Size:         64 x 32
    External:         false                        Packing Mode: compact
    Memory Map:
    Variable                                                                         Indices Phys Memory Address      
    -------------------------------------------------------------------------------- ------- ------------------------
    /LeakyreluController/LeakyreluController:dma2acc/plm_a_ping.a0.a1.a1.a1.a.d.data    0:31 0000003f-00000000 (63-0) 
    
  Resource Name: /LeakyreluController/LeakyreluController:dma2acc/plm_a_ping.a1.a0.a0.a0.a.d.data:rsc
    Memory Component: BLOCK_1R1W_RBW               Size:         64 x 32
    External:         false                        Packing Mode: compact
    Memory Map:
    Variable                                                                         Indices Phys Memory Address      
    -------------------------------------------------------------------------------- ------- ------------------------
    /LeakyreluController/LeakyreluController:dma2acc/plm_a_ping.a1.a0.a0.a0.a.d.data    0:31 0000003f-00000000 (63-0) 
    
  Resource Name: /LeakyreluController/LeakyreluController:dma2acc/plm_a_ping.a1.a0.a0.a1.a.d.data:rsc
    Memory Component: BLOCK_1R1W_RBW               Size:         64 x 32
    External:         false                        Packing Mode: compact
    Memory Map:
    Variable                                                                         Indices Phys Memory Address      
    -------------------------------------------------------------------------------- ------- ------------------------
    /LeakyreluController/LeakyreluController:dma2acc/plm_a_ping.a1.a0.a0.a1.a.d.data    0:31 0000003f-00000000 (63-0) 
    
  Resource Name: /LeakyreluController/LeakyreluController:dma2acc/plm_a_ping.a1.a0.a1.a0.a.d.data:rsc
    Memory Component: BLOCK_1R1W_RBW               Size:         64 x 32
    External:         false                        Packing Mode: compact
    Memory Map:
    Variable                                                                         Indices Phys Memory Address      
    -------------------------------------------------------------------------------- ------- ------------------------
    /LeakyreluController/LeakyreluController:dma2acc/plm_a_ping.a1.a0.a1.a0.a.d.data    0:31 0000003f-00000000 (63-0) 
    
  Resource Name: /LeakyreluController/LeakyreluController:dma2acc/plm_a_ping.a1.a0.a1.a1.a.d.data:rsc
    Memory Component: BLOCK_1R1W_RBW               Size:         64 x 32
    External:         false                        Packing Mode: compact
    Memory Map:
    Variable                                                                         Indices Phys Memory Address      
    -------------------------------------------------------------------------------- ------- ------------------------
    /LeakyreluController/LeakyreluController:dma2acc/plm_a_ping.a1.a0.a1.a1.a.d.data    0:31 0000003f-00000000 (63-0) 
    
  Resource Name: /LeakyreluController/LeakyreluController:dma2acc/plm_a_ping.a1.a1.a0.a0.a.d.data:rsc
    Memory Component: BLOCK_1R1W_RBW               Size:         64 x 32
    External:         false                        Packing Mode: compact
    Memory Map:
    Variable                                                                         Indices Phys Memory Address      
    -------------------------------------------------------------------------------- ------- ------------------------
    /LeakyreluController/LeakyreluController:dma2acc/plm_a_ping.a1.a1.a0.a0.a.d.data    0:31 0000003f-00000000 (63-0) 
    
  Resource Name: /LeakyreluController/LeakyreluController:dma2acc/plm_a_ping.a1.a1.a0.a1.a.d.data:rsc
    Memory Component: BLOCK_1R1W_RBW               Size:         64 x 32
    External:         false                        Packing Mode: compact
    Memory Map:
    Variable                                                                         Indices Phys Memory Address      
    -------------------------------------------------------------------------------- ------- ------------------------
    /LeakyreluController/LeakyreluController:dma2acc/plm_a_ping.a1.a1.a0.a1.a.d.data    0:31 0000003f-00000000 (63-0) 
    
  Resource Name: /LeakyreluController/LeakyreluController:dma2acc/plm_a_ping.a1.a1.a1.a0.a.d.data:rsc
    Memory Component: BLOCK_1R1W_RBW               Size:         64 x 32
    External:         false                        Packing Mode: compact
    Memory Map:
    Variable                                                                         Indices Phys Memory Address      
    -------------------------------------------------------------------------------- ------- ------------------------
    /LeakyreluController/LeakyreluController:dma2acc/plm_a_ping.a1.a1.a1.a0.a.d.data    0:31 0000003f-00000000 (63-0) 
    
  Resource Name: /LeakyreluController/LeakyreluController:dma2acc/plm_a_ping.a1.a1.a1.a1.a.d.data:rsc
    Memory Component: BLOCK_1R1W_RBW               Size:         64 x 32
    External:         false                        Packing Mode: compact
    Memory Map:
    Variable                                                                         Indices Phys Memory Address      
    -------------------------------------------------------------------------------- ------- ------------------------
    /LeakyreluController/LeakyreluController:dma2acc/plm_a_ping.a1.a1.a1.a1.a.d.data    0:31 0000003f-00000000 (63-0) 
    
  Resource Name: /LeakyreluController/LeakyreluController:dma2acc/plm_b_ping.a0.a0.a0.a0.a.d.data:rsc
    Memory Component: BLOCK_1R1W_RBW               Size:         64 x 32
    External:         false                        Packing Mode: compact
    Memory Map:
    Variable                                                                         Indices Phys Memory Address      
    -------------------------------------------------------------------------------- ------- ------------------------
    /LeakyreluController/LeakyreluController:dma2acc/plm_b_ping.a0.a0.a0.a0.a.d.data    0:31 0000003f-00000000 (63-0) 
    
  Resource Name: /LeakyreluController/LeakyreluController:dma2acc/plm_b_ping.a0.a0.a0.a1.a.d.data:rsc
    Memory Component: BLOCK_1R1W_RBW               Size:         64 x 32
    External:         false                        Packing Mode: compact
    Memory Map:
    Variable                                                                         Indices Phys Memory Address      
    -------------------------------------------------------------------------------- ------- ------------------------
    /LeakyreluController/LeakyreluController:dma2acc/plm_b_ping.a0.a0.a0.a1.a.d.data    0:31 0000003f-00000000 (63-0) 
    
  Resource Name: /LeakyreluController/LeakyreluController:dma2acc/plm_b_ping.a0.a0.a1.a0.a.d.data:rsc
    Memory Component: BLOCK_1R1W_RBW               Size:         64 x 32
    External:         false                        Packing Mode: compact
    Memory Map:
    Variable                                                                         Indices Phys Memory Address      
    -------------------------------------------------------------------------------- ------- ------------------------
    /LeakyreluController/LeakyreluController:dma2acc/plm_b_ping.a0.a0.a1.a0.a.d.data    0:31 0000003f-00000000 (63-0) 
    
  Resource Name: /LeakyreluController/LeakyreluController:dma2acc/plm_b_ping.a0.a0.a1.a1.a.d.data:rsc
    Memory Component: BLOCK_1R1W_RBW               Size:         64 x 32
    External:         false                        Packing Mode: compact
    Memory Map:
    Variable                                                                         Indices Phys Memory Address      
    -------------------------------------------------------------------------------- ------- ------------------------
    /LeakyreluController/LeakyreluController:dma2acc/plm_b_ping.a0.a0.a1.a1.a.d.data    0:31 0000003f-00000000 (63-0) 
    
  Resource Name: /LeakyreluController/LeakyreluController:dma2acc/plm_b_ping.a0.a1.a0.a0.a.d.data:rsc
    Memory Component: BLOCK_1R1W_RBW               Size:         64 x 32
    External:         false                        Packing Mode: compact
    Memory Map:
    Variable                                                                         Indices Phys Memory Address      
    -------------------------------------------------------------------------------- ------- ------------------------
    /LeakyreluController/LeakyreluController:dma2acc/plm_b_ping.a0.a1.a0.a0.a.d.data    0:31 0000003f-00000000 (63-0) 
    
  Resource Name: /LeakyreluController/LeakyreluController:dma2acc/plm_b_ping.a0.a1.a0.a1.a.d.data:rsc
    Memory Component: BLOCK_1R1W_RBW               Size:         64 x 32
    External:         false                        Packing Mode: compact
    Memory Map:
    Variable                                                                         Indices Phys Memory Address      
    -------------------------------------------------------------------------------- ------- ------------------------
    /LeakyreluController/LeakyreluController:dma2acc/plm_b_ping.a0.a1.a0.a1.a.d.data    0:31 0000003f-00000000 (63-0) 
    
  Resource Name: /LeakyreluController/LeakyreluController:dma2acc/plm_b_ping.a0.a1.a1.a0.a.d.data:rsc
    Memory Component: BLOCK_1R1W_RBW               Size:         64 x 32
    External:         false                        Packing Mode: compact
    Memory Map:
    Variable                                                                         Indices Phys Memory Address      
    -------------------------------------------------------------------------------- ------- ------------------------
    /LeakyreluController/LeakyreluController:dma2acc/plm_b_ping.a0.a1.a1.a0.a.d.data    0:31 0000003f-00000000 (63-0) 
    
  Resource Name: /LeakyreluController/LeakyreluController:dma2acc/plm_b_ping.a0.a1.a1.a1.a.d.data:rsc
    Memory Component: BLOCK_1R1W_RBW               Size:         64 x 32
    External:         false                        Packing Mode: compact
    Memory Map:
    Variable                                                                         Indices Phys Memory Address      
    -------------------------------------------------------------------------------- ------- ------------------------
    /LeakyreluController/LeakyreluController:dma2acc/plm_b_ping.a0.a1.a1.a1.a.d.data    0:31 0000003f-00000000 (63-0) 
    
  Resource Name: /LeakyreluController/LeakyreluController:dma2acc/plm_b_ping.a1.a0.a0.a0.a.d.data:rsc
    Memory Component: BLOCK_1R1W_RBW               Size:         64 x 32
    External:         false                        Packing Mode: compact
    Memory Map:
    Variable                                                                         Indices Phys Memory Address      
    -------------------------------------------------------------------------------- ------- ------------------------
    /LeakyreluController/LeakyreluController:dma2acc/plm_b_ping.a1.a0.a0.a0.a.d.data    0:31 0000003f-00000000 (63-0) 
    
  Resource Name: /LeakyreluController/LeakyreluController:dma2acc/plm_b_ping.a1.a0.a0.a1.a.d.data:rsc
    Memory Component: BLOCK_1R1W_RBW               Size:         64 x 32
    External:         false                        Packing Mode: compact
    Memory Map:
    Variable                                                                         Indices Phys Memory Address      
    -------------------------------------------------------------------------------- ------- ------------------------
    /LeakyreluController/LeakyreluController:dma2acc/plm_b_ping.a1.a0.a0.a1.a.d.data    0:31 0000003f-00000000 (63-0) 
    
  Resource Name: /LeakyreluController/LeakyreluController:dma2acc/plm_b_ping.a1.a0.a1.a0.a.d.data:rsc
    Memory Component: BLOCK_1R1W_RBW               Size:         64 x 32
    External:         false                        Packing Mode: compact
    Memory Map:
    Variable                                                                         Indices Phys Memory Address      
    -------------------------------------------------------------------------------- ------- ------------------------
    /LeakyreluController/LeakyreluController:dma2acc/plm_b_ping.a1.a0.a1.a0.a.d.data    0:31 0000003f-00000000 (63-0) 
    
  Resource Name: /LeakyreluController/LeakyreluController:dma2acc/plm_b_ping.a1.a0.a1.a1.a.d.data:rsc
    Memory Component: BLOCK_1R1W_RBW               Size:         64 x 32
    External:         false                        Packing Mode: compact
    Memory Map:
    Variable                                                                         Indices Phys Memory Address      
    -------------------------------------------------------------------------------- ------- ------------------------
    /LeakyreluController/LeakyreluController:dma2acc/plm_b_ping.a1.a0.a1.a1.a.d.data    0:31 0000003f-00000000 (63-0) 
    
  Resource Name: /LeakyreluController/LeakyreluController:dma2acc/plm_b_ping.a1.a1.a0.a0.a.d.data:rsc
    Memory Component: BLOCK_1R1W_RBW               Size:         64 x 32
    External:         false                        Packing Mode: compact
    Memory Map:
    Variable                                                                         Indices Phys Memory Address      
    -------------------------------------------------------------------------------- ------- ------------------------
    /LeakyreluController/LeakyreluController:dma2acc/plm_b_ping.a1.a1.a0.a0.a.d.data    0:31 0000003f-00000000 (63-0) 
    
  Resource Name: /LeakyreluController/LeakyreluController:dma2acc/plm_b_ping.a1.a1.a0.a1.a.d.data:rsc
    Memory Component: BLOCK_1R1W_RBW               Size:         64 x 32
    External:         false                        Packing Mode: compact
    Memory Map:
    Variable                                                                         Indices Phys Memory Address      
    -------------------------------------------------------------------------------- ------- ------------------------
    /LeakyreluController/LeakyreluController:dma2acc/plm_b_ping.a1.a1.a0.a1.a.d.data    0:31 0000003f-00000000 (63-0) 
    
  Resource Name: /LeakyreluController/LeakyreluController:dma2acc/plm_b_ping.a1.a1.a1.a0.a.d.data:rsc
    Memory Component: BLOCK_1R1W_RBW               Size:         64 x 32
    External:         false                        Packing Mode: compact
    Memory Map:
    Variable                                                                         Indices Phys Memory Address      
    -------------------------------------------------------------------------------- ------- ------------------------
    /LeakyreluController/LeakyreluController:dma2acc/plm_b_ping.a1.a1.a1.a0.a.d.data    0:31 0000003f-00000000 (63-0) 
    
  Resource Name: /LeakyreluController/LeakyreluController:dma2acc/plm_b_ping.a1.a1.a1.a1.a.d.data:rsc
    Memory Component: BLOCK_1R1W_RBW               Size:         64 x 32
    External:         false                        Packing Mode: compact
    Memory Map:
    Variable                                                                         Indices Phys Memory Address      
    -------------------------------------------------------------------------------- ------- ------------------------
    /LeakyreluController/LeakyreluController:dma2acc/plm_b_ping.a1.a1.a1.a1.a.d.data    0:31 0000003f-00000000 (63-0) 
    
  Resource Name: /LeakyreluController/LeakyreluController:plm2vec/conf_info_ctrl_plm2vec.Pop():mio
    Memory Component: ccs_conn_ctrl_in_buf_wait    Size:         1 x 160
    External:         false                        Packing Mode: compact
    Memory Map:
    Variable                                                                    Indices Phys Memory Address     
    --------------------------------------------------------------------------- ------- -----------------------
    /LeakyreluController/LeakyreluController:plm2vec/conf_info_ctrl_plm2vec.msg   0:159 00000000-00000000 (0-0) 
    
  Resource Name: /LeakyreluController/LeakyreluController:plm2vec/ld2com_sync.Pop():mio
    Memory Component: ccs_conn_ctrl_in_buf_wait    Size:         1 x 32
    External:         false                        Packing Mode: compact
    Memory Map:
    Variable                                                         Indices Phys Memory Address     
    ---------------------------------------------------------------- ------- -----------------------
    /LeakyreluController/LeakyreluController:plm2vec/ld2com_sync.msg    0:31 00000000-00000000 (0-0) 
    
  Resource Name: /LeakyreluController/LeakyreluController:plm2vec/vec_in_a.Push():mio
    Memory Component: ccs_conn_out_buf_wait        Size:         1 x 512
    External:         false                        Packing Mode: compact
    Memory Map:
    Variable                                                      Indices Phys Memory Address     
    ------------------------------------------------------------- ------- -----------------------
    /LeakyreluController/LeakyreluController:plm2vec/vec_in_a.msg   0:511 00000000-00000000 (0-0) 
    
  Resource Name: /LeakyreluController/LeakyreluController:plm2vec/vec_in_b.Push():mio
    Memory Component: ccs_conn_out_buf_wait        Size:         1 x 512
    External:         false                        Packing Mode: compact
    Memory Map:
    Variable                                                      Indices Phys Memory Address     
    ------------------------------------------------------------- ------- -----------------------
    /LeakyreluController/LeakyreluController:plm2vec/vec_in_b.msg   0:511 00000000-00000000 (0-0) 
    
  Resource Name: /LeakyreluController/LeakyreluController:plm2vec/vec_out.Pop():mio
    Memory Component: ccs_conn_ctrl_in_buf_wait    Size:         1 x 512
    External:         false                        Packing Mode: compact
    Memory Map:
    Variable                                                     Indices Phys Memory Address     
    ------------------------------------------------------------ ------- -----------------------
    /LeakyreluController/LeakyreluController:plm2vec/vec_out.msg   0:511 00000000-00000000 (0-0) 
    
  Resource Name: /LeakyreluController/LeakyreluController:plm2vec/com2st_sync.Push():mio
    Memory Component: ccs_conn_out_buf_wait        Size:         1 x 32
    External:         false                        Packing Mode: compact
    Memory Map:
    Variable                                                         Indices Phys Memory Address     
    ---------------------------------------------------------------- ------- -----------------------
    /LeakyreluController/LeakyreluController:plm2vec/com2st_sync.msg    0:31 00000000-00000000 (0-0) 
    
  Resource Name: /LeakyreluController/LeakyreluController:plm2vec/plm_a_ping.a0.a0.a0.a0.a.d.data:rsc
    Memory Component: BLOCK_1R1W_RBW               Size:         64 x 32
    External:         false                        Packing Mode: compact
    Memory Map:
    Variable                                                                         Indices Phys Memory Address      
    -------------------------------------------------------------------------------- ------- ------------------------
    /LeakyreluController/LeakyreluController:plm2vec/plm_a_ping.a0.a0.a0.a0.a.d.data    0:31 0000003f-00000000 (63-0) 
    
  Resource Name: /LeakyreluController/LeakyreluController:plm2vec/plm_a_ping.a0.a0.a0.a1.a.d.data:rsc
    Memory Component: BLOCK_1R1W_RBW               Size:         64 x 32
    External:         false                        Packing Mode: compact
    Memory Map:
    Variable                                                                         Indices Phys Memory Address      
    -------------------------------------------------------------------------------- ------- ------------------------
    /LeakyreluController/LeakyreluController:plm2vec/plm_a_ping.a0.a0.a0.a1.a.d.data    0:31 0000003f-00000000 (63-0) 
    
  Resource Name: /LeakyreluController/LeakyreluController:plm2vec/plm_a_ping.a0.a0.a1.a0.a.d.data:rsc
    Memory Component: BLOCK_1R1W_RBW               Size:         64 x 32
    External:         false                        Packing Mode: compact
    Memory Map:
    Variable                                                                         Indices Phys Memory Address      
    -------------------------------------------------------------------------------- ------- ------------------------
    /LeakyreluController/LeakyreluController:plm2vec/plm_a_ping.a0.a0.a1.a0.a.d.data    0:31 0000003f-00000000 (63-0) 
    
  Resource Name: /LeakyreluController/LeakyreluController:plm2vec/plm_a_ping.a0.a0.a1.a1.a.d.data:rsc
    Memory Component: BLOCK_1R1W_RBW               Size:         64 x 32
    External:         false                        Packing Mode: compact
    Memory Map:
    Variable                                                                         Indices Phys Memory Address      
    -------------------------------------------------------------------------------- ------- ------------------------
    /LeakyreluController/LeakyreluController:plm2vec/plm_a_ping.a0.a0.a1.a1.a.d.data    0:31 0000003f-00000000 (63-0) 
    
  Resource Name: /LeakyreluController/LeakyreluController:plm2vec/plm_a_ping.a0.a1.a0.a0.a.d.data:rsc
    Memory Component: BLOCK_1R1W_RBW               Size:         64 x 32
    External:         false                        Packing Mode: compact
    Memory Map:
    Variable                                                                         Indices Phys Memory Address      
    -------------------------------------------------------------------------------- ------- ------------------------
    /LeakyreluController/LeakyreluController:plm2vec/plm_a_ping.a0.a1.a0.a0.a.d.data    0:31 0000003f-00000000 (63-0) 
    
  Resource Name: /LeakyreluController/LeakyreluController:plm2vec/plm_a_ping.a0.a1.a0.a1.a.d.data:rsc
    Memory Component: BLOCK_1R1W_RBW               Size:         64 x 32
    External:         false                        Packing Mode: compact
    Memory Map:
    Variable                                                                         Indices Phys Memory Address      
    -------------------------------------------------------------------------------- ------- ------------------------
    /LeakyreluController/LeakyreluController:plm2vec/plm_a_ping.a0.a1.a0.a1.a.d.data    0:31 0000003f-00000000 (63-0) 
    
  Resource Name: /LeakyreluController/LeakyreluController:plm2vec/plm_a_ping.a0.a1.a1.a0.a.d.data:rsc
    Memory Component: BLOCK_1R1W_RBW               Size:         64 x 32
    External:         false                        Packing Mode: compact
    Memory Map:
    Variable                                                                         Indices Phys Memory Address      
    -------------------------------------------------------------------------------- ------- ------------------------
    /LeakyreluController/LeakyreluController:plm2vec/plm_a_ping.a0.a1.a1.a0.a.d.data    0:31 0000003f-00000000 (63-0) 
    
  Resource Name: /LeakyreluController/LeakyreluController:plm2vec/plm_a_ping.a0.a1.a1.a1.a.d.data:rsc
    Memory Component: BLOCK_1R1W_RBW               Size:         64 x 32
    External:         false                        Packing Mode: compact
    Memory Map:
    Variable                                                                         Indices Phys Memory Address      
    -------------------------------------------------------------------------------- ------- ------------------------
    /LeakyreluController/LeakyreluController:plm2vec/plm_a_ping.a0.a1.a1.a1.a.d.data    0:31 0000003f-00000000 (63-0) 
    
  Resource Name: /LeakyreluController/LeakyreluController:plm2vec/plm_a_ping.a1.a0.a0.a0.a.d.data:rsc
    Memory Component: BLOCK_1R1W_RBW               Size:         64 x 32
    External:         false                        Packing Mode: compact
    Memory Map:
    Variable                                                                         Indices Phys Memory Address      
    -------------------------------------------------------------------------------- ------- ------------------------
    /LeakyreluController/LeakyreluController:plm2vec/plm_a_ping.a1.a0.a0.a0.a.d.data    0:31 0000003f-00000000 (63-0) 
    
  Resource Name: /LeakyreluController/LeakyreluController:plm2vec/plm_a_ping.a1.a0.a0.a1.a.d.data:rsc
    Memory Component: BLOCK_1R1W_RBW               Size:         64 x 32
    External:         false                        Packing Mode: compact
    Memory Map:
    Variable                                                                         Indices Phys Memory Address      
    -------------------------------------------------------------------------------- ------- ------------------------
    /LeakyreluController/LeakyreluController:plm2vec/plm_a_ping.a1.a0.a0.a1.a.d.data    0:31 0000003f-00000000 (63-0) 
    
  Resource Name: /LeakyreluController/LeakyreluController:plm2vec/plm_a_ping.a1.a0.a1.a0.a.d.data:rsc
    Memory Component: BLOCK_1R1W_RBW               Size:         64 x 32
    External:         false                        Packing Mode: compact
    Memory Map:
    Variable                                                                         Indices Phys Memory Address      
    -------------------------------------------------------------------------------- ------- ------------------------
    /LeakyreluController/LeakyreluController:plm2vec/plm_a_ping.a1.a0.a1.a0.a.d.data    0:31 0000003f-00000000 (63-0) 
    
  Resource Name: /LeakyreluController/LeakyreluController:plm2vec/plm_a_ping.a1.a0.a1.a1.a.d.data:rsc
    Memory Component: BLOCK_1R1W_RBW               Size:         64 x 32
    External:         false                        Packing Mode: compact
    Memory Map:
    Variable                                                                         Indices Phys Memory Address      
    -------------------------------------------------------------------------------- ------- ------------------------
    /LeakyreluController/LeakyreluController:plm2vec/plm_a_ping.a1.a0.a1.a1.a.d.data    0:31 0000003f-00000000 (63-0) 
    
  Resource Name: /LeakyreluController/LeakyreluController:plm2vec/plm_a_ping.a1.a1.a0.a0.a.d.data:rsc
    Memory Component: BLOCK_1R1W_RBW               Size:         64 x 32
    External:         false                        Packing Mode: compact
    Memory Map:
    Variable                                                                         Indices Phys Memory Address      
    -------------------------------------------------------------------------------- ------- ------------------------
    /LeakyreluController/LeakyreluController:plm2vec/plm_a_ping.a1.a1.a0.a0.a.d.data    0:31 0000003f-00000000 (63-0) 
    
  Resource Name: /LeakyreluController/LeakyreluController:plm2vec/plm_a_ping.a1.a1.a0.a1.a.d.data:rsc
    Memory Component: BLOCK_1R1W_RBW               Size:         64 x 32
    External:         false                        Packing Mode: compact
    Memory Map:
    Variable                                                                         Indices Phys Memory Address      
    -------------------------------------------------------------------------------- ------- ------------------------
    /LeakyreluController/LeakyreluController:plm2vec/plm_a_ping.a1.a1.a0.a1.a.d.data    0:31 0000003f-00000000 (63-0) 
    
  Resource Name: /LeakyreluController/LeakyreluController:plm2vec/plm_a_ping.a1.a1.a1.a0.a.d.data:rsc
    Memory Component: BLOCK_1R1W_RBW               Size:         64 x 32
    External:         false                        Packing Mode: compact
    Memory Map:
    Variable                                                                         Indices Phys Memory Address      
    -------------------------------------------------------------------------------- ------- ------------------------
    /LeakyreluController/LeakyreluController:plm2vec/plm_a_ping.a1.a1.a1.a0.a.d.data    0:31 0000003f-00000000 (63-0) 
    
  Resource Name: /LeakyreluController/LeakyreluController:plm2vec/plm_a_ping.a1.a1.a1.a1.a.d.data:rsc
    Memory Component: BLOCK_1R1W_RBW               Size:         64 x 32
    External:         false                        Packing Mode: compact
    Memory Map:
    Variable                                                                         Indices Phys Memory Address      
    -------------------------------------------------------------------------------- ------- ------------------------
    /LeakyreluController/LeakyreluController:plm2vec/plm_a_ping.a1.a1.a1.a1.a.d.data    0:31 0000003f-00000000 (63-0) 
    
  Resource Name: /LeakyreluController/LeakyreluController:plm2vec/plm_b_ping.a0.a0.a0.a0.a.d.data:rsc
    Memory Component: BLOCK_1R1W_RBW               Size:         64 x 32
    External:         false                        Packing Mode: compact
    Memory Map:
    Variable                                                                         Indices Phys Memory Address      
    -------------------------------------------------------------------------------- ------- ------------------------
    /LeakyreluController/LeakyreluController:plm2vec/plm_b_ping.a0.a0.a0.a0.a.d.data    0:31 0000003f-00000000 (63-0) 
    
  Resource Name: /LeakyreluController/LeakyreluController:plm2vec/plm_b_ping.a0.a0.a0.a1.a.d.data:rsc
    Memory Component: BLOCK_1R1W_RBW               Size:         64 x 32
    External:         false                        Packing Mode: compact
    Memory Map:
    Variable                                                                         Indices Phys Memory Address      
    -------------------------------------------------------------------------------- ------- ------------------------
    /LeakyreluController/LeakyreluController:plm2vec/plm_b_ping.a0.a0.a0.a1.a.d.data    0:31 0000003f-00000000 (63-0) 
    
  Resource Name: /LeakyreluController/LeakyreluController:plm2vec/plm_b_ping.a0.a0.a1.a0.a.d.data:rsc
    Memory Component: BLOCK_1R1W_RBW               Size:         64 x 32
    External:         false                        Packing Mode: compact
    Memory Map:
    Variable                                                                         Indices Phys Memory Address      
    -------------------------------------------------------------------------------- ------- ------------------------
    /LeakyreluController/LeakyreluController:plm2vec/plm_b_ping.a0.a0.a1.a0.a.d.data    0:31 0000003f-00000000 (63-0) 
    
  Resource Name: /LeakyreluController/LeakyreluController:plm2vec/plm_b_ping.a0.a0.a1.a1.a.d.data:rsc
    Memory Component: BLOCK_1R1W_RBW               Size:         64 x 32
    External:         false                        Packing Mode: compact
    Memory Map:
    Variable                                                                         Indices Phys Memory Address      
    -------------------------------------------------------------------------------- ------- ------------------------
    /LeakyreluController/LeakyreluController:plm2vec/plm_b_ping.a0.a0.a1.a1.a.d.data    0:31 0000003f-00000000 (63-0) 
    
  Resource Name: /LeakyreluController/LeakyreluController:plm2vec/plm_b_ping.a0.a1.a0.a0.a.d.data:rsc
    Memory Component: BLOCK_1R1W_RBW               Size:         64 x 32
    External:         false                        Packing Mode: compact
    Memory Map:
    Variable                                                                         Indices Phys Memory Address      
    -------------------------------------------------------------------------------- ------- ------------------------
    /LeakyreluController/LeakyreluController:plm2vec/plm_b_ping.a0.a1.a0.a0.a.d.data    0:31 0000003f-00000000 (63-0) 
    
  Resource Name: /LeakyreluController/LeakyreluController:plm2vec/plm_b_ping.a0.a1.a0.a1.a.d.data:rsc
    Memory Component: BLOCK_1R1W_RBW               Size:         64 x 32
    External:         false                        Packing Mode: compact
    Memory Map:
    Variable                                                                         Indices Phys Memory Address      
    -------------------------------------------------------------------------------- ------- ------------------------
    /LeakyreluController/LeakyreluController:plm2vec/plm_b_ping.a0.a1.a0.a1.a.d.data    0:31 0000003f-00000000 (63-0) 
    
  Resource Name: /LeakyreluController/LeakyreluController:plm2vec/plm_b_ping.a0.a1.a1.a0.a.d.data:rsc
    Memory Component: BLOCK_1R1W_RBW               Size:         64 x 32
    External:         false                        Packing Mode: compact
    Memory Map:
    Variable                                                                         Indices Phys Memory Address      
    -------------------------------------------------------------------------------- ------- ------------------------
    /LeakyreluController/LeakyreluController:plm2vec/plm_b_ping.a0.a1.a1.a0.a.d.data    0:31 0000003f-00000000 (63-0) 
    
  Resource Name: /LeakyreluController/LeakyreluController:plm2vec/plm_b_ping.a0.a1.a1.a1.a.d.data:rsc
    Memory Component: BLOCK_1R1W_RBW               Size:         64 x 32
    External:         false                        Packing Mode: compact
    Memory Map:
    Variable                                                                         Indices Phys Memory Address      
    -------------------------------------------------------------------------------- ------- ------------------------
    /LeakyreluController/LeakyreluController:plm2vec/plm_b_ping.a0.a1.a1.a1.a.d.data    0:31 0000003f-00000000 (63-0) 
    
  Resource Name: /LeakyreluController/LeakyreluController:plm2vec/plm_b_ping.a1.a0.a0.a0.a.d.data:rsc
    Memory Component: BLOCK_1R1W_RBW               Size:         64 x 32
    External:         false                        Packing Mode: compact
    Memory Map:
    Variable                                                                         Indices Phys Memory Address      
    -------------------------------------------------------------------------------- ------- ------------------------
    /LeakyreluController/LeakyreluController:plm2vec/plm_b_ping.a1.a0.a0.a0.a.d.data    0:31 0000003f-00000000 (63-0) 
    
  Resource Name: /LeakyreluController/LeakyreluController:plm2vec/plm_b_ping.a1.a0.a0.a1.a.d.data:rsc
    Memory Component: BLOCK_1R1W_RBW               Size:         64 x 32
    External:         false                        Packing Mode: compact
    Memory Map:
    Variable                                                                         Indices Phys Memory Address      
    -------------------------------------------------------------------------------- ------- ------------------------
    /LeakyreluController/LeakyreluController:plm2vec/plm_b_ping.a1.a0.a0.a1.a.d.data    0:31 0000003f-00000000 (63-0) 
    
  Resource Name: /LeakyreluController/LeakyreluController:plm2vec/plm_b_ping.a1.a0.a1.a0.a.d.data:rsc
    Memory Component: BLOCK_1R1W_RBW               Size:         64 x 32
    External:         false                        Packing Mode: compact
    Memory Map:
    Variable                                                                         Indices Phys Memory Address      
    -------------------------------------------------------------------------------- ------- ------------------------
    /LeakyreluController/LeakyreluController:plm2vec/plm_b_ping.a1.a0.a1.a0.a.d.data    0:31 0000003f-00000000 (63-0) 
    
  Resource Name: /LeakyreluController/LeakyreluController:plm2vec/plm_b_ping.a1.a0.a1.a1.a.d.data:rsc
    Memory Component: BLOCK_1R1W_RBW               Size:         64 x 32
    External:         false                        Packing Mode: compact
    Memory Map:
    Variable                                                                         Indices Phys Memory Address      
    -------------------------------------------------------------------------------- ------- ------------------------
    /LeakyreluController/LeakyreluController:plm2vec/plm_b_ping.a1.a0.a1.a1.a.d.data    0:31 0000003f-00000000 (63-0) 
    
  Resource Name: /LeakyreluController/LeakyreluController:plm2vec/plm_b_ping.a1.a1.a0.a0.a.d.data:rsc
    Memory Component: BLOCK_1R1W_RBW               Size:         64 x 32
    External:         false                        Packing Mode: compact
    Memory Map:
    Variable                                                                         Indices Phys Memory Address      
    -------------------------------------------------------------------------------- ------- ------------------------
    /LeakyreluController/LeakyreluController:plm2vec/plm_b_ping.a1.a1.a0.a0.a.d.data    0:31 0000003f-00000000 (63-0) 
    
  Resource Name: /LeakyreluController/LeakyreluController:plm2vec/plm_b_ping.a1.a1.a0.a1.a.d.data:rsc
    Memory Component: BLOCK_1R1W_RBW               Size:         64 x 32
    External:         false                        Packing Mode: compact
    Memory Map:
    Variable                                                                         Indices Phys Memory Address      
    -------------------------------------------------------------------------------- ------- ------------------------
    /LeakyreluController/LeakyreluController:plm2vec/plm_b_ping.a1.a1.a0.a1.a.d.data    0:31 0000003f-00000000 (63-0) 
    
  Resource Name: /LeakyreluController/LeakyreluController:plm2vec/plm_b_ping.a1.a1.a1.a0.a.d.data:rsc
    Memory Component: BLOCK_1R1W_RBW               Size:         64 x 32
    External:         false                        Packing Mode: compact
    Memory Map:
    Variable                                                                         Indices Phys Memory Address      
    -------------------------------------------------------------------------------- ------- ------------------------
    /LeakyreluController/LeakyreluController:plm2vec/plm_b_ping.a1.a1.a1.a0.a.d.data    0:31 0000003f-00000000 (63-0) 
    
  Resource Name: /LeakyreluController/LeakyreluController:plm2vec/plm_b_ping.a1.a1.a1.a1.a.d.data:rsc
    Memory Component: BLOCK_1R1W_RBW               Size:         64 x 32
    External:         false                        Packing Mode: compact
    Memory Map:
    Variable                                                                         Indices Phys Memory Address      
    -------------------------------------------------------------------------------- ------- ------------------------
    /LeakyreluController/LeakyreluController:plm2vec/plm_b_ping.a1.a1.a1.a1.a.d.data    0:31 0000003f-00000000 (63-0) 
    
  Resource Name: /LeakyreluController/LeakyreluController:plm2vec/plm_o_ping.a0.a0.a0.a0.a.d.data:rsc
    Memory Component: BLOCK_1R1W_RBW               Size:         64 x 32
    External:         false                        Packing Mode: compact
    Memory Map:
    Variable                                                                         Indices Phys Memory Address      
    -------------------------------------------------------------------------------- ------- ------------------------
    /LeakyreluController/LeakyreluController:plm2vec/plm_o_ping.a0.a0.a0.a0.a.d.data    0:31 0000003f-00000000 (63-0) 
    
  Resource Name: /LeakyreluController/LeakyreluController:plm2vec/plm_o_ping.a0.a0.a0.a1.a.d.data:rsc
    Memory Component: BLOCK_1R1W_RBW               Size:         64 x 32
    External:         false                        Packing Mode: compact
    Memory Map:
    Variable                                                                         Indices Phys Memory Address      
    -------------------------------------------------------------------------------- ------- ------------------------
    /LeakyreluController/LeakyreluController:plm2vec/plm_o_ping.a0.a0.a0.a1.a.d.data    0:31 0000003f-00000000 (63-0) 
    
  Resource Name: /LeakyreluController/LeakyreluController:plm2vec/plm_o_ping.a0.a0.a1.a0.a.d.data:rsc
    Memory Component: BLOCK_1R1W_RBW               Size:         64 x 32
    External:         false                        Packing Mode: compact
    Memory Map:
    Variable                                                                         Indices Phys Memory Address      
    -------------------------------------------------------------------------------- ------- ------------------------
    /LeakyreluController/LeakyreluController:plm2vec/plm_o_ping.a0.a0.a1.a0.a.d.data    0:31 0000003f-00000000 (63-0) 
    
  Resource Name: /LeakyreluController/LeakyreluController:plm2vec/plm_o_ping.a0.a0.a1.a1.a.d.data:rsc
    Memory Component: BLOCK_1R1W_RBW               Size:         64 x 32
    External:         false                        Packing Mode: compact
    Memory Map:
    Variable                                                                         Indices Phys Memory Address      
    -------------------------------------------------------------------------------- ------- ------------------------
    /LeakyreluController/LeakyreluController:plm2vec/plm_o_ping.a0.a0.a1.a1.a.d.data    0:31 0000003f-00000000 (63-0) 
    
  Resource Name: /LeakyreluController/LeakyreluController:plm2vec/plm_o_ping.a0.a1.a0.a0.a.d.data:rsc
    Memory Component: BLOCK_1R1W_RBW               Size:         64 x 32
    External:         false                        Packing Mode: compact
    Memory Map:
    Variable                                                                         Indices Phys Memory Address      
    -------------------------------------------------------------------------------- ------- ------------------------
    /LeakyreluController/LeakyreluController:plm2vec/plm_o_ping.a0.a1.a0.a0.a.d.data    0:31 0000003f-00000000 (63-0) 
    
  Resource Name: /LeakyreluController/LeakyreluController:plm2vec/plm_o_ping.a0.a1.a0.a1.a.d.data:rsc
    Memory Component: BLOCK_1R1W_RBW               Size:         64 x 32
    External:         false                        Packing Mode: compact
    Memory Map:
    Variable                                                                         Indices Phys Memory Address      
    -------------------------------------------------------------------------------- ------- ------------------------
    /LeakyreluController/LeakyreluController:plm2vec/plm_o_ping.a0.a1.a0.a1.a.d.data    0:31 0000003f-00000000 (63-0) 
    
  Resource Name: /LeakyreluController/LeakyreluController:plm2vec/plm_o_ping.a0.a1.a1.a0.a.d.data:rsc
    Memory Component: BLOCK_1R1W_RBW               Size:         64 x 32
    External:         false                        Packing Mode: compact
    Memory Map:
    Variable                                                                         Indices Phys Memory Address      
    -------------------------------------------------------------------------------- ------- ------------------------
    /LeakyreluController/LeakyreluController:plm2vec/plm_o_ping.a0.a1.a1.a0.a.d.data    0:31 0000003f-00000000 (63-0) 
    
  Resource Name: /LeakyreluController/LeakyreluController:plm2vec/plm_o_ping.a0.a1.a1.a1.a.d.data:rsc
    Memory Component: BLOCK_1R1W_RBW               Size:         64 x 32
    External:         false                        Packing Mode: compact
    Memory Map:
    Variable                                                                         Indices Phys Memory Address      
    -------------------------------------------------------------------------------- ------- ------------------------
    /LeakyreluController/LeakyreluController:plm2vec/plm_o_ping.a0.a1.a1.a1.a.d.data    0:31 0000003f-00000000 (63-0) 
    
  Resource Name: /LeakyreluController/LeakyreluController:plm2vec/plm_o_ping.a1.a0.a0.a0.a.d.data:rsc
    Memory Component: BLOCK_1R1W_RBW               Size:         64 x 32
    External:         false                        Packing Mode: compact
    Memory Map:
    Variable                                                                         Indices Phys Memory Address      
    -------------------------------------------------------------------------------- ------- ------------------------
    /LeakyreluController/LeakyreluController:plm2vec/plm_o_ping.a1.a0.a0.a0.a.d.data    0:31 0000003f-00000000 (63-0) 
    
  Resource Name: /LeakyreluController/LeakyreluController:plm2vec/plm_o_ping.a1.a0.a0.a1.a.d.data:rsc
    Memory Component: BLOCK_1R1W_RBW               Size:         64 x 32
    External:         false                        Packing Mode: compact
    Memory Map:
    Variable                                                                         Indices Phys Memory Address      
    -------------------------------------------------------------------------------- ------- ------------------------
    /LeakyreluController/LeakyreluController:plm2vec/plm_o_ping.a1.a0.a0.a1.a.d.data    0:31 0000003f-00000000 (63-0) 
    
  Resource Name: /LeakyreluController/LeakyreluController:plm2vec/plm_o_ping.a1.a0.a1.a0.a.d.data:rsc
    Memory Component: BLOCK_1R1W_RBW               Size:         64 x 32
    External:         false                        Packing Mode: compact
    Memory Map:
    Variable                                                                         Indices Phys Memory Address      
    -------------------------------------------------------------------------------- ------- ------------------------
    /LeakyreluController/LeakyreluController:plm2vec/plm_o_ping.a1.a0.a1.a0.a.d.data    0:31 0000003f-00000000 (63-0) 
    
  Resource Name: /LeakyreluController/LeakyreluController:plm2vec/plm_o_ping.a1.a0.a1.a1.a.d.data:rsc
    Memory Component: BLOCK_1R1W_RBW               Size:         64 x 32
    External:         false                        Packing Mode: compact
    Memory Map:
    Variable                                                                         Indices Phys Memory Address      
    -------------------------------------------------------------------------------- ------- ------------------------
    /LeakyreluController/LeakyreluController:plm2vec/plm_o_ping.a1.a0.a1.a1.a.d.data    0:31 0000003f-00000000 (63-0) 
    
  Resource Name: /LeakyreluController/LeakyreluController:plm2vec/plm_o_ping.a1.a1.a0.a0.a.d.data:rsc
    Memory Component: BLOCK_1R1W_RBW               Size:         64 x 32
    External:         false                        Packing Mode: compact
    Memory Map:
    Variable                                                                         Indices Phys Memory Address      
    -------------------------------------------------------------------------------- ------- ------------------------
    /LeakyreluController/LeakyreluController:plm2vec/plm_o_ping.a1.a1.a0.a0.a.d.data    0:31 0000003f-00000000 (63-0) 
    
  Resource Name: /LeakyreluController/LeakyreluController:plm2vec/plm_o_ping.a1.a1.a0.a1.a.d.data:rsc
    Memory Component: BLOCK_1R1W_RBW               Size:         64 x 32
    External:         false                        Packing Mode: compact
    Memory Map:
    Variable                                                                         Indices Phys Memory Address      
    -------------------------------------------------------------------------------- ------- ------------------------
    /LeakyreluController/LeakyreluController:plm2vec/plm_o_ping.a1.a1.a0.a1.a.d.data    0:31 0000003f-00000000 (63-0) 
    
  Resource Name: /LeakyreluController/LeakyreluController:plm2vec/plm_o_ping.a1.a1.a1.a0.a.d.data:rsc
    Memory Component: BLOCK_1R1W_RBW               Size:         64 x 32
    External:         false                        Packing Mode: compact
    Memory Map:
    Variable                                                                         Indices Phys Memory Address      
    -------------------------------------------------------------------------------- ------- ------------------------
    /LeakyreluController/LeakyreluController:plm2vec/plm_o_ping.a1.a1.a1.a0.a.d.data    0:31 0000003f-00000000 (63-0) 
    
  Resource Name: /LeakyreluController/LeakyreluController:plm2vec/plm_o_ping.a1.a1.a1.a1.a.d.data:rsc
    Memory Component: BLOCK_1R1W_RBW               Size:         64 x 32
    External:         false                        Packing Mode: compact
    Memory Map:
    Variable                                                                         Indices Phys Memory Address      
    -------------------------------------------------------------------------------- ------- ------------------------
    /LeakyreluController/LeakyreluController:plm2vec/plm_o_ping.a1.a1.a1.a1.a.d.data    0:31 0000003f-00000000 (63-0) 
    
  Resource Name: /LeakyreluController/LeakyreluController:acc2dma/conf_info_ctrl_acc2dma.Pop():mio
    Memory Component: ccs_conn_ctrl_in_buf_wait    Size:         1 x 160
    External:         false                        Packing Mode: compact
    Memory Map:
    Variable                                                                    Indices Phys Memory Address     
    --------------------------------------------------------------------------- ------- -----------------------
    /LeakyreluController/LeakyreluController:acc2dma/conf_info_ctrl_acc2dma.msg   0:159 00000000-00000000 (0-0) 
    
  Resource Name: /LeakyreluController/LeakyreluController:acc2dma/com2st_sync.Pop():mio
    Memory Component: ccs_conn_ctrl_in_buf_wait    Size:         1 x 32
    External:         false                        Packing Mode: compact
    Memory Map:
    Variable                                                         Indices Phys Memory Address     
    ---------------------------------------------------------------- ------- -----------------------
    /LeakyreluController/LeakyreluController:acc2dma/com2st_sync.msg    0:31 00000000-00000000 (0-0) 
    
  Resource Name: /LeakyreluController/LeakyreluController:acc2dma/dma_write_ctrl.Push():mio
    Memory Component: ccs_conn_out_buf_wait        Size:         1 x 73
    External:         false                        Packing Mode: compact
    Memory Map:
    Variable                                                            Indices Phys Memory Address     
    ------------------------------------------------------------------- ------- -----------------------
    /LeakyreluController/LeakyreluController:acc2dma/dma_write_ctrl.msg    0:72 00000000-00000000 (0-0) 
    
  Resource Name: /LeakyreluController/LeakyreluController:acc2dma/dma_write_chnl.Push():mio
    Memory Component: ccs_conn_out_buf_wait        Size:         1 x 64
    External:         false                        Packing Mode: compact
    Memory Map:
    Variable                                                            Indices Phys Memory Address     
    ------------------------------------------------------------------- ------- -----------------------
    /LeakyreluController/LeakyreluController:acc2dma/dma_write_chnl.msg    0:63 00000000-00000000 (0-0) 
    
  Resource Name: /LeakyreluController/LeakyreluController:acc2dma/plm_o_ping.a0.a0.a0.a0.a.d.data:rsc
    Memory Component: BLOCK_1R1W_RBW               Size:         64 x 32
    External:         false                        Packing Mode: compact
    Memory Map:
    Variable                                                                         Indices Phys Memory Address      
    -------------------------------------------------------------------------------- ------- ------------------------
    /LeakyreluController/LeakyreluController:acc2dma/plm_o_ping.a0.a0.a0.a0.a.d.data    0:31 0000003f-00000000 (63-0) 
    
  Resource Name: /LeakyreluController/LeakyreluController:acc2dma/plm_o_ping.a0.a0.a0.a1.a.d.data:rsc
    Memory Component: BLOCK_1R1W_RBW               Size:         64 x 32
    External:         false                        Packing Mode: compact
    Memory Map:
    Variable                                                                         Indices Phys Memory Address      
    -------------------------------------------------------------------------------- ------- ------------------------
    /LeakyreluController/LeakyreluController:acc2dma/plm_o_ping.a0.a0.a0.a1.a.d.data    0:31 0000003f-00000000 (63-0) 
    
  Resource Name: /LeakyreluController/LeakyreluController:acc2dma/plm_o_ping.a0.a0.a1.a0.a.d.data:rsc
    Memory Component: BLOCK_1R1W_RBW               Size:         64 x 32
    External:         false                        Packing Mode: compact
    Memory Map:
    Variable                                                                         Indices Phys Memory Address      
    -------------------------------------------------------------------------------- ------- ------------------------
    /LeakyreluController/LeakyreluController:acc2dma/plm_o_ping.a0.a0.a1.a0.a.d.data    0:31 0000003f-00000000 (63-0) 
    
  Resource Name: /LeakyreluController/LeakyreluController:acc2dma/plm_o_ping.a0.a0.a1.a1.a.d.data:rsc
    Memory Component: BLOCK_1R1W_RBW               Size:         64 x 32
    External:         false                        Packing Mode: compact
    Memory Map:
    Variable                                                                         Indices Phys Memory Address      
    -------------------------------------------------------------------------------- ------- ------------------------
    /LeakyreluController/LeakyreluController:acc2dma/plm_o_ping.a0.a0.a1.a1.a.d.data    0:31 0000003f-00000000 (63-0) 
    
  Resource Name: /LeakyreluController/LeakyreluController:acc2dma/plm_o_ping.a0.a1.a0.a0.a.d.data:rsc
    Memory Component: BLOCK_1R1W_RBW               Size:         64 x 32
    External:         false                        Packing Mode: compact
    Memory Map:
    Variable                                                                         Indices Phys Memory Address      
    -------------------------------------------------------------------------------- ------- ------------------------
    /LeakyreluController/LeakyreluController:acc2dma/plm_o_ping.a0.a1.a0.a0.a.d.data    0:31 0000003f-00000000 (63-0) 
    
  Resource Name: /LeakyreluController/LeakyreluController:acc2dma/plm_o_ping.a0.a1.a0.a1.a.d.data:rsc
    Memory Component: BLOCK_1R1W_RBW               Size:         64 x 32
    External:         false                        Packing Mode: compact
    Memory Map:
    Variable                                                                         Indices Phys Memory Address      
    -------------------------------------------------------------------------------- ------- ------------------------
    /LeakyreluController/LeakyreluController:acc2dma/plm_o_ping.a0.a1.a0.a1.a.d.data    0:31 0000003f-00000000 (63-0) 
    
  Resource Name: /LeakyreluController/LeakyreluController:acc2dma/plm_o_ping.a0.a1.a1.a0.a.d.data:rsc
    Memory Component: BLOCK_1R1W_RBW               Size:         64 x 32
    External:         false                        Packing Mode: compact
    Memory Map:
    Variable                                                                         Indices Phys Memory Address      
    -------------------------------------------------------------------------------- ------- ------------------------
    /LeakyreluController/LeakyreluController:acc2dma/plm_o_ping.a0.a1.a1.a0.a.d.data    0:31 0000003f-00000000 (63-0) 
    
  Resource Name: /LeakyreluController/LeakyreluController:acc2dma/plm_o_ping.a0.a1.a1.a1.a.d.data:rsc
    Memory Component: BLOCK_1R1W_RBW               Size:         64 x 32
    External:         false                        Packing Mode: compact
    Memory Map:
    Variable                                                                         Indices Phys Memory Address      
    -------------------------------------------------------------------------------- ------- ------------------------
    /LeakyreluController/LeakyreluController:acc2dma/plm_o_ping.a0.a1.a1.a1.a.d.data    0:31 0000003f-00000000 (63-0) 
    
  Resource Name: /LeakyreluController/LeakyreluController:acc2dma/plm_o_ping.a1.a0.a0.a0.a.d.data:rsc
    Memory Component: BLOCK_1R1W_RBW               Size:         64 x 32
    External:         false                        Packing Mode: compact
    Memory Map:
    Variable                                                                         Indices Phys Memory Address      
    -------------------------------------------------------------------------------- ------- ------------------------
    /LeakyreluController/LeakyreluController:acc2dma/plm_o_ping.a1.a0.a0.a0.a.d.data    0:31 0000003f-00000000 (63-0) 
    
  Resource Name: /LeakyreluController/LeakyreluController:acc2dma/plm_o_ping.a1.a0.a0.a1.a.d.data:rsc
    Memory Component: BLOCK_1R1W_RBW               Size:         64 x 32
    External:         false                        Packing Mode: compact
    Memory Map:
    Variable                                                                         Indices Phys Memory Address      
    -------------------------------------------------------------------------------- ------- ------------------------
    /LeakyreluController/LeakyreluController:acc2dma/plm_o_ping.a1.a0.a0.a1.a.d.data    0:31 0000003f-00000000 (63-0) 
    
  Resource Name: /LeakyreluController/LeakyreluController:acc2dma/plm_o_ping.a1.a0.a1.a0.a.d.data:rsc
    Memory Component: BLOCK_1R1W_RBW               Size:         64 x 32
    External:         false                        Packing Mode: compact
    Memory Map:
    Variable                                                                         Indices Phys Memory Address      
    -------------------------------------------------------------------------------- ------- ------------------------
    /LeakyreluController/LeakyreluController:acc2dma/plm_o_ping.a1.a0.a1.a0.a.d.data    0:31 0000003f-00000000 (63-0) 
    
  Resource Name: /LeakyreluController/LeakyreluController:acc2dma/plm_o_ping.a1.a0.a1.a1.a.d.data:rsc
    Memory Component: BLOCK_1R1W_RBW               Size:         64 x 32
    External:         false                        Packing Mode: compact
    Memory Map:
    Variable                                                                         Indices Phys Memory Address      
    -------------------------------------------------------------------------------- ------- ------------------------
    /LeakyreluController/LeakyreluController:acc2dma/plm_o_ping.a1.a0.a1.a1.a.d.data    0:31 0000003f-00000000 (63-0) 
    
  Resource Name: /LeakyreluController/LeakyreluController:acc2dma/plm_o_ping.a1.a1.a0.a0.a.d.data:rsc
    Memory Component: BLOCK_1R1W_RBW               Size:         64 x 32
    External:         false                        Packing Mode: compact
    Memory Map:
    Variable                                                                         Indices Phys Memory Address      
    -------------------------------------------------------------------------------- ------- ------------------------
    /LeakyreluController/LeakyreluController:acc2dma/plm_o_ping.a1.a1.a0.a0.a.d.data    0:31 0000003f-00000000 (63-0) 
    
  Resource Name: /LeakyreluController/LeakyreluController:acc2dma/plm_o_ping.a1.a1.a0.a1.a.d.data:rsc
    Memory Component: BLOCK_1R1W_RBW               Size:         64 x 32
    External:         false                        Packing Mode: compact
    Memory Map:
    Variable                                                                         Indices Phys Memory Address      
    -------------------------------------------------------------------------------- ------- ------------------------
    /LeakyreluController/LeakyreluController:acc2dma/plm_o_ping.a1.a1.a0.a1.a.d.data    0:31 0000003f-00000000 (63-0) 
    
  Resource Name: /LeakyreluController/LeakyreluController:acc2dma/plm_o_ping.a1.a1.a1.a0.a.d.data:rsc
    Memory Component: BLOCK_1R1W_RBW               Size:         64 x 32
    External:         false                        Packing Mode: compact
    Memory Map:
    Variable                                                                         Indices Phys Memory Address      
    -------------------------------------------------------------------------------- ------- ------------------------
    /LeakyreluController/LeakyreluController:acc2dma/plm_o_ping.a1.a1.a1.a0.a.d.data    0:31 0000003f-00000000 (63-0) 
    
  Resource Name: /LeakyreluController/LeakyreluController:acc2dma/plm_o_ping.a1.a1.a1.a1.a.d.data:rsc
    Memory Component: BLOCK_1R1W_RBW               Size:         64 x 32
    External:         false                        Packing Mode: compact
    Memory Map:
    Variable                                                                         Indices Phys Memory Address      
    -------------------------------------------------------------------------------- ------- ------------------------
    /LeakyreluController/LeakyreluController:acc2dma/plm_o_ping.a1.a1.a1.a1.a.d.data    0:31 0000003f-00000000 (63-0) 
    
  Resource Name: /LeakyreluController/plm_a_ping.a0.a0.a0.a0.a.d.data:rsc
    Memory Component: BLOCK_1R1W_RBW               Size:         64 x 32
    External:         false                        Packing Mode: compact
    Memory Map:
    Variable                                             Indices Phys Memory Address      
    ---------------------------------------------------- ------- ------------------------
    /LeakyreluController/plm_a_ping.a0.a0.a0.a0.a.d.data    0:31 0000003f-00000000 (63-0) 
    
  Resource Name: /LeakyreluController/plm_a_ping.a0.a0.a0.a1.a.d.data:rsc
    Memory Component: BLOCK_1R1W_RBW               Size:         64 x 32
    External:         false                        Packing Mode: compact
    Memory Map:
    Variable                                             Indices Phys Memory Address      
    ---------------------------------------------------- ------- ------------------------
    /LeakyreluController/plm_a_ping.a0.a0.a0.a1.a.d.data    0:31 0000003f-00000000 (63-0) 
    
  Resource Name: /LeakyreluController/plm_a_ping.a0.a0.a1.a0.a.d.data:rsc
    Memory Component: BLOCK_1R1W_RBW               Size:         64 x 32
    External:         false                        Packing Mode: compact
    Memory Map:
    Variable                                             Indices Phys Memory Address      
    ---------------------------------------------------- ------- ------------------------
    /LeakyreluController/plm_a_ping.a0.a0.a1.a0.a.d.data    0:31 0000003f-00000000 (63-0) 
    
  Resource Name: /LeakyreluController/plm_a_ping.a0.a0.a1.a1.a.d.data:rsc
    Memory Component: BLOCK_1R1W_RBW               Size:         64 x 32
    External:         false                        Packing Mode: compact
    Memory Map:
    Variable                                             Indices Phys Memory Address      
    ---------------------------------------------------- ------- ------------------------
    /LeakyreluController/plm_a_ping.a0.a0.a1.a1.a.d.data    0:31 0000003f-00000000 (63-0) 
    
  Resource Name: /LeakyreluController/plm_a_ping.a0.a1.a0.a0.a.d.data:rsc
    Memory Component: BLOCK_1R1W_RBW               Size:         64 x 32
    External:         false                        Packing Mode: compact
    Memory Map:
    Variable                                             Indices Phys Memory Address      
    ---------------------------------------------------- ------- ------------------------
    /LeakyreluController/plm_a_ping.a0.a1.a0.a0.a.d.data    0:31 0000003f-00000000 (63-0) 
    
  Resource Name: /LeakyreluController/plm_a_ping.a0.a1.a0.a1.a.d.data:rsc
    Memory Component: BLOCK_1R1W_RBW               Size:         64 x 32
    External:         false                        Packing Mode: compact
    Memory Map:
    Variable                                             Indices Phys Memory Address      
    ---------------------------------------------------- ------- ------------------------
    /LeakyreluController/plm_a_ping.a0.a1.a0.a1.a.d.data    0:31 0000003f-00000000 (63-0) 
    
  Resource Name: /LeakyreluController/plm_a_ping.a0.a1.a1.a0.a.d.data:rsc
    Memory Component: BLOCK_1R1W_RBW               Size:         64 x 32
    External:         false                        Packing Mode: compact
    Memory Map:
    Variable                                             Indices Phys Memory Address      
    ---------------------------------------------------- ------- ------------------------
    /LeakyreluController/plm_a_ping.a0.a1.a1.a0.a.d.data    0:31 0000003f-00000000 (63-0) 
    
  Resource Name: /LeakyreluController/plm_a_ping.a0.a1.a1.a1.a.d.data:rsc
    Memory Component: BLOCK_1R1W_RBW               Size:         64 x 32
    External:         false                        Packing Mode: compact
    Memory Map:
    Variable                                             Indices Phys Memory Address      
    ---------------------------------------------------- ------- ------------------------
    /LeakyreluController/plm_a_ping.a0.a1.a1.a1.a.d.data    0:31 0000003f-00000000 (63-0) 
    
  Resource Name: /LeakyreluController/plm_a_ping.a1.a0.a0.a0.a.d.data:rsc
    Memory Component: BLOCK_1R1W_RBW               Size:         64 x 32
    External:         false                        Packing Mode: compact
    Memory Map:
    Variable                                             Indices Phys Memory Address      
    ---------------------------------------------------- ------- ------------------------
    /LeakyreluController/plm_a_ping.a1.a0.a0.a0.a.d.data    0:31 0000003f-00000000 (63-0) 
    
  Resource Name: /LeakyreluController/plm_a_ping.a1.a0.a0.a1.a.d.data:rsc
    Memory Component: BLOCK_1R1W_RBW               Size:         64 x 32
    External:         false                        Packing Mode: compact
    Memory Map:
    Variable                                             Indices Phys Memory Address      
    ---------------------------------------------------- ------- ------------------------
    /LeakyreluController/plm_a_ping.a1.a0.a0.a1.a.d.data    0:31 0000003f-00000000 (63-0) 
    
  Resource Name: /LeakyreluController/plm_a_ping.a1.a0.a1.a0.a.d.data:rsc
    Memory Component: BLOCK_1R1W_RBW               Size:         64 x 32
    External:         false                        Packing Mode: compact
    Memory Map:
    Variable                                             Indices Phys Memory Address      
    ---------------------------------------------------- ------- ------------------------
    /LeakyreluController/plm_a_ping.a1.a0.a1.a0.a.d.data    0:31 0000003f-00000000 (63-0) 
    
  Resource Name: /LeakyreluController/plm_a_ping.a1.a0.a1.a1.a.d.data:rsc
    Memory Component: BLOCK_1R1W_RBW               Size:         64 x 32
    External:         false                        Packing Mode: compact
    Memory Map:
    Variable                                             Indices Phys Memory Address      
    ---------------------------------------------------- ------- ------------------------
    /LeakyreluController/plm_a_ping.a1.a0.a1.a1.a.d.data    0:31 0000003f-00000000 (63-0) 
    
  Resource Name: /LeakyreluController/plm_a_ping.a1.a1.a0.a0.a.d.data:rsc
    Memory Component: BLOCK_1R1W_RBW               Size:         64 x 32
    External:         false                        Packing Mode: compact
    Memory Map:
    Variable                                             Indices Phys Memory Address      
    ---------------------------------------------------- ------- ------------------------
    /LeakyreluController/plm_a_ping.a1.a1.a0.a0.a.d.data    0:31 0000003f-00000000 (63-0) 
    
  Resource Name: /LeakyreluController/plm_a_ping.a1.a1.a0.a1.a.d.data:rsc
    Memory Component: BLOCK_1R1W_RBW               Size:         64 x 32
    External:         false                        Packing Mode: compact
    Memory Map:
    Variable                                             Indices Phys Memory Address      
    ---------------------------------------------------- ------- ------------------------
    /LeakyreluController/plm_a_ping.a1.a1.a0.a1.a.d.data    0:31 0000003f-00000000 (63-0) 
    
  Resource Name: /LeakyreluController/plm_a_ping.a1.a1.a1.a0.a.d.data:rsc
    Memory Component: BLOCK_1R1W_RBW               Size:         64 x 32
    External:         false                        Packing Mode: compact
    Memory Map:
    Variable                                             Indices Phys Memory Address      
    ---------------------------------------------------- ------- ------------------------
    /LeakyreluController/plm_a_ping.a1.a1.a1.a0.a.d.data    0:31 0000003f-00000000 (63-0) 
    
  Resource Name: /LeakyreluController/plm_a_ping.a1.a1.a1.a1.a.d.data:rsc
    Memory Component: BLOCK_1R1W_RBW               Size:         64 x 32
    External:         false                        Packing Mode: compact
    Memory Map:
    Variable                                             Indices Phys Memory Address      
    ---------------------------------------------------- ------- ------------------------
    /LeakyreluController/plm_a_ping.a1.a1.a1.a1.a.d.data    0:31 0000003f-00000000 (63-0) 
    
  Resource Name: /LeakyreluController/plm_b_ping.a0.a0.a0.a0.a.d.data:rsc
    Memory Component: BLOCK_1R1W_RBW               Size:         64 x 32
    External:         false                        Packing Mode: compact
    Memory Map:
    Variable                                             Indices Phys Memory Address      
    ---------------------------------------------------- ------- ------------------------
    /LeakyreluController/plm_b_ping.a0.a0.a0.a0.a.d.data    0:31 0000003f-00000000 (63-0) 
    
  Resource Name: /LeakyreluController/plm_b_ping.a0.a0.a0.a1.a.d.data:rsc
    Memory Component: BLOCK_1R1W_RBW               Size:         64 x 32
    External:         false                        Packing Mode: compact
    Memory Map:
    Variable                                             Indices Phys Memory Address      
    ---------------------------------------------------- ------- ------------------------
    /LeakyreluController/plm_b_ping.a0.a0.a0.a1.a.d.data    0:31 0000003f-00000000 (63-0) 
    
  Resource Name: /LeakyreluController/plm_b_ping.a0.a0.a1.a0.a.d.data:rsc
    Memory Component: BLOCK_1R1W_RBW               Size:         64 x 32
    External:         false                        Packing Mode: compact
    Memory Map:
    Variable                                             Indices Phys Memory Address      
    ---------------------------------------------------- ------- ------------------------
    /LeakyreluController/plm_b_ping.a0.a0.a1.a0.a.d.data    0:31 0000003f-00000000 (63-0) 
    
  Resource Name: /LeakyreluController/plm_b_ping.a0.a0.a1.a1.a.d.data:rsc
    Memory Component: BLOCK_1R1W_RBW               Size:         64 x 32
    External:         false                        Packing Mode: compact
    Memory Map:
    Variable                                             Indices Phys Memory Address      
    ---------------------------------------------------- ------- ------------------------
    /LeakyreluController/plm_b_ping.a0.a0.a1.a1.a.d.data    0:31 0000003f-00000000 (63-0) 
    
  Resource Name: /LeakyreluController/plm_b_ping.a0.a1.a0.a0.a.d.data:rsc
    Memory Component: BLOCK_1R1W_RBW               Size:         64 x 32
    External:         false                        Packing Mode: compact
    Memory Map:
    Variable                                             Indices Phys Memory Address      
    ---------------------------------------------------- ------- ------------------------
    /LeakyreluController/plm_b_ping.a0.a1.a0.a0.a.d.data    0:31 0000003f-00000000 (63-0) 
    
  Resource Name: /LeakyreluController/plm_b_ping.a0.a1.a0.a1.a.d.data:rsc
    Memory Component: BLOCK_1R1W_RBW               Size:         64 x 32
    External:         false                        Packing Mode: compact
    Memory Map:
    Variable                                             Indices Phys Memory Address      
    ---------------------------------------------------- ------- ------------------------
    /LeakyreluController/plm_b_ping.a0.a1.a0.a1.a.d.data    0:31 0000003f-00000000 (63-0) 
    
  Resource Name: /LeakyreluController/plm_b_ping.a0.a1.a1.a0.a.d.data:rsc
    Memory Component: BLOCK_1R1W_RBW               Size:         64 x 32
    External:         false                        Packing Mode: compact
    Memory Map:
    Variable                                             Indices Phys Memory Address      
    ---------------------------------------------------- ------- ------------------------
    /LeakyreluController/plm_b_ping.a0.a1.a1.a0.a.d.data    0:31 0000003f-00000000 (63-0) 
    
  Resource Name: /LeakyreluController/plm_b_ping.a0.a1.a1.a1.a.d.data:rsc
    Memory Component: BLOCK_1R1W_RBW               Size:         64 x 32
    External:         false                        Packing Mode: compact
    Memory Map:
    Variable                                             Indices Phys Memory Address      
    ---------------------------------------------------- ------- ------------------------
    /LeakyreluController/plm_b_ping.a0.a1.a1.a1.a.d.data    0:31 0000003f-00000000 (63-0) 
    
  Resource Name: /LeakyreluController/plm_b_ping.a1.a0.a0.a0.a.d.data:rsc
    Memory Component: BLOCK_1R1W_RBW               Size:         64 x 32
    External:         false                        Packing Mode: compact
    Memory Map:
    Variable                                             Indices Phys Memory Address      
    ---------------------------------------------------- ------- ------------------------
    /LeakyreluController/plm_b_ping.a1.a0.a0.a0.a.d.data    0:31 0000003f-00000000 (63-0) 
    
  Resource Name: /LeakyreluController/plm_b_ping.a1.a0.a0.a1.a.d.data:rsc
    Memory Component: BLOCK_1R1W_RBW               Size:         64 x 32
    External:         false                        Packing Mode: compact
    Memory Map:
    Variable                                             Indices Phys Memory Address      
    ---------------------------------------------------- ------- ------------------------
    /LeakyreluController/plm_b_ping.a1.a0.a0.a1.a.d.data    0:31 0000003f-00000000 (63-0) 
    
  Resource Name: /LeakyreluController/plm_b_ping.a1.a0.a1.a0.a.d.data:rsc
    Memory Component: BLOCK_1R1W_RBW               Size:         64 x 32
    External:         false                        Packing Mode: compact
    Memory Map:
    Variable                                             Indices Phys Memory Address      
    ---------------------------------------------------- ------- ------------------------
    /LeakyreluController/plm_b_ping.a1.a0.a1.a0.a.d.data    0:31 0000003f-00000000 (63-0) 
    
  Resource Name: /LeakyreluController/plm_b_ping.a1.a0.a1.a1.a.d.data:rsc
    Memory Component: BLOCK_1R1W_RBW               Size:         64 x 32
    External:         false                        Packing Mode: compact
    Memory Map:
    Variable                                             Indices Phys Memory Address      
    ---------------------------------------------------- ------- ------------------------
    /LeakyreluController/plm_b_ping.a1.a0.a1.a1.a.d.data    0:31 0000003f-00000000 (63-0) 
    
  Resource Name: /LeakyreluController/plm_b_ping.a1.a1.a0.a0.a.d.data:rsc
    Memory Component: BLOCK_1R1W_RBW               Size:         64 x 32
    External:         false                        Packing Mode: compact
    Memory Map:
    Variable                                             Indices Phys Memory Address      
    ---------------------------------------------------- ------- ------------------------
    /LeakyreluController/plm_b_ping.a1.a1.a0.a0.a.d.data    0:31 0000003f-00000000 (63-0) 
    
  Resource Name: /LeakyreluController/plm_b_ping.a1.a1.a0.a1.a.d.data:rsc
    Memory Component: BLOCK_1R1W_RBW               Size:         64 x 32
    External:         false                        Packing Mode: compact
    Memory Map:
    Variable                                             Indices Phys Memory Address      
    ---------------------------------------------------- ------- ------------------------
    /LeakyreluController/plm_b_ping.a1.a1.a0.a1.a.d.data    0:31 0000003f-00000000 (63-0) 
    
  Resource Name: /LeakyreluController/plm_b_ping.a1.a1.a1.a0.a.d.data:rsc
    Memory Component: BLOCK_1R1W_RBW               Size:         64 x 32
    External:         false                        Packing Mode: compact
    Memory Map:
    Variable                                             Indices Phys Memory Address      
    ---------------------------------------------------- ------- ------------------------
    /LeakyreluController/plm_b_ping.a1.a1.a1.a0.a.d.data    0:31 0000003f-00000000 (63-0) 
    
  Resource Name: /LeakyreluController/plm_b_ping.a1.a1.a1.a1.a.d.data:rsc
    Memory Component: BLOCK_1R1W_RBW               Size:         64 x 32
    External:         false                        Packing Mode: compact
    Memory Map:
    Variable                                             Indices Phys Memory Address      
    ---------------------------------------------------- ------- ------------------------
    /LeakyreluController/plm_b_ping.a1.a1.a1.a1.a.d.data    0:31 0000003f-00000000 (63-0) 
    
  Resource Name: /LeakyreluController/plm_o_ping.a0.a0.a0.a0.a.d.data:rsc
    Memory Component: BLOCK_1R1W_RBW               Size:         64 x 32
    External:         false                        Packing Mode: compact
    Memory Map:
    Variable                                             Indices Phys Memory Address      
    ---------------------------------------------------- ------- ------------------------
    /LeakyreluController/plm_o_ping.a0.a0.a0.a0.a.d.data    0:31 0000003f-00000000 (63-0) 
    
  Resource Name: /LeakyreluController/plm_o_ping.a0.a0.a0.a1.a.d.data:rsc
    Memory Component: BLOCK_1R1W_RBW               Size:         64 x 32
    External:         false                        Packing Mode: compact
    Memory Map:
    Variable                                             Indices Phys Memory Address      
    ---------------------------------------------------- ------- ------------------------
    /LeakyreluController/plm_o_ping.a0.a0.a0.a1.a.d.data    0:31 0000003f-00000000 (63-0) 
    
  Resource Name: /LeakyreluController/plm_o_ping.a0.a0.a1.a0.a.d.data:rsc
    Memory Component: BLOCK_1R1W_RBW               Size:         64 x 32
    External:         false                        Packing Mode: compact
    Memory Map:
    Variable                                             Indices Phys Memory Address      
    ---------------------------------------------------- ------- ------------------------
    /LeakyreluController/plm_o_ping.a0.a0.a1.a0.a.d.data    0:31 0000003f-00000000 (63-0) 
    
  Resource Name: /LeakyreluController/plm_o_ping.a0.a0.a1.a1.a.d.data:rsc
    Memory Component: BLOCK_1R1W_RBW               Size:         64 x 32
    External:         false                        Packing Mode: compact
    Memory Map:
    Variable                                             Indices Phys Memory Address      
    ---------------------------------------------------- ------- ------------------------
    /LeakyreluController/plm_o_ping.a0.a0.a1.a1.a.d.data    0:31 0000003f-00000000 (63-0) 
    
  Resource Name: /LeakyreluController/plm_o_ping.a0.a1.a0.a0.a.d.data:rsc
    Memory Component: BLOCK_1R1W_RBW               Size:         64 x 32
    External:         false                        Packing Mode: compact
    Memory Map:
    Variable                                             Indices Phys Memory Address      
    ---------------------------------------------------- ------- ------------------------
    /LeakyreluController/plm_o_ping.a0.a1.a0.a0.a.d.data    0:31 0000003f-00000000 (63-0) 
    
  Resource Name: /LeakyreluController/plm_o_ping.a0.a1.a0.a1.a.d.data:rsc
    Memory Component: BLOCK_1R1W_RBW               Size:         64 x 32
    External:         false                        Packing Mode: compact
    Memory Map:
    Variable                                             Indices Phys Memory Address      
    ---------------------------------------------------- ------- ------------------------
    /LeakyreluController/plm_o_ping.a0.a1.a0.a1.a.d.data    0:31 0000003f-00000000 (63-0) 
    
  Resource Name: /LeakyreluController/plm_o_ping.a0.a1.a1.a0.a.d.data:rsc
    Memory Component: BLOCK_1R1W_RBW               Size:         64 x 32
    External:         false                        Packing Mode: compact
    Memory Map:
    Variable                                             Indices Phys Memory Address      
    ---------------------------------------------------- ------- ------------------------
    /LeakyreluController/plm_o_ping.a0.a1.a1.a0.a.d.data    0:31 0000003f-00000000 (63-0) 
    
  Resource Name: /LeakyreluController/plm_o_ping.a0.a1.a1.a1.a.d.data:rsc
    Memory Component: BLOCK_1R1W_RBW               Size:         64 x 32
    External:         false                        Packing Mode: compact
    Memory Map:
    Variable                                             Indices Phys Memory Address      
    ---------------------------------------------------- ------- ------------------------
    /LeakyreluController/plm_o_ping.a0.a1.a1.a1.a.d.data    0:31 0000003f-00000000 (63-0) 
    
  Resource Name: /LeakyreluController/plm_o_ping.a1.a0.a0.a0.a.d.data:rsc
    Memory Component: BLOCK_1R1W_RBW               Size:         64 x 32
    External:         false                        Packing Mode: compact
    Memory Map:
    Variable                                             Indices Phys Memory Address      
    ---------------------------------------------------- ------- ------------------------
    /LeakyreluController/plm_o_ping.a1.a0.a0.a0.a.d.data    0:31 0000003f-00000000 (63-0) 
    
  Resource Name: /LeakyreluController/plm_o_ping.a1.a0.a0.a1.a.d.data:rsc
    Memory Component: BLOCK_1R1W_RBW               Size:         64 x 32
    External:         false                        Packing Mode: compact
    Memory Map:
    Variable                                             Indices Phys Memory Address      
    ---------------------------------------------------- ------- ------------------------
    /LeakyreluController/plm_o_ping.a1.a0.a0.a1.a.d.data    0:31 0000003f-00000000 (63-0) 
    
  Resource Name: /LeakyreluController/plm_o_ping.a1.a0.a1.a0.a.d.data:rsc
    Memory Component: BLOCK_1R1W_RBW               Size:         64 x 32
    External:         false                        Packing Mode: compact
    Memory Map:
    Variable                                             Indices Phys Memory Address      
    ---------------------------------------------------- ------- ------------------------
    /LeakyreluController/plm_o_ping.a1.a0.a1.a0.a.d.data    0:31 0000003f-00000000 (63-0) 
    
  Resource Name: /LeakyreluController/plm_o_ping.a1.a0.a1.a1.a.d.data:rsc
    Memory Component: BLOCK_1R1W_RBW               Size:         64 x 32
    External:         false                        Packing Mode: compact
    Memory Map:
    Variable                                             Indices Phys Memory Address      
    ---------------------------------------------------- ------- ------------------------
    /LeakyreluController/plm_o_ping.a1.a0.a1.a1.a.d.data    0:31 0000003f-00000000 (63-0) 
    
  Resource Name: /LeakyreluController/plm_o_ping.a1.a1.a0.a0.a.d.data:rsc
    Memory Component: BLOCK_1R1W_RBW               Size:         64 x 32
    External:         false                        Packing Mode: compact
    Memory Map:
    Variable                                             Indices Phys Memory Address      
    ---------------------------------------------------- ------- ------------------------
    /LeakyreluController/plm_o_ping.a1.a1.a0.a0.a.d.data    0:31 0000003f-00000000 (63-0) 
    
  Resource Name: /LeakyreluController/plm_o_ping.a1.a1.a0.a1.a.d.data:rsc
    Memory Component: BLOCK_1R1W_RBW               Size:         64 x 32
    External:         false                        Packing Mode: compact
    Memory Map:
    Variable                                             Indices Phys Memory Address      
    ---------------------------------------------------- ------- ------------------------
    /LeakyreluController/plm_o_ping.a1.a1.a0.a1.a.d.data    0:31 0000003f-00000000 (63-0) 
    
  Resource Name: /LeakyreluController/plm_o_ping.a1.a1.a1.a0.a.d.data:rsc
    Memory Component: BLOCK_1R1W_RBW               Size:         64 x 32
    External:         false                        Packing Mode: compact
    Memory Map:
    Variable                                             Indices Phys Memory Address      
    ---------------------------------------------------- ------- ------------------------
    /LeakyreluController/plm_o_ping.a1.a1.a1.a0.a.d.data    0:31 0000003f-00000000 (63-0) 
    
  Resource Name: /LeakyreluController/plm_o_ping.a1.a1.a1.a1.a.d.data:rsc
    Memory Component: BLOCK_1R1W_RBW               Size:         64 x 32
    External:         false                        Packing Mode: compact
    Memory Map:
    Variable                                             Indices Phys Memory Address      
    ---------------------------------------------------- ------- ------------------------
    /LeakyreluController/plm_o_ping.a1.a1.a1.a1.a.d.data    0:31 0000003f-00000000 (63-0) 
    
C++ to Interface Mappings
  Resource/Fields C++ Type Interface Range Range Expression(x) x=step+offset Expression Limits 
  --------------- -------- --------------- ------------------- ------------- -----------------
  
Multi-Cycle (Combinational) Component Usage
  Instance Component Name Cycles 
  -------- -------------- ------
  
Loops
  Process                                                  Loop                                                                                    Iterations C-Steps Total Cycles  Duration  Unroll Init Comments 
  -------------------------------------------------------- --------------------------------------------------------------------------------------- ---------- ------- ------------- --------- ------ ---- --------
  /LeakyreluController/LeakyreluController:dma2acc/dma2acc dma2acc:rlp                                                                               Infinite       1       4399 ?  22.00 us                       
  /LeakyreluController/LeakyreluController:dma2acc/dma2acc  while                                                                                    Infinite       6       4398 ?  21.99 us                       
  /LeakyreluController/LeakyreluController:dma2acc/dma2acc   LeakyreluController::load<ac_shared_bank_array_2D<DATA_TYPE,16U,64U>>:for                      ?       3       2196 ?  10.98 us                       
  /LeakyreluController/LeakyreluController:dma2acc/dma2acc    LeakyreluController::load<ac_shared_bank_array_2D<DATA_TYPE,16U,64U>>:for:for               129       1       2193 ?  10.96 us                       
  /LeakyreluController/LeakyreluController:dma2acc/dma2acc     LeakyreluController::load<ac_shared_bank_array_2D<DATA_TYPE,16U,64U>>:for:for:for            8       2           16  80.00 ns                       
  /LeakyreluController/LeakyreluController:dma2acc/dma2acc   LeakyreluController::load<ac_shared_bank_array_2D<DATA_TYPE,16U,64U>>#1:for                    ?       3       2196 ?  10.98 us                       
  /LeakyreluController/LeakyreluController:dma2acc/dma2acc    LeakyreluController::load<ac_shared_bank_array_2D<DATA_TYPE,16U,64U>>#1:for:for             129       1       2193 ?  10.96 us                       
  /LeakyreluController/LeakyreluController:dma2acc/dma2acc     LeakyreluController::load<ac_shared_bank_array_2D<DATA_TYPE,16U,64U>>#1:for:for:for          8       2           16  80.00 ns                       
  /LeakyreluController/LeakyreluController:plm2vec/plm2vec plm2vec:rlp                                                                               Infinite       1         11 ?  55.00 ns                       
  /LeakyreluController/LeakyreluController:plm2vec/plm2vec  while                                                                                    Infinite       2         10 ?  50.00 ns                       
  /LeakyreluController/LeakyreluController:plm2vec/plm2vec   while:for                                                                                      ?       2          8 ?  40.00 ns                       
  /LeakyreluController/LeakyreluController:plm2vec/plm2vec    while:for:for                                                                                 ?       6          6 ?  30.00 ns                       
  /LeakyreluController/LeakyreluController:acc2dma/acc2dma acc2dma:rlp                                                                               Infinite       1       1043 ?   5.21 us                       
  /LeakyreluController/LeakyreluController:acc2dma/acc2dma  while                                                                                    Infinite       4       1042 ?   5.21 us                       
  /LeakyreluController/LeakyreluController:acc2dma/acc2dma   while:for                                                                                      ?       3       1038 ?   5.19 us                       
  /LeakyreluController/LeakyreluController:acc2dma/acc2dma    while:for:for                                                                              1032       4         1035   5.17 us            1          
  
Loop Execution Profile
  Process                                                  Loop                                                                                    Total Cycles % of Overall Design Cycles Throughput Cycles Comments 
  -------------------------------------------------------- --------------------------------------------------------------------------------------- ------------ -------------------------- ----------------- --------
  /LeakyreluController/LeakyreluController:dma2acc/dma2acc dma2acc:rlp                                                                                     1 ?                        0.02           4398 ?           
  /LeakyreluController/LeakyreluController:dma2acc/dma2acc  while                                                                                          6 ?                        0.14           4398 ?           
  /LeakyreluController/LeakyreluController:dma2acc/dma2acc   LeakyreluController::load<ac_shared_bank_array_2D<DATA_TYPE,16U,64U>>:for                     3 ?                        0.07           2196 ?           
  /LeakyreluController/LeakyreluController:dma2acc/dma2acc    LeakyreluController::load<ac_shared_bank_array_2D<DATA_TYPE,16U,64U>>:for:for              129 ?                        2.93           2193 ?           
  /LeakyreluController/LeakyreluController:dma2acc/dma2acc     LeakyreluController::load<ac_shared_bank_array_2D<DATA_TYPE,16U,64U>>:for:for:for          2064                       46.92             2064           
  /LeakyreluController/LeakyreluController:dma2acc/dma2acc   LeakyreluController::load<ac_shared_bank_array_2D<DATA_TYPE,16U,64U>>#1:for                   3 ?                        0.07           2196 ?           
  /LeakyreluController/LeakyreluController:dma2acc/dma2acc    LeakyreluController::load<ac_shared_bank_array_2D<DATA_TYPE,16U,64U>>#1:for:for            129 ?                        2.93           2193 ?           
  /LeakyreluController/LeakyreluController:dma2acc/dma2acc     LeakyreluController::load<ac_shared_bank_array_2D<DATA_TYPE,16U,64U>>#1:for:for:for        2064                       46.92             2064           
  /LeakyreluController/LeakyreluController:plm2vec/plm2vec plm2vec:rlp                                                                                     1 ?                        9.09             10 ?           
  /LeakyreluController/LeakyreluController:plm2vec/plm2vec  while                                                                                          2 ?                       18.18             10 ?           
  /LeakyreluController/LeakyreluController:plm2vec/plm2vec   while:for                                                                                     2 ?                       18.18              8 ?           
  /LeakyreluController/LeakyreluController:plm2vec/plm2vec    while:for:for                                                                                6 ?                       54.55              6 ?           
  /LeakyreluController/LeakyreluController:acc2dma/acc2dma acc2dma:rlp                                                                                     1 ?                        0.10           1042 ?           
  /LeakyreluController/LeakyreluController:acc2dma/acc2dma  while                                                                                          4 ?                        0.38           1042 ?           
  /LeakyreluController/LeakyreluController:acc2dma/acc2dma   while:for                                                                                     3 ?                        0.29           1038 ?           
  /LeakyreluController/LeakyreluController:acc2dma/acc2dma    while:for:for                                                                               1035                       99.23                8           
  
End of Report
