-- Catapult Ultra Synthesis: Report                                              
-- ------------------------- ---------------------------------------------------
-- Version:                  2024.2/1130128 Production Release                   
-- Build Date:               Mon Aug 26 21:59:12 PDT 2024                        
                                                                                 
-- Generated by:             gtombesi@corsica                                    
-- Generated date:           Wed Apr 30 13:18:33 EDT 2025                        

Solution Settings: DataPath.v1
  Current state: extract
  Project: Catapult

Design Input Files Specified
  $PROJECT_HOME/../../tb/testbench.cpp
  $PROJECT_HOME/../../tb/testbench.hpp
  $PROJECT_HOME/../../tb/sc_main.cpp
  $PROJECT_HOME/../../tb/system.hpp
  $PROJECT_HOME/../../inc/macfin2_data_types.h
    $MGC_HOME/shared/include/ac_int.h
    $MGC_HOME/shared/include/ac_fixed.h
    $PROJECT_HOME/../../inc/macfin2_specs.h
      $MGC_HOME/shared/include/mc_connections.h
        $MGC_HOME/shared/include/systemc.h
          $MGC_HOME/shared/include/systemc
            $MGC_HOME/shared/include/sysc/kernel/sc_cmnhdr.h
            $MGC_HOME/shared/include/sysc/kernel/sc_externs.h
            $MGC_HOME/shared/include/sysc/kernel/sc_except.h
              $MGC_HOME/shared/include/sysc/kernel/sc_cmnhdr.h
            $MGC_HOME/shared/include/sysc/kernel/sc_module.h
              $MGC_HOME/shared/include/sysc/kernel/sc_kernel_ids.h
                $MGC_HOME/shared/include/sysc/utils/sc_report.h
                  $MGC_HOME/shared/include/sysc/kernel/sc_cmnhdr.h
                  $MGC_HOME/shared/include/sysc/utils/sc_report_handler.h
              $MGC_HOME/shared/include/sysc/kernel/sc_process.h
                $MGC_HOME/shared/include/sysc/kernel/sc_constants.h
                $MGC_HOME/shared/include/sysc/kernel/sc_object.h
                  $MGC_HOME/shared/include/sysc/kernel/sc_attribute.h
                    $MGC_HOME/shared/include/sysc/kernel/sc_cmnhdr.h
                $MGC_HOME/shared/include/sysc/communication/sc_export.h
                  $MGC_HOME/shared/include/sysc/communication/sc_communication_ids.h
                  $MGC_HOME/shared/include/sysc/communication/sc_interface.h
                    $MGC_HOME/shared/include/sysc/kernel/sc_cmnhdr.h
                  $MGC_HOME/shared/include/sysc/utils/sc_typeindex.h
                    $MGC_HOME/shared/include/sysc/kernel/sc_cmnhdr.h
              $MGC_HOME/shared/include/sysc/kernel/sc_module_name.h
              $MGC_HOME/shared/include/sysc/kernel/sc_sensitive.h
              $MGC_HOME/shared/include/sysc/kernel/sc_time.h
                $MGC_HOME/shared/include/sysc/datatypes/int/sc_nbdefs.h
                  $MGC_HOME/shared/include/sysc/kernel/sc_cmnhdr.h
                $MGC_HOME/shared/include/sysc/datatypes/fx/scfx_ieee.h
                  $MGC_HOME/shared/include/sysc/datatypes/fx/sc_fxdefs.h
                    $MGC_HOME/shared/include/sysc/kernel/sc_cmnhdr.h
                    $MGC_HOME/shared/include/sysc/utils/sc_machine.h
                      $MGC_HOME/shared/include/sysc/packages/boost/detail/endian.hpp
                    $MGC_HOME/shared/include/sysc/datatypes/fx/sc_fx_ids.h
                    $MGC_HOME/shared/include/sysc/datatypes/int/sc_nbutils.h
                      $MGC_HOME/shared/include/sysc/datatypes/bit/sc_bit_ids.h
                      $MGC_HOME/shared/include/sysc/datatypes/int/sc_int_ids.h
              $MGC_HOME/shared/include/sysc/kernel/sc_wait.h
                $MGC_HOME/shared/include/sysc/kernel/sc_simcontext.h
                  $MGC_HOME/shared/include/sysc/kernel/sc_cmnhdr.h
                  $MGC_HOME/shared/include/sysc/kernel/sc_status.h
                    $MGC_HOME/shared/include/sysc/kernel/sc_cmnhdr.h
                  $MGC_HOME/shared/include/sysc/utils/sc_hash.h
                    $MGC_HOME/shared/include/sysc/kernel/sc_simcontext.h
                  $MGC_HOME/shared/include/sysc/utils/sc_pq.h
                    $MGC_HOME/shared/include/sysc/kernel/sc_cmnhdr.h
              $MGC_HOME/shared/include/sysc/kernel/sc_wait_cthread.h
                $MGC_HOME/shared/include/sysc/datatypes/bit/sc_logic.h
                  $MGC_HOME/shared/include/sysc/kernel/sc_cmnhdr.h
                  $MGC_HOME/shared/include/sysc/kernel/sc_macros.h
                    $MGC_HOME/shared/include/sysc/kernel/sc_cmnhdr.h
                  $MGC_HOME/shared/include/sysc/utils/sc_mempool.h
                  $MGC_HOME/shared/include/sysc/datatypes/bit/sc_bit.h
              $MGC_HOME/shared/include/sysc/kernel/sc_process_handle.h
                $MGC_HOME/shared/include/sysc/kernel/sc_module.h
              $MGC_HOME/shared/include/sysc/utils/sc_list.h
                $MGC_HOME/shared/include/sysc/kernel/sc_cmnhdr.h
            $MGC_HOME/shared/include/sysc/kernel/sc_ver.h
              $MGC_HOME/shared/include/sysc/kernel/sc_cmnhdr.h
              $MGC_HOME/shared/include/sysc/communication/sc_writer_policy.h
            $MGC_HOME/shared/include/sysc/communication/sc_buffer.h
              $MGC_HOME/shared/include/sysc/communication/sc_signal.h
                $MGC_HOME/shared/include/sysc/communication/sc_port.h
                  $MGC_HOME/shared/include/sysc/kernel/sc_event.h
                    $MGC_HOME/shared/include/sysc/kernel/sc_cmnhdr.h
                $MGC_HOME/shared/include/sysc/communication/sc_prim_channel.h
                $MGC_HOME/shared/include/sysc/communication/sc_signal_ifs.h
                $MGC_HOME/shared/include/sysc/tracing/sc_trace.h
            $MGC_HOME/shared/include/sysc/communication/sc_clock.h
            $MGC_HOME/shared/include/sysc/communication/sc_clock_ports.h
              $MGC_HOME/shared/include/sysc/communication/sc_signal_ports.h
                $MGC_HOME/shared/include/sysc/communication/sc_event_finder.h
            $MGC_HOME/shared/include/sysc/communication/sc_event_queue.h
            $MGC_HOME/shared/include/sysc/communication/sc_fifo.h
              $MGC_HOME/shared/include/sysc/communication/sc_fifo_ifs.h
            $MGC_HOME/shared/include/sysc/communication/sc_fifo_ports.h
            $MGC_HOME/shared/include/sysc/communication/sc_mutex.h
              $MGC_HOME/shared/include/sysc/communication/sc_mutex_if.h
            $MGC_HOME/shared/include/sysc/communication/sc_semaphore.h
              $MGC_HOME/shared/include/sysc/communication/sc_semaphore_if.h
            $MGC_HOME/shared/include/sysc/communication/sc_signal_resolved.h
            $MGC_HOME/shared/include/sysc/communication/sc_signal_resolved_ports.h
            $MGC_HOME/shared/include/sysc/communication/sc_signal_rv.h
              $MGC_HOME/shared/include/sysc/datatypes/bit/sc_lv.h
                $MGC_HOME/shared/include/sysc/datatypes/bit/sc_lv_base.h
                  $MGC_HOME/shared/include/sysc/datatypes/bit/sc_bv_base.h
                    $MGC_HOME/shared/include/sysc/datatypes/bit/sc_bit_proxies.h
                      $MGC_HOME/shared/include/sysc/datatypes/bit/sc_proxy.h
                        $MGC_HOME/shared/include/sysc/kernel/sc_cmnhdr.h
                        $MGC_HOME/shared/include/sysc/datatypes/int/sc_signed.h
                          $MGC_HOME/shared/include/sysc/datatypes/misc/sc_value_base.h
                          $MGC_HOME/shared/include/sysc/utils/sc_temporary.h
                            $MGC_HOME/shared/include/sysc/kernel/sc_cmnhdr.h
                          $MGC_HOME/shared/include/sysc/datatypes/int/sc_length_param.h
                            $MGC_HOME/shared/include/sysc/datatypes/fx/sc_context.h
                              $MGC_HOME/shared/include/sysc/kernel/sc_cmnhdr.h
                          $MGC_HOME/shared/include/sysc/datatypes/int/sc_nbexterns.h
                          $MGC_HOME/shared/include/sysc/datatypes/int/sc_unsigned.h
                        $MGC_HOME/shared/include/sysc/datatypes/int/sc_int_base.h
                          $MGC_HOME/shared/include/sysc/kernel/sc_cmnhdr.h
                          $MGC_HOME/shared/include/sysc/datatypes/int/sc_uint_base.h
            $MGC_HOME/shared/include/sysc/communication/sc_signal_rv_ports.h
            $MGC_HOME/shared/include/sysc/datatypes/bit/sc_bv.h
            $MGC_HOME/shared/include/sysc/datatypes/int/sc_bigint.h
            $MGC_HOME/shared/include/sysc/datatypes/int/sc_biguint.h
            $MGC_HOME/shared/include/sysc/datatypes/int/sc_int.h
            $MGC_HOME/shared/include/sysc/datatypes/int/sc_uint.h
            $MGC_HOME/shared/include/sysc/datatypes/misc/sc_concatref.h
            $MGC_HOME/shared/include/sysc/utils/sc_utils_ids.h
            $MGC_HOME/shared/include/sysc/utils/sc_pvector.h
            $MGC_HOME/shared/include/sysc/utils/sc_string_view.h
              $MGC_HOME/shared/include/sysc/kernel/sc_cmnhdr.h
              $MGC_HOME/shared/include/sysc/packages/boost/utility/string_view.hpp
                $MGC_HOME/shared/include/sysc/packages/boost/config.hpp
                  $MGC_HOME/shared/include/sysc/packages/boost/config/user.hpp
                  $MGC_HOME/shared/include/sysc/packages/boost/config/select_compiler_config.hpp
                  $MGC_HOME/shared/include/sysc/packages/boost/config/compiler/gcc.hpp
                  $MGC_HOME/shared/include/sysc/packages/boost/config/select_stdlib_config.hpp
                  $MGC_HOME/shared/include/sysc/packages/boost/config/stdlib/libstdcpp3.hpp
                  $MGC_HOME/shared/include/sysc/packages/boost/config/select_platform_config.hpp
                  $MGC_HOME/shared/include/sysc/packages/boost/config/platform/linux.hpp
                    $MGC_HOME/shared/include/sysc/packages/boost/config/posix_features.hpp
                  $MGC_HOME/shared/include/sysc/packages/boost/config/suffix.hpp
                $MGC_HOME/shared/include/sysc/packages/boost/utility/string_view_fwd.hpp
            $MGC_HOME/shared/include/sysc/utils/sc_vector.h
        $MGC_HOME/shared/include/ac_sysc_macros.h
        $MGC_HOME/shared/include/ac_sysc_trace.h
        $MGC_HOME/shared/include/connections/connections.h
          $MGC_HOME/shared/include/connections/marshaller.h
            $MGC_HOME/shared/include/ccs_types.h
              $MGC_HOME/shared/include/tlm.h
                $MGC_HOME/shared/include/tlm
                  $MGC_HOME/shared/include/systemc
                  $MGC_HOME/shared/include/tlm_core/tlm_2/tlm_version.h
                  $MGC_HOME/shared/include/tlm_core/tlm_1/tlm_analysis/tlm_analysis.h
                    $MGC_HOME/shared/include/tlm_core/tlm_1/tlm_analysis/tlm_write_if.h
                      $MGC_HOME/shared/include/systemc
                    $MGC_HOME/shared/include/tlm_core/tlm_1/tlm_analysis/tlm_analysis_if.h
                    $MGC_HOME/shared/include/tlm_core/tlm_1/tlm_analysis/tlm_analysis_triple.h
                    $MGC_HOME/shared/include/tlm_core/tlm_1/tlm_analysis/tlm_analysis_port.h
                    $MGC_HOME/shared/include/tlm_core/tlm_1/tlm_analysis/tlm_analysis_fifo.h
                      $MGC_HOME/shared/include/tlm_core/tlm_1/tlm_req_rsp/tlm_channels/tlm_fifo/tlm_fifo.h
                        $MGC_HOME/shared/include/tlm_core/tlm_1/tlm_req_rsp/tlm_1_interfaces/tlm_fifo_ifs.h
                          $MGC_HOME/shared/include/tlm_core/tlm_1/tlm_req_rsp/tlm_1_interfaces/tlm_core_ifs.h
                            $MGC_HOME/shared/include/tlm_core/tlm_1/tlm_req_rsp/tlm_1_interfaces/tlm_tag.h
                        $MGC_HOME/shared/include/tlm_core/tlm_1/tlm_req_rsp/tlm_channels/tlm_fifo/circular_buffer.h
                        $MGC_HOME/shared/include/tlm_core/tlm_1/tlm_req_rsp/tlm_channels/tlm_fifo/tlm_fifo_put_get.h
                        $MGC_HOME/shared/include/tlm_core/tlm_1/tlm_req_rsp/tlm_channels/tlm_fifo/tlm_fifo_peek.h
                        $MGC_HOME/shared/include/tlm_core/tlm_1/tlm_req_rsp/tlm_channels/tlm_fifo/tlm_fifo_resize.h
                  $MGC_HOME/shared/include/tlm_core/tlm_1/tlm_req_rsp/tlm_req_rsp.h
                    $MGC_HOME/shared/include/tlm_core/tlm_1/tlm_req_rsp/tlm_1_interfaces/tlm_master_slave_ifs.h
                    $MGC_HOME/shared/include/tlm_core/tlm_1/tlm_req_rsp/tlm_channels/tlm_req_rsp_channels/tlm_req_rsp_channels.h
                      $MGC_HOME/shared/include/tlm_core/tlm_1/tlm_req_rsp/tlm_adapters/tlm_adapters.h
                      $MGC_HOME/shared/include/tlm_core/tlm_1/tlm_req_rsp/tlm_channels/tlm_req_rsp_channels/tlm_put_get_imp.h
                    $MGC_HOME/shared/include/tlm_core/tlm_1/tlm_req_rsp/tlm_ports/tlm_nonblocking_port.h
                      $MGC_HOME/shared/include/tlm_core/tlm_1/tlm_req_rsp/tlm_ports/tlm_event_finder.h
                  $MGC_HOME/shared/include/tlm_core/tlm_2/tlm_2_interfaces/tlm_2_interfaces.h
                    $MGC_HOME/shared/include/tlm_core/tlm_2/tlm_2_interfaces/tlm_dmi.h
                      $MGC_HOME/shared/include/systemc
                    $MGC_HOME/shared/include/tlm_core/tlm_2/tlm_2_interfaces/tlm_fw_bw_ifs.h
                      $MGC_HOME/shared/include/systemc
                      $MGC_HOME/shared/include/tlm_core/tlm_2/tlm_generic_payload/tlm_generic_payload.h
                        $MGC_HOME/shared/include/tlm_core/tlm_2/tlm_generic_payload/tlm_helpers.h
                        $MGC_HOME/shared/include/tlm_core/tlm_2/tlm_generic_payload/tlm_phase.h
                          $MGC_HOME/shared/include/sysc/kernel/sc_cmnhdr.h
                        $MGC_HOME/shared/include/tlm_core/tlm_2/tlm_generic_payload/tlm_gp.h
                          $MGC_HOME/shared/include/sysc/kernel/sc_cmnhdr.h
                          $MGC_HOME/shared/include/tlm_core/tlm_2/tlm_generic_payload/tlm_array.h
                        $MGC_HOME/shared/include/tlm_core/tlm_2/tlm_generic_payload/tlm_endian_conv.h
                  $MGC_HOME/shared/include/tlm_core/tlm_2/tlm_sockets/tlm_sockets.h
                    $MGC_HOME/shared/include/tlm_core/tlm_2/tlm_sockets/tlm_initiator_socket.h
                      $MGC_HOME/shared/include/tlm_core/tlm_2/tlm_sockets/tlm_base_socket_if.h
                    $MGC_HOME/shared/include/tlm_core/tlm_2/tlm_sockets/tlm_target_socket.h
                  $MGC_HOME/shared/include/tlm_core/tlm_2/tlm_quantum/tlm_quantum.h
                    $MGC_HOME/shared/include/tlm_core/tlm_2/tlm_quantum/tlm_global_quantum.h
              $MGC_HOME/shared/include/ac_sc.h
                $MGC_HOME/shared/include/ac_complex.h
                  $MGC_HOME/shared/include/ac_float.h
              $MGC_HOME/shared/include/mc_typeconv.h
            $MGC_HOME/shared/include/connections/connections_utils.h
              $MGC_HOME/shared/include/ac_assert.h
          $MGC_HOME/shared/include/connections/connections_trace.h
            $MGC_HOME/shared/include/systemc
          $MGC_HOME/shared/include/connections/message.h
        $MGC_HOME/shared/include/connections/connections_sync.h
        $MGC_HOME/shared/include/connections/connections_fifo.h
        $MGC_HOME/shared/include/connections/port_scanner.h
          $MGC_HOME/shared/include/systemc
      $PROJECT_HOME/../../../../common/matchlib_toolkit/examples/matchlib/cmod/include/nvhls_connections.h
        $PROJECT_HOME/../../../../common/matchlib_toolkit/examples/matchlib/cmod/include/nvhls_packet.h
          $PROJECT_HOME/../../../../common/matchlib_toolkit/examples/matchlib/cmod/include/nvhls_types.h
            $PROJECT_HOME/../../../../common/matchlib_toolkit/examples/matchlib/cmod/include/nvhls_int.h
              $PROJECT_HOME/../../../../common/matchlib_toolkit/examples/matchlib/cmod/include/nvhls_marshaller.h
                $MGC_HOME/shared/include/connections/marshaller.h
                  $MGC_HOME/shared/include/mc_typeconv.h
                $PROJECT_HOME/../../../../common/matchlib_toolkit/examples/matchlib/cmod/include/nvhls_assert.h
                  $PROJECT_HOME/../../../../common/matchlib_toolkit/examples/matchlib/cmod/include/hls_globals.h
                  $MGC_HOME/shared/include/ac_assert.h
          $PROJECT_HOME/../../../../common/matchlib_toolkit/examples/matchlib/cmod/include/nvhls_message.h
            $PROJECT_HOME/../../../../common/matchlib_toolkit/examples/matchlib/cmod/include/nvhls_connections_utils.h
        $PROJECT_HOME/../../../../common/matchlib_toolkit/examples/matchlib/cmod/include/nvhls_module.h
          $PROJECT_HOME/../../../../common/matchlib_toolkit/examples/matchlib/cmod/include/nvhls_trace.h
        $PROJECT_HOME/../../../../common/matchlib_toolkit/examples/matchlib/cmod/include/fifo.h
          $PROJECT_HOME/../../../../common/matchlib_toolkit/examples/matchlib/cmod/include/mem_array.h
            $PROJECT_HOME/../../../../common/matchlib_toolkit/examples/matchlib/cmod/include/nvhls_array.h
              $MGC_HOME/shared/include/ac_assert.h
            $PROJECT_HOME/../../../../common/matchlib_toolkit/examples/matchlib/cmod/include/TypeToBits.h
        $PROJECT_HOME/../../../../common/matchlib_toolkit/examples/matchlib/cmod/include/nvhls_connections_buffered_ports.h
          $PROJECT_HOME/../../../../common/matchlib_toolkit/include/ccs_p2p.h
        $PROJECT_HOME/../../../../common/matchlib_toolkit/examples/matchlib/cmod/include/nvhls_connections_network.h
          $PROJECT_HOME/../../../../common/matchlib_toolkit/examples/matchlib/cmod/include/nvhls_connections.h
      $PROJECT_HOME/../../../../common/matchlib_toolkit/examples/matchlib/cmod/include/nvhls_vector.h
        $PROJECT_HOME/../../../../common/matchlib_toolkit/examples/matchlib/cmod/include/hls_globals.h
        $PROJECT_HOME/../../../../common/matchlib_toolkit/include/ccs_p2p.h
      $PROJECT_HOME/../../../../common/inc/esp_dma_info_sysc.hpp
      $PROJECT_HOME/../../../../common/matchlib_toolkit/examples/matchlib/cmod/include/ArbitratedScratchpadDP.h
        $PROJECT_HOME/../../../../common/matchlib_toolkit/examples/matchlib/cmod/include/arbitrated_crossbar.h
          $PROJECT_HOME/../../../../common/matchlib_toolkit/examples/matchlib/cmod/include/Arbiter.h
          $PROJECT_HOME/../../../../common/matchlib_toolkit/examples/matchlib/cmod/include/one_hot_to_bin.h
          $PROJECT_HOME/../../../../common/matchlib_toolkit/examples/matchlib/cmod/include/hls_globals.h
        $PROJECT_HOME/../../../../common/matchlib_toolkit/examples/matchlib/cmod/include/crossbar.h
  $PROJECT_HOME/../../../../common/inc/esp_dma_info_sysc.hpp
    $MGC_HOME/shared/include/mc_connections.h
      $MGC_HOME/shared/include/systemc.h
        $MGC_HOME/shared/include/systemc
          $MGC_HOME/shared/include/sysc/kernel/sc_cmnhdr.h
          $MGC_HOME/shared/include/sysc/kernel/sc_externs.h
          $MGC_HOME/shared/include/sysc/kernel/sc_except.h
            $MGC_HOME/shared/include/sysc/kernel/sc_cmnhdr.h
          $MGC_HOME/shared/include/sysc/kernel/sc_module.h
            $MGC_HOME/shared/include/sysc/kernel/sc_kernel_ids.h
              $MGC_HOME/shared/include/sysc/utils/sc_report.h
                $MGC_HOME/shared/include/sysc/kernel/sc_cmnhdr.h
                $MGC_HOME/shared/include/sysc/utils/sc_report_handler.h
            $MGC_HOME/shared/include/sysc/kernel/sc_process.h
              $MGC_HOME/shared/include/sysc/kernel/sc_constants.h
              $MGC_HOME/shared/include/sysc/kernel/sc_object.h
                $MGC_HOME/shared/include/sysc/kernel/sc_attribute.h
                  $MGC_HOME/shared/include/sysc/kernel/sc_cmnhdr.h
              $MGC_HOME/shared/include/sysc/communication/sc_export.h
                $MGC_HOME/shared/include/sysc/communication/sc_communication_ids.h
                $MGC_HOME/shared/include/sysc/communication/sc_interface.h
                  $MGC_HOME/shared/include/sysc/kernel/sc_cmnhdr.h
                $MGC_HOME/shared/include/sysc/utils/sc_typeindex.h
                  $MGC_HOME/shared/include/sysc/kernel/sc_cmnhdr.h
            $MGC_HOME/shared/include/sysc/kernel/sc_module_name.h
            $MGC_HOME/shared/include/sysc/kernel/sc_sensitive.h
            $MGC_HOME/shared/include/sysc/kernel/sc_time.h
              $MGC_HOME/shared/include/sysc/datatypes/int/sc_nbdefs.h
                $MGC_HOME/shared/include/sysc/kernel/sc_cmnhdr.h
              $MGC_HOME/shared/include/sysc/datatypes/fx/scfx_ieee.h
                $MGC_HOME/shared/include/sysc/datatypes/fx/sc_fxdefs.h
                  $MGC_HOME/shared/include/sysc/kernel/sc_cmnhdr.h
                  $MGC_HOME/shared/include/sysc/utils/sc_machine.h
                    $MGC_HOME/shared/include/sysc/packages/boost/detail/endian.hpp
                  $MGC_HOME/shared/include/sysc/datatypes/fx/sc_fx_ids.h
                  $MGC_HOME/shared/include/sysc/datatypes/int/sc_nbutils.h
                    $MGC_HOME/shared/include/sysc/datatypes/bit/sc_bit_ids.h
                    $MGC_HOME/shared/include/sysc/datatypes/int/sc_int_ids.h
            $MGC_HOME/shared/include/sysc/kernel/sc_wait.h
              $MGC_HOME/shared/include/sysc/kernel/sc_simcontext.h
                $MGC_HOME/shared/include/sysc/kernel/sc_cmnhdr.h
                $MGC_HOME/shared/include/sysc/kernel/sc_status.h
                  $MGC_HOME/shared/include/sysc/kernel/sc_cmnhdr.h
                $MGC_HOME/shared/include/sysc/utils/sc_hash.h
                  $MGC_HOME/shared/include/sysc/kernel/sc_simcontext.h
                $MGC_HOME/shared/include/sysc/utils/sc_pq.h
                  $MGC_HOME/shared/include/sysc/kernel/sc_cmnhdr.h
            $MGC_HOME/shared/include/sysc/kernel/sc_wait_cthread.h
              $MGC_HOME/shared/include/sysc/datatypes/bit/sc_logic.h
                $MGC_HOME/shared/include/sysc/kernel/sc_cmnhdr.h
                $MGC_HOME/shared/include/sysc/kernel/sc_macros.h
                  $MGC_HOME/shared/include/sysc/kernel/sc_cmnhdr.h
                $MGC_HOME/shared/include/sysc/utils/sc_mempool.h
                $MGC_HOME/shared/include/sysc/datatypes/bit/sc_bit.h
            $MGC_HOME/shared/include/sysc/kernel/sc_process_handle.h
              $MGC_HOME/shared/include/sysc/kernel/sc_module.h
            $MGC_HOME/shared/include/sysc/utils/sc_list.h
              $MGC_HOME/shared/include/sysc/kernel/sc_cmnhdr.h
          $MGC_HOME/shared/include/sysc/kernel/sc_ver.h
            $MGC_HOME/shared/include/sysc/kernel/sc_cmnhdr.h
            $MGC_HOME/shared/include/sysc/communication/sc_writer_policy.h
          $MGC_HOME/shared/include/sysc/communication/sc_buffer.h
            $MGC_HOME/shared/include/sysc/communication/sc_signal.h
              $MGC_HOME/shared/include/sysc/communication/sc_port.h
                $MGC_HOME/shared/include/sysc/kernel/sc_event.h
                  $MGC_HOME/shared/include/sysc/kernel/sc_cmnhdr.h
              $MGC_HOME/shared/include/sysc/communication/sc_prim_channel.h
              $MGC_HOME/shared/include/sysc/communication/sc_signal_ifs.h
              $MGC_HOME/shared/include/sysc/tracing/sc_trace.h
          $MGC_HOME/shared/include/sysc/communication/sc_clock.h
          $MGC_HOME/shared/include/sysc/communication/sc_clock_ports.h
            $MGC_HOME/shared/include/sysc/communication/sc_signal_ports.h
              $MGC_HOME/shared/include/sysc/communication/sc_event_finder.h
          $MGC_HOME/shared/include/sysc/communication/sc_event_queue.h
          $MGC_HOME/shared/include/sysc/communication/sc_fifo.h
            $MGC_HOME/shared/include/sysc/communication/sc_fifo_ifs.h
          $MGC_HOME/shared/include/sysc/communication/sc_fifo_ports.h
          $MGC_HOME/shared/include/sysc/communication/sc_mutex.h
            $MGC_HOME/shared/include/sysc/communication/sc_mutex_if.h
          $MGC_HOME/shared/include/sysc/communication/sc_semaphore.h
            $MGC_HOME/shared/include/sysc/communication/sc_semaphore_if.h
          $MGC_HOME/shared/include/sysc/communication/sc_signal_resolved.h
          $MGC_HOME/shared/include/sysc/communication/sc_signal_resolved_ports.h
          $MGC_HOME/shared/include/sysc/communication/sc_signal_rv.h
            $MGC_HOME/shared/include/sysc/datatypes/bit/sc_lv.h
              $MGC_HOME/shared/include/sysc/datatypes/bit/sc_lv_base.h
                $MGC_HOME/shared/include/sysc/datatypes/bit/sc_bv_base.h
                  $MGC_HOME/shared/include/sysc/datatypes/bit/sc_bit_proxies.h
                    $MGC_HOME/shared/include/sysc/datatypes/bit/sc_proxy.h
                      $MGC_HOME/shared/include/sysc/kernel/sc_cmnhdr.h
                      $MGC_HOME/shared/include/sysc/datatypes/int/sc_signed.h
                        $MGC_HOME/shared/include/sysc/datatypes/misc/sc_value_base.h
                        $MGC_HOME/shared/include/sysc/utils/sc_temporary.h
                          $MGC_HOME/shared/include/sysc/kernel/sc_cmnhdr.h
                        $MGC_HOME/shared/include/sysc/datatypes/int/sc_length_param.h
                          $MGC_HOME/shared/include/sysc/datatypes/fx/sc_context.h
                            $MGC_HOME/shared/include/sysc/kernel/sc_cmnhdr.h
                        $MGC_HOME/shared/include/sysc/datatypes/int/sc_nbexterns.h
                        $MGC_HOME/shared/include/sysc/datatypes/int/sc_unsigned.h
                      $MGC_HOME/shared/include/sysc/datatypes/int/sc_int_base.h
                        $MGC_HOME/shared/include/sysc/kernel/sc_cmnhdr.h
                        $MGC_HOME/shared/include/sysc/datatypes/int/sc_uint_base.h
          $MGC_HOME/shared/include/sysc/communication/sc_signal_rv_ports.h
          $MGC_HOME/shared/include/sysc/datatypes/bit/sc_bv.h
          $MGC_HOME/shared/include/sysc/datatypes/int/sc_bigint.h
          $MGC_HOME/shared/include/sysc/datatypes/int/sc_biguint.h
          $MGC_HOME/shared/include/sysc/datatypes/int/sc_int.h
          $MGC_HOME/shared/include/sysc/datatypes/int/sc_uint.h
          $MGC_HOME/shared/include/sysc/datatypes/misc/sc_concatref.h
          $MGC_HOME/shared/include/sysc/utils/sc_utils_ids.h
          $MGC_HOME/shared/include/sysc/utils/sc_pvector.h
          $MGC_HOME/shared/include/sysc/utils/sc_string_view.h
            $MGC_HOME/shared/include/sysc/kernel/sc_cmnhdr.h
            $MGC_HOME/shared/include/sysc/packages/boost/utility/string_view.hpp
              $MGC_HOME/shared/include/sysc/packages/boost/config.hpp
                $MGC_HOME/shared/include/sysc/packages/boost/config/user.hpp
                $MGC_HOME/shared/include/sysc/packages/boost/config/select_compiler_config.hpp
                $MGC_HOME/shared/include/sysc/packages/boost/config/compiler/gcc.hpp
                $MGC_HOME/shared/include/sysc/packages/boost/config/select_stdlib_config.hpp
                $MGC_HOME/shared/include/sysc/packages/boost/config/stdlib/libstdcpp3.hpp
                $MGC_HOME/shared/include/sysc/packages/boost/config/select_platform_config.hpp
                $MGC_HOME/shared/include/sysc/packages/boost/config/platform/linux.hpp
                  $MGC_HOME/shared/include/sysc/packages/boost/config/posix_features.hpp
                $MGC_HOME/shared/include/sysc/packages/boost/config/suffix.hpp
              $MGC_HOME/shared/include/sysc/packages/boost/utility/string_view_fwd.hpp
          $MGC_HOME/shared/include/sysc/utils/sc_vector.h
      $MGC_HOME/shared/include/ac_sysc_macros.h
      $MGC_HOME/shared/include/ac_sysc_trace.h
      $MGC_HOME/shared/include/connections/connections.h
        $MGC_HOME/shared/include/connections/marshaller.h
          $MGC_HOME/shared/include/ccs_types.h
            $MGC_HOME/shared/include/tlm.h
              $MGC_HOME/shared/include/tlm
                $MGC_HOME/shared/include/systemc
                $MGC_HOME/shared/include/tlm_core/tlm_2/tlm_version.h
                $MGC_HOME/shared/include/tlm_core/tlm_1/tlm_analysis/tlm_analysis.h
                  $MGC_HOME/shared/include/tlm_core/tlm_1/tlm_analysis/tlm_write_if.h
                    $MGC_HOME/shared/include/systemc
                  $MGC_HOME/shared/include/tlm_core/tlm_1/tlm_analysis/tlm_analysis_if.h
                  $MGC_HOME/shared/include/tlm_core/tlm_1/tlm_analysis/tlm_analysis_triple.h
                  $MGC_HOME/shared/include/tlm_core/tlm_1/tlm_analysis/tlm_analysis_port.h
                  $MGC_HOME/shared/include/tlm_core/tlm_1/tlm_analysis/tlm_analysis_fifo.h
                    $MGC_HOME/shared/include/tlm_core/tlm_1/tlm_req_rsp/tlm_channels/tlm_fifo/tlm_fifo.h
                      $MGC_HOME/shared/include/tlm_core/tlm_1/tlm_req_rsp/tlm_1_interfaces/tlm_fifo_ifs.h
                        $MGC_HOME/shared/include/tlm_core/tlm_1/tlm_req_rsp/tlm_1_interfaces/tlm_core_ifs.h
                          $MGC_HOME/shared/include/tlm_core/tlm_1/tlm_req_rsp/tlm_1_interfaces/tlm_tag.h
                      $MGC_HOME/shared/include/tlm_core/tlm_1/tlm_req_rsp/tlm_channels/tlm_fifo/circular_buffer.h
                      $MGC_HOME/shared/include/tlm_core/tlm_1/tlm_req_rsp/tlm_channels/tlm_fifo/tlm_fifo_put_get.h
                      $MGC_HOME/shared/include/tlm_core/tlm_1/tlm_req_rsp/tlm_channels/tlm_fifo/tlm_fifo_peek.h
                      $MGC_HOME/shared/include/tlm_core/tlm_1/tlm_req_rsp/tlm_channels/tlm_fifo/tlm_fifo_resize.h
                $MGC_HOME/shared/include/tlm_core/tlm_1/tlm_req_rsp/tlm_req_rsp.h
                  $MGC_HOME/shared/include/tlm_core/tlm_1/tlm_req_rsp/tlm_1_interfaces/tlm_master_slave_ifs.h
                  $MGC_HOME/shared/include/tlm_core/tlm_1/tlm_req_rsp/tlm_channels/tlm_req_rsp_channels/tlm_req_rsp_channels.h
                    $MGC_HOME/shared/include/tlm_core/tlm_1/tlm_req_rsp/tlm_adapters/tlm_adapters.h
                    $MGC_HOME/shared/include/tlm_core/tlm_1/tlm_req_rsp/tlm_channels/tlm_req_rsp_channels/tlm_put_get_imp.h
                  $MGC_HOME/shared/include/tlm_core/tlm_1/tlm_req_rsp/tlm_ports/tlm_nonblocking_port.h
                    $MGC_HOME/shared/include/tlm_core/tlm_1/tlm_req_rsp/tlm_ports/tlm_event_finder.h
                $MGC_HOME/shared/include/tlm_core/tlm_2/tlm_2_interfaces/tlm_2_interfaces.h
                  $MGC_HOME/shared/include/tlm_core/tlm_2/tlm_2_interfaces/tlm_dmi.h
                    $MGC_HOME/shared/include/systemc
                  $MGC_HOME/shared/include/tlm_core/tlm_2/tlm_2_interfaces/tlm_fw_bw_ifs.h
                    $MGC_HOME/shared/include/systemc
                    $MGC_HOME/shared/include/tlm_core/tlm_2/tlm_generic_payload/tlm_generic_payload.h
                      $MGC_HOME/shared/include/tlm_core/tlm_2/tlm_generic_payload/tlm_helpers.h
                      $MGC_HOME/shared/include/tlm_core/tlm_2/tlm_generic_payload/tlm_phase.h
                        $MGC_HOME/shared/include/sysc/kernel/sc_cmnhdr.h
                      $MGC_HOME/shared/include/tlm_core/tlm_2/tlm_generic_payload/tlm_gp.h
                        $MGC_HOME/shared/include/sysc/kernel/sc_cmnhdr.h
                        $MGC_HOME/shared/include/tlm_core/tlm_2/tlm_generic_payload/tlm_array.h
                      $MGC_HOME/shared/include/tlm_core/tlm_2/tlm_generic_payload/tlm_endian_conv.h
                $MGC_HOME/shared/include/tlm_core/tlm_2/tlm_sockets/tlm_sockets.h
                  $MGC_HOME/shared/include/tlm_core/tlm_2/tlm_sockets/tlm_initiator_socket.h
                    $MGC_HOME/shared/include/tlm_core/tlm_2/tlm_sockets/tlm_base_socket_if.h
                  $MGC_HOME/shared/include/tlm_core/tlm_2/tlm_sockets/tlm_target_socket.h
                $MGC_HOME/shared/include/tlm_core/tlm_2/tlm_quantum/tlm_quantum.h
                  $MGC_HOME/shared/include/tlm_core/tlm_2/tlm_quantum/tlm_global_quantum.h
            $MGC_HOME/shared/include/ac_sc.h
              $MGC_HOME/shared/include/ac_complex.h
                $MGC_HOME/shared/include/ac_float.h
                  $MGC_HOME/shared/include/ac_fixed.h
                    $MGC_HOME/shared/include/ac_int.h
            $MGC_HOME/shared/include/mc_typeconv.h
          $MGC_HOME/shared/include/connections/connections_utils.h
            $MGC_HOME/shared/include/ac_assert.h
        $MGC_HOME/shared/include/connections/connections_trace.h
          $MGC_HOME/shared/include/systemc
        $MGC_HOME/shared/include/connections/message.h
      $MGC_HOME/shared/include/connections/connections_sync.h
      $MGC_HOME/shared/include/connections/connections_fifo.h
      $MGC_HOME/shared/include/connections/port_scanner.h
        $MGC_HOME/shared/include/systemc
  $PROJECT_HOME/../../inc/macfin2_conf_info.h
    $MGC_HOME/shared/include/ac_int.h
    $MGC_HOME/shared/include/ac_fixed.h
    $PROJECT_HOME/../../inc/macfin2_specs.h
      $MGC_HOME/shared/include/mc_connections.h
        $MGC_HOME/shared/include/systemc.h
          $MGC_HOME/shared/include/systemc
            $MGC_HOME/shared/include/sysc/kernel/sc_cmnhdr.h
            $MGC_HOME/shared/include/sysc/kernel/sc_externs.h
            $MGC_HOME/shared/include/sysc/kernel/sc_except.h
              $MGC_HOME/shared/include/sysc/kernel/sc_cmnhdr.h
            $MGC_HOME/shared/include/sysc/kernel/sc_module.h
              $MGC_HOME/shared/include/sysc/kernel/sc_kernel_ids.h
                $MGC_HOME/shared/include/sysc/utils/sc_report.h
                  $MGC_HOME/shared/include/sysc/kernel/sc_cmnhdr.h
                  $MGC_HOME/shared/include/sysc/utils/sc_report_handler.h
              $MGC_HOME/shared/include/sysc/kernel/sc_process.h
                $MGC_HOME/shared/include/sysc/kernel/sc_constants.h
                $MGC_HOME/shared/include/sysc/kernel/sc_object.h
                  $MGC_HOME/shared/include/sysc/kernel/sc_attribute.h
                    $MGC_HOME/shared/include/sysc/kernel/sc_cmnhdr.h
                $MGC_HOME/shared/include/sysc/communication/sc_export.h
                  $MGC_HOME/shared/include/sysc/communication/sc_communication_ids.h
                  $MGC_HOME/shared/include/sysc/communication/sc_interface.h
                    $MGC_HOME/shared/include/sysc/kernel/sc_cmnhdr.h
                  $MGC_HOME/shared/include/sysc/utils/sc_typeindex.h
                    $MGC_HOME/shared/include/sysc/kernel/sc_cmnhdr.h
              $MGC_HOME/shared/include/sysc/kernel/sc_module_name.h
              $MGC_HOME/shared/include/sysc/kernel/sc_sensitive.h
              $MGC_HOME/shared/include/sysc/kernel/sc_time.h
                $MGC_HOME/shared/include/sysc/datatypes/int/sc_nbdefs.h
                  $MGC_HOME/shared/include/sysc/kernel/sc_cmnhdr.h
                $MGC_HOME/shared/include/sysc/datatypes/fx/scfx_ieee.h
                  $MGC_HOME/shared/include/sysc/datatypes/fx/sc_fxdefs.h
                    $MGC_HOME/shared/include/sysc/kernel/sc_cmnhdr.h
                    $MGC_HOME/shared/include/sysc/utils/sc_machine.h
                      $MGC_HOME/shared/include/sysc/packages/boost/detail/endian.hpp
                    $MGC_HOME/shared/include/sysc/datatypes/fx/sc_fx_ids.h
                    $MGC_HOME/shared/include/sysc/datatypes/int/sc_nbutils.h
                      $MGC_HOME/shared/include/sysc/datatypes/bit/sc_bit_ids.h
                      $MGC_HOME/shared/include/sysc/datatypes/int/sc_int_ids.h
              $MGC_HOME/shared/include/sysc/kernel/sc_wait.h
                $MGC_HOME/shared/include/sysc/kernel/sc_simcontext.h
                  $MGC_HOME/shared/include/sysc/kernel/sc_cmnhdr.h
                  $MGC_HOME/shared/include/sysc/kernel/sc_status.h
                    $MGC_HOME/shared/include/sysc/kernel/sc_cmnhdr.h
                  $MGC_HOME/shared/include/sysc/utils/sc_hash.h
                    $MGC_HOME/shared/include/sysc/kernel/sc_simcontext.h
                  $MGC_HOME/shared/include/sysc/utils/sc_pq.h
                    $MGC_HOME/shared/include/sysc/kernel/sc_cmnhdr.h
              $MGC_HOME/shared/include/sysc/kernel/sc_wait_cthread.h
                $MGC_HOME/shared/include/sysc/datatypes/bit/sc_logic.h
                  $MGC_HOME/shared/include/sysc/kernel/sc_cmnhdr.h
                  $MGC_HOME/shared/include/sysc/kernel/sc_macros.h
                    $MGC_HOME/shared/include/sysc/kernel/sc_cmnhdr.h
                  $MGC_HOME/shared/include/sysc/utils/sc_mempool.h
                  $MGC_HOME/shared/include/sysc/datatypes/bit/sc_bit.h
              $MGC_HOME/shared/include/sysc/kernel/sc_process_handle.h
                $MGC_HOME/shared/include/sysc/kernel/sc_module.h
              $MGC_HOME/shared/include/sysc/utils/sc_list.h
                $MGC_HOME/shared/include/sysc/kernel/sc_cmnhdr.h
            $MGC_HOME/shared/include/sysc/kernel/sc_ver.h
              $MGC_HOME/shared/include/sysc/kernel/sc_cmnhdr.h
              $MGC_HOME/shared/include/sysc/communication/sc_writer_policy.h
            $MGC_HOME/shared/include/sysc/communication/sc_buffer.h
              $MGC_HOME/shared/include/sysc/communication/sc_signal.h
                $MGC_HOME/shared/include/sysc/communication/sc_port.h
                  $MGC_HOME/shared/include/sysc/kernel/sc_event.h
                    $MGC_HOME/shared/include/sysc/kernel/sc_cmnhdr.h
                $MGC_HOME/shared/include/sysc/communication/sc_prim_channel.h
                $MGC_HOME/shared/include/sysc/communication/sc_signal_ifs.h
                $MGC_HOME/shared/include/sysc/tracing/sc_trace.h
            $MGC_HOME/shared/include/sysc/communication/sc_clock.h
            $MGC_HOME/shared/include/sysc/communication/sc_clock_ports.h
              $MGC_HOME/shared/include/sysc/communication/sc_signal_ports.h
                $MGC_HOME/shared/include/sysc/communication/sc_event_finder.h
            $MGC_HOME/shared/include/sysc/communication/sc_event_queue.h
            $MGC_HOME/shared/include/sysc/communication/sc_fifo.h
              $MGC_HOME/shared/include/sysc/communication/sc_fifo_ifs.h
            $MGC_HOME/shared/include/sysc/communication/sc_fifo_ports.h
            $MGC_HOME/shared/include/sysc/communication/sc_mutex.h
              $MGC_HOME/shared/include/sysc/communication/sc_mutex_if.h
            $MGC_HOME/shared/include/sysc/communication/sc_semaphore.h
              $MGC_HOME/shared/include/sysc/communication/sc_semaphore_if.h
            $MGC_HOME/shared/include/sysc/communication/sc_signal_resolved.h
            $MGC_HOME/shared/include/sysc/communication/sc_signal_resolved_ports.h
            $MGC_HOME/shared/include/sysc/communication/sc_signal_rv.h
              $MGC_HOME/shared/include/sysc/datatypes/bit/sc_lv.h
                $MGC_HOME/shared/include/sysc/datatypes/bit/sc_lv_base.h
                  $MGC_HOME/shared/include/sysc/datatypes/bit/sc_bv_base.h
                    $MGC_HOME/shared/include/sysc/datatypes/bit/sc_bit_proxies.h
                      $MGC_HOME/shared/include/sysc/datatypes/bit/sc_proxy.h
                        $MGC_HOME/shared/include/sysc/kernel/sc_cmnhdr.h
                        $MGC_HOME/shared/include/sysc/datatypes/int/sc_signed.h
                          $MGC_HOME/shared/include/sysc/datatypes/misc/sc_value_base.h
                          $MGC_HOME/shared/include/sysc/utils/sc_temporary.h
                            $MGC_HOME/shared/include/sysc/kernel/sc_cmnhdr.h
                          $MGC_HOME/shared/include/sysc/datatypes/int/sc_length_param.h
                            $MGC_HOME/shared/include/sysc/datatypes/fx/sc_context.h
                              $MGC_HOME/shared/include/sysc/kernel/sc_cmnhdr.h
                          $MGC_HOME/shared/include/sysc/datatypes/int/sc_nbexterns.h
                          $MGC_HOME/shared/include/sysc/datatypes/int/sc_unsigned.h
                        $MGC_HOME/shared/include/sysc/datatypes/int/sc_int_base.h
                          $MGC_HOME/shared/include/sysc/kernel/sc_cmnhdr.h
                          $MGC_HOME/shared/include/sysc/datatypes/int/sc_uint_base.h
            $MGC_HOME/shared/include/sysc/communication/sc_signal_rv_ports.h
            $MGC_HOME/shared/include/sysc/datatypes/bit/sc_bv.h
            $MGC_HOME/shared/include/sysc/datatypes/int/sc_bigint.h
            $MGC_HOME/shared/include/sysc/datatypes/int/sc_biguint.h
            $MGC_HOME/shared/include/sysc/datatypes/int/sc_int.h
            $MGC_HOME/shared/include/sysc/datatypes/int/sc_uint.h
            $MGC_HOME/shared/include/sysc/datatypes/misc/sc_concatref.h
            $MGC_HOME/shared/include/sysc/utils/sc_utils_ids.h
            $MGC_HOME/shared/include/sysc/utils/sc_pvector.h
            $MGC_HOME/shared/include/sysc/utils/sc_string_view.h
              $MGC_HOME/shared/include/sysc/kernel/sc_cmnhdr.h
              $MGC_HOME/shared/include/sysc/packages/boost/utility/string_view.hpp
                $MGC_HOME/shared/include/sysc/packages/boost/config.hpp
                  $MGC_HOME/shared/include/sysc/packages/boost/config/user.hpp
                  $MGC_HOME/shared/include/sysc/packages/boost/config/select_compiler_config.hpp
                  $MGC_HOME/shared/include/sysc/packages/boost/config/compiler/gcc.hpp
                  $MGC_HOME/shared/include/sysc/packages/boost/config/select_stdlib_config.hpp
                  $MGC_HOME/shared/include/sysc/packages/boost/config/stdlib/libstdcpp3.hpp
                  $MGC_HOME/shared/include/sysc/packages/boost/config/select_platform_config.hpp
                  $MGC_HOME/shared/include/sysc/packages/boost/config/platform/linux.hpp
                    $MGC_HOME/shared/include/sysc/packages/boost/config/posix_features.hpp
                  $MGC_HOME/shared/include/sysc/packages/boost/config/suffix.hpp
                $MGC_HOME/shared/include/sysc/packages/boost/utility/string_view_fwd.hpp
            $MGC_HOME/shared/include/sysc/utils/sc_vector.h
        $MGC_HOME/shared/include/ac_sysc_macros.h
        $MGC_HOME/shared/include/ac_sysc_trace.h
        $MGC_HOME/shared/include/connections/connections.h
          $MGC_HOME/shared/include/connections/marshaller.h
            $MGC_HOME/shared/include/ccs_types.h
              $MGC_HOME/shared/include/tlm.h
                $MGC_HOME/shared/include/tlm
                  $MGC_HOME/shared/include/systemc
                  $MGC_HOME/shared/include/tlm_core/tlm_2/tlm_version.h
                  $MGC_HOME/shared/include/tlm_core/tlm_1/tlm_analysis/tlm_analysis.h
                    $MGC_HOME/shared/include/tlm_core/tlm_1/tlm_analysis/tlm_write_if.h
                      $MGC_HOME/shared/include/systemc
                    $MGC_HOME/shared/include/tlm_core/tlm_1/tlm_analysis/tlm_analysis_if.h
                    $MGC_HOME/shared/include/tlm_core/tlm_1/tlm_analysis/tlm_analysis_triple.h
                    $MGC_HOME/shared/include/tlm_core/tlm_1/tlm_analysis/tlm_analysis_port.h
                    $MGC_HOME/shared/include/tlm_core/tlm_1/tlm_analysis/tlm_analysis_fifo.h
                      $MGC_HOME/shared/include/tlm_core/tlm_1/tlm_req_rsp/tlm_channels/tlm_fifo/tlm_fifo.h
                        $MGC_HOME/shared/include/tlm_core/tlm_1/tlm_req_rsp/tlm_1_interfaces/tlm_fifo_ifs.h
                          $MGC_HOME/shared/include/tlm_core/tlm_1/tlm_req_rsp/tlm_1_interfaces/tlm_core_ifs.h
                            $MGC_HOME/shared/include/tlm_core/tlm_1/tlm_req_rsp/tlm_1_interfaces/tlm_tag.h
                        $MGC_HOME/shared/include/tlm_core/tlm_1/tlm_req_rsp/tlm_channels/tlm_fifo/circular_buffer.h
                        $MGC_HOME/shared/include/tlm_core/tlm_1/tlm_req_rsp/tlm_channels/tlm_fifo/tlm_fifo_put_get.h
                        $MGC_HOME/shared/include/tlm_core/tlm_1/tlm_req_rsp/tlm_channels/tlm_fifo/tlm_fifo_peek.h
                        $MGC_HOME/shared/include/tlm_core/tlm_1/tlm_req_rsp/tlm_channels/tlm_fifo/tlm_fifo_resize.h
                  $MGC_HOME/shared/include/tlm_core/tlm_1/tlm_req_rsp/tlm_req_rsp.h
                    $MGC_HOME/shared/include/tlm_core/tlm_1/tlm_req_rsp/tlm_1_interfaces/tlm_master_slave_ifs.h
                    $MGC_HOME/shared/include/tlm_core/tlm_1/tlm_req_rsp/tlm_channels/tlm_req_rsp_channels/tlm_req_rsp_channels.h
                      $MGC_HOME/shared/include/tlm_core/tlm_1/tlm_req_rsp/tlm_adapters/tlm_adapters.h
                      $MGC_HOME/shared/include/tlm_core/tlm_1/tlm_req_rsp/tlm_channels/tlm_req_rsp_channels/tlm_put_get_imp.h
                    $MGC_HOME/shared/include/tlm_core/tlm_1/tlm_req_rsp/tlm_ports/tlm_nonblocking_port.h
                      $MGC_HOME/shared/include/tlm_core/tlm_1/tlm_req_rsp/tlm_ports/tlm_event_finder.h
                  $MGC_HOME/shared/include/tlm_core/tlm_2/tlm_2_interfaces/tlm_2_interfaces.h
                    $MGC_HOME/shared/include/tlm_core/tlm_2/tlm_2_interfaces/tlm_dmi.h
                      $MGC_HOME/shared/include/systemc
                    $MGC_HOME/shared/include/tlm_core/tlm_2/tlm_2_interfaces/tlm_fw_bw_ifs.h
                      $MGC_HOME/shared/include/systemc
                      $MGC_HOME/shared/include/tlm_core/tlm_2/tlm_generic_payload/tlm_generic_payload.h
                        $MGC_HOME/shared/include/tlm_core/tlm_2/tlm_generic_payload/tlm_helpers.h
                        $MGC_HOME/shared/include/tlm_core/tlm_2/tlm_generic_payload/tlm_phase.h
                          $MGC_HOME/shared/include/sysc/kernel/sc_cmnhdr.h
                        $MGC_HOME/shared/include/tlm_core/tlm_2/tlm_generic_payload/tlm_gp.h
                          $MGC_HOME/shared/include/sysc/kernel/sc_cmnhdr.h
                          $MGC_HOME/shared/include/tlm_core/tlm_2/tlm_generic_payload/tlm_array.h
                        $MGC_HOME/shared/include/tlm_core/tlm_2/tlm_generic_payload/tlm_endian_conv.h
                  $MGC_HOME/shared/include/tlm_core/tlm_2/tlm_sockets/tlm_sockets.h
                    $MGC_HOME/shared/include/tlm_core/tlm_2/tlm_sockets/tlm_initiator_socket.h
                      $MGC_HOME/shared/include/tlm_core/tlm_2/tlm_sockets/tlm_base_socket_if.h
                    $MGC_HOME/shared/include/tlm_core/tlm_2/tlm_sockets/tlm_target_socket.h
                  $MGC_HOME/shared/include/tlm_core/tlm_2/tlm_quantum/tlm_quantum.h
                    $MGC_HOME/shared/include/tlm_core/tlm_2/tlm_quantum/tlm_global_quantum.h
              $MGC_HOME/shared/include/ac_sc.h
                $MGC_HOME/shared/include/ac_complex.h
                  $MGC_HOME/shared/include/ac_float.h
              $MGC_HOME/shared/include/mc_typeconv.h
            $MGC_HOME/shared/include/connections/connections_utils.h
              $MGC_HOME/shared/include/ac_assert.h
          $MGC_HOME/shared/include/connections/connections_trace.h
            $MGC_HOME/shared/include/systemc
          $MGC_HOME/shared/include/connections/message.h
        $MGC_HOME/shared/include/connections/connections_sync.h
        $MGC_HOME/shared/include/connections/connections_fifo.h
        $MGC_HOME/shared/include/connections/port_scanner.h
          $MGC_HOME/shared/include/systemc
      $PROJECT_HOME/../../../../common/matchlib_toolkit/examples/matchlib/cmod/include/nvhls_connections.h
        $PROJECT_HOME/../../../../common/matchlib_toolkit/examples/matchlib/cmod/include/nvhls_packet.h
          $PROJECT_HOME/../../../../common/matchlib_toolkit/examples/matchlib/cmod/include/nvhls_types.h
            $PROJECT_HOME/../../../../common/matchlib_toolkit/examples/matchlib/cmod/include/nvhls_int.h
              $PROJECT_HOME/../../../../common/matchlib_toolkit/examples/matchlib/cmod/include/nvhls_marshaller.h
                $MGC_HOME/shared/include/connections/marshaller.h
                  $MGC_HOME/shared/include/mc_typeconv.h
                $PROJECT_HOME/../../../../common/matchlib_toolkit/examples/matchlib/cmod/include/nvhls_assert.h
                  $PROJECT_HOME/../../../../common/matchlib_toolkit/examples/matchlib/cmod/include/hls_globals.h
                  $MGC_HOME/shared/include/ac_assert.h
          $PROJECT_HOME/../../../../common/matchlib_toolkit/examples/matchlib/cmod/include/nvhls_message.h
            $PROJECT_HOME/../../../../common/matchlib_toolkit/examples/matchlib/cmod/include/nvhls_connections_utils.h
        $PROJECT_HOME/../../../../common/matchlib_toolkit/examples/matchlib/cmod/include/nvhls_module.h
          $PROJECT_HOME/../../../../common/matchlib_toolkit/examples/matchlib/cmod/include/nvhls_trace.h
        $PROJECT_HOME/../../../../common/matchlib_toolkit/examples/matchlib/cmod/include/fifo.h
          $PROJECT_HOME/../../../../common/matchlib_toolkit/examples/matchlib/cmod/include/mem_array.h
            $PROJECT_HOME/../../../../common/matchlib_toolkit/examples/matchlib/cmod/include/nvhls_array.h
              $MGC_HOME/shared/include/ac_assert.h
            $PROJECT_HOME/../../../../common/matchlib_toolkit/examples/matchlib/cmod/include/TypeToBits.h
        $PROJECT_HOME/../../../../common/matchlib_toolkit/examples/matchlib/cmod/include/nvhls_connections_buffered_ports.h
          $PROJECT_HOME/../../../../common/matchlib_toolkit/include/ccs_p2p.h
        $PROJECT_HOME/../../../../common/matchlib_toolkit/examples/matchlib/cmod/include/nvhls_connections_network.h
          $PROJECT_HOME/../../../../common/matchlib_toolkit/examples/matchlib/cmod/include/nvhls_connections.h
      $PROJECT_HOME/../../../../common/matchlib_toolkit/examples/matchlib/cmod/include/nvhls_vector.h
        $PROJECT_HOME/../../../../common/matchlib_toolkit/examples/matchlib/cmod/include/hls_globals.h
        $PROJECT_HOME/../../../../common/matchlib_toolkit/include/ccs_p2p.h
      $PROJECT_HOME/../../../../common/inc/esp_dma_info_sysc.hpp
      $PROJECT_HOME/../../../../common/matchlib_toolkit/examples/matchlib/cmod/include/ArbitratedScratchpadDP.h
        $PROJECT_HOME/../../../../common/matchlib_toolkit/examples/matchlib/cmod/include/arbitrated_crossbar.h
          $PROJECT_HOME/../../../../common/matchlib_toolkit/examples/matchlib/cmod/include/Arbiter.h
          $PROJECT_HOME/../../../../common/matchlib_toolkit/examples/matchlib/cmod/include/one_hot_to_bin.h
          $PROJECT_HOME/../../../../common/matchlib_toolkit/examples/matchlib/cmod/include/hls_globals.h
        $PROJECT_HOME/../../../../common/matchlib_toolkit/examples/matchlib/cmod/include/crossbar.h
    $PROJECT_HOME/../../inc/macfin2_data_types.h
    $PROJECT_HOME/../../../../common/matchlib_toolkit/include/auto_gen_port_info.h
      $MGC_HOME/shared/include/connections/marshaller.h
        $MGC_HOME/shared/include/mc_typeconv.h
      $PROJECT_HOME/../../../../common/matchlib_toolkit/include/auto_gen_fields.h
        $MGC_HOME/shared/include/connections/marshaller.h
          $MGC_HOME/shared/include/mc_typeconv.h
        $PROJECT_HOME/../../../../common/matchlib_toolkit/examples/matchlib/cmod/include/UIntOrEmpty.h
          $MGC_HOME/shared/include/systemc
  $PROJECT_HOME/../../inc/DataPath.h
    $PROJECT_HOME/../../inc/macfin2_data_types.h
      $MGC_HOME/shared/include/ac_int.h
      $MGC_HOME/shared/include/ac_fixed.h
      $PROJECT_HOME/../../inc/macfin2_specs.h
        $MGC_HOME/shared/include/mc_connections.h
          $MGC_HOME/shared/include/systemc.h
            $MGC_HOME/shared/include/systemc
              $MGC_HOME/shared/include/sysc/kernel/sc_cmnhdr.h
              $MGC_HOME/shared/include/sysc/kernel/sc_externs.h
              $MGC_HOME/shared/include/sysc/kernel/sc_except.h
                $MGC_HOME/shared/include/sysc/kernel/sc_cmnhdr.h
              $MGC_HOME/shared/include/sysc/kernel/sc_module.h
                $MGC_HOME/shared/include/sysc/kernel/sc_kernel_ids.h
                  $MGC_HOME/shared/include/sysc/utils/sc_report.h
                    $MGC_HOME/shared/include/sysc/kernel/sc_cmnhdr.h
                    $MGC_HOME/shared/include/sysc/utils/sc_report_handler.h
                $MGC_HOME/shared/include/sysc/kernel/sc_process.h
                  $MGC_HOME/shared/include/sysc/kernel/sc_constants.h
                  $MGC_HOME/shared/include/sysc/kernel/sc_object.h
                    $MGC_HOME/shared/include/sysc/kernel/sc_attribute.h
                      $MGC_HOME/shared/include/sysc/kernel/sc_cmnhdr.h
                  $MGC_HOME/shared/include/sysc/communication/sc_export.h
                    $MGC_HOME/shared/include/sysc/communication/sc_communication_ids.h
                    $MGC_HOME/shared/include/sysc/communication/sc_interface.h
                      $MGC_HOME/shared/include/sysc/kernel/sc_cmnhdr.h
                    $MGC_HOME/shared/include/sysc/utils/sc_typeindex.h
                      $MGC_HOME/shared/include/sysc/kernel/sc_cmnhdr.h
                $MGC_HOME/shared/include/sysc/kernel/sc_module_name.h
                $MGC_HOME/shared/include/sysc/kernel/sc_sensitive.h
                $MGC_HOME/shared/include/sysc/kernel/sc_time.h
                  $MGC_HOME/shared/include/sysc/datatypes/int/sc_nbdefs.h
                    $MGC_HOME/shared/include/sysc/kernel/sc_cmnhdr.h
                  $MGC_HOME/shared/include/sysc/datatypes/fx/scfx_ieee.h
                    $MGC_HOME/shared/include/sysc/datatypes/fx/sc_fxdefs.h
                      $MGC_HOME/shared/include/sysc/kernel/sc_cmnhdr.h
                      $MGC_HOME/shared/include/sysc/utils/sc_machine.h
                        $MGC_HOME/shared/include/sysc/packages/boost/detail/endian.hpp
                      $MGC_HOME/shared/include/sysc/datatypes/fx/sc_fx_ids.h
                      $MGC_HOME/shared/include/sysc/datatypes/int/sc_nbutils.h
                        $MGC_HOME/shared/include/sysc/datatypes/bit/sc_bit_ids.h
                        $MGC_HOME/shared/include/sysc/datatypes/int/sc_int_ids.h
                $MGC_HOME/shared/include/sysc/kernel/sc_wait.h
                  $MGC_HOME/shared/include/sysc/kernel/sc_simcontext.h
                    $MGC_HOME/shared/include/sysc/kernel/sc_cmnhdr.h
                    $MGC_HOME/shared/include/sysc/kernel/sc_status.h
                      $MGC_HOME/shared/include/sysc/kernel/sc_cmnhdr.h
                    $MGC_HOME/shared/include/sysc/utils/sc_hash.h
                      $MGC_HOME/shared/include/sysc/kernel/sc_simcontext.h
                    $MGC_HOME/shared/include/sysc/utils/sc_pq.h
                      $MGC_HOME/shared/include/sysc/kernel/sc_cmnhdr.h
                $MGC_HOME/shared/include/sysc/kernel/sc_wait_cthread.h
                  $MGC_HOME/shared/include/sysc/datatypes/bit/sc_logic.h
                    $MGC_HOME/shared/include/sysc/kernel/sc_cmnhdr.h
                    $MGC_HOME/shared/include/sysc/kernel/sc_macros.h
                      $MGC_HOME/shared/include/sysc/kernel/sc_cmnhdr.h
                    $MGC_HOME/shared/include/sysc/utils/sc_mempool.h
                    $MGC_HOME/shared/include/sysc/datatypes/bit/sc_bit.h
                $MGC_HOME/shared/include/sysc/kernel/sc_process_handle.h
                  $MGC_HOME/shared/include/sysc/kernel/sc_module.h
                $MGC_HOME/shared/include/sysc/utils/sc_list.h
                  $MGC_HOME/shared/include/sysc/kernel/sc_cmnhdr.h
              $MGC_HOME/shared/include/sysc/kernel/sc_ver.h
                $MGC_HOME/shared/include/sysc/kernel/sc_cmnhdr.h
                $MGC_HOME/shared/include/sysc/communication/sc_writer_policy.h
              $MGC_HOME/shared/include/sysc/communication/sc_buffer.h
                $MGC_HOME/shared/include/sysc/communication/sc_signal.h
                  $MGC_HOME/shared/include/sysc/communication/sc_port.h
                    $MGC_HOME/shared/include/sysc/kernel/sc_event.h
                      $MGC_HOME/shared/include/sysc/kernel/sc_cmnhdr.h
                  $MGC_HOME/shared/include/sysc/communication/sc_prim_channel.h
                  $MGC_HOME/shared/include/sysc/communication/sc_signal_ifs.h
                  $MGC_HOME/shared/include/sysc/tracing/sc_trace.h
              $MGC_HOME/shared/include/sysc/communication/sc_clock.h
              $MGC_HOME/shared/include/sysc/communication/sc_clock_ports.h
                $MGC_HOME/shared/include/sysc/communication/sc_signal_ports.h
                  $MGC_HOME/shared/include/sysc/communication/sc_event_finder.h
              $MGC_HOME/shared/include/sysc/communication/sc_event_queue.h
              $MGC_HOME/shared/include/sysc/communication/sc_fifo.h
                $MGC_HOME/shared/include/sysc/communication/sc_fifo_ifs.h
              $MGC_HOME/shared/include/sysc/communication/sc_fifo_ports.h
              $MGC_HOME/shared/include/sysc/communication/sc_mutex.h
                $MGC_HOME/shared/include/sysc/communication/sc_mutex_if.h
              $MGC_HOME/shared/include/sysc/communication/sc_semaphore.h
                $MGC_HOME/shared/include/sysc/communication/sc_semaphore_if.h
              $MGC_HOME/shared/include/sysc/communication/sc_signal_resolved.h
              $MGC_HOME/shared/include/sysc/communication/sc_signal_resolved_ports.h
              $MGC_HOME/shared/include/sysc/communication/sc_signal_rv.h
                $MGC_HOME/shared/include/sysc/datatypes/bit/sc_lv.h
                  $MGC_HOME/shared/include/sysc/datatypes/bit/sc_lv_base.h
                    $MGC_HOME/shared/include/sysc/datatypes/bit/sc_bv_base.h
                      $MGC_HOME/shared/include/sysc/datatypes/bit/sc_bit_proxies.h
                        $MGC_HOME/shared/include/sysc/datatypes/bit/sc_proxy.h
                          $MGC_HOME/shared/include/sysc/kernel/sc_cmnhdr.h
                          $MGC_HOME/shared/include/sysc/datatypes/int/sc_signed.h
                            $MGC_HOME/shared/include/sysc/datatypes/misc/sc_value_base.h
                            $MGC_HOME/shared/include/sysc/utils/sc_temporary.h
                              $MGC_HOME/shared/include/sysc/kernel/sc_cmnhdr.h
                            $MGC_HOME/shared/include/sysc/datatypes/int/sc_length_param.h
                              $MGC_HOME/shared/include/sysc/datatypes/fx/sc_context.h
                                $MGC_HOME/shared/include/sysc/kernel/sc_cmnhdr.h
                            $MGC_HOME/shared/include/sysc/datatypes/int/sc_nbexterns.h
                            $MGC_HOME/shared/include/sysc/datatypes/int/sc_unsigned.h
                          $MGC_HOME/shared/include/sysc/datatypes/int/sc_int_base.h
                            $MGC_HOME/shared/include/sysc/kernel/sc_cmnhdr.h
                            $MGC_HOME/shared/include/sysc/datatypes/int/sc_uint_base.h
              $MGC_HOME/shared/include/sysc/communication/sc_signal_rv_ports.h
              $MGC_HOME/shared/include/sysc/datatypes/bit/sc_bv.h
              $MGC_HOME/shared/include/sysc/datatypes/int/sc_bigint.h
              $MGC_HOME/shared/include/sysc/datatypes/int/sc_biguint.h
              $MGC_HOME/shared/include/sysc/datatypes/int/sc_int.h
              $MGC_HOME/shared/include/sysc/datatypes/int/sc_uint.h
              $MGC_HOME/shared/include/sysc/datatypes/misc/sc_concatref.h
              $MGC_HOME/shared/include/sysc/utils/sc_utils_ids.h
              $MGC_HOME/shared/include/sysc/utils/sc_pvector.h
              $MGC_HOME/shared/include/sysc/utils/sc_string_view.h
                $MGC_HOME/shared/include/sysc/kernel/sc_cmnhdr.h
                $MGC_HOME/shared/include/sysc/packages/boost/utility/string_view.hpp
                  $MGC_HOME/shared/include/sysc/packages/boost/config.hpp
                    $MGC_HOME/shared/include/sysc/packages/boost/config/user.hpp
                    $MGC_HOME/shared/include/sysc/packages/boost/config/select_compiler_config.hpp
                    $MGC_HOME/shared/include/sysc/packages/boost/config/compiler/gcc.hpp
                    $MGC_HOME/shared/include/sysc/packages/boost/config/select_stdlib_config.hpp
                    $MGC_HOME/shared/include/sysc/packages/boost/config/stdlib/libstdcpp3.hpp
                    $MGC_HOME/shared/include/sysc/packages/boost/config/select_platform_config.hpp
                    $MGC_HOME/shared/include/sysc/packages/boost/config/platform/linux.hpp
                      $MGC_HOME/shared/include/sysc/packages/boost/config/posix_features.hpp
                    $MGC_HOME/shared/include/sysc/packages/boost/config/suffix.hpp
                  $MGC_HOME/shared/include/sysc/packages/boost/utility/string_view_fwd.hpp
              $MGC_HOME/shared/include/sysc/utils/sc_vector.h
          $MGC_HOME/shared/include/ac_sysc_macros.h
          $MGC_HOME/shared/include/ac_sysc_trace.h
          $MGC_HOME/shared/include/connections/connections.h
            $MGC_HOME/shared/include/connections/marshaller.h
              $MGC_HOME/shared/include/ccs_types.h
                $MGC_HOME/shared/include/tlm.h
                  $MGC_HOME/shared/include/tlm
                    $MGC_HOME/shared/include/systemc
                    $MGC_HOME/shared/include/tlm_core/tlm_2/tlm_version.h
                    $MGC_HOME/shared/include/tlm_core/tlm_1/tlm_analysis/tlm_analysis.h
                      $MGC_HOME/shared/include/tlm_core/tlm_1/tlm_analysis/tlm_write_if.h
                        $MGC_HOME/shared/include/systemc
                      $MGC_HOME/shared/include/tlm_core/tlm_1/tlm_analysis/tlm_analysis_if.h
                      $MGC_HOME/shared/include/tlm_core/tlm_1/tlm_analysis/tlm_analysis_triple.h
                      $MGC_HOME/shared/include/tlm_core/tlm_1/tlm_analysis/tlm_analysis_port.h
                      $MGC_HOME/shared/include/tlm_core/tlm_1/tlm_analysis/tlm_analysis_fifo.h
                        $MGC_HOME/shared/include/tlm_core/tlm_1/tlm_req_rsp/tlm_channels/tlm_fifo/tlm_fifo.h
                          $MGC_HOME/shared/include/tlm_core/tlm_1/tlm_req_rsp/tlm_1_interfaces/tlm_fifo_ifs.h
                            $MGC_HOME/shared/include/tlm_core/tlm_1/tlm_req_rsp/tlm_1_interfaces/tlm_core_ifs.h
                              $MGC_HOME/shared/include/tlm_core/tlm_1/tlm_req_rsp/tlm_1_interfaces/tlm_tag.h
                          $MGC_HOME/shared/include/tlm_core/tlm_1/tlm_req_rsp/tlm_channels/tlm_fifo/circular_buffer.h
                          $MGC_HOME/shared/include/tlm_core/tlm_1/tlm_req_rsp/tlm_channels/tlm_fifo/tlm_fifo_put_get.h
                          $MGC_HOME/shared/include/tlm_core/tlm_1/tlm_req_rsp/tlm_channels/tlm_fifo/tlm_fifo_peek.h
                          $MGC_HOME/shared/include/tlm_core/tlm_1/tlm_req_rsp/tlm_channels/tlm_fifo/tlm_fifo_resize.h
                    $MGC_HOME/shared/include/tlm_core/tlm_1/tlm_req_rsp/tlm_req_rsp.h
                      $MGC_HOME/shared/include/tlm_core/tlm_1/tlm_req_rsp/tlm_1_interfaces/tlm_master_slave_ifs.h
                      $MGC_HOME/shared/include/tlm_core/tlm_1/tlm_req_rsp/tlm_channels/tlm_req_rsp_channels/tlm_req_rsp_channels.h
                        $MGC_HOME/shared/include/tlm_core/tlm_1/tlm_req_rsp/tlm_adapters/tlm_adapters.h
                        $MGC_HOME/shared/include/tlm_core/tlm_1/tlm_req_rsp/tlm_channels/tlm_req_rsp_channels/tlm_put_get_imp.h
                      $MGC_HOME/shared/include/tlm_core/tlm_1/tlm_req_rsp/tlm_ports/tlm_nonblocking_port.h
                        $MGC_HOME/shared/include/tlm_core/tlm_1/tlm_req_rsp/tlm_ports/tlm_event_finder.h
                    $MGC_HOME/shared/include/tlm_core/tlm_2/tlm_2_interfaces/tlm_2_interfaces.h
                      $MGC_HOME/shared/include/tlm_core/tlm_2/tlm_2_interfaces/tlm_dmi.h
                        $MGC_HOME/shared/include/systemc
                      $MGC_HOME/shared/include/tlm_core/tlm_2/tlm_2_interfaces/tlm_fw_bw_ifs.h
                        $MGC_HOME/shared/include/systemc
                        $MGC_HOME/shared/include/tlm_core/tlm_2/tlm_generic_payload/tlm_generic_payload.h
                          $MGC_HOME/shared/include/tlm_core/tlm_2/tlm_generic_payload/tlm_helpers.h
                          $MGC_HOME/shared/include/tlm_core/tlm_2/tlm_generic_payload/tlm_phase.h
                            $MGC_HOME/shared/include/sysc/kernel/sc_cmnhdr.h
                          $MGC_HOME/shared/include/tlm_core/tlm_2/tlm_generic_payload/tlm_gp.h
                            $MGC_HOME/shared/include/sysc/kernel/sc_cmnhdr.h
                            $MGC_HOME/shared/include/tlm_core/tlm_2/tlm_generic_payload/tlm_array.h
                          $MGC_HOME/shared/include/tlm_core/tlm_2/tlm_generic_payload/tlm_endian_conv.h
                    $MGC_HOME/shared/include/tlm_core/tlm_2/tlm_sockets/tlm_sockets.h
                      $MGC_HOME/shared/include/tlm_core/tlm_2/tlm_sockets/tlm_initiator_socket.h
                        $MGC_HOME/shared/include/tlm_core/tlm_2/tlm_sockets/tlm_base_socket_if.h
                      $MGC_HOME/shared/include/tlm_core/tlm_2/tlm_sockets/tlm_target_socket.h
                    $MGC_HOME/shared/include/tlm_core/tlm_2/tlm_quantum/tlm_quantum.h
                      $MGC_HOME/shared/include/tlm_core/tlm_2/tlm_quantum/tlm_global_quantum.h
                $MGC_HOME/shared/include/ac_sc.h
                  $MGC_HOME/shared/include/ac_complex.h
                    $MGC_HOME/shared/include/ac_float.h
                $MGC_HOME/shared/include/mc_typeconv.h
              $MGC_HOME/shared/include/connections/connections_utils.h
                $MGC_HOME/shared/include/ac_assert.h
            $MGC_HOME/shared/include/connections/connections_trace.h
              $MGC_HOME/shared/include/systemc
            $MGC_HOME/shared/include/connections/message.h
          $MGC_HOME/shared/include/connections/connections_sync.h
          $MGC_HOME/shared/include/connections/connections_fifo.h
          $MGC_HOME/shared/include/connections/port_scanner.h
            $MGC_HOME/shared/include/systemc
        $PROJECT_HOME/../../../../common/matchlib_toolkit/examples/matchlib/cmod/include/nvhls_connections.h
          $PROJECT_HOME/../../../../common/matchlib_toolkit/examples/matchlib/cmod/include/nvhls_packet.h
            $PROJECT_HOME/../../../../common/matchlib_toolkit/examples/matchlib/cmod/include/nvhls_types.h
              $PROJECT_HOME/../../../../common/matchlib_toolkit/examples/matchlib/cmod/include/nvhls_int.h
                $PROJECT_HOME/../../../../common/matchlib_toolkit/examples/matchlib/cmod/include/nvhls_marshaller.h
                  $MGC_HOME/shared/include/connections/marshaller.h
                    $MGC_HOME/shared/include/mc_typeconv.h
                  $PROJECT_HOME/../../../../common/matchlib_toolkit/examples/matchlib/cmod/include/nvhls_assert.h
                    $PROJECT_HOME/../../../../common/matchlib_toolkit/examples/matchlib/cmod/include/hls_globals.h
                    $MGC_HOME/shared/include/ac_assert.h
            $PROJECT_HOME/../../../../common/matchlib_toolkit/examples/matchlib/cmod/include/nvhls_message.h
              $PROJECT_HOME/../../../../common/matchlib_toolkit/examples/matchlib/cmod/include/nvhls_connections_utils.h
          $PROJECT_HOME/../../../../common/matchlib_toolkit/examples/matchlib/cmod/include/nvhls_module.h
            $PROJECT_HOME/../../../../common/matchlib_toolkit/examples/matchlib/cmod/include/nvhls_trace.h
          $PROJECT_HOME/../../../../common/matchlib_toolkit/examples/matchlib/cmod/include/fifo.h
            $PROJECT_HOME/../../../../common/matchlib_toolkit/examples/matchlib/cmod/include/mem_array.h
              $PROJECT_HOME/../../../../common/matchlib_toolkit/examples/matchlib/cmod/include/nvhls_array.h
                $MGC_HOME/shared/include/ac_assert.h
              $PROJECT_HOME/../../../../common/matchlib_toolkit/examples/matchlib/cmod/include/TypeToBits.h
          $PROJECT_HOME/../../../../common/matchlib_toolkit/examples/matchlib/cmod/include/nvhls_connections_buffered_ports.h
            $PROJECT_HOME/../../../../common/matchlib_toolkit/include/ccs_p2p.h
          $PROJECT_HOME/../../../../common/matchlib_toolkit/examples/matchlib/cmod/include/nvhls_connections_network.h
            $PROJECT_HOME/../../../../common/matchlib_toolkit/examples/matchlib/cmod/include/nvhls_connections.h
        $PROJECT_HOME/../../../../common/matchlib_toolkit/examples/matchlib/cmod/include/nvhls_vector.h
          $PROJECT_HOME/../../../../common/matchlib_toolkit/examples/matchlib/cmod/include/hls_globals.h
          $PROJECT_HOME/../../../../common/matchlib_toolkit/include/ccs_p2p.h
        $PROJECT_HOME/../../../../common/inc/esp_dma_info_sysc.hpp
        $PROJECT_HOME/../../../../common/matchlib_toolkit/examples/matchlib/cmod/include/ArbitratedScratchpadDP.h
          $PROJECT_HOME/../../../../common/matchlib_toolkit/examples/matchlib/cmod/include/arbitrated_crossbar.h
            $PROJECT_HOME/../../../../common/matchlib_toolkit/examples/matchlib/cmod/include/Arbiter.h
            $PROJECT_HOME/../../../../common/matchlib_toolkit/examples/matchlib/cmod/include/one_hot_to_bin.h
            $PROJECT_HOME/../../../../common/matchlib_toolkit/examples/matchlib/cmod/include/hls_globals.h
          $PROJECT_HOME/../../../../common/matchlib_toolkit/examples/matchlib/cmod/include/crossbar.h
    $PROJECT_HOME/../../inc/macfin2_conf_info.h
      $PROJECT_HOME/../../../../common/matchlib_toolkit/include/auto_gen_port_info.h
        $MGC_HOME/shared/include/connections/marshaller.h
          $MGC_HOME/shared/include/mc_typeconv.h
        $PROJECT_HOME/../../../../common/matchlib_toolkit/include/auto_gen_fields.h
          $MGC_HOME/shared/include/connections/marshaller.h
            $MGC_HOME/shared/include/mc_typeconv.h
          $PROJECT_HOME/../../../../common/matchlib_toolkit/examples/matchlib/cmod/include/UIntOrEmpty.h
            $MGC_HOME/shared/include/systemc
    $PROJECT_HOME/../../../../common/matchlib_toolkit/include/ac_shared_bank_array.h
      $MGC_HOME/shared/include/ac_assert.h
      $PROJECT_HOME/../../../../common/matchlib_toolkit/include/ac_shared_proxy.h
        $MGC_HOME/shared/include/ac_shared.h
      $PROJECT_HOME/../../../../common/matchlib_toolkit/include/ac_max_pow2.h
      $PROJECT_HOME/../../../../common/matchlib_toolkit/include/ac_array_1D.h
        $MGC_HOME/shared/include/ac_assert.h
  $PROJECT_HOME/../../inc/macfin2_specs.h
    $MGC_HOME/shared/include/mc_connections.h
      $MGC_HOME/shared/include/systemc.h
        $MGC_HOME/shared/include/systemc
          $MGC_HOME/shared/include/sysc/kernel/sc_cmnhdr.h
          $MGC_HOME/shared/include/sysc/kernel/sc_externs.h
          $MGC_HOME/shared/include/sysc/kernel/sc_except.h
            $MGC_HOME/shared/include/sysc/kernel/sc_cmnhdr.h
          $MGC_HOME/shared/include/sysc/kernel/sc_module.h
            $MGC_HOME/shared/include/sysc/kernel/sc_kernel_ids.h
              $MGC_HOME/shared/include/sysc/utils/sc_report.h
                $MGC_HOME/shared/include/sysc/kernel/sc_cmnhdr.h
                $MGC_HOME/shared/include/sysc/utils/sc_report_handler.h
            $MGC_HOME/shared/include/sysc/kernel/sc_process.h
              $MGC_HOME/shared/include/sysc/kernel/sc_constants.h
              $MGC_HOME/shared/include/sysc/kernel/sc_object.h
                $MGC_HOME/shared/include/sysc/kernel/sc_attribute.h
                  $MGC_HOME/shared/include/sysc/kernel/sc_cmnhdr.h
              $MGC_HOME/shared/include/sysc/communication/sc_export.h
                $MGC_HOME/shared/include/sysc/communication/sc_communication_ids.h
                $MGC_HOME/shared/include/sysc/communication/sc_interface.h
                  $MGC_HOME/shared/include/sysc/kernel/sc_cmnhdr.h
                $MGC_HOME/shared/include/sysc/utils/sc_typeindex.h
                  $MGC_HOME/shared/include/sysc/kernel/sc_cmnhdr.h
            $MGC_HOME/shared/include/sysc/kernel/sc_module_name.h
            $MGC_HOME/shared/include/sysc/kernel/sc_sensitive.h
            $MGC_HOME/shared/include/sysc/kernel/sc_time.h
              $MGC_HOME/shared/include/sysc/datatypes/int/sc_nbdefs.h
                $MGC_HOME/shared/include/sysc/kernel/sc_cmnhdr.h
              $MGC_HOME/shared/include/sysc/datatypes/fx/scfx_ieee.h
                $MGC_HOME/shared/include/sysc/datatypes/fx/sc_fxdefs.h
                  $MGC_HOME/shared/include/sysc/kernel/sc_cmnhdr.h
                  $MGC_HOME/shared/include/sysc/utils/sc_machine.h
                    $MGC_HOME/shared/include/sysc/packages/boost/detail/endian.hpp
                  $MGC_HOME/shared/include/sysc/datatypes/fx/sc_fx_ids.h
                  $MGC_HOME/shared/include/sysc/datatypes/int/sc_nbutils.h
                    $MGC_HOME/shared/include/sysc/datatypes/bit/sc_bit_ids.h
                    $MGC_HOME/shared/include/sysc/datatypes/int/sc_int_ids.h
            $MGC_HOME/shared/include/sysc/kernel/sc_wait.h
              $MGC_HOME/shared/include/sysc/kernel/sc_simcontext.h
                $MGC_HOME/shared/include/sysc/kernel/sc_cmnhdr.h
                $MGC_HOME/shared/include/sysc/kernel/sc_status.h
                  $MGC_HOME/shared/include/sysc/kernel/sc_cmnhdr.h
                $MGC_HOME/shared/include/sysc/utils/sc_hash.h
                  $MGC_HOME/shared/include/sysc/kernel/sc_simcontext.h
                $MGC_HOME/shared/include/sysc/utils/sc_pq.h
                  $MGC_HOME/shared/include/sysc/kernel/sc_cmnhdr.h
            $MGC_HOME/shared/include/sysc/kernel/sc_wait_cthread.h
              $MGC_HOME/shared/include/sysc/datatypes/bit/sc_logic.h
                $MGC_HOME/shared/include/sysc/kernel/sc_cmnhdr.h
                $MGC_HOME/shared/include/sysc/kernel/sc_macros.h
                  $MGC_HOME/shared/include/sysc/kernel/sc_cmnhdr.h
                $MGC_HOME/shared/include/sysc/utils/sc_mempool.h
                $MGC_HOME/shared/include/sysc/datatypes/bit/sc_bit.h
            $MGC_HOME/shared/include/sysc/kernel/sc_process_handle.h
              $MGC_HOME/shared/include/sysc/kernel/sc_module.h
            $MGC_HOME/shared/include/sysc/utils/sc_list.h
              $MGC_HOME/shared/include/sysc/kernel/sc_cmnhdr.h
          $MGC_HOME/shared/include/sysc/kernel/sc_ver.h
            $MGC_HOME/shared/include/sysc/kernel/sc_cmnhdr.h
            $MGC_HOME/shared/include/sysc/communication/sc_writer_policy.h
          $MGC_HOME/shared/include/sysc/communication/sc_buffer.h
            $MGC_HOME/shared/include/sysc/communication/sc_signal.h
              $MGC_HOME/shared/include/sysc/communication/sc_port.h
                $MGC_HOME/shared/include/sysc/kernel/sc_event.h
                  $MGC_HOME/shared/include/sysc/kernel/sc_cmnhdr.h
              $MGC_HOME/shared/include/sysc/communication/sc_prim_channel.h
              $MGC_HOME/shared/include/sysc/communication/sc_signal_ifs.h
              $MGC_HOME/shared/include/sysc/tracing/sc_trace.h
          $MGC_HOME/shared/include/sysc/communication/sc_clock.h
          $MGC_HOME/shared/include/sysc/communication/sc_clock_ports.h
            $MGC_HOME/shared/include/sysc/communication/sc_signal_ports.h
              $MGC_HOME/shared/include/sysc/communication/sc_event_finder.h
          $MGC_HOME/shared/include/sysc/communication/sc_event_queue.h
          $MGC_HOME/shared/include/sysc/communication/sc_fifo.h
            $MGC_HOME/shared/include/sysc/communication/sc_fifo_ifs.h
          $MGC_HOME/shared/include/sysc/communication/sc_fifo_ports.h
          $MGC_HOME/shared/include/sysc/communication/sc_mutex.h
            $MGC_HOME/shared/include/sysc/communication/sc_mutex_if.h
          $MGC_HOME/shared/include/sysc/communication/sc_semaphore.h
            $MGC_HOME/shared/include/sysc/communication/sc_semaphore_if.h
          $MGC_HOME/shared/include/sysc/communication/sc_signal_resolved.h
          $MGC_HOME/shared/include/sysc/communication/sc_signal_resolved_ports.h
          $MGC_HOME/shared/include/sysc/communication/sc_signal_rv.h
            $MGC_HOME/shared/include/sysc/datatypes/bit/sc_lv.h
              $MGC_HOME/shared/include/sysc/datatypes/bit/sc_lv_base.h
                $MGC_HOME/shared/include/sysc/datatypes/bit/sc_bv_base.h
                  $MGC_HOME/shared/include/sysc/datatypes/bit/sc_bit_proxies.h
                    $MGC_HOME/shared/include/sysc/datatypes/bit/sc_proxy.h
                      $MGC_HOME/shared/include/sysc/kernel/sc_cmnhdr.h
                      $MGC_HOME/shared/include/sysc/datatypes/int/sc_signed.h
                        $MGC_HOME/shared/include/sysc/datatypes/misc/sc_value_base.h
                        $MGC_HOME/shared/include/sysc/utils/sc_temporary.h
                          $MGC_HOME/shared/include/sysc/kernel/sc_cmnhdr.h
                        $MGC_HOME/shared/include/sysc/datatypes/int/sc_length_param.h
                          $MGC_HOME/shared/include/sysc/datatypes/fx/sc_context.h
                            $MGC_HOME/shared/include/sysc/kernel/sc_cmnhdr.h
                        $MGC_HOME/shared/include/sysc/datatypes/int/sc_nbexterns.h
                        $MGC_HOME/shared/include/sysc/datatypes/int/sc_unsigned.h
                      $MGC_HOME/shared/include/sysc/datatypes/int/sc_int_base.h
                        $MGC_HOME/shared/include/sysc/kernel/sc_cmnhdr.h
                        $MGC_HOME/shared/include/sysc/datatypes/int/sc_uint_base.h
          $MGC_HOME/shared/include/sysc/communication/sc_signal_rv_ports.h
          $MGC_HOME/shared/include/sysc/datatypes/bit/sc_bv.h
          $MGC_HOME/shared/include/sysc/datatypes/int/sc_bigint.h
          $MGC_HOME/shared/include/sysc/datatypes/int/sc_biguint.h
          $MGC_HOME/shared/include/sysc/datatypes/int/sc_int.h
          $MGC_HOME/shared/include/sysc/datatypes/int/sc_uint.h
          $MGC_HOME/shared/include/sysc/datatypes/misc/sc_concatref.h
          $MGC_HOME/shared/include/sysc/utils/sc_utils_ids.h
          $MGC_HOME/shared/include/sysc/utils/sc_pvector.h
          $MGC_HOME/shared/include/sysc/utils/sc_string_view.h
            $MGC_HOME/shared/include/sysc/kernel/sc_cmnhdr.h
            $MGC_HOME/shared/include/sysc/packages/boost/utility/string_view.hpp
              $MGC_HOME/shared/include/sysc/packages/boost/config.hpp
                $MGC_HOME/shared/include/sysc/packages/boost/config/user.hpp
                $MGC_HOME/shared/include/sysc/packages/boost/config/select_compiler_config.hpp
                $MGC_HOME/shared/include/sysc/packages/boost/config/compiler/gcc.hpp
                $MGC_HOME/shared/include/sysc/packages/boost/config/select_stdlib_config.hpp
                $MGC_HOME/shared/include/sysc/packages/boost/config/stdlib/libstdcpp3.hpp
                $MGC_HOME/shared/include/sysc/packages/boost/config/select_platform_config.hpp
                $MGC_HOME/shared/include/sysc/packages/boost/config/platform/linux.hpp
                  $MGC_HOME/shared/include/sysc/packages/boost/config/posix_features.hpp
                $MGC_HOME/shared/include/sysc/packages/boost/config/suffix.hpp
              $MGC_HOME/shared/include/sysc/packages/boost/utility/string_view_fwd.hpp
          $MGC_HOME/shared/include/sysc/utils/sc_vector.h
      $MGC_HOME/shared/include/ac_sysc_macros.h
      $MGC_HOME/shared/include/ac_sysc_trace.h
      $MGC_HOME/shared/include/connections/connections.h
        $MGC_HOME/shared/include/connections/marshaller.h
          $MGC_HOME/shared/include/ccs_types.h
            $MGC_HOME/shared/include/tlm.h
              $MGC_HOME/shared/include/tlm
                $MGC_HOME/shared/include/systemc
                $MGC_HOME/shared/include/tlm_core/tlm_2/tlm_version.h
                $MGC_HOME/shared/include/tlm_core/tlm_1/tlm_analysis/tlm_analysis.h
                  $MGC_HOME/shared/include/tlm_core/tlm_1/tlm_analysis/tlm_write_if.h
                    $MGC_HOME/shared/include/systemc
                  $MGC_HOME/shared/include/tlm_core/tlm_1/tlm_analysis/tlm_analysis_if.h
                  $MGC_HOME/shared/include/tlm_core/tlm_1/tlm_analysis/tlm_analysis_triple.h
                  $MGC_HOME/shared/include/tlm_core/tlm_1/tlm_analysis/tlm_analysis_port.h
                  $MGC_HOME/shared/include/tlm_core/tlm_1/tlm_analysis/tlm_analysis_fifo.h
                    $MGC_HOME/shared/include/tlm_core/tlm_1/tlm_req_rsp/tlm_channels/tlm_fifo/tlm_fifo.h
                      $MGC_HOME/shared/include/tlm_core/tlm_1/tlm_req_rsp/tlm_1_interfaces/tlm_fifo_ifs.h
                        $MGC_HOME/shared/include/tlm_core/tlm_1/tlm_req_rsp/tlm_1_interfaces/tlm_core_ifs.h
                          $MGC_HOME/shared/include/tlm_core/tlm_1/tlm_req_rsp/tlm_1_interfaces/tlm_tag.h
                      $MGC_HOME/shared/include/tlm_core/tlm_1/tlm_req_rsp/tlm_channels/tlm_fifo/circular_buffer.h
                      $MGC_HOME/shared/include/tlm_core/tlm_1/tlm_req_rsp/tlm_channels/tlm_fifo/tlm_fifo_put_get.h
                      $MGC_HOME/shared/include/tlm_core/tlm_1/tlm_req_rsp/tlm_channels/tlm_fifo/tlm_fifo_peek.h
                      $MGC_HOME/shared/include/tlm_core/tlm_1/tlm_req_rsp/tlm_channels/tlm_fifo/tlm_fifo_resize.h
                $MGC_HOME/shared/include/tlm_core/tlm_1/tlm_req_rsp/tlm_req_rsp.h
                  $MGC_HOME/shared/include/tlm_core/tlm_1/tlm_req_rsp/tlm_1_interfaces/tlm_master_slave_ifs.h
                  $MGC_HOME/shared/include/tlm_core/tlm_1/tlm_req_rsp/tlm_channels/tlm_req_rsp_channels/tlm_req_rsp_channels.h
                    $MGC_HOME/shared/include/tlm_core/tlm_1/tlm_req_rsp/tlm_adapters/tlm_adapters.h
                    $MGC_HOME/shared/include/tlm_core/tlm_1/tlm_req_rsp/tlm_channels/tlm_req_rsp_channels/tlm_put_get_imp.h
                  $MGC_HOME/shared/include/tlm_core/tlm_1/tlm_req_rsp/tlm_ports/tlm_nonblocking_port.h
                    $MGC_HOME/shared/include/tlm_core/tlm_1/tlm_req_rsp/tlm_ports/tlm_event_finder.h
                $MGC_HOME/shared/include/tlm_core/tlm_2/tlm_2_interfaces/tlm_2_interfaces.h
                  $MGC_HOME/shared/include/tlm_core/tlm_2/tlm_2_interfaces/tlm_dmi.h
                    $MGC_HOME/shared/include/systemc
                  $MGC_HOME/shared/include/tlm_core/tlm_2/tlm_2_interfaces/tlm_fw_bw_ifs.h
                    $MGC_HOME/shared/include/systemc
                    $MGC_HOME/shared/include/tlm_core/tlm_2/tlm_generic_payload/tlm_generic_payload.h
                      $MGC_HOME/shared/include/tlm_core/tlm_2/tlm_generic_payload/tlm_helpers.h
                      $MGC_HOME/shared/include/tlm_core/tlm_2/tlm_generic_payload/tlm_phase.h
                        $MGC_HOME/shared/include/sysc/kernel/sc_cmnhdr.h
                      $MGC_HOME/shared/include/tlm_core/tlm_2/tlm_generic_payload/tlm_gp.h
                        $MGC_HOME/shared/include/sysc/kernel/sc_cmnhdr.h
                        $MGC_HOME/shared/include/tlm_core/tlm_2/tlm_generic_payload/tlm_array.h
                      $MGC_HOME/shared/include/tlm_core/tlm_2/tlm_generic_payload/tlm_endian_conv.h
                $MGC_HOME/shared/include/tlm_core/tlm_2/tlm_sockets/tlm_sockets.h
                  $MGC_HOME/shared/include/tlm_core/tlm_2/tlm_sockets/tlm_initiator_socket.h
                    $MGC_HOME/shared/include/tlm_core/tlm_2/tlm_sockets/tlm_base_socket_if.h
                  $MGC_HOME/shared/include/tlm_core/tlm_2/tlm_sockets/tlm_target_socket.h
                $MGC_HOME/shared/include/tlm_core/tlm_2/tlm_quantum/tlm_quantum.h
                  $MGC_HOME/shared/include/tlm_core/tlm_2/tlm_quantum/tlm_global_quantum.h
            $MGC_HOME/shared/include/ac_sc.h
              $MGC_HOME/shared/include/ac_complex.h
                $MGC_HOME/shared/include/ac_float.h
            $MGC_HOME/shared/include/mc_typeconv.h
          $MGC_HOME/shared/include/connections/connections_utils.h
            $MGC_HOME/shared/include/ac_assert.h
        $MGC_HOME/shared/include/connections/connections_trace.h
          $MGC_HOME/shared/include/systemc
        $MGC_HOME/shared/include/connections/message.h
      $MGC_HOME/shared/include/connections/connections_sync.h
      $MGC_HOME/shared/include/connections/connections_fifo.h
      $MGC_HOME/shared/include/connections/port_scanner.h
        $MGC_HOME/shared/include/systemc
    $PROJECT_HOME/../../../../common/matchlib_toolkit/examples/matchlib/cmod/include/nvhls_connections.h
      $PROJECT_HOME/../../../../common/matchlib_toolkit/examples/matchlib/cmod/include/nvhls_packet.h
        $PROJECT_HOME/../../../../common/matchlib_toolkit/examples/matchlib/cmod/include/nvhls_types.h
          $PROJECT_HOME/../../../../common/matchlib_toolkit/examples/matchlib/cmod/include/nvhls_int.h
            $PROJECT_HOME/../../../../common/matchlib_toolkit/examples/matchlib/cmod/include/nvhls_marshaller.h
              $MGC_HOME/shared/include/connections/marshaller.h
                $MGC_HOME/shared/include/mc_typeconv.h
              $PROJECT_HOME/../../../../common/matchlib_toolkit/examples/matchlib/cmod/include/nvhls_assert.h
                $PROJECT_HOME/../../../../common/matchlib_toolkit/examples/matchlib/cmod/include/hls_globals.h
                $MGC_HOME/shared/include/ac_assert.h
        $PROJECT_HOME/../../../../common/matchlib_toolkit/examples/matchlib/cmod/include/nvhls_message.h
          $PROJECT_HOME/../../../../common/matchlib_toolkit/examples/matchlib/cmod/include/nvhls_connections_utils.h
      $PROJECT_HOME/../../../../common/matchlib_toolkit/examples/matchlib/cmod/include/nvhls_module.h
        $PROJECT_HOME/../../../../common/matchlib_toolkit/examples/matchlib/cmod/include/nvhls_trace.h
      $PROJECT_HOME/../../../../common/matchlib_toolkit/examples/matchlib/cmod/include/fifo.h
        $PROJECT_HOME/../../../../common/matchlib_toolkit/examples/matchlib/cmod/include/mem_array.h
          $PROJECT_HOME/../../../../common/matchlib_toolkit/examples/matchlib/cmod/include/nvhls_array.h
            $MGC_HOME/shared/include/ac_assert.h
          $PROJECT_HOME/../../../../common/matchlib_toolkit/examples/matchlib/cmod/include/TypeToBits.h
      $PROJECT_HOME/../../../../common/matchlib_toolkit/examples/matchlib/cmod/include/nvhls_connections_buffered_ports.h
        $PROJECT_HOME/../../../../common/matchlib_toolkit/include/ccs_p2p.h
      $PROJECT_HOME/../../../../common/matchlib_toolkit/examples/matchlib/cmod/include/nvhls_connections_network.h
        $PROJECT_HOME/../../../../common/matchlib_toolkit/examples/matchlib/cmod/include/nvhls_connections.h
    $PROJECT_HOME/../../../../common/matchlib_toolkit/examples/matchlib/cmod/include/nvhls_vector.h
      $PROJECT_HOME/../../../../common/matchlib_toolkit/examples/matchlib/cmod/include/hls_globals.h
      $PROJECT_HOME/../../../../common/matchlib_toolkit/include/ccs_p2p.h
    $PROJECT_HOME/../../../../common/inc/esp_dma_info_sysc.hpp
    $PROJECT_HOME/../../../../common/matchlib_toolkit/examples/matchlib/cmod/include/ArbitratedScratchpadDP.h
      $PROJECT_HOME/../../../../common/matchlib_toolkit/examples/matchlib/cmod/include/arbitrated_crossbar.h
        $PROJECT_HOME/../../../../common/matchlib_toolkit/examples/matchlib/cmod/include/Arbiter.h
        $PROJECT_HOME/../../../../common/matchlib_toolkit/examples/matchlib/cmod/include/one_hot_to_bin.h
        $PROJECT_HOME/../../../../common/matchlib_toolkit/examples/matchlib/cmod/include/hls_globals.h
      $PROJECT_HOME/../../../../common/matchlib_toolkit/examples/matchlib/cmod/include/crossbar.h

Processes/Blocks in Design
  Process           Real Operation(s) count Latency Throughput Reset Length II Comments 
  ----------------- ----------------------- ------- ---------- ------------ -- --------
  /DataPath/compute                      40    1033       1036            1  0        ? 
  Design Total:                          40    1033       1036            1  0          
  
Bill Of Materials (Datapath)
  Component Name                           Area Score Area(DSP) Area(LUTs) Area(MUX_CARRYs) Delay Post Alloc Post Assign 
  ---------------------------------------- ---------- --------- ---------- ---------------- ----- ---------- -----------
  [Lib: ccs_connections]                                                                                                 
  ccs_conn_ctrl_in_buf_wait(10,64,1,0,0,0)      0.000     0.000      0.000            0.000 0.000          1           1 
  ccs_conn_ctrl_in_buf_wait(8,1,1,0,0,0)        0.000     0.000      0.000            0.000 0.000          1           1 
  ccs_conn_ctrl_in_buf_wait(9,96,1,0,0,0)       0.000     0.000      0.000            0.000 0.000          1           1 
  ccs_conn_out_buf_wait(11,32,1,0,0,0)          0.000     0.000      0.000            0.000 0.000          1           1 
  [Lib: mgc_Xilinx-VIRTEX-7-2_beh]                                                                                       
  mgc_add(1,0,1,1,2)                            1.000     0.000      1.000            0.000 0.900          0           2 
  mgc_add(10,0,2,1,10)                         10.000     0.000     10.000            9.000 1.035          1           1 
  mgc_add(16,0,2,1,16)                         16.000     0.000     16.000           15.000 1.125          1           1 
  mgc_add(2,0,2,0,2)                            2.000     0.000      2.000            1.000 0.915          0           2 
  mgc_add(25,0,4,1,25)                         25.000     0.000     25.000           24.000 1.260          1           1 
  mgc_add(31,0,2,1,31)                         31.000     0.000     31.000           30.000 1.350          1           1 
  mgc_add(32,0,32,0,32)                        32.000     0.000     32.000           31.000 1.365          1           1 
  mgc_add(32,1,11,1,33)                        32.000     0.000     32.000           31.000 1.365          1           1 
  mgc_add(32,1,2,1,33)                         32.000     0.000     32.000           31.000 1.365          1           2 
  mgc_add(33,0,33,0,33)                        33.000     0.000     33.000           32.000 1.380          1           3 
  mgc_and(1,2)                                  1.000     0.000      1.000            0.000 0.550          0          77 
  mgc_and(1,3)                                  1.000     0.000      1.000            0.000 0.550          0           8 
  mgc_and(1,4)                                  1.000     0.000      1.000            0.000 0.550          0           3 
  mgc_and(1,5)                                  1.000     0.000      1.000            0.000 0.550          0           7 
  mgc_and(1,6)                                  1.000     0.000      1.000            0.000 0.550          0           1 
  mgc_and(1,8)                                  2.000     0.000      2.000            0.000 1.500          0           1 
  mgc_and(10,2)                                10.000     0.000     10.000            0.000 0.550          0           1 
  mgc_and(16,2)                                16.000     0.000     16.000            0.000 0.550          0           1 
  mgc_and(31,2)                                31.000     0.000     31.000            0.000 0.550          1           0 
  mgc_and(31,3)                                31.000     0.000     31.000            0.000 0.550          0           1 
  mgc_and(32,2)                                32.000     0.000     32.000            0.000 0.550          1           0 
  mgc_and(32,3)                                32.000     0.000     32.000            0.000 0.550          0           1 
  mgc_and(7,2)                                  7.000     0.000      7.000            0.000 0.550          1           1 
  mgc_equal(31)                                15.644     0.000     15.644            0.000 1.150          1           1 
  mgc_mul(32,0,32,0,32)                      1840.000     3.000     16.000            0.000 4.768          1           1 
  mgc_mul_pipe(32,1,32,1,48,1,1,0,0,2,2)     2604.000     4.000      0.000            0.000 1.440          1           1 
  mgc_mux(1,1,2)                                1.000     0.000      1.000            0.000 0.080          0          14 
  mgc_mux(10,1,2)                              10.000     0.000     10.000            0.000 0.080          1           0 
  mgc_mux(25,1,2)                              25.000     0.000     25.000            0.000 0.080          1           2 
  mgc_mux(31,1,2)                              31.000     0.000     31.000            0.000 0.080          1           0 
  mgc_mux(32,1,2)                              32.000     0.000     32.000            0.000 0.080          1           0 
  mgc_mux(32,2,4)                              32.000     0.000     32.000            0.000 0.550          0           1 
  mgc_mux(64,1,2)                              64.000     0.000     64.000            0.000 0.080          0           2 
  mgc_mux(96,1,2)                              96.000     0.000     96.000            0.000 0.080          0           1 
  mgc_mux1hot(1,3)                              1.446     0.000      1.446            0.000 0.550          0           1 
  mgc_nand(1,2)                                 1.000     0.000      1.000            0.000 0.550          0           8 
  mgc_nand(1,3)                                 1.000     0.000      1.000            0.000 0.550          0           1 
  mgc_nor(1,2)                                  1.000     0.000      1.000            0.000 0.550          0          26 
  mgc_nor(1,3)                                  1.000     0.000      1.000            0.000 0.550          0          13 
  mgc_nor(1,4)                                  1.000     0.000      1.000            0.000 0.550          0           3 
  mgc_nor(1,5)                                  1.000     0.000      1.000            0.000 0.550          0           1 
  mgc_nor(1,6)                                  1.000     0.000      1.000            0.000 0.550          0           1 
  mgc_not(1)                                    0.000     0.000      0.000            0.000 0.000          0          99 
  mgc_not(25)                                   0.000     0.000      0.000            0.000 0.000          0           3 
  mgc_not(32)                                   0.000     0.000      0.000            0.000 0.000          0           3 
  mgc_not(7)                                    0.000     0.000      0.000            0.000 0.000          0           3 
  mgc_or(1,2)                                   1.000     0.000      1.000            0.000 0.550          0          45 
  mgc_or(1,3)                                   1.000     0.000      1.000            0.000 0.550          0          14 
  mgc_or(1,4)                                   1.000     0.000      1.000            0.000 0.550          0           5 
  mgc_reg_pos(1,1,0,0,0,0,0)                    0.000     0.000      0.000            0.000 0.320          0          13 
  mgc_reg_pos(1,1,0,0,0,1,1)                    0.000     0.000      0.000            0.000 0.320          0          31 
  mgc_reg_pos(10,0,0,0,0,1,1)                   0.000     0.000      0.000            0.000 0.320          0           1 
  mgc_reg_pos(16,0,0,0,0,1,1)                   0.000     0.000      0.000            0.000 0.320          0           1 
  mgc_reg_pos(2,1,0,0,0,0,0)                    0.000     0.000      0.000            0.000 0.320          0           2 
  mgc_reg_pos(25,0,0,0,0,1,1)                   0.000     0.000      0.000            0.000 0.320          0           1 
  mgc_reg_pos(31,0,0,0,0,1,1)                   0.000     0.000      0.000            0.000 0.320          0           2 
  mgc_reg_pos(32,0,0,0,0,1,1)                   0.000     0.000      0.000            0.000 0.320          0           9 
  mgc_reg_pos(64,0,0,0,0,1,1)                   0.000     0.000      0.000            0.000 0.320          0           1 
  mgc_reg_pos(7,0,0,0,0,1,1)                    0.000     0.000      0.000            0.000 0.320          0           2 
  mgc_reg_pos(96,0,0,0,0,1,1)                   0.000     0.000      0.000            0.000 0.320          0           1 
  mgc_reg_pos(96,1,0,0,0,1,1)                   0.000     0.000      0.000            0.000 0.320          0           1 
                                                                                                                         
  TOTAL AREA (After Assignment):             5407.091     7.000    979.000          300.000                              
  
Area Scores
                    Post-Scheduling   Post-DP & FSM Post-Assignment 
  ----------------- --------------- --------------- ---------------
  Total Area Score:   4838.6          5933.9          5412.1        
  Total Reg:             0.0             0.0             0.0        
                                                                    
  DataPath:           4838.6 (100%)   5928.9 (100%)   5407.1 (100%) 
    MUX:                98.0   (2%)    718.3  (12%)    321.4   (6%) 
    FUNC:             4670.6  (97%)   4774.6  (81%)   4774.6  (88%) 
    LOGIC:              70.0   (1%)    436.0   (7%)    311.0   (6%) 
    BUFFER:              0.0             0.0             0.0        
    MEM:                 0.0             0.0             0.0        
    ROM:                 0.0             0.0             0.0        
    REG:                 0.0             0.0             0.0        
                                                                    
  
  FSM:                   0.0             5.0   (0%)      5.0   (0%) 
    FSM-REG:             0.0             0.0             0.0        
    FSM-COMB:            0.0             5.0 (100%)      5.0 (100%) 
                                                                    
  
  
  (MUX = multiplexers; FUNC = datapath logic (e.g. add/mult); LOGIC = control logic)

Register-to-Variable Mappings
  Register                                                                                      Size(bits) Gated Register CG Opt Done Variables                                                                                     
  --------------------------------------------------------------------------------------------- ---------- -------------- ----------- ---------------------------------------------------------------------------------------------
  conf_info_in.Pop():mioi.idat.bfwt                                                                     96         Y           Y      conf_info_in.Pop():mioi.idat.bfwt                                                             
  conf_info_in.Pop()mio_mrgout_dat.sva                                                                  96         Y           Y      conf_info_in.Pop()mio_mrgout_dat.sva                                                          
  in_rd_rsp.Pop():mioi.idat.bfwt                                                                        64         Y           Y      in_rd_rsp.Pop():mioi.idat.bfwt                                                                
  in_wr_req.Push():mioi.idat                                                                            32         Y           Y      in_wr_req.Push():mioi.idat                                                                    
  while:for:for:acc_fx.sva                                                                              32         Y           Y      while:for:for:acc_fx.sva                                                                      
  while:for:for:acc_fx.sva#1                                                                            32         Y           Y      while:for:for:acc_fx.sva#1                                                                    
  while:for:for:for:while:for:for:for:mul:cmp.z.bfwt#1(47:16)                                           32         Y           Y      while:for:for:for:while:for:for:for:mul:cmp.z.bfwt#1(47:16)                                   
  while:for:for:for:while:for:for:for:mul:cmp.z.bfwt#2(47:16)                                           32         Y           Y      while:for:for:for:while:for:for:for:mul:cmp.z.bfwt#2(47:16)                                   
  while:for:for:for:while:for:for:for:mul:cmp.z.bfwt(47:16)                                             32         Y           Y      while:for:for:for:while:for:for:for:mul:cmp.z.bfwt(47:16)                                     
  while:for:in_length:mul:cmp.a                                                                         32         Y                  while:for:in_length:mul:cmp.a                                                                 
  while:for:in_length:mul:cmp.b                                                                         32         Y                  while:for:in_length:mul:cmp.b                                                                 
  while:for:in_length:mul:cmp.z.oreg                                                                    32         Y                  while:for:in_length:mul:cmp.z.oreg                                                            
  while:for:for:vec_indx(31:1).sva                                                                      31         Y           Y      while:for:for:vec_indx(31:1).sva                                                              
  while:for:for:vec_indx(31:1).sva#1                                                                    31         Y           Y      while:for:for:vec_indx(31:1).sva#1                                                            
  while:for:for:in_rem(31:7).sva                                                                        25         Y           Y      while:for:for:in_rem(31:7).sva                                                                
  while:for:b.sva                                                                                       16         Y           Y      while:for:b.sva                                                                               
  while:for:for:for:i(10:1).sva                                                                         10         Y           Y      while:for:for:for:i(10:1).sva                                                                 
  while:for:for:in_len:_qr(6:0).lpi#3.dfm                                                                7         Y           Y      while:for:for:in_len:_qr(6:0).lpi#3.dfm                                                       
  while:for:in_length.sva(6:0)                                                                           7         Y           Y      while:for:in_length.sva(6:0)                                                                  
  while:for:for:for:while:for:for:for:mul:cmp.bcwt                                                       2                            while:for:for:for:while:for:for:for:mul:cmp.bcwt                                              
  while:for:for:for:while:for:for:for:mul:cmp.icwt                                                       2                            while:for:for:for:while:for:for:for:mul:cmp.icwt                                              
  compute.flen                                                                                           1         Y                  compute.flen                                                                                  
  compute.flen_shf(0)                                                                                    1                            compute.flen_shf(0)                                                                           
  compute.flen_shf(1)                                                                                    1                            compute.flen_shf(1)                                                                           
  compute.wten.reg                                                                                       1                            compute.wten.reg                                                                              
  conf_info_in.Pop():mioi.bcwt                                                                           1                            conf_info_in.Pop():mioi.bcwt                                                                  
  conf_info_in.Pop():mioi.ivld.oreg.rneg                                                                 1                            conf_info_in.Pop():mioi.ivld.oreg.rneg                                                        
  exit:while:for:for:for.sva.st                                                                          1         Y           Y      exit:while:for:for:for.sva.st                                                                 
  exit:while:for:for:for.sva.st.1                                                                        1         Y           Y      exit:while:for:for:for.sva.st.1                                                               
  exit:while:for:for:for.sva.st.2                                                                        1         Y           Y      exit:while:for:for:for.sva.st.2                                                               
  in_rd_rsp.Pop():mioi.bcwt                                                                              1                            in_rd_rsp.Pop():mioi.bcwt                                                                     
  in_rd_rsp.Pop():mioi.iswt0                                                                             1         Y           Y      in_rd_rsp.Pop():mioi.iswt0                                                                    
  in_rd_rsp.Pop():mioi.ivld.oreg.rneg                                                                    1                            in_rd_rsp.Pop():mioi.ivld.oreg.rneg                                                           
  in_wr_req.Push():mioi.bcwt                                                                             1                            in_wr_req.Push():mioi.bcwt                                                                    
  in_wr_req.Push():mioi.irdy.oreg.rneg                                                                   1                            in_wr_req.Push():mioi.irdy.oreg.rneg                                                          
  in_wr_req.Push():mioi.iswt0                                                                            1         Y           Y      in_wr_req.Push():mioi.iswt0                                                                   
  reg(in_rd_rsp.Pop():mioi.oswt).cse                                                                     1         Y                  reg(in_rd_rsp.Pop():mioi.oswt).cse                                                            
  reg(sync00.Pop():mioi.oswt).cse                                                                        1         Y                  reg(sync00.Pop():mioi.oswt).cse                                                               
  sync00.Pop():mioi.bcwt                                                                                 1                            sync00.Pop():mioi.bcwt                                                                        
  sync00.Pop():mioi.ivld.oreg.rneg                                                                       1                            sync00.Pop():mioi.ivld.oreg.rneg                                                              
  while:for:for:for.stage_0                                                                              1         Y           Y      while:for:for:for.stage_0                                                                     
  while:for:for:for.stage_0.1                                                                            1         Y           Y      while:for:for:for.stage_0.1                                                                   
  while:for:for:for.stage_0.2                                                                            1         Y           Y      while:for:for:for.stage_0.2                                                                   
  while:for:for:for.stage_0.3                                                                            1         Y           Y      while:for:for:for.stage_0.3                                                                   
  while:for:for:for.stage_en#2                                                                           1         Y           Y      while:for:for:for.stage_en#2                                                                  
  while:for:for:for.stage_en#4                                                                           1         Y           Y      while:for:for:for.stage_en#4                                                                  
  while:for:for:for.stage_en#6                                                                           1         Y           Y      while:for:for:for.stage_en#6                                                                  
  while:for:for:for.stage_v                                                                              1         Y           Y      while:for:for:for.stage_v                                                                     
  while:for:for:for.stage_v#1                                                                            1         Y           Y      while:for:for:for.stage_v#1                                                                   
  while:for:for:for.stage_v#2                                                                            1         Y           Y      while:for:for:for.stage_v#2                                                                   
  while:for:for:for.stage_v#3                                                                            1         Y           Y      while:for:for:for.stage_v#3                                                                   
  while:for:for:for.stage_v#4                                                                            1         Y           Y      while:for:for:for.stage_v#4                                                                   
  while:for:for:for.stage_v#5                                                                            1         Y           Y      while:for:for:for.stage_v#5                                                                   
  while:for:for:for:asn#3.itm                                                                            1         Y           Y      while:for:for:for:asn#3.itm                                                                   
  while:for:for:for:asn#3.itm.1                                                                          1         Y           Y      while:for:for:for:asn#3.itm.1                                                                 
  while:for:for:for:asn#3.itm.2                                                                          1         Y           Y      while:for:for:for:asn#3.itm.2                                                                 
  while:for:for:for:while:for:for:for:if:nor.svs                                                         1         Y           Y      while:for:for:for:while:for:for:for:if:nor.svs                                                
  while:for:for:for:while:for:for:for:if:nor.svs.1                                                       1         Y           Y      while:for:for:for:while:for:for:for:if:nor.svs.1                                              
  while:for:for:for:while:for:for:for:if:nor.svs.2                                                       1         Y           Y      while:for:for:for:while:for:for:for:if:nor.svs.2                                              
  while:for:for:for:while:for:for:for:if:nor.svs.st                                                      1         Y           Y      while:for:for:for:while:for:for:for:if:nor.svs.st                                             
  while:for:for:for:while:for:for:for:if:nor.svs.st.1                                                    1         Y           Y      while:for:for:for:while:for:for:for:if:nor.svs.st.1                                           
  while:for:for:for:while:for:for:for:if:nor.svs.st.2                                                    1         Y           Y      while:for:for:for:while:for:for:for:if:nor.svs.st.2                                           
  while:for:for:for:while:for:for:for:mul:cmp.hile:for:for:for:while:for:for:for:mul:cmp.pdswt0          1                            while:for:for:for:while:for:for:for:mul:cmp.hile:for:for:for:while:for:for:for:mul:cmp.pdswt0 
  while:for:for:for:while:for:for:for:mul:cmp.hile:for:for:for:while:for:for:for:mul:cmp.pdswt1          1                            while:for:for:for:while:for:for:for:mul:cmp.hile:for:for:for:while:for:for:for:mul:cmp.pdswt1 
  while:for:for:in_len:slc()(32).svs                                                                     1         Y           Y      while:for:for:in_len:slc()(32).svs                                                            
                                                                                                                                                                                                                                    
  Total:                                                                                               719            702         603 (Total Gating Ratio: 0.98, CG Opt Gating Ratio: 0.84)                                         
  
Timing Report
  Critical Path
    Max Delay:  8.650007
    Slack:      -3.6500070000000004
    
    Path                                                                                                                                                                                                                                                          Startpoint                                                                                                                                                                 Endpoint                                                                    Delay  Slack                      
    ------------------------------------------------------------------------------------------------------------------------------------------------------------------------------------------------------------------------------------------------------------- -------------------------------------------------------------------------------------------------------------------------------------------------------------------------- --------------------------------------------------------------------------- ------ ------- ------------------
    1                                                                                                                                                                                                                                                             DataPath:compute:inst/DataPath:compute:in_wr_req.Push():mioi:inst/DataPath:compute:in_wr_req.Push():mioi:in_wr_req.Push():mio:wait_dp:inst/reg(in_wr_req.Push():mioi.bcwt) DataPath:compute:inst/DataPath:compute:staller:inst/reg(compute.flen_shf)#1 8.6500 -3.6500                    
                                                                                                                                                                                                                                                                                                                                                                                                                                                                                                                                                           
      Instance                                                                                                                                                                                                                                                    Component                                                                                                                                                                                                                                              Delta  Delay   [MIN, MAX]         
      --------                                                                                                                                                                                                                                                    ---------                                                                                                                                                                                                                                              -----  -----   ------------------ 
      DataPath:compute:inst/DataPath:compute:in_wr_req.Push():mioi:inst/DataPath:compute:in_wr_req.Push():mioi:in_wr_req.Push():mio:wait_dp:inst/reg(in_wr_req.Push():mioi.bcwt)                                                                                  mgc_reg_pos_1_1_0_0_0_0_0                                                                                                                                                                                                                              0.3200 0.3200                     
      DataPath:compute:inst/DataPath:compute:in_wr_req.Push():mioi:inst/DataPath:compute:in_wr_req.Push():mioi:in_wr_req.Push():mio:wait_dp:inst/in_wr_req.Push():mioi.bcwt                                                                                                                                                                                                                                                                                                                                              0.0000 0.3200                     
      DataPath:compute:inst/DataPath:compute:in_wr_req.Push():mioi:inst/in_wr_req.Push():mioi.bcwt                                                                                                                                                                                                                                                                                                                                                                                                                       0.0000 0.3200                     
      DataPath:compute:inst/DataPath:compute:in_wr_req.Push():mioi:inst/DataPath:compute:in_wr_req.Push():mioi:in_wr_req.Push():mio:wait_ctrl:inst/in_wr_req.Push():mioi.bcwt                                                                                                                                                                                                                                                                                                                                            0.0000 0.3200                     
      DataPath:compute:inst/DataPath:compute:in_wr_req.Push():mioi:inst/DataPath:compute:in_wr_req.Push():mioi:in_wr_req.Push():mio:wait_ctrl:inst/while:for:for:for:if:not#1                                                                                     mgc_not_1                                                                                                                                                                                                                                              0.0000 0.3200                     
      DataPath:compute:inst/DataPath:compute:in_wr_req.Push():mioi:inst/DataPath:compute:in_wr_req.Push():mioi:in_wr_req.Push():mio:wait_ctrl:inst/while:for:for:for:if:not#1.itm                                                                                                                                                                                                                                                                                                                                        0.0000 0.3200                     
      DataPath:compute:inst/DataPath:compute:in_wr_req.Push():mioi:inst/DataPath:compute:in_wr_req.Push():mioi:in_wr_req.Push():mio:wait_ctrl:inst/while:for:for:for:if:and#3                                                                                     mgc_and_1_2                                                                                                                                                                                                                                            0.5500 0.8700                     
      DataPath:compute:inst/DataPath:compute:in_wr_req.Push():mioi:inst/DataPath:compute:in_wr_req.Push():mioi:in_wr_req.Push():mio:wait_ctrl:inst/in_wr_req.Push():mioi.ogwt                                                                                                                                                                                                                                                                                                                                            0.0000 0.8700                     
      DataPath:compute:inst/DataPath:compute:in_wr_req.Push():mioi:inst/DataPath:compute:in_wr_req.Push():mioi:in_wr_req.Push():mio:wait_ctrl:inst/while:for:for:for:if:and#1                                                                                     mgc_and_1_2                                                                                                                                                                                                                                            0.5500 1.4200                     
      DataPath:compute:inst/DataPath:compute:in_wr_req.Push():mioi:inst/DataPath:compute:in_wr_req.Push():mioi:in_wr_req.Push():mio:wait_ctrl:inst/in_wr_req.Push():mioi.biwt                                                                                                                                                                                                                                                                                                                                            0.0000 1.4200                     
      DataPath:compute:inst/DataPath:compute:in_wr_req.Push():mioi:inst/in_wr_req.Push():mioi.biwt                                                                                                                                                                                                                                                                                                                                                                                                                       0.0000 1.4200                     
      DataPath:compute:inst/DataPath:compute:in_wr_req.Push():mioi:inst/DataPath:compute:in_wr_req.Push():mioi:in_wr_req.Push():mio:wait_dp:inst/in_wr_req.Push():mioi.biwt                                                                                                                                                                                                                                                                                                                                              0.0000 1.4200                     
      DataPath:compute:inst/DataPath:compute:in_wr_req.Push():mioi:inst/DataPath:compute:in_wr_req.Push():mioi:in_wr_req.Push():mio:wait_dp:inst/while:for:for:for:if:or#1                                                                                        mgc_or_1_2                                                                                                                                                                                                                                             0.0000 1.4200                     
      DataPath:compute:inst/DataPath:compute:in_wr_req.Push():mioi:inst/DataPath:compute:in_wr_req.Push():mioi:in_wr_req.Push():mio:wait_dp:inst/in_wr_req.Push():mioi.bawt                                                                                                                                                                                                                                                                                                                                              0.0000 1.4200                     
      DataPath:compute:inst/DataPath:compute:in_wr_req.Push():mioi:inst/in_wr_req.Push():mioi.bawt                                                                                                                                                                                                                                                                                                                                                                                                                       0.0000 1.4200                     
      DataPath:compute:inst/in_wr_req.Push():mioi.bawt                                                                                                                                                                                                                                                                                                                                                                                                                                                                   0.0000 1.4200                     
      DataPath:compute:inst/or#114                                                                                                                                                                                                                                mgc_or_1_4                                                                                                                                                                                                                                             0.5500 1.9700                     
      DataPath:compute:inst/or.tmp#102                                                                                                                                                                                                                                                                                                                                                                                                                                                                                   0.0000 1.9700                     
      DataPath:compute:inst/not#358                                                                                                                                                                                                                               mgc_not_1                                                                                                                                                                                                                                              0.0000 1.9700                     
      DataPath:compute:inst/not#358.itm                                                                                                                                                                                                                                                                                                                                                                                                                                                                                  0.0000 1.9700                     
      DataPath:compute:inst/or#152                                                                                                                                                                                                                                mgc_or_1_3                                                                                                                                                                                                                                             0.5500 2.5200                     
      DataPath:compute:inst/or#152.itm                                                                                                                                                                                                                                                                                                                                                                                                                                                                                   0.0000 2.5200                     
      DataPath:compute:inst/mux#238                                                                                                                                                                                                                               mgc_mux_1_1_2                                                                                                                                                                                                                                          0.0800 2.6000                     
      DataPath:compute:inst/mux.tmp#238                                                                                                                                                                                                                                                                                                                                                                                                                                                                                  0.0000 2.6000                     
      DataPath:compute:inst/or#248                                                                                                                                                                                                                                mgc_or_1_4                                                                                                                                                                                                                                             0.5500 3.1500                     
      DataPath:compute:inst/or.dcpl#60                                                                                                                                                                                                                                                                                                                                                                                                                                                                                   0.0000 3.1500                     
      DataPath:compute:inst/and#281                                                                                                                                                                                                                               mgc_and_1_2                                                                                                                                                                                                                                            0.0000 3.1500                     
      DataPath:compute:inst/and#281.itm                                                                                                                                                                                                                                                                                                                                                                                                                                                                                  0.0000 3.1500                     
      DataPath:compute:inst/or#318                                                                                                                                                                                                                                mgc_or_1_2                                                                                                                                                                                                                                             0.5500 3.7000                     
      DataPath:compute:inst/or.tmp#244                                                                                                                                                                                                                                                                                                                                                                                                                                                                                   0.0000 3.7000                     
      DataPath:compute:inst/while:for:for:for:while:for:for:for:and#10                                                                                                                                                                                            mgc_and_1_2                                                                                                                                                                                                                                            0.0000 3.7000                     
      DataPath:compute:inst/while:for:for:for:while:for:for:for:and#10.itm                                                                                                                                                                                                                                                                                                                                                                                                                                               0.0000 3.7000                     
      DataPath:compute:inst/while:for:for:for:nor                                                                                                                                                                                                                 mgc_nor_1_4                                                                                                                                                                                                                                            0.5500 4.2500                     
      DataPath:compute:inst/while:for:for:for:nor.itm                                                                                                                                                                                                                                                                                                                                                                                                                                                                    0.0000 4.2500                     
      DataPath:compute:inst/while:for:for:for:and                                                                                                                                                                                                                 mgc_and_1_2                                                                                                                                                                                                                                            0.0000 4.2500                     
      DataPath:compute:inst/while:for:for:for:and.itm                                                                                                                                                                                                                                                                                                                                                                                                                                                                    0.0000 4.2500                     
      DataPath:compute:inst/nor                                                                                                                                                                                                                                   mgc_nor_1_4                                                                                                                                                                                                                                            0.5500 4.8000                     
      DataPath:compute:inst/nor.itm                                                                                                                                                                                                                                                                                                                                                                                                                                                                                      0.0000 4.8000                     
      DataPath:compute:inst/mux1h                                                                                                                                                                                                                                 mgc_mux1hot_1_3                                                                                                                                                                                                                                        0.5500 5.3500                     
      DataPath:compute:inst/mux1h.itm                                                                                                                                                                                                                                                                                                                                                                                                                                                                                    0.0000 5.3500                     
      DataPath:compute:inst/and#385                                                                                                                                                                                                                               mgc_and_1_2                                                                                                                                                                                                                                            0.5500 5.9000                     
      DataPath:compute:inst/and#385.rmff                                                                                                                                                                                                                                                                                                                                                                                                                                                                                 0.0000 5.9000                     
      DataPath:compute:inst/DataPath:compute:staller:inst/compute.flen:unreg                                                                                                                                                                                                                                                                                                                                                                                                                                             0.0000 5.9000                     
      DataPath:compute:inst/DataPath:compute:staller:inst/nand                                                                                                                                                                                                    mgc_nand_1_3                                                                                                                                                                                                                                           0.5500 6.4500                     
      DataPath:compute:inst/DataPath:compute:staller:inst/nand.itm                                                                                                                                                                                                                                                                                                                                                                                                                                                       0.0000 6.4500                     
      DataPath:compute:inst/DataPath:compute:staller:inst/and#3                                                                                                                                                                                                   mgc_and_1_5                                                                                                                                                                                                                                            0.0000 6.4500                     
      DataPath:compute:inst/DataPath:compute:staller:inst/compute.wen                                                                                                                                                                                                                                                                                                                                                                                                                                                    0.0000 6.4500                     
      DataPath:compute:inst/compute.wen                                                                                                                                                                                                                                                                                                                                                                                                                                                                                  0.0000 6.4500                     
      DataPath:compute:inst/DataPath:compute:sync00.Pop():mioi:inst/compute.wen                                                                                                                                                                                                                                                                                                                                                                                                                                          0.0000 6.4500                     
      DataPath:compute:inst/DataPath:compute:sync00.Pop():mioi:inst/DataPath:compute:sync00.Pop():mioi:sync00.Pop():mio:wait_ctrl:inst/compute.wen                                                                                                                                                                                                                                                                                                                                                                       0.0000 6.4500                     
      DataPath:compute:inst/DataPath:compute:sync00.Pop():mioi:inst/DataPath:compute:sync00.Pop():mioi:sync00.Pop():mio:wait_ctrl:inst/while:and                                                                                                                  mgc_and_1_2                                                                                                                                                                                                                                            0.5500 7.0000                     
      DataPath:compute:inst/DataPath:compute:sync00.Pop():mioi:inst/DataPath:compute:sync00.Pop():mioi:sync00.Pop():mio:wait_ctrl:inst/sync00.Pop():mioi.bdwt                                                                                                                                                                                                                                                                                                                                                            0.0000 7.0000                     
      DataPath:compute:inst/DataPath:compute:sync00.Pop():mioi:inst/sync00.Pop():mioi.bdwt                                                                                                                                                                                                                                                                                                                                                                                                                               0.0000 7.0000                     
      DataPath:compute:inst/DataPath:compute:sync00.Pop():mioi:inst/DataPath:compute:sync00.Pop():mioi:sync00.Pop():mio:wait_dp:inst/sync00.Pop():mioi.bdwt                                                                                                                                                                                                                                                                                                                                                              0.0000 7.0000                     
      DataPath:compute:inst/DataPath:compute:sync00.Pop():mioi:inst/DataPath:compute:sync00.Pop():mioi:sync00.Pop():mio:wait_dp:inst/while:or                                                                                                                     mgc_or_1_2                                                                                                                                                                                                                                             0.5500 7.5500                     
      DataPath:compute:inst/DataPath:compute:sync00.Pop():mioi:inst/DataPath:compute:sync00.Pop():mioi:sync00.Pop():mio:wait_dp:inst/sync00.Pop():mioi.iden                                                                                                                                                                                                                                                                                                                                                              0.0000 7.5500                     
      DataPath:compute:inst/DataPath:compute:sync00.Pop():mioi:inst/sync00.Pop():mioi.iden                                                                                                                                                                                                                                                                                                                                                                                                                               0.0000 7.5500                     
      DataPath:compute:inst/sync00.Pop():mioi.iden                                                                                                                                                                                                                                                                                                                                                                                                                                                                       0.0000 7.5500                     
      DataPath:compute:inst/DataPath:compute:staller:inst/sync00.Pop():mioi.iden                                                                                                                                                                                                                                                                                                                                                                                                                                         0.0000 7.5500                     
      DataPath:compute:inst/DataPath:compute:staller:inst/nor                                                                                                                                                                                                     mgc_nor_1_6                                                                                                                                                                                                                                            0.5500 8.1000                     
      DataPath:compute:inst/DataPath:compute:staller:inst/nor.itm                                                                                                                                                                                                                                                                                                                                                                                                                                                        0.0000 8.1000                     
      DataPath:compute:inst/DataPath:compute:staller:inst/and                                                                                                                                                                                                     mgc_and_1_2                                                                                                                                                                                                                                            0.5500 8.6500                     
      DataPath:compute:inst/DataPath:compute:staller:inst/and.itm                                                                                                                                                                                                                                                                                                                                                                                                                                                        0.0000 8.6500                     
      DataPath:compute:inst/DataPath:compute:staller:inst/reg(compute.flen_shf)#1                                                                                                                                                                                 mgc_reg_pos_1_1_0_0_0_0_0                                                                                                                                                                                                                              0.0000 8.6500                     
                                                                                                                                                                                                                                                                                                                                                                                                                                                                                                                                                           
    2                                                                                                                                                                                                                                                             DataPath:compute:inst/DataPath:compute:in_wr_req.Push():mioi:inst/DataPath:compute:in_wr_req.Push():mioi:in_wr_req.Push():mio:wait_dp:inst/reg(in_wr_req.Push():mioi.bcwt) DataPath:compute:inst/DataPath:compute:staller:inst/reg(compute.flen_shf)#1 8.6500 -3.6500                    
                                                                                                                                                                                                                                                                                                                                                                                                                                                                                                                                                           
      Instance                                                                                                                                                                                                                                                    Component                                                                                                                                                                                                                                              Delta  Delay   [MIN, MAX]         
      --------                                                                                                                                                                                                                                                    ---------                                                                                                                                                                                                                                              -----  -----   ------------------ 
      DataPath:compute:inst/DataPath:compute:in_wr_req.Push():mioi:inst/DataPath:compute:in_wr_req.Push():mioi:in_wr_req.Push():mio:wait_dp:inst/reg(in_wr_req.Push():mioi.bcwt)                                                                                  mgc_reg_pos_1_1_0_0_0_0_0                                                                                                                                                                                                                              0.3200 0.3200                     
      DataPath:compute:inst/DataPath:compute:in_wr_req.Push():mioi:inst/DataPath:compute:in_wr_req.Push():mioi:in_wr_req.Push():mio:wait_dp:inst/in_wr_req.Push():mioi.bcwt                                                                                                                                                                                                                                                                                                                                              0.0000 0.3200                     
      DataPath:compute:inst/DataPath:compute:in_wr_req.Push():mioi:inst/in_wr_req.Push():mioi.bcwt                                                                                                                                                                                                                                                                                                                                                                                                                       0.0000 0.3200                     
      DataPath:compute:inst/DataPath:compute:in_wr_req.Push():mioi:inst/DataPath:compute:in_wr_req.Push():mioi:in_wr_req.Push():mio:wait_ctrl:inst/in_wr_req.Push():mioi.bcwt                                                                                                                                                                                                                                                                                                                                            0.0000 0.3200                     
      DataPath:compute:inst/DataPath:compute:in_wr_req.Push():mioi:inst/DataPath:compute:in_wr_req.Push():mioi:in_wr_req.Push():mio:wait_ctrl:inst/while:for:for:for:if:not#1                                                                                     mgc_not_1                                                                                                                                                                                                                                              0.0000 0.3200                     
      DataPath:compute:inst/DataPath:compute:in_wr_req.Push():mioi:inst/DataPath:compute:in_wr_req.Push():mioi:in_wr_req.Push():mio:wait_ctrl:inst/while:for:for:for:if:not#1.itm                                                                                                                                                                                                                                                                                                                                        0.0000 0.3200                     
      DataPath:compute:inst/DataPath:compute:in_wr_req.Push():mioi:inst/DataPath:compute:in_wr_req.Push():mioi:in_wr_req.Push():mio:wait_ctrl:inst/while:for:for:for:if:and#3                                                                                     mgc_and_1_2                                                                                                                                                                                                                                            0.5500 0.8700                     
      DataPath:compute:inst/DataPath:compute:in_wr_req.Push():mioi:inst/DataPath:compute:in_wr_req.Push():mioi:in_wr_req.Push():mio:wait_ctrl:inst/in_wr_req.Push():mioi.ogwt                                                                                                                                                                                                                                                                                                                                            0.0000 0.8700                     
      DataPath:compute:inst/DataPath:compute:in_wr_req.Push():mioi:inst/DataPath:compute:in_wr_req.Push():mioi:in_wr_req.Push():mio:wait_ctrl:inst/while:for:for:for:if:and#1                                                                                     mgc_and_1_2                                                                                                                                                                                                                                            0.5500 1.4200                     
      DataPath:compute:inst/DataPath:compute:in_wr_req.Push():mioi:inst/DataPath:compute:in_wr_req.Push():mioi:in_wr_req.Push():mio:wait_ctrl:inst/in_wr_req.Push():mioi.biwt                                                                                                                                                                                                                                                                                                                                            0.0000 1.4200                     
      DataPath:compute:inst/DataPath:compute:in_wr_req.Push():mioi:inst/in_wr_req.Push():mioi.biwt                                                                                                                                                                                                                                                                                                                                                                                                                       0.0000 1.4200                     
      DataPath:compute:inst/DataPath:compute:in_wr_req.Push():mioi:inst/DataPath:compute:in_wr_req.Push():mioi:in_wr_req.Push():mio:wait_dp:inst/in_wr_req.Push():mioi.biwt                                                                                                                                                                                                                                                                                                                                              0.0000 1.4200                     
      DataPath:compute:inst/DataPath:compute:in_wr_req.Push():mioi:inst/DataPath:compute:in_wr_req.Push():mioi:in_wr_req.Push():mio:wait_dp:inst/while:for:for:for:if:or#1                                                                                        mgc_or_1_2                                                                                                                                                                                                                                             0.0000 1.4200                     
      DataPath:compute:inst/DataPath:compute:in_wr_req.Push():mioi:inst/DataPath:compute:in_wr_req.Push():mioi:in_wr_req.Push():mio:wait_dp:inst/in_wr_req.Push():mioi.bawt                                                                                                                                                                                                                                                                                                                                              0.0000 1.4200                     
      DataPath:compute:inst/DataPath:compute:in_wr_req.Push():mioi:inst/in_wr_req.Push():mioi.bawt                                                                                                                                                                                                                                                                                                                                                                                                                       0.0000 1.4200                     
      DataPath:compute:inst/in_wr_req.Push():mioi.bawt                                                                                                                                                                                                                                                                                                                                                                                                                                                                   0.0000 1.4200                     
      DataPath:compute:inst/or#114                                                                                                                                                                                                                                mgc_or_1_4                                                                                                                                                                                                                                             0.5500 1.9700                     
      DataPath:compute:inst/or.tmp#102                                                                                                                                                                                                                                                                                                                                                                                                                                                                                   0.0000 1.9700                     
      DataPath:compute:inst/not#358                                                                                                                                                                                                                               mgc_not_1                                                                                                                                                                                                                                              0.0000 1.9700                     
      DataPath:compute:inst/not#358.itm                                                                                                                                                                                                                                                                                                                                                                                                                                                                                  0.0000 1.9700                     
      DataPath:compute:inst/or#152                                                                                                                                                                                                                                mgc_or_1_3                                                                                                                                                                                                                                             0.5500 2.5200                     
      DataPath:compute:inst/or#152.itm                                                                                                                                                                                                                                                                                                                                                                                                                                                                                   0.0000 2.5200                     
      DataPath:compute:inst/mux#238                                                                                                                                                                                                                               mgc_mux_1_1_2                                                                                                                                                                                                                                          0.0800 2.6000                     
      DataPath:compute:inst/mux.tmp#238                                                                                                                                                                                                                                                                                                                                                                                                                                                                                  0.0000 2.6000                     
      DataPath:compute:inst/or#248                                                                                                                                                                                                                                mgc_or_1_4                                                                                                                                                                                                                                             0.5500 3.1500                     
      DataPath:compute:inst/or.dcpl#60                                                                                                                                                                                                                                                                                                                                                                                                                                                                                   0.0000 3.1500                     
      DataPath:compute:inst/and#281                                                                                                                                                                                                                               mgc_and_1_2                                                                                                                                                                                                                                            0.0000 3.1500                     
      DataPath:compute:inst/and#281.itm                                                                                                                                                                                                                                                                                                                                                                                                                                                                                  0.0000 3.1500                     
      DataPath:compute:inst/or#318                                                                                                                                                                                                                                mgc_or_1_2                                                                                                                                                                                                                                             0.5500 3.7000                     
      DataPath:compute:inst/or.tmp#244                                                                                                                                                                                                                                                                                                                                                                                                                                                                                   0.0000 3.7000                     
      DataPath:compute:inst/while:for:for:for:while:for:for:for:and#10                                                                                                                                                                                            mgc_and_1_2                                                                                                                                                                                                                                            0.0000 3.7000                     
      DataPath:compute:inst/while:for:for:for:while:for:for:for:and#10.itm                                                                                                                                                                                                                                                                                                                                                                                                                                               0.0000 3.7000                     
      DataPath:compute:inst/while:for:for:for:nor                                                                                                                                                                                                                 mgc_nor_1_4                                                                                                                                                                                                                                            0.5500 4.2500                     
      DataPath:compute:inst/while:for:for:for:nor.itm                                                                                                                                                                                                                                                                                                                                                                                                                                                                    0.0000 4.2500                     
      DataPath:compute:inst/while:for:for:for:and                                                                                                                                                                                                                 mgc_and_1_2                                                                                                                                                                                                                                            0.0000 4.2500                     
      DataPath:compute:inst/while:for:for:for:and.itm                                                                                                                                                                                                                                                                                                                                                                                                                                                                    0.0000 4.2500                     
      DataPath:compute:inst/nor                                                                                                                                                                                                                                   mgc_nor_1_4                                                                                                                                                                                                                                            0.5500 4.8000                     
      DataPath:compute:inst/nor.itm                                                                                                                                                                                                                                                                                                                                                                                                                                                                                      0.0000 4.8000                     
      DataPath:compute:inst/mux1h                                                                                                                                                                                                                                 mgc_mux1hot_1_3                                                                                                                                                                                                                                        0.5500 5.3500                     
      DataPath:compute:inst/mux1h.itm                                                                                                                                                                                                                                                                                                                                                                                                                                                                                    0.0000 5.3500                     
      DataPath:compute:inst/and#385                                                                                                                                                                                                                               mgc_and_1_2                                                                                                                                                                                                                                            0.5500 5.9000                     
      DataPath:compute:inst/and#385.rmff                                                                                                                                                                                                                                                                                                                                                                                                                                                                                 0.0000 5.9000                     
      DataPath:compute:inst/DataPath:compute:staller:inst/compute.flen:unreg                                                                                                                                                                                                                                                                                                                                                                                                                                             0.0000 5.9000                     
      DataPath:compute:inst/DataPath:compute:staller:inst/nand                                                                                                                                                                                                    mgc_nand_1_3                                                                                                                                                                                                                                           0.5500 6.4500                     
      DataPath:compute:inst/DataPath:compute:staller:inst/nand.itm                                                                                                                                                                                                                                                                                                                                                                                                                                                       0.0000 6.4500                     
      DataPath:compute:inst/DataPath:compute:staller:inst/and#3                                                                                                                                                                                                   mgc_and_1_5                                                                                                                                                                                                                                            0.0000 6.4500                     
      DataPath:compute:inst/DataPath:compute:staller:inst/compute.wen                                                                                                                                                                                                                                                                                                                                                                                                                                                    0.0000 6.4500                     
      DataPath:compute:inst/compute.wen                                                                                                                                                                                                                                                                                                                                                                                                                                                                                  0.0000 6.4500                     
      DataPath:compute:inst/DataPath:compute:conf_info_in.Pop():mioi:inst/compute.wen                                                                                                                                                                                                                                                                                                                                                                                                                                    0.0000 6.4500                     
      DataPath:compute:inst/DataPath:compute:conf_info_in.Pop():mioi:inst/DataPath:compute:conf_info_in.Pop():mioi:conf_info_in.Pop():mio:wait_ctrl:inst/compute.wen                                                                                                                                                                                                                                                                                                                                                     0.0000 6.4500                     
      DataPath:compute:inst/DataPath:compute:conf_info_in.Pop():mioi:inst/DataPath:compute:conf_info_in.Pop():mioi:conf_info_in.Pop():mio:wait_ctrl:inst/while:and#4                                                                                              mgc_and_1_2                                                                                                                                                                                                                                            0.5500 7.0000                     
      DataPath:compute:inst/DataPath:compute:conf_info_in.Pop():mioi:inst/DataPath:compute:conf_info_in.Pop():mioi:conf_info_in.Pop():mio:wait_ctrl:inst/conf_info_in.Pop():mioi.bdwt                                                                                                                                                                                                                                                                                                                                    0.0000 7.0000                     
      DataPath:compute:inst/DataPath:compute:conf_info_in.Pop():mioi:inst/conf_info_in.Pop():mioi.bdwt                                                                                                                                                                                                                                                                                                                                                                                                                   0.0000 7.0000                     
      DataPath:compute:inst/DataPath:compute:conf_info_in.Pop():mioi:inst/DataPath:compute:conf_info_in.Pop():mioi:conf_info_in.Pop():mio:wait_dp:inst/conf_info_in.Pop():mioi.bdwt                                                                                                                                                                                                                                                                                                                                      0.0000 7.0000                     
      DataPath:compute:inst/DataPath:compute:conf_info_in.Pop():mioi:inst/DataPath:compute:conf_info_in.Pop():mioi:conf_info_in.Pop():mio:wait_dp:inst/while:or#3                                                                                                 mgc_or_1_2                                                                                                                                                                                                                                             0.5500 7.5500                     
      DataPath:compute:inst/DataPath:compute:conf_info_in.Pop():mioi:inst/DataPath:compute:conf_info_in.Pop():mioi:conf_info_in.Pop():mio:wait_dp:inst/conf_info_in.Pop():mioi.iden                                                                                                                                                                                                                                                                                                                                      0.0000 7.5500                     
      DataPath:compute:inst/DataPath:compute:conf_info_in.Pop():mioi:inst/conf_info_in.Pop():mioi.iden                                                                                                                                                                                                                                                                                                                                                                                                                   0.0000 7.5500                     
      DataPath:compute:inst/conf_info_in.Pop():mioi.iden                                                                                                                                                                                                                                                                                                                                                                                                                                                                 0.0000 7.5500                     
      DataPath:compute:inst/DataPath:compute:staller:inst/conf_info_in.Pop():mioi.iden                                                                                                                                                                                                                                                                                                                                                                                                                                   0.0000 7.5500                     
      DataPath:compute:inst/DataPath:compute:staller:inst/nor                                                                                                                                                                                                     mgc_nor_1_6                                                                                                                                                                                                                                            0.5500 8.1000                     
      DataPath:compute:inst/DataPath:compute:staller:inst/nor.itm                                                                                                                                                                                                                                                                                                                                                                                                                                                        0.0000 8.1000                     
      DataPath:compute:inst/DataPath:compute:staller:inst/and                                                                                                                                                                                                     mgc_and_1_2                                                                                                                                                                                                                                            0.5500 8.6500                     
      DataPath:compute:inst/DataPath:compute:staller:inst/and.itm                                                                                                                                                                                                                                                                                                                                                                                                                                                        0.0000 8.6500                     
      DataPath:compute:inst/DataPath:compute:staller:inst/reg(compute.flen_shf)#1                                                                                                                                                                                 mgc_reg_pos_1_1_0_0_0_0_0                                                                                                                                                                                                                              0.0000 8.6500                     
                                                                                                                                                                                                                                                                                                                                                                                                                                                                                                                                                           
    3                                                                                                                                                                                                                                                             DataPath:compute:inst/DataPath:compute:in_wr_req.Push():mioi:inst/DataPath:compute:in_wr_req.Push():mioi:in_wr_req.Push():mio:wait_dp:inst/reg(in_wr_req.Push():mioi.bcwt) DataPath:compute:inst/DataPath:compute:staller:inst/reg(compute.flen_shf)#1 8.6500 -3.6500                    
                                                                                                                                                                                                                                                                                                                                                                                                                                                                                                                                                           
      Instance                                                                                                                                                                                                                                                    Component                                                                                                                                                                                                                                              Delta  Delay   [MIN, MAX]         
      --------                                                                                                                                                                                                                                                    ---------                                                                                                                                                                                                                                              -----  -----   ------------------ 
      DataPath:compute:inst/DataPath:compute:in_wr_req.Push():mioi:inst/DataPath:compute:in_wr_req.Push():mioi:in_wr_req.Push():mio:wait_dp:inst/reg(in_wr_req.Push():mioi.bcwt)                                                                                  mgc_reg_pos_1_1_0_0_0_0_0                                                                                                                                                                                                                              0.3200 0.3200                     
      DataPath:compute:inst/DataPath:compute:in_wr_req.Push():mioi:inst/DataPath:compute:in_wr_req.Push():mioi:in_wr_req.Push():mio:wait_dp:inst/in_wr_req.Push():mioi.bcwt                                                                                                                                                                                                                                                                                                                                              0.0000 0.3200                     
      DataPath:compute:inst/DataPath:compute:in_wr_req.Push():mioi:inst/in_wr_req.Push():mioi.bcwt                                                                                                                                                                                                                                                                                                                                                                                                                       0.0000 0.3200                     
      DataPath:compute:inst/DataPath:compute:in_wr_req.Push():mioi:inst/DataPath:compute:in_wr_req.Push():mioi:in_wr_req.Push():mio:wait_ctrl:inst/in_wr_req.Push():mioi.bcwt                                                                                                                                                                                                                                                                                                                                            0.0000 0.3200                     
      DataPath:compute:inst/DataPath:compute:in_wr_req.Push():mioi:inst/DataPath:compute:in_wr_req.Push():mioi:in_wr_req.Push():mio:wait_ctrl:inst/while:for:for:for:if:not#1                                                                                     mgc_not_1                                                                                                                                                                                                                                              0.0000 0.3200                     
      DataPath:compute:inst/DataPath:compute:in_wr_req.Push():mioi:inst/DataPath:compute:in_wr_req.Push():mioi:in_wr_req.Push():mio:wait_ctrl:inst/while:for:for:for:if:not#1.itm                                                                                                                                                                                                                                                                                                                                        0.0000 0.3200                     
      DataPath:compute:inst/DataPath:compute:in_wr_req.Push():mioi:inst/DataPath:compute:in_wr_req.Push():mioi:in_wr_req.Push():mio:wait_ctrl:inst/while:for:for:for:if:and#3                                                                                     mgc_and_1_2                                                                                                                                                                                                                                            0.5500 0.8700                     
      DataPath:compute:inst/DataPath:compute:in_wr_req.Push():mioi:inst/DataPath:compute:in_wr_req.Push():mioi:in_wr_req.Push():mio:wait_ctrl:inst/in_wr_req.Push():mioi.ogwt                                                                                                                                                                                                                                                                                                                                            0.0000 0.8700                     
      DataPath:compute:inst/DataPath:compute:in_wr_req.Push():mioi:inst/DataPath:compute:in_wr_req.Push():mioi:in_wr_req.Push():mio:wait_ctrl:inst/while:for:for:for:if:and#1                                                                                     mgc_and_1_2                                                                                                                                                                                                                                            0.5500 1.4200                     
      DataPath:compute:inst/DataPath:compute:in_wr_req.Push():mioi:inst/DataPath:compute:in_wr_req.Push():mioi:in_wr_req.Push():mio:wait_ctrl:inst/in_wr_req.Push():mioi.biwt                                                                                                                                                                                                                                                                                                                                            0.0000 1.4200                     
      DataPath:compute:inst/DataPath:compute:in_wr_req.Push():mioi:inst/in_wr_req.Push():mioi.biwt                                                                                                                                                                                                                                                                                                                                                                                                                       0.0000 1.4200                     
      DataPath:compute:inst/DataPath:compute:in_wr_req.Push():mioi:inst/DataPath:compute:in_wr_req.Push():mioi:in_wr_req.Push():mio:wait_dp:inst/in_wr_req.Push():mioi.biwt                                                                                                                                                                                                                                                                                                                                              0.0000 1.4200                     
      DataPath:compute:inst/DataPath:compute:in_wr_req.Push():mioi:inst/DataPath:compute:in_wr_req.Push():mioi:in_wr_req.Push():mio:wait_dp:inst/while:for:for:for:if:or#1                                                                                        mgc_or_1_2                                                                                                                                                                                                                                             0.0000 1.4200                     
      DataPath:compute:inst/DataPath:compute:in_wr_req.Push():mioi:inst/DataPath:compute:in_wr_req.Push():mioi:in_wr_req.Push():mio:wait_dp:inst/in_wr_req.Push():mioi.bawt                                                                                                                                                                                                                                                                                                                                              0.0000 1.4200                     
      DataPath:compute:inst/DataPath:compute:in_wr_req.Push():mioi:inst/in_wr_req.Push():mioi.bawt                                                                                                                                                                                                                                                                                                                                                                                                                       0.0000 1.4200                     
      DataPath:compute:inst/in_wr_req.Push():mioi.bawt                                                                                                                                                                                                                                                                                                                                                                                                                                                                   0.0000 1.4200                     
      DataPath:compute:inst/or#114                                                                                                                                                                                                                                mgc_or_1_4                                                                                                                                                                                                                                             0.5500 1.9700                     
      DataPath:compute:inst/or.tmp#102                                                                                                                                                                                                                                                                                                                                                                                                                                                                                   0.0000 1.9700                     
      DataPath:compute:inst/not#358                                                                                                                                                                                                                               mgc_not_1                                                                                                                                                                                                                                              0.0000 1.9700                     
      DataPath:compute:inst/not#358.itm                                                                                                                                                                                                                                                                                                                                                                                                                                                                                  0.0000 1.9700                     
      DataPath:compute:inst/or#152                                                                                                                                                                                                                                mgc_or_1_3                                                                                                                                                                                                                                             0.5500 2.5200                     
      DataPath:compute:inst/or#152.itm                                                                                                                                                                                                                                                                                                                                                                                                                                                                                   0.0000 2.5200                     
      DataPath:compute:inst/mux#238                                                                                                                                                                                                                               mgc_mux_1_1_2                                                                                                                                                                                                                                          0.0800 2.6000                     
      DataPath:compute:inst/mux.tmp#238                                                                                                                                                                                                                                                                                                                                                                                                                                                                                  0.0000 2.6000                     
      DataPath:compute:inst/or#248                                                                                                                                                                                                                                mgc_or_1_4                                                                                                                                                                                                                                             0.5500 3.1500                     
      DataPath:compute:inst/or.dcpl#60                                                                                                                                                                                                                                                                                                                                                                                                                                                                                   0.0000 3.1500                     
      DataPath:compute:inst/and#281                                                                                                                                                                                                                               mgc_and_1_2                                                                                                                                                                                                                                            0.0000 3.1500                     
      DataPath:compute:inst/and#281.itm                                                                                                                                                                                                                                                                                                                                                                                                                                                                                  0.0000 3.1500                     
      DataPath:compute:inst/or#318                                                                                                                                                                                                                                mgc_or_1_2                                                                                                                                                                                                                                             0.5500 3.7000                     
      DataPath:compute:inst/or.tmp#244                                                                                                                                                                                                                                                                                                                                                                                                                                                                                   0.0000 3.7000                     
      DataPath:compute:inst/while:for:for:for:while:for:for:for:and#10                                                                                                                                                                                            mgc_and_1_2                                                                                                                                                                                                                                            0.0000 3.7000                     
      DataPath:compute:inst/while:for:for:for:while:for:for:for:and#10.itm                                                                                                                                                                                                                                                                                                                                                                                                                                               0.0000 3.7000                     
      DataPath:compute:inst/while:for:for:for:nor                                                                                                                                                                                                                 mgc_nor_1_4                                                                                                                                                                                                                                            0.5500 4.2500                     
      DataPath:compute:inst/while:for:for:for:nor.itm                                                                                                                                                                                                                                                                                                                                                                                                                                                                    0.0000 4.2500                     
      DataPath:compute:inst/while:for:for:for:and                                                                                                                                                                                                                 mgc_and_1_2                                                                                                                                                                                                                                            0.0000 4.2500                     
      DataPath:compute:inst/while:for:for:for:and.itm                                                                                                                                                                                                                                                                                                                                                                                                                                                                    0.0000 4.2500                     
      DataPath:compute:inst/nor                                                                                                                                                                                                                                   mgc_nor_1_4                                                                                                                                                                                                                                            0.5500 4.8000                     
      DataPath:compute:inst/nor.itm                                                                                                                                                                                                                                                                                                                                                                                                                                                                                      0.0000 4.8000                     
      DataPath:compute:inst/mux1h                                                                                                                                                                                                                                 mgc_mux1hot_1_3                                                                                                                                                                                                                                        0.5500 5.3500                     
      DataPath:compute:inst/mux1h.itm                                                                                                                                                                                                                                                                                                                                                                                                                                                                                    0.0000 5.3500                     
      DataPath:compute:inst/and#385                                                                                                                                                                                                                               mgc_and_1_2                                                                                                                                                                                                                                            0.5500 5.9000                     
      DataPath:compute:inst/and#385.rmff                                                                                                                                                                                                                                                                                                                                                                                                                                                                                 0.0000 5.9000                     
      DataPath:compute:inst/DataPath:compute:staller:inst/compute.flen:unreg                                                                                                                                                                                                                                                                                                                                                                                                                                             0.0000 5.9000                     
      DataPath:compute:inst/DataPath:compute:staller:inst/nand                                                                                                                                                                                                    mgc_nand_1_3                                                                                                                                                                                                                                           0.5500 6.4500                     
      DataPath:compute:inst/DataPath:compute:staller:inst/nand.itm                                                                                                                                                                                                                                                                                                                                                                                                                                                       0.0000 6.4500                     
      DataPath:compute:inst/DataPath:compute:staller:inst/and#3                                                                                                                                                                                                   mgc_and_1_5                                                                                                                                                                                                                                            0.0000 6.4500                     
      DataPath:compute:inst/DataPath:compute:staller:inst/compute.wen                                                                                                                                                                                                                                                                                                                                                                                                                                                    0.0000 6.4500                     
      DataPath:compute:inst/compute.wen                                                                                                                                                                                                                                                                                                                                                                                                                                                                                  0.0000 6.4500                     
      DataPath:compute:inst/DataPath:compute:while:for:for:for:while:for:for:for:mul:cmp:inst/compute.wen                                                                                                                                                                                                                                                                                                                                                                                                                0.0000 6.4500                     
      DataPath:compute:inst/DataPath:compute:while:for:for:for:while:for:for:for:mul:cmp:inst/DataPath:compute:while:for:for:for:while:for:for:for:mul:cmp:mgc_mul_pipe(32,1,32,1,48,1,1,0,0,2,2):wait_ctrl:inst/compute.wen                                                                                                                                                                                                                                                                                             0.0000 6.4500                     
      DataPath:compute:inst/DataPath:compute:while:for:for:for:while:for:for:for:mul:cmp:inst/DataPath:compute:while:for:for:for:while:for:for:for:mul:cmp:mgc_mul_pipe(32,1,32,1,48,1,1,0,0,2,2):wait_ctrl:inst/while:for:for:for:and#4                          mgc_and_1_2                                                                                                                                                                                                                                            0.5500 7.0000                     
      DataPath:compute:inst/DataPath:compute:while:for:for:for:while:for:for:for:mul:cmp:inst/DataPath:compute:while:for:for:for:while:for:for:for:mul:cmp:mgc_mul_pipe(32,1,32,1,48,1,1,0,0,2,2):wait_ctrl:inst/while:for:for:for:while:for:for:for:mul:cmp.bdwt                                                                                                                                                                                                                                                        0.0000 7.0000                     
      DataPath:compute:inst/DataPath:compute:while:for:for:for:while:for:for:for:mul:cmp:inst/while:for:for:for:while:for:for:for:mul:cmp.bdwt                                                                                                                                                                                                                                                                                                                                                                           0.0000 7.0000                     
      DataPath:compute:inst/DataPath:compute:while:for:for:for:while:for:for:for:mul:cmp:inst/DataPath:compute:while:for:for:for:while:for:for:for:mul:cmp:mgc_mul_pipe(32,1,32,1,48,1,1,0,0,2,2):wait_dp:inst/while:for:for:for:while:for:for:for:mul:cmp.bdwt                                                                                                                                                                                                                                                          0.0000 7.0000                     
      DataPath:compute:inst/DataPath:compute:while:for:for:for:while:for:for:for:mul:cmp:inst/DataPath:compute:while:for:for:for:while:for:for:for:mul:cmp:mgc_mul_pipe(32,1,32,1,48,1,1,0,0,2,2):wait_dp:inst/while:for:for:for:or#3                             mgc_or_1_2                                                                                                                                                                                                                                             0.5500 7.5500                     
      DataPath:compute:inst/DataPath:compute:while:for:for:for:while:for:for:for:mul:cmp:inst/DataPath:compute:while:for:for:for:while:for:for:for:mul:cmp:mgc_mul_pipe(32,1,32,1,48,1,1,0,0,2,2):wait_dp:inst/while:for:for:for:while:for:for:for:mul:cmp.iden                                                                                                                                                                                                                                                          0.0000 7.5500                     
      DataPath:compute:inst/DataPath:compute:while:for:for:for:while:for:for:for:mul:cmp:inst/while:for:for:for:while:for:for:for:mul:cmp.iden                                                                                                                                                                                                                                                                                                                                                                           0.0000 7.5500                     
      DataPath:compute:inst/while:for:for:for:while:for:for:for:mul:cmp.iden                                                                                                                                                                                                                                                                                                                                                                                                                                             0.0000 7.5500                     
      DataPath:compute:inst/DataPath:compute:staller:inst/while:for:for:for:while:for:for:for:mul:cmp.iden                                                                                                                                                                                                                                                                                                                                                                                                               0.0000 7.5500                     
      DataPath:compute:inst/DataPath:compute:staller:inst/nor                                                                                                                                                                                                     mgc_nor_1_6                                                                                                                                                                                                                                            0.5500 8.1000                     
      DataPath:compute:inst/DataPath:compute:staller:inst/nor.itm                                                                                                                                                                                                                                                                                                                                                                                                                                                        0.0000 8.1000                     
      DataPath:compute:inst/DataPath:compute:staller:inst/and                                                                                                                                                                                                     mgc_and_1_2                                                                                                                                                                                                                                            0.5500 8.6500                     
      DataPath:compute:inst/DataPath:compute:staller:inst/and.itm                                                                                                                                                                                                                                                                                                                                                                                                                                                        0.0000 8.6500                     
      DataPath:compute:inst/DataPath:compute:staller:inst/reg(compute.flen_shf)#1                                                                                                                                                                                 mgc_reg_pos_1_1_0_0_0_0_0                                                                                                                                                                                                                              0.0000 8.6500                     
                                                                                                                                                                                                                                                                                                                                                                                                                                                                                                                                                           
    4                                                                                                                                                                                                                                                             DataPath:compute:inst/DataPath:compute:in_wr_req.Push():mioi:inst/DataPath:compute:in_wr_req.Push():mioi:in_wr_req.Push():mio:wait_dp:inst/reg(in_wr_req.Push():mioi.bcwt) DataPath:compute:inst/DataPath:compute:staller:inst/reg(compute.flen_shf)#1 8.6500 -3.6500                    
                                                                                                                                                                                                                                                                                                                                                                                                                                                                                                                                                           
      Instance                                                                                                                                                                                                                                                    Component                                                                                                                                                                                                                                              Delta  Delay   [MIN, MAX]         
      --------                                                                                                                                                                                                                                                    ---------                                                                                                                                                                                                                                              -----  -----   ------------------ 
      DataPath:compute:inst/DataPath:compute:in_wr_req.Push():mioi:inst/DataPath:compute:in_wr_req.Push():mioi:in_wr_req.Push():mio:wait_dp:inst/reg(in_wr_req.Push():mioi.bcwt)                                                                                  mgc_reg_pos_1_1_0_0_0_0_0                                                                                                                                                                                                                              0.3200 0.3200                     
      DataPath:compute:inst/DataPath:compute:in_wr_req.Push():mioi:inst/DataPath:compute:in_wr_req.Push():mioi:in_wr_req.Push():mio:wait_dp:inst/in_wr_req.Push():mioi.bcwt                                                                                                                                                                                                                                                                                                                                              0.0000 0.3200                     
      DataPath:compute:inst/DataPath:compute:in_wr_req.Push():mioi:inst/in_wr_req.Push():mioi.bcwt                                                                                                                                                                                                                                                                                                                                                                                                                       0.0000 0.3200                     
      DataPath:compute:inst/DataPath:compute:in_wr_req.Push():mioi:inst/DataPath:compute:in_wr_req.Push():mioi:in_wr_req.Push():mio:wait_ctrl:inst/in_wr_req.Push():mioi.bcwt                                                                                                                                                                                                                                                                                                                                            0.0000 0.3200                     
      DataPath:compute:inst/DataPath:compute:in_wr_req.Push():mioi:inst/DataPath:compute:in_wr_req.Push():mioi:in_wr_req.Push():mio:wait_ctrl:inst/while:for:for:for:if:not#1                                                                                     mgc_not_1                                                                                                                                                                                                                                              0.0000 0.3200                     
      DataPath:compute:inst/DataPath:compute:in_wr_req.Push():mioi:inst/DataPath:compute:in_wr_req.Push():mioi:in_wr_req.Push():mio:wait_ctrl:inst/while:for:for:for:if:not#1.itm                                                                                                                                                                                                                                                                                                                                        0.0000 0.3200                     
      DataPath:compute:inst/DataPath:compute:in_wr_req.Push():mioi:inst/DataPath:compute:in_wr_req.Push():mioi:in_wr_req.Push():mio:wait_ctrl:inst/while:for:for:for:if:and#3                                                                                     mgc_and_1_2                                                                                                                                                                                                                                            0.5500 0.8700                     
      DataPath:compute:inst/DataPath:compute:in_wr_req.Push():mioi:inst/DataPath:compute:in_wr_req.Push():mioi:in_wr_req.Push():mio:wait_ctrl:inst/in_wr_req.Push():mioi.ogwt                                                                                                                                                                                                                                                                                                                                            0.0000 0.8700                     
      DataPath:compute:inst/DataPath:compute:in_wr_req.Push():mioi:inst/DataPath:compute:in_wr_req.Push():mioi:in_wr_req.Push():mio:wait_ctrl:inst/while:for:for:for:if:and#1                                                                                     mgc_and_1_2                                                                                                                                                                                                                                            0.5500 1.4200                     
      DataPath:compute:inst/DataPath:compute:in_wr_req.Push():mioi:inst/DataPath:compute:in_wr_req.Push():mioi:in_wr_req.Push():mio:wait_ctrl:inst/in_wr_req.Push():mioi.biwt                                                                                                                                                                                                                                                                                                                                            0.0000 1.4200                     
      DataPath:compute:inst/DataPath:compute:in_wr_req.Push():mioi:inst/in_wr_req.Push():mioi.biwt                                                                                                                                                                                                                                                                                                                                                                                                                       0.0000 1.4200                     
      DataPath:compute:inst/DataPath:compute:in_wr_req.Push():mioi:inst/DataPath:compute:in_wr_req.Push():mioi:in_wr_req.Push():mio:wait_dp:inst/in_wr_req.Push():mioi.biwt                                                                                                                                                                                                                                                                                                                                              0.0000 1.4200                     
      DataPath:compute:inst/DataPath:compute:in_wr_req.Push():mioi:inst/DataPath:compute:in_wr_req.Push():mioi:in_wr_req.Push():mio:wait_dp:inst/while:for:for:for:if:or#1                                                                                        mgc_or_1_2                                                                                                                                                                                                                                             0.0000 1.4200                     
      DataPath:compute:inst/DataPath:compute:in_wr_req.Push():mioi:inst/DataPath:compute:in_wr_req.Push():mioi:in_wr_req.Push():mio:wait_dp:inst/in_wr_req.Push():mioi.bawt                                                                                                                                                                                                                                                                                                                                              0.0000 1.4200                     
      DataPath:compute:inst/DataPath:compute:in_wr_req.Push():mioi:inst/in_wr_req.Push():mioi.bawt                                                                                                                                                                                                                                                                                                                                                                                                                       0.0000 1.4200                     
      DataPath:compute:inst/in_wr_req.Push():mioi.bawt                                                                                                                                                                                                                                                                                                                                                                                                                                                                   0.0000 1.4200                     
      DataPath:compute:inst/or#114                                                                                                                                                                                                                                mgc_or_1_4                                                                                                                                                                                                                                             0.5500 1.9700                     
      DataPath:compute:inst/or.tmp#102                                                                                                                                                                                                                                                                                                                                                                                                                                                                                   0.0000 1.9700                     
      DataPath:compute:inst/not#358                                                                                                                                                                                                                               mgc_not_1                                                                                                                                                                                                                                              0.0000 1.9700                     
      DataPath:compute:inst/not#358.itm                                                                                                                                                                                                                                                                                                                                                                                                                                                                                  0.0000 1.9700                     
      DataPath:compute:inst/or#152                                                                                                                                                                                                                                mgc_or_1_3                                                                                                                                                                                                                                             0.5500 2.5200                     
      DataPath:compute:inst/or#152.itm                                                                                                                                                                                                                                                                                                                                                                                                                                                                                   0.0000 2.5200                     
      DataPath:compute:inst/mux#238                                                                                                                                                                                                                               mgc_mux_1_1_2                                                                                                                                                                                                                                          0.0800 2.6000                     
      DataPath:compute:inst/mux.tmp#238                                                                                                                                                                                                                                                                                                                                                                                                                                                                                  0.0000 2.6000                     
      DataPath:compute:inst/or#248                                                                                                                                                                                                                                mgc_or_1_4                                                                                                                                                                                                                                             0.5500 3.1500                     
      DataPath:compute:inst/or.dcpl#60                                                                                                                                                                                                                                                                                                                                                                                                                                                                                   0.0000 3.1500                     
      DataPath:compute:inst/and#281                                                                                                                                                                                                                               mgc_and_1_2                                                                                                                                                                                                                                            0.0000 3.1500                     
      DataPath:compute:inst/and#281.itm                                                                                                                                                                                                                                                                                                                                                                                                                                                                                  0.0000 3.1500                     
      DataPath:compute:inst/or#318                                                                                                                                                                                                                                mgc_or_1_2                                                                                                                                                                                                                                             0.5500 3.7000                     
      DataPath:compute:inst/or.tmp#244                                                                                                                                                                                                                                                                                                                                                                                                                                                                                   0.0000 3.7000                     
      DataPath:compute:inst/while:for:for:for:while:for:for:for:and#10                                                                                                                                                                                            mgc_and_1_2                                                                                                                                                                                                                                            0.0000 3.7000                     
      DataPath:compute:inst/while:for:for:for:while:for:for:for:and#10.itm                                                                                                                                                                                                                                                                                                                                                                                                                                               0.0000 3.7000                     
      DataPath:compute:inst/while:for:for:for:nor                                                                                                                                                                                                                 mgc_nor_1_4                                                                                                                                                                                                                                            0.5500 4.2500                     
      DataPath:compute:inst/while:for:for:for:nor.itm                                                                                                                                                                                                                                                                                                                                                                                                                                                                    0.0000 4.2500                     
      DataPath:compute:inst/while:for:for:for:and                                                                                                                                                                                                                 mgc_and_1_2                                                                                                                                                                                                                                            0.0000 4.2500                     
      DataPath:compute:inst/while:for:for:for:and.itm                                                                                                                                                                                                                                                                                                                                                                                                                                                                    0.0000 4.2500                     
      DataPath:compute:inst/nor                                                                                                                                                                                                                                   mgc_nor_1_4                                                                                                                                                                                                                                            0.5500 4.8000                     
      DataPath:compute:inst/nor.itm                                                                                                                                                                                                                                                                                                                                                                                                                                                                                      0.0000 4.8000                     
      DataPath:compute:inst/mux1h                                                                                                                                                                                                                                 mgc_mux1hot_1_3                                                                                                                                                                                                                                        0.5500 5.3500                     
      DataPath:compute:inst/mux1h.itm                                                                                                                                                                                                                                                                                                                                                                                                                                                                                    0.0000 5.3500                     
      DataPath:compute:inst/and#385                                                                                                                                                                                                                               mgc_and_1_2                                                                                                                                                                                                                                            0.5500 5.9000                     
      DataPath:compute:inst/and#385.rmff                                                                                                                                                                                                                                                                                                                                                                                                                                                                                 0.0000 5.9000                     
      DataPath:compute:inst/DataPath:compute:staller:inst/compute.flen:unreg                                                                                                                                                                                                                                                                                                                                                                                                                                             0.0000 5.9000                     
      DataPath:compute:inst/DataPath:compute:staller:inst/nand                                                                                                                                                                                                    mgc_nand_1_3                                                                                                                                                                                                                                           0.5500 6.4500                     
      DataPath:compute:inst/DataPath:compute:staller:inst/nand.itm                                                                                                                                                                                                                                                                                                                                                                                                                                                       0.0000 6.4500                     
      DataPath:compute:inst/DataPath:compute:staller:inst/and#3                                                                                                                                                                                                   mgc_and_1_5                                                                                                                                                                                                                                            0.0000 6.4500                     
      DataPath:compute:inst/DataPath:compute:staller:inst/compute.wen                                                                                                                                                                                                                                                                                                                                                                                                                                                    0.0000 6.4500                     
      DataPath:compute:inst/compute.wen                                                                                                                                                                                                                                                                                                                                                                                                                                                                                  0.0000 6.4500                     
      DataPath:compute:inst/DataPath:compute:in_rd_rsp.Pop():mioi:inst/compute.wen                                                                                                                                                                                                                                                                                                                                                                                                                                       0.0000 6.4500                     
      DataPath:compute:inst/DataPath:compute:in_rd_rsp.Pop():mioi:inst/DataPath:compute:in_rd_rsp.Pop():mioi:in_rd_rsp.Pop():mio:wait_ctrl:inst/compute.wen                                                                                                                                                                                                                                                                                                                                                              0.0000 6.4500                     
      DataPath:compute:inst/DataPath:compute:in_rd_rsp.Pop():mioi:inst/DataPath:compute:in_rd_rsp.Pop():mioi:in_rd_rsp.Pop():mio:wait_ctrl:inst/while:for:for:for:and                                                                                             mgc_and_1_2                                                                                                                                                                                                                                            0.5500 7.0000                     
      DataPath:compute:inst/DataPath:compute:in_rd_rsp.Pop():mioi:inst/DataPath:compute:in_rd_rsp.Pop():mioi:in_rd_rsp.Pop():mio:wait_ctrl:inst/in_rd_rsp.Pop():mioi.bdwt                                                                                                                                                                                                                                                                                                                                                0.0000 7.0000                     
      DataPath:compute:inst/DataPath:compute:in_rd_rsp.Pop():mioi:inst/in_rd_rsp.Pop():mioi.bdwt                                                                                                                                                                                                                                                                                                                                                                                                                         0.0000 7.0000                     
      DataPath:compute:inst/DataPath:compute:in_rd_rsp.Pop():mioi:inst/DataPath:compute:in_rd_rsp.Pop():mioi:in_rd_rsp.Pop():mio:wait_dp:inst/in_rd_rsp.Pop():mioi.bdwt                                                                                                                                                                                                                                                                                                                                                  0.0000 7.0000                     
      DataPath:compute:inst/DataPath:compute:in_rd_rsp.Pop():mioi:inst/DataPath:compute:in_rd_rsp.Pop():mioi:in_rd_rsp.Pop():mio:wait_dp:inst/while:for:for:for:or                                                                                                mgc_or_1_2                                                                                                                                                                                                                                             0.5500 7.5500                     
      DataPath:compute:inst/DataPath:compute:in_rd_rsp.Pop():mioi:inst/DataPath:compute:in_rd_rsp.Pop():mioi:in_rd_rsp.Pop():mio:wait_dp:inst/in_rd_rsp.Pop():mioi.iden                                                                                                                                                                                                                                                                                                                                                  0.0000 7.5500                     
      DataPath:compute:inst/DataPath:compute:in_rd_rsp.Pop():mioi:inst/in_rd_rsp.Pop():mioi.iden                                                                                                                                                                                                                                                                                                                                                                                                                         0.0000 7.5500                     
      DataPath:compute:inst/in_rd_rsp.Pop():mioi.iden                                                                                                                                                                                                                                                                                                                                                                                                                                                                    0.0000 7.5500                     
      DataPath:compute:inst/DataPath:compute:staller:inst/in_rd_rsp.Pop():mioi.iden                                                                                                                                                                                                                                                                                                                                                                                                                                      0.0000 7.5500                     
      DataPath:compute:inst/DataPath:compute:staller:inst/nor                                                                                                                                                                                                     mgc_nor_1_6                                                                                                                                                                                                                                            0.5500 8.1000                     
      DataPath:compute:inst/DataPath:compute:staller:inst/nor.itm                                                                                                                                                                                                                                                                                                                                                                                                                                                        0.0000 8.1000                     
      DataPath:compute:inst/DataPath:compute:staller:inst/and                                                                                                                                                                                                     mgc_and_1_2                                                                                                                                                                                                                                            0.5500 8.6500                     
      DataPath:compute:inst/DataPath:compute:staller:inst/and.itm                                                                                                                                                                                                                                                                                                                                                                                                                                                        0.0000 8.6500                     
      DataPath:compute:inst/DataPath:compute:staller:inst/reg(compute.flen_shf)#1                                                                                                                                                                                 mgc_reg_pos_1_1_0_0_0_0_0                                                                                                                                                                                                                              0.0000 8.6500                     
                                                                                                                                                                                                                                                                                                                                                                                                                                                                                                                                                           
    5                                                                                                                                                                                                                                                             DataPath:compute:inst/DataPath:compute:in_wr_req.Push():mioi:inst/DataPath:compute:in_wr_req.Push():mioi:in_wr_req.Push():mio:wait_dp:inst/reg(in_wr_req.Push():mioi.bcwt) DataPath:compute:inst/DataPath:compute:staller:inst/reg(compute.flen_shf)#1 8.6500 -3.6500                    
                                                                                                                                                                                                                                                                                                                                                                                                                                                                                                                                                           
      Instance                                                                                                                                                                                                                                                    Component                                                                                                                                                                                                                                              Delta  Delay   [MIN, MAX]         
      --------                                                                                                                                                                                                                                                    ---------                                                                                                                                                                                                                                              -----  -----   ------------------ 
      DataPath:compute:inst/DataPath:compute:in_wr_req.Push():mioi:inst/DataPath:compute:in_wr_req.Push():mioi:in_wr_req.Push():mio:wait_dp:inst/reg(in_wr_req.Push():mioi.bcwt)                                                                                  mgc_reg_pos_1_1_0_0_0_0_0                                                                                                                                                                                                                              0.3200 0.3200                     
      DataPath:compute:inst/DataPath:compute:in_wr_req.Push():mioi:inst/DataPath:compute:in_wr_req.Push():mioi:in_wr_req.Push():mio:wait_dp:inst/in_wr_req.Push():mioi.bcwt                                                                                                                                                                                                                                                                                                                                              0.0000 0.3200                     
      DataPath:compute:inst/DataPath:compute:in_wr_req.Push():mioi:inst/in_wr_req.Push():mioi.bcwt                                                                                                                                                                                                                                                                                                                                                                                                                       0.0000 0.3200                     
      DataPath:compute:inst/DataPath:compute:in_wr_req.Push():mioi:inst/DataPath:compute:in_wr_req.Push():mioi:in_wr_req.Push():mio:wait_ctrl:inst/in_wr_req.Push():mioi.bcwt                                                                                                                                                                                                                                                                                                                                            0.0000 0.3200                     
      DataPath:compute:inst/DataPath:compute:in_wr_req.Push():mioi:inst/DataPath:compute:in_wr_req.Push():mioi:in_wr_req.Push():mio:wait_ctrl:inst/while:for:for:for:if:not#1                                                                                     mgc_not_1                                                                                                                                                                                                                                              0.0000 0.3200                     
      DataPath:compute:inst/DataPath:compute:in_wr_req.Push():mioi:inst/DataPath:compute:in_wr_req.Push():mioi:in_wr_req.Push():mio:wait_ctrl:inst/while:for:for:for:if:not#1.itm                                                                                                                                                                                                                                                                                                                                        0.0000 0.3200                     
      DataPath:compute:inst/DataPath:compute:in_wr_req.Push():mioi:inst/DataPath:compute:in_wr_req.Push():mioi:in_wr_req.Push():mio:wait_ctrl:inst/while:for:for:for:if:and#3                                                                                     mgc_and_1_2                                                                                                                                                                                                                                            0.5500 0.8700                     
      DataPath:compute:inst/DataPath:compute:in_wr_req.Push():mioi:inst/DataPath:compute:in_wr_req.Push():mioi:in_wr_req.Push():mio:wait_ctrl:inst/in_wr_req.Push():mioi.ogwt                                                                                                                                                                                                                                                                                                                                            0.0000 0.8700                     
      DataPath:compute:inst/DataPath:compute:in_wr_req.Push():mioi:inst/DataPath:compute:in_wr_req.Push():mioi:in_wr_req.Push():mio:wait_ctrl:inst/while:for:for:for:if:and#1                                                                                     mgc_and_1_2                                                                                                                                                                                                                                            0.5500 1.4200                     
      DataPath:compute:inst/DataPath:compute:in_wr_req.Push():mioi:inst/DataPath:compute:in_wr_req.Push():mioi:in_wr_req.Push():mio:wait_ctrl:inst/in_wr_req.Push():mioi.biwt                                                                                                                                                                                                                                                                                                                                            0.0000 1.4200                     
      DataPath:compute:inst/DataPath:compute:in_wr_req.Push():mioi:inst/in_wr_req.Push():mioi.biwt                                                                                                                                                                                                                                                                                                                                                                                                                       0.0000 1.4200                     
      DataPath:compute:inst/DataPath:compute:in_wr_req.Push():mioi:inst/DataPath:compute:in_wr_req.Push():mioi:in_wr_req.Push():mio:wait_dp:inst/in_wr_req.Push():mioi.biwt                                                                                                                                                                                                                                                                                                                                              0.0000 1.4200                     
      DataPath:compute:inst/DataPath:compute:in_wr_req.Push():mioi:inst/DataPath:compute:in_wr_req.Push():mioi:in_wr_req.Push():mio:wait_dp:inst/while:for:for:for:if:or#1                                                                                        mgc_or_1_2                                                                                                                                                                                                                                             0.0000 1.4200                     
      DataPath:compute:inst/DataPath:compute:in_wr_req.Push():mioi:inst/DataPath:compute:in_wr_req.Push():mioi:in_wr_req.Push():mio:wait_dp:inst/in_wr_req.Push():mioi.bawt                                                                                                                                                                                                                                                                                                                                              0.0000 1.4200                     
      DataPath:compute:inst/DataPath:compute:in_wr_req.Push():mioi:inst/in_wr_req.Push():mioi.bawt                                                                                                                                                                                                                                                                                                                                                                                                                       0.0000 1.4200                     
      DataPath:compute:inst/in_wr_req.Push():mioi.bawt                                                                                                                                                                                                                                                                                                                                                                                                                                                                   0.0000 1.4200                     
      DataPath:compute:inst/or#114                                                                                                                                                                                                                                mgc_or_1_4                                                                                                                                                                                                                                             0.5500 1.9700                     
      DataPath:compute:inst/or.tmp#102                                                                                                                                                                                                                                                                                                                                                                                                                                                                                   0.0000 1.9700                     
      DataPath:compute:inst/not#358                                                                                                                                                                                                                               mgc_not_1                                                                                                                                                                                                                                              0.0000 1.9700                     
      DataPath:compute:inst/not#358.itm                                                                                                                                                                                                                                                                                                                                                                                                                                                                                  0.0000 1.9700                     
      DataPath:compute:inst/or#152                                                                                                                                                                                                                                mgc_or_1_3                                                                                                                                                                                                                                             0.5500 2.5200                     
      DataPath:compute:inst/or#152.itm                                                                                                                                                                                                                                                                                                                                                                                                                                                                                   0.0000 2.5200                     
      DataPath:compute:inst/mux#238                                                                                                                                                                                                                               mgc_mux_1_1_2                                                                                                                                                                                                                                          0.0800 2.6000                     
      DataPath:compute:inst/mux.tmp#238                                                                                                                                                                                                                                                                                                                                                                                                                                                                                  0.0000 2.6000                     
      DataPath:compute:inst/or#248                                                                                                                                                                                                                                mgc_or_1_4                                                                                                                                                                                                                                             0.5500 3.1500                     
      DataPath:compute:inst/or.dcpl#60                                                                                                                                                                                                                                                                                                                                                                                                                                                                                   0.0000 3.1500                     
      DataPath:compute:inst/and#281                                                                                                                                                                                                                               mgc_and_1_2                                                                                                                                                                                                                                            0.0000 3.1500                     
      DataPath:compute:inst/and#281.itm                                                                                                                                                                                                                                                                                                                                                                                                                                                                                  0.0000 3.1500                     
      DataPath:compute:inst/or#318                                                                                                                                                                                                                                mgc_or_1_2                                                                                                                                                                                                                                             0.5500 3.7000                     
      DataPath:compute:inst/or.tmp#244                                                                                                                                                                                                                                                                                                                                                                                                                                                                                   0.0000 3.7000                     
      DataPath:compute:inst/while:for:for:for:while:for:for:for:and#10                                                                                                                                                                                            mgc_and_1_2                                                                                                                                                                                                                                            0.0000 3.7000                     
      DataPath:compute:inst/while:for:for:for:while:for:for:for:and#10.itm                                                                                                                                                                                                                                                                                                                                                                                                                                               0.0000 3.7000                     
      DataPath:compute:inst/while:for:for:for:nor                                                                                                                                                                                                                 mgc_nor_1_4                                                                                                                                                                                                                                            0.5500 4.2500                     
      DataPath:compute:inst/while:for:for:for:nor.itm                                                                                                                                                                                                                                                                                                                                                                                                                                                                    0.0000 4.2500                     
      DataPath:compute:inst/while:for:for:for:and                                                                                                                                                                                                                 mgc_and_1_2                                                                                                                                                                                                                                            0.0000 4.2500                     
      DataPath:compute:inst/while:for:for:for:and.itm                                                                                                                                                                                                                                                                                                                                                                                                                                                                    0.0000 4.2500                     
      DataPath:compute:inst/nor                                                                                                                                                                                                                                   mgc_nor_1_4                                                                                                                                                                                                                                            0.5500 4.8000                     
      DataPath:compute:inst/nor.itm                                                                                                                                                                                                                                                                                                                                                                                                                                                                                      0.0000 4.8000                     
      DataPath:compute:inst/mux1h                                                                                                                                                                                                                                 mgc_mux1hot_1_3                                                                                                                                                                                                                                        0.5500 5.3500                     
      DataPath:compute:inst/mux1h.itm                                                                                                                                                                                                                                                                                                                                                                                                                                                                                    0.0000 5.3500                     
      DataPath:compute:inst/and#385                                                                                                                                                                                                                               mgc_and_1_2                                                                                                                                                                                                                                            0.5500 5.9000                     
      DataPath:compute:inst/and#385.rmff                                                                                                                                                                                                                                                                                                                                                                                                                                                                                 0.0000 5.9000                     
      DataPath:compute:inst/DataPath:compute:staller:inst/compute.flen:unreg                                                                                                                                                                                                                                                                                                                                                                                                                                             0.0000 5.9000                     
      DataPath:compute:inst/DataPath:compute:staller:inst/nand                                                                                                                                                                                                    mgc_nand_1_3                                                                                                                                                                                                                                           0.5500 6.4500                     
      DataPath:compute:inst/DataPath:compute:staller:inst/nand.itm                                                                                                                                                                                                                                                                                                                                                                                                                                                       0.0000 6.4500                     
      DataPath:compute:inst/DataPath:compute:staller:inst/and#3                                                                                                                                                                                                   mgc_and_1_5                                                                                                                                                                                                                                            0.0000 6.4500                     
      DataPath:compute:inst/DataPath:compute:staller:inst/compute.wen                                                                                                                                                                                                                                                                                                                                                                                                                                                    0.0000 6.4500                     
      DataPath:compute:inst/compute.wen                                                                                                                                                                                                                                                                                                                                                                                                                                                                                  0.0000 6.4500                     
      DataPath:compute:inst/DataPath:compute:in_wr_req.Push():mioi:inst/compute.wen                                                                                                                                                                                                                                                                                                                                                                                                                                      0.0000 6.4500                     
      DataPath:compute:inst/DataPath:compute:in_wr_req.Push():mioi:inst/DataPath:compute:in_wr_req.Push():mioi:in_wr_req.Push():mio:wait_ctrl:inst/compute.wen                                                                                                                                                                                                                                                                                                                                                           0.0000 6.4500                     
      DataPath:compute:inst/DataPath:compute:in_wr_req.Push():mioi:inst/DataPath:compute:in_wr_req.Push():mioi:in_wr_req.Push():mio:wait_ctrl:inst/while:for:for:for:if:and                                                                                       mgc_and_1_2                                                                                                                                                                                                                                            0.5500 7.0000                     
      DataPath:compute:inst/DataPath:compute:in_wr_req.Push():mioi:inst/DataPath:compute:in_wr_req.Push():mioi:in_wr_req.Push():mio:wait_ctrl:inst/in_wr_req.Push():mioi.bdwt                                                                                                                                                                                                                                                                                                                                            0.0000 7.0000                     
      DataPath:compute:inst/DataPath:compute:in_wr_req.Push():mioi:inst/in_wr_req.Push():mioi.bdwt                                                                                                                                                                                                                                                                                                                                                                                                                       0.0000 7.0000                     
      DataPath:compute:inst/DataPath:compute:in_wr_req.Push():mioi:inst/DataPath:compute:in_wr_req.Push():mioi:in_wr_req.Push():mio:wait_dp:inst/in_wr_req.Push():mioi.bdwt                                                                                                                                                                                                                                                                                                                                              0.0000 7.0000                     
      DataPath:compute:inst/DataPath:compute:in_wr_req.Push():mioi:inst/DataPath:compute:in_wr_req.Push():mioi:in_wr_req.Push():mio:wait_dp:inst/while:for:for:for:if:or                                                                                          mgc_or_1_2                                                                                                                                                                                                                                             0.5500 7.5500                     
      DataPath:compute:inst/DataPath:compute:in_wr_req.Push():mioi:inst/DataPath:compute:in_wr_req.Push():mioi:in_wr_req.Push():mio:wait_dp:inst/in_wr_req.Push():mioi.iden                                                                                                                                                                                                                                                                                                                                              0.0000 7.5500                     
      DataPath:compute:inst/DataPath:compute:in_wr_req.Push():mioi:inst/in_wr_req.Push():mioi.iden                                                                                                                                                                                                                                                                                                                                                                                                                       0.0000 7.5500                     
      DataPath:compute:inst/in_wr_req.Push():mioi.iden                                                                                                                                                                                                                                                                                                                                                                                                                                                                   0.0000 7.5500                     
      DataPath:compute:inst/DataPath:compute:staller:inst/in_wr_req.Push():mioi.iden                                                                                                                                                                                                                                                                                                                                                                                                                                     0.0000 7.5500                     
      DataPath:compute:inst/DataPath:compute:staller:inst/nor                                                                                                                                                                                                     mgc_nor_1_6                                                                                                                                                                                                                                            0.5500 8.1000                     
      DataPath:compute:inst/DataPath:compute:staller:inst/nor.itm                                                                                                                                                                                                                                                                                                                                                                                                                                                        0.0000 8.1000                     
      DataPath:compute:inst/DataPath:compute:staller:inst/and                                                                                                                                                                                                     mgc_and_1_2                                                                                                                                                                                                                                            0.5500 8.6500                     
      DataPath:compute:inst/DataPath:compute:staller:inst/and.itm                                                                                                                                                                                                                                                                                                                                                                                                                                                        0.0000 8.6500                     
      DataPath:compute:inst/DataPath:compute:staller:inst/reg(compute.flen_shf)#1                                                                                                                                                                                 mgc_reg_pos_1_1_0_0_0_0_0                                                                                                                                                                                                                              0.0000 8.6500                     
                                                                                                                                                                                                                                                                                                                                                                                                                                                                                                                                                           
    6                                                                                                                                                                                                                                                             DataPath:compute:inst/reg(in_wr_req.Push():mioi.iswt0)                                                                                                                     DataPath:compute:inst/DataPath:compute:staller:inst/reg(compute.flen_shf)#1 8.6500 -3.6500                    
                                                                                                                                                                                                                                                                                                                                                                                                                                                                                                                                                           
      Instance                                                                                                                                                                                                                                                    Component                                                                                                                                                                                                                                              Delta  Delay   [MIN, MAX]         
      --------                                                                                                                                                                                                                                                    ---------                                                                                                                                                                                                                                              -----  -----   ------------------ 
      DataPath:compute:inst/reg(in_wr_req.Push():mioi.iswt0)                                                                                                                                                                                                      mgc_reg_pos_1_1_0_0_0_1_1                                                                                                                                                                                                                              0.3200 0.3200                     
      DataPath:compute:inst/in_wr_req.Push():mioi.iswt0                                                                                                                                                                                                                                                                                                                                                                                                                                                                  0.0000 0.3200                     
      DataPath:compute:inst/DataPath:compute:in_wr_req.Push():mioi:inst/in_wr_req.Push():mioi.iswt0                                                                                                                                                                                                                                                                                                                                                                                                                      0.0000 0.3200                     
      DataPath:compute:inst/DataPath:compute:in_wr_req.Push():mioi:inst/DataPath:compute:in_wr_req.Push():mioi:in_wr_req.Push():mio:wait_ctrl:inst/in_wr_req.Push():mioi.iswt0                                                                                                                                                                                                                                                                                                                                           0.0000 0.3200                     
      DataPath:compute:inst/DataPath:compute:in_wr_req.Push():mioi:inst/DataPath:compute:in_wr_req.Push():mioi:in_wr_req.Push():mio:wait_ctrl:inst/while:for:for:for:if:and#3                                                                                     mgc_and_1_2                                                                                                                                                                                                                                            0.5500 0.8700                     
      DataPath:compute:inst/DataPath:compute:in_wr_req.Push():mioi:inst/DataPath:compute:in_wr_req.Push():mioi:in_wr_req.Push():mio:wait_ctrl:inst/in_wr_req.Push():mioi.ogwt                                                                                                                                                                                                                                                                                                                                            0.0000 0.8700                     
      DataPath:compute:inst/DataPath:compute:in_wr_req.Push():mioi:inst/DataPath:compute:in_wr_req.Push():mioi:in_wr_req.Push():mio:wait_ctrl:inst/while:for:for:for:if:and#1                                                                                     mgc_and_1_2                                                                                                                                                                                                                                            0.5500 1.4200                     
      DataPath:compute:inst/DataPath:compute:in_wr_req.Push():mioi:inst/DataPath:compute:in_wr_req.Push():mioi:in_wr_req.Push():mio:wait_ctrl:inst/in_wr_req.Push():mioi.biwt                                                                                                                                                                                                                                                                                                                                            0.0000 1.4200                     
      DataPath:compute:inst/DataPath:compute:in_wr_req.Push():mioi:inst/in_wr_req.Push():mioi.biwt                                                                                                                                                                                                                                                                                                                                                                                                                       0.0000 1.4200                     
      DataPath:compute:inst/DataPath:compute:in_wr_req.Push():mioi:inst/DataPath:compute:in_wr_req.Push():mioi:in_wr_req.Push():mio:wait_dp:inst/in_wr_req.Push():mioi.biwt                                                                                                                                                                                                                                                                                                                                              0.0000 1.4200                     
      DataPath:compute:inst/DataPath:compute:in_wr_req.Push():mioi:inst/DataPath:compute:in_wr_req.Push():mioi:in_wr_req.Push():mio:wait_dp:inst/while:for:for:for:if:or#1                                                                                        mgc_or_1_2                                                                                                                                                                                                                                             0.0000 1.4200                     
      DataPath:compute:inst/DataPath:compute:in_wr_req.Push():mioi:inst/DataPath:compute:in_wr_req.Push():mioi:in_wr_req.Push():mio:wait_dp:inst/in_wr_req.Push():mioi.bawt                                                                                                                                                                                                                                                                                                                                              0.0000 1.4200                     
      DataPath:compute:inst/DataPath:compute:in_wr_req.Push():mioi:inst/in_wr_req.Push():mioi.bawt                                                                                                                                                                                                                                                                                                                                                                                                                       0.0000 1.4200                     
      DataPath:compute:inst/in_wr_req.Push():mioi.bawt                                                                                                                                                                                                                                                                                                                                                                                                                                                                   0.0000 1.4200                     
      DataPath:compute:inst/or#114                                                                                                                                                                                                                                mgc_or_1_4                                                                                                                                                                                                                                             0.5500 1.9700                     
      DataPath:compute:inst/or.tmp#102                                                                                                                                                                                                                                                                                                                                                                                                                                                                                   0.0000 1.9700                     
      DataPath:compute:inst/not#358                                                                                                                                                                                                                               mgc_not_1                                                                                                                                                                                                                                              0.0000 1.9700                     
      DataPath:compute:inst/not#358.itm                                                                                                                                                                                                                                                                                                                                                                                                                                                                                  0.0000 1.9700                     
      DataPath:compute:inst/or#152                                                                                                                                                                                                                                mgc_or_1_3                                                                                                                                                                                                                                             0.5500 2.5200                     
      DataPath:compute:inst/or#152.itm                                                                                                                                                                                                                                                                                                                                                                                                                                                                                   0.0000 2.5200                     
      DataPath:compute:inst/mux#238                                                                                                                                                                                                                               mgc_mux_1_1_2                                                                                                                                                                                                                                          0.0800 2.6000                     
      DataPath:compute:inst/mux.tmp#238                                                                                                                                                                                                                                                                                                                                                                                                                                                                                  0.0000 2.6000                     
      DataPath:compute:inst/or#248                                                                                                                                                                                                                                mgc_or_1_4                                                                                                                                                                                                                                             0.5500 3.1500                     
      DataPath:compute:inst/or.dcpl#60                                                                                                                                                                                                                                                                                                                                                                                                                                                                                   0.0000 3.1500                     
      DataPath:compute:inst/and#281                                                                                                                                                                                                                               mgc_and_1_2                                                                                                                                                                                                                                            0.0000 3.1500                     
      DataPath:compute:inst/and#281.itm                                                                                                                                                                                                                                                                                                                                                                                                                                                                                  0.0000 3.1500                     
      DataPath:compute:inst/or#318                                                                                                                                                                                                                                mgc_or_1_2                                                                                                                                                                                                                                             0.5500 3.7000                     
      DataPath:compute:inst/or.tmp#244                                                                                                                                                                                                                                                                                                                                                                                                                                                                                   0.0000 3.7000                     
      DataPath:compute:inst/while:for:for:for:while:for:for:for:and#10                                                                                                                                                                                            mgc_and_1_2                                                                                                                                                                                                                                            0.0000 3.7000                     
      DataPath:compute:inst/while:for:for:for:while:for:for:for:and#10.itm                                                                                                                                                                                                                                                                                                                                                                                                                                               0.0000 3.7000                     
      DataPath:compute:inst/while:for:for:for:nor                                                                                                                                                                                                                 mgc_nor_1_4                                                                                                                                                                                                                                            0.5500 4.2500                     
      DataPath:compute:inst/while:for:for:for:nor.itm                                                                                                                                                                                                                                                                                                                                                                                                                                                                    0.0000 4.2500                     
      DataPath:compute:inst/while:for:for:for:and                                                                                                                                                                                                                 mgc_and_1_2                                                                                                                                                                                                                                            0.0000 4.2500                     
      DataPath:compute:inst/while:for:for:for:and.itm                                                                                                                                                                                                                                                                                                                                                                                                                                                                    0.0000 4.2500                     
      DataPath:compute:inst/nor                                                                                                                                                                                                                                   mgc_nor_1_4                                                                                                                                                                                                                                            0.5500 4.8000                     
      DataPath:compute:inst/nor.itm                                                                                                                                                                                                                                                                                                                                                                                                                                                                                      0.0000 4.8000                     
      DataPath:compute:inst/mux1h                                                                                                                                                                                                                                 mgc_mux1hot_1_3                                                                                                                                                                                                                                        0.5500 5.3500                     
      DataPath:compute:inst/mux1h.itm                                                                                                                                                                                                                                                                                                                                                                                                                                                                                    0.0000 5.3500                     
      DataPath:compute:inst/and#385                                                                                                                                                                                                                               mgc_and_1_2                                                                                                                                                                                                                                            0.5500 5.9000                     
      DataPath:compute:inst/and#385.rmff                                                                                                                                                                                                                                                                                                                                                                                                                                                                                 0.0000 5.9000                     
      DataPath:compute:inst/DataPath:compute:staller:inst/compute.flen:unreg                                                                                                                                                                                                                                                                                                                                                                                                                                             0.0000 5.9000                     
      DataPath:compute:inst/DataPath:compute:staller:inst/nand                                                                                                                                                                                                    mgc_nand_1_3                                                                                                                                                                                                                                           0.5500 6.4500                     
      DataPath:compute:inst/DataPath:compute:staller:inst/nand.itm                                                                                                                                                                                                                                                                                                                                                                                                                                                       0.0000 6.4500                     
      DataPath:compute:inst/DataPath:compute:staller:inst/and#3                                                                                                                                                                                                   mgc_and_1_5                                                                                                                                                                                                                                            0.0000 6.4500                     
      DataPath:compute:inst/DataPath:compute:staller:inst/compute.wen                                                                                                                                                                                                                                                                                                                                                                                                                                                    0.0000 6.4500                     
      DataPath:compute:inst/compute.wen                                                                                                                                                                                                                                                                                                                                                                                                                                                                                  0.0000 6.4500                     
      DataPath:compute:inst/DataPath:compute:in_wr_req.Push():mioi:inst/compute.wen                                                                                                                                                                                                                                                                                                                                                                                                                                      0.0000 6.4500                     
      DataPath:compute:inst/DataPath:compute:in_wr_req.Push():mioi:inst/DataPath:compute:in_wr_req.Push():mioi:in_wr_req.Push():mio:wait_ctrl:inst/compute.wen                                                                                                                                                                                                                                                                                                                                                           0.0000 6.4500                     
      DataPath:compute:inst/DataPath:compute:in_wr_req.Push():mioi:inst/DataPath:compute:in_wr_req.Push():mioi:in_wr_req.Push():mio:wait_ctrl:inst/while:for:for:for:if:and                                                                                       mgc_and_1_2                                                                                                                                                                                                                                            0.5500 7.0000                     
      DataPath:compute:inst/DataPath:compute:in_wr_req.Push():mioi:inst/DataPath:compute:in_wr_req.Push():mioi:in_wr_req.Push():mio:wait_ctrl:inst/in_wr_req.Push():mioi.bdwt                                                                                                                                                                                                                                                                                                                                            0.0000 7.0000                     
      DataPath:compute:inst/DataPath:compute:in_wr_req.Push():mioi:inst/in_wr_req.Push():mioi.bdwt                                                                                                                                                                                                                                                                                                                                                                                                                       0.0000 7.0000                     
      DataPath:compute:inst/DataPath:compute:in_wr_req.Push():mioi:inst/DataPath:compute:in_wr_req.Push():mioi:in_wr_req.Push():mio:wait_dp:inst/in_wr_req.Push():mioi.bdwt                                                                                                                                                                                                                                                                                                                                              0.0000 7.0000                     
      DataPath:compute:inst/DataPath:compute:in_wr_req.Push():mioi:inst/DataPath:compute:in_wr_req.Push():mioi:in_wr_req.Push():mio:wait_dp:inst/while:for:for:for:if:or                                                                                          mgc_or_1_2                                                                                                                                                                                                                                             0.5500 7.5500                     
      DataPath:compute:inst/DataPath:compute:in_wr_req.Push():mioi:inst/DataPath:compute:in_wr_req.Push():mioi:in_wr_req.Push():mio:wait_dp:inst/in_wr_req.Push():mioi.iden                                                                                                                                                                                                                                                                                                                                              0.0000 7.5500                     
      DataPath:compute:inst/DataPath:compute:in_wr_req.Push():mioi:inst/in_wr_req.Push():mioi.iden                                                                                                                                                                                                                                                                                                                                                                                                                       0.0000 7.5500                     
      DataPath:compute:inst/in_wr_req.Push():mioi.iden                                                                                                                                                                                                                                                                                                                                                                                                                                                                   0.0000 7.5500                     
      DataPath:compute:inst/DataPath:compute:staller:inst/in_wr_req.Push():mioi.iden                                                                                                                                                                                                                                                                                                                                                                                                                                     0.0000 7.5500                     
      DataPath:compute:inst/DataPath:compute:staller:inst/nor                                                                                                                                                                                                     mgc_nor_1_6                                                                                                                                                                                                                                            0.5500 8.1000                     
      DataPath:compute:inst/DataPath:compute:staller:inst/nor.itm                                                                                                                                                                                                                                                                                                                                                                                                                                                        0.0000 8.1000                     
      DataPath:compute:inst/DataPath:compute:staller:inst/and                                                                                                                                                                                                     mgc_and_1_2                                                                                                                                                                                                                                            0.5500 8.6500                     
      DataPath:compute:inst/DataPath:compute:staller:inst/and.itm                                                                                                                                                                                                                                                                                                                                                                                                                                                        0.0000 8.6500                     
      DataPath:compute:inst/DataPath:compute:staller:inst/reg(compute.flen_shf)#1                                                                                                                                                                                 mgc_reg_pos_1_1_0_0_0_0_0                                                                                                                                                                                                                              0.0000 8.6500                     
                                                                                                                                                                                                                                                                                                                                                                                                                                                                                                                                                           
    7                                                                                                                                                                                                                                                             DataPath:compute:inst/DataPath:compute:in_wr_req.Push():mioi:inst/DataPath:compute:in_wr_req.Push():mioi:in_wr_req.Push():mio:wait_dp:inst/reg(in_wr_req.Push():mioi.bcwt) DataPath:compute:inst/DataPath:compute:staller:inst/reg(compute.flen_shf)#1 8.1800 -3.1800                    
                                                                                                                                                                                                                                                                                                                                                                                                                                                                                                                                                           
      Instance                                                                                                                                                                                                                                                    Component                                                                                                                                                                                                                                              Delta  Delay   [MIN, MAX]         
      --------                                                                                                                                                                                                                                                    ---------                                                                                                                                                                                                                                              -----  -----   ------------------ 
      DataPath:compute:inst/DataPath:compute:in_wr_req.Push():mioi:inst/DataPath:compute:in_wr_req.Push():mioi:in_wr_req.Push():mio:wait_dp:inst/reg(in_wr_req.Push():mioi.bcwt)                                                                                  mgc_reg_pos_1_1_0_0_0_0_0                                                                                                                                                                                                                              0.3200 0.3200                     
      DataPath:compute:inst/DataPath:compute:in_wr_req.Push():mioi:inst/DataPath:compute:in_wr_req.Push():mioi:in_wr_req.Push():mio:wait_dp:inst/in_wr_req.Push():mioi.bcwt                                                                                                                                                                                                                                                                                                                                              0.0000 0.3200                     
      DataPath:compute:inst/DataPath:compute:in_wr_req.Push():mioi:inst/in_wr_req.Push():mioi.bcwt                                                                                                                                                                                                                                                                                                                                                                                                                       0.0000 0.3200                     
      DataPath:compute:inst/DataPath:compute:in_wr_req.Push():mioi:inst/DataPath:compute:in_wr_req.Push():mioi:in_wr_req.Push():mio:wait_ctrl:inst/in_wr_req.Push():mioi.bcwt                                                                                                                                                                                                                                                                                                                                            0.0000 0.3200                     
      DataPath:compute:inst/DataPath:compute:in_wr_req.Push():mioi:inst/DataPath:compute:in_wr_req.Push():mioi:in_wr_req.Push():mio:wait_ctrl:inst/while:for:for:for:if:not#1                                                                                     mgc_not_1                                                                                                                                                                                                                                              0.0000 0.3200                     
      DataPath:compute:inst/DataPath:compute:in_wr_req.Push():mioi:inst/DataPath:compute:in_wr_req.Push():mioi:in_wr_req.Push():mio:wait_ctrl:inst/while:for:for:for:if:not#1.itm                                                                                                                                                                                                                                                                                                                                        0.0000 0.3200                     
      DataPath:compute:inst/DataPath:compute:in_wr_req.Push():mioi:inst/DataPath:compute:in_wr_req.Push():mioi:in_wr_req.Push():mio:wait_ctrl:inst/while:for:for:for:if:and#3                                                                                     mgc_and_1_2                                                                                                                                                                                                                                            0.5500 0.8700                     
      DataPath:compute:inst/DataPath:compute:in_wr_req.Push():mioi:inst/DataPath:compute:in_wr_req.Push():mioi:in_wr_req.Push():mio:wait_ctrl:inst/in_wr_req.Push():mioi.ogwt                                                                                                                                                                                                                                                                                                                                            0.0000 0.8700                     
      DataPath:compute:inst/DataPath:compute:in_wr_req.Push():mioi:inst/DataPath:compute:in_wr_req.Push():mioi:in_wr_req.Push():mio:wait_ctrl:inst/while:for:for:for:if:and#1                                                                                     mgc_and_1_2                                                                                                                                                                                                                                            0.5500 1.4200                     
      DataPath:compute:inst/DataPath:compute:in_wr_req.Push():mioi:inst/DataPath:compute:in_wr_req.Push():mioi:in_wr_req.Push():mio:wait_ctrl:inst/in_wr_req.Push():mioi.biwt                                                                                                                                                                                                                                                                                                                                            0.0000 1.4200                     
      DataPath:compute:inst/DataPath:compute:in_wr_req.Push():mioi:inst/in_wr_req.Push():mioi.biwt                                                                                                                                                                                                                                                                                                                                                                                                                       0.0000 1.4200                     
      DataPath:compute:inst/DataPath:compute:in_wr_req.Push():mioi:inst/DataPath:compute:in_wr_req.Push():mioi:in_wr_req.Push():mio:wait_dp:inst/in_wr_req.Push():mioi.biwt                                                                                                                                                                                                                                                                                                                                              0.0000 1.4200                     
      DataPath:compute:inst/DataPath:compute:in_wr_req.Push():mioi:inst/DataPath:compute:in_wr_req.Push():mioi:in_wr_req.Push():mio:wait_dp:inst/while:for:for:for:if:or#1                                                                                        mgc_or_1_2                                                                                                                                                                                                                                             0.0000 1.4200                     
      DataPath:compute:inst/DataPath:compute:in_wr_req.Push():mioi:inst/DataPath:compute:in_wr_req.Push():mioi:in_wr_req.Push():mio:wait_dp:inst/in_wr_req.Push():mioi.bawt                                                                                                                                                                                                                                                                                                                                              0.0000 1.4200                     
      DataPath:compute:inst/DataPath:compute:in_wr_req.Push():mioi:inst/in_wr_req.Push():mioi.bawt                                                                                                                                                                                                                                                                                                                                                                                                                       0.0000 1.4200                     
      DataPath:compute:inst/in_wr_req.Push():mioi.bawt                                                                                                                                                                                                                                                                                                                                                                                                                                                                   0.0000 1.4200                     
      DataPath:compute:inst/or#114                                                                                                                                                                                                                                mgc_or_1_4                                                                                                                                                                                                                                             0.5500 1.9700                     
      DataPath:compute:inst/or.tmp#102                                                                                                                                                                                                                                                                                                                                                                                                                                                                                   0.0000 1.9700                     
      DataPath:compute:inst/not#358                                                                                                                                                                                                                               mgc_not_1                                                                                                                                                                                                                                              0.0000 1.9700                     
      DataPath:compute:inst/not#358.itm                                                                                                                                                                                                                                                                                                                                                                                                                                                                                  0.0000 1.9700                     
      DataPath:compute:inst/or#152                                                                                                                                                                                                                                mgc_or_1_3                                                                                                                                                                                                                                             0.5500 2.5200                     
      DataPath:compute:inst/or#152.itm                                                                                                                                                                                                                                                                                                                                                                                                                                                                                   0.0000 2.5200                     
      DataPath:compute:inst/mux#238                                                                                                                                                                                                                               mgc_mux_1_1_2                                                                                                                                                                                                                                          0.0800 2.6000                     
      DataPath:compute:inst/mux.tmp#238                                                                                                                                                                                                                                                                                                                                                                                                                                                                                  0.0000 2.6000                     
      DataPath:compute:inst/or#248                                                                                                                                                                                                                                mgc_or_1_4                                                                                                                                                                                                                                             0.5500 3.1500                     
      DataPath:compute:inst/or.dcpl#60                                                                                                                                                                                                                                                                                                                                                                                                                                                                                   0.0000 3.1500                     
      DataPath:compute:inst/and#281                                                                                                                                                                                                                               mgc_and_1_2                                                                                                                                                                                                                                            0.0000 3.1500                     
      DataPath:compute:inst/and#281.itm                                                                                                                                                                                                                                                                                                                                                                                                                                                                                  0.0000 3.1500                     
      DataPath:compute:inst/or#318                                                                                                                                                                                                                                mgc_or_1_2                                                                                                                                                                                                                                             0.5500 3.7000                     
      DataPath:compute:inst/or.tmp#244                                                                                                                                                                                                                                                                                                                                                                                                                                                                                   0.0000 3.7000                     
      DataPath:compute:inst/sync00.read_reset_check.reset:mux#4                                                                                                                                                                                                   mgc_mux_1_1_2                                                                                                                                                                                                                                          0.0800 3.7800                     
      DataPath:compute:inst/sync00.read_reset_check.reset:mux#4.itm                                                                                                                                                                                                                                                                                                                                                                                                                                                      0.0000 3.7800                     
      DataPath:compute:inst/sync00.read_reset_check.reset:sync00.read_reset_check.reset:or#5                                                                                                                                                                      mgc_or_1_2                                                                                                                                                                                                                                             0.0000 3.7800                     
      DataPath:compute:inst/sync00.read_reset_check.reset:sync00.read_reset_check.reset:or#5.itm                                                                                                                                                                                                                                                                                                                                                                                                                         0.0000 3.7800                     
      DataPath:compute:inst/while:for:for:for:and                                                                                                                                                                                                                 mgc_and_1_2                                                                                                                                                                                                                                            0.0000 3.7800                     
      DataPath:compute:inst/while:for:for:for:and.itm                                                                                                                                                                                                                                                                                                                                                                                                                                                                    0.0000 3.7800                     
      DataPath:compute:inst/nor                                                                                                                                                                                                                                   mgc_nor_1_4                                                                                                                                                                                                                                            0.5500 4.3300                     
      DataPath:compute:inst/nor.itm                                                                                                                                                                                                                                                                                                                                                                                                                                                                                      0.0000 4.3300                     
      DataPath:compute:inst/mux1h                                                                                                                                                                                                                                 mgc_mux1hot_1_3                                                                                                                                                                                                                                        0.5500 4.8800                     
      DataPath:compute:inst/mux1h.itm                                                                                                                                                                                                                                                                                                                                                                                                                                                                                    0.0000 4.8800                     
      DataPath:compute:inst/and#385                                                                                                                                                                                                                               mgc_and_1_2                                                                                                                                                                                                                                            0.5500 5.4300                     
      DataPath:compute:inst/and#385.rmff                                                                                                                                                                                                                                                                                                                                                                                                                                                                                 0.0000 5.4300                     
      DataPath:compute:inst/DataPath:compute:staller:inst/compute.flen:unreg                                                                                                                                                                                                                                                                                                                                                                                                                                             0.0000 5.4300                     
      DataPath:compute:inst/DataPath:compute:staller:inst/nand                                                                                                                                                                                                    mgc_nand_1_3                                                                                                                                                                                                                                           0.5500 5.9800                     
      DataPath:compute:inst/DataPath:compute:staller:inst/nand.itm                                                                                                                                                                                                                                                                                                                                                                                                                                                       0.0000 5.9800                     
      DataPath:compute:inst/DataPath:compute:staller:inst/and#3                                                                                                                                                                                                   mgc_and_1_5                                                                                                                                                                                                                                            0.0000 5.9800                     
      DataPath:compute:inst/DataPath:compute:staller:inst/compute.wen                                                                                                                                                                                                                                                                                                                                                                                                                                                    0.0000 5.9800                     
      DataPath:compute:inst/compute.wen                                                                                                                                                                                                                                                                                                                                                                                                                                                                                  0.0000 5.9800                     
      DataPath:compute:inst/DataPath:compute:in_wr_req.Push():mioi:inst/compute.wen                                                                                                                                                                                                                                                                                                                                                                                                                                      0.0000 5.9800                     
      DataPath:compute:inst/DataPath:compute:in_wr_req.Push():mioi:inst/DataPath:compute:in_wr_req.Push():mioi:in_wr_req.Push():mio:wait_ctrl:inst/compute.wen                                                                                                                                                                                                                                                                                                                                                           0.0000 5.9800                     
      DataPath:compute:inst/DataPath:compute:in_wr_req.Push():mioi:inst/DataPath:compute:in_wr_req.Push():mioi:in_wr_req.Push():mio:wait_ctrl:inst/while:for:for:for:if:and                                                                                       mgc_and_1_2                                                                                                                                                                                                                                            0.5500 6.5300                     
      DataPath:compute:inst/DataPath:compute:in_wr_req.Push():mioi:inst/DataPath:compute:in_wr_req.Push():mioi:in_wr_req.Push():mio:wait_ctrl:inst/in_wr_req.Push():mioi.bdwt                                                                                                                                                                                                                                                                                                                                            0.0000 6.5300                     
      DataPath:compute:inst/DataPath:compute:in_wr_req.Push():mioi:inst/in_wr_req.Push():mioi.bdwt                                                                                                                                                                                                                                                                                                                                                                                                                       0.0000 6.5300                     
      DataPath:compute:inst/DataPath:compute:in_wr_req.Push():mioi:inst/DataPath:compute:in_wr_req.Push():mioi:in_wr_req.Push():mio:wait_dp:inst/in_wr_req.Push():mioi.bdwt                                                                                                                                                                                                                                                                                                                                              0.0000 6.5300                     
      DataPath:compute:inst/DataPath:compute:in_wr_req.Push():mioi:inst/DataPath:compute:in_wr_req.Push():mioi:in_wr_req.Push():mio:wait_dp:inst/while:for:for:for:if:or                                                                                          mgc_or_1_2                                                                                                                                                                                                                                             0.5500 7.0800                     
      DataPath:compute:inst/DataPath:compute:in_wr_req.Push():mioi:inst/DataPath:compute:in_wr_req.Push():mioi:in_wr_req.Push():mio:wait_dp:inst/in_wr_req.Push():mioi.iden                                                                                                                                                                                                                                                                                                                                              0.0000 7.0800                     
      DataPath:compute:inst/DataPath:compute:in_wr_req.Push():mioi:inst/in_wr_req.Push():mioi.iden                                                                                                                                                                                                                                                                                                                                                                                                                       0.0000 7.0800                     
      DataPath:compute:inst/in_wr_req.Push():mioi.iden                                                                                                                                                                                                                                                                                                                                                                                                                                                                   0.0000 7.0800                     
      DataPath:compute:inst/DataPath:compute:staller:inst/in_wr_req.Push():mioi.iden                                                                                                                                                                                                                                                                                                                                                                                                                                     0.0000 7.0800                     
      DataPath:compute:inst/DataPath:compute:staller:inst/nor                                                                                                                                                                                                     mgc_nor_1_6                                                                                                                                                                                                                                            0.5500 7.6300                     
      DataPath:compute:inst/DataPath:compute:staller:inst/nor.itm                                                                                                                                                                                                                                                                                                                                                                                                                                                        0.0000 7.6300                     
      DataPath:compute:inst/DataPath:compute:staller:inst/and                                                                                                                                                                                                     mgc_and_1_2                                                                                                                                                                                                                                            0.5500 8.1800                     
      DataPath:compute:inst/DataPath:compute:staller:inst/and.itm                                                                                                                                                                                                                                                                                                                                                                                                                                                        0.0000 8.1800                     
      DataPath:compute:inst/DataPath:compute:staller:inst/reg(compute.flen_shf)#1                                                                                                                                                                                 mgc_reg_pos_1_1_0_0_0_0_0                                                                                                                                                                                                                              0.0000 8.1800                     
                                                                                                                                                                                                                                                                                                                                                                                                                                                                                                                                                           
    8                                                                                                                                                                                                                                                             DataPath:compute:inst/reg(in_wr_req.Push():mioi.iswt0)                                                                                                                     DataPath:compute:inst/DataPath:compute:staller:inst/reg(compute.flen_shf)#1 8.1800 -3.1800                    
                                                                                                                                                                                                                                                                                                                                                                                                                                                                                                                                                           
      Instance                                                                                                                                                                                                                                                    Component                                                                                                                                                                                                                                              Delta  Delay   [MIN, MAX]         
      --------                                                                                                                                                                                                                                                    ---------                                                                                                                                                                                                                                              -----  -----   ------------------ 
      DataPath:compute:inst/reg(in_wr_req.Push():mioi.iswt0)                                                                                                                                                                                                      mgc_reg_pos_1_1_0_0_0_1_1                                                                                                                                                                                                                              0.3200 0.3200                     
      DataPath:compute:inst/in_wr_req.Push():mioi.iswt0                                                                                                                                                                                                                                                                                                                                                                                                                                                                  0.0000 0.3200                     
      DataPath:compute:inst/DataPath:compute:in_wr_req.Push():mioi:inst/in_wr_req.Push():mioi.iswt0                                                                                                                                                                                                                                                                                                                                                                                                                      0.0000 0.3200                     
      DataPath:compute:inst/DataPath:compute:in_wr_req.Push():mioi:inst/DataPath:compute:in_wr_req.Push():mioi:in_wr_req.Push():mio:wait_ctrl:inst/in_wr_req.Push():mioi.iswt0                                                                                                                                                                                                                                                                                                                                           0.0000 0.3200                     
      DataPath:compute:inst/DataPath:compute:in_wr_req.Push():mioi:inst/DataPath:compute:in_wr_req.Push():mioi:in_wr_req.Push():mio:wait_ctrl:inst/while:for:for:for:if:and#3                                                                                     mgc_and_1_2                                                                                                                                                                                                                                            0.5500 0.8700                     
      DataPath:compute:inst/DataPath:compute:in_wr_req.Push():mioi:inst/DataPath:compute:in_wr_req.Push():mioi:in_wr_req.Push():mio:wait_ctrl:inst/in_wr_req.Push():mioi.ogwt                                                                                                                                                                                                                                                                                                                                            0.0000 0.8700                     
      DataPath:compute:inst/DataPath:compute:in_wr_req.Push():mioi:inst/DataPath:compute:in_wr_req.Push():mioi:in_wr_req.Push():mio:wait_ctrl:inst/while:for:for:for:if:and#1                                                                                     mgc_and_1_2                                                                                                                                                                                                                                            0.5500 1.4200                     
      DataPath:compute:inst/DataPath:compute:in_wr_req.Push():mioi:inst/DataPath:compute:in_wr_req.Push():mioi:in_wr_req.Push():mio:wait_ctrl:inst/in_wr_req.Push():mioi.biwt                                                                                                                                                                                                                                                                                                                                            0.0000 1.4200                     
      DataPath:compute:inst/DataPath:compute:in_wr_req.Push():mioi:inst/in_wr_req.Push():mioi.biwt                                                                                                                                                                                                                                                                                                                                                                                                                       0.0000 1.4200                     
      DataPath:compute:inst/DataPath:compute:in_wr_req.Push():mioi:inst/DataPath:compute:in_wr_req.Push():mioi:in_wr_req.Push():mio:wait_dp:inst/in_wr_req.Push():mioi.biwt                                                                                                                                                                                                                                                                                                                                              0.0000 1.4200                     
      DataPath:compute:inst/DataPath:compute:in_wr_req.Push():mioi:inst/DataPath:compute:in_wr_req.Push():mioi:in_wr_req.Push():mio:wait_dp:inst/while:for:for:for:if:or#1                                                                                        mgc_or_1_2                                                                                                                                                                                                                                             0.0000 1.4200                     
      DataPath:compute:inst/DataPath:compute:in_wr_req.Push():mioi:inst/DataPath:compute:in_wr_req.Push():mioi:in_wr_req.Push():mio:wait_dp:inst/in_wr_req.Push():mioi.bawt                                                                                                                                                                                                                                                                                                                                              0.0000 1.4200                     
      DataPath:compute:inst/DataPath:compute:in_wr_req.Push():mioi:inst/in_wr_req.Push():mioi.bawt                                                                                                                                                                                                                                                                                                                                                                                                                       0.0000 1.4200                     
      DataPath:compute:inst/in_wr_req.Push():mioi.bawt                                                                                                                                                                                                                                                                                                                                                                                                                                                                   0.0000 1.4200                     
      DataPath:compute:inst/or#114                                                                                                                                                                                                                                mgc_or_1_4                                                                                                                                                                                                                                             0.5500 1.9700                     
      DataPath:compute:inst/or.tmp#102                                                                                                                                                                                                                                                                                                                                                                                                                                                                                   0.0000 1.9700                     
      DataPath:compute:inst/not#358                                                                                                                                                                                                                               mgc_not_1                                                                                                                                                                                                                                              0.0000 1.9700                     
      DataPath:compute:inst/not#358.itm                                                                                                                                                                                                                                                                                                                                                                                                                                                                                  0.0000 1.9700                     
      DataPath:compute:inst/or#152                                                                                                                                                                                                                                mgc_or_1_3                                                                                                                                                                                                                                             0.5500 2.5200                     
      DataPath:compute:inst/or#152.itm                                                                                                                                                                                                                                                                                                                                                                                                                                                                                   0.0000 2.5200                     
      DataPath:compute:inst/mux#238                                                                                                                                                                                                                               mgc_mux_1_1_2                                                                                                                                                                                                                                          0.0800 2.6000                     
      DataPath:compute:inst/mux.tmp#238                                                                                                                                                                                                                                                                                                                                                                                                                                                                                  0.0000 2.6000                     
      DataPath:compute:inst/or#248                                                                                                                                                                                                                                mgc_or_1_4                                                                                                                                                                                                                                             0.5500 3.1500                     
      DataPath:compute:inst/or.dcpl#60                                                                                                                                                                                                                                                                                                                                                                                                                                                                                   0.0000 3.1500                     
      DataPath:compute:inst/and#281                                                                                                                                                                                                                               mgc_and_1_2                                                                                                                                                                                                                                            0.0000 3.1500                     
      DataPath:compute:inst/and#281.itm                                                                                                                                                                                                                                                                                                                                                                                                                                                                                  0.0000 3.1500                     
      DataPath:compute:inst/or#318                                                                                                                                                                                                                                mgc_or_1_2                                                                                                                                                                                                                                             0.5500 3.7000                     
      DataPath:compute:inst/or.tmp#244                                                                                                                                                                                                                                                                                                                                                                                                                                                                                   0.0000 3.7000                     
      DataPath:compute:inst/sync00.read_reset_check.reset:mux#4                                                                                                                                                                                                   mgc_mux_1_1_2                                                                                                                                                                                                                                          0.0800 3.7800                     
      DataPath:compute:inst/sync00.read_reset_check.reset:mux#4.itm                                                                                                                                                                                                                                                                                                                                                                                                                                                      0.0000 3.7800                     
      DataPath:compute:inst/sync00.read_reset_check.reset:sync00.read_reset_check.reset:or#5                                                                                                                                                                      mgc_or_1_2                                                                                                                                                                                                                                             0.0000 3.7800                     
      DataPath:compute:inst/sync00.read_reset_check.reset:sync00.read_reset_check.reset:or#5.itm                                                                                                                                                                                                                                                                                                                                                                                                                         0.0000 3.7800                     
      DataPath:compute:inst/while:for:for:for:and                                                                                                                                                                                                                 mgc_and_1_2                                                                                                                                                                                                                                            0.0000 3.7800                     
      DataPath:compute:inst/while:for:for:for:and.itm                                                                                                                                                                                                                                                                                                                                                                                                                                                                    0.0000 3.7800                     
      DataPath:compute:inst/nor                                                                                                                                                                                                                                   mgc_nor_1_4                                                                                                                                                                                                                                            0.5500 4.3300                     
      DataPath:compute:inst/nor.itm                                                                                                                                                                                                                                                                                                                                                                                                                                                                                      0.0000 4.3300                     
      DataPath:compute:inst/mux1h                                                                                                                                                                                                                                 mgc_mux1hot_1_3                                                                                                                                                                                                                                        0.5500 4.8800                     
      DataPath:compute:inst/mux1h.itm                                                                                                                                                                                                                                                                                                                                                                                                                                                                                    0.0000 4.8800                     
      DataPath:compute:inst/and#385                                                                                                                                                                                                                               mgc_and_1_2                                                                                                                                                                                                                                            0.5500 5.4300                     
      DataPath:compute:inst/and#385.rmff                                                                                                                                                                                                                                                                                                                                                                                                                                                                                 0.0000 5.4300                     
      DataPath:compute:inst/DataPath:compute:staller:inst/compute.flen:unreg                                                                                                                                                                                                                                                                                                                                                                                                                                             0.0000 5.4300                     
      DataPath:compute:inst/DataPath:compute:staller:inst/nand                                                                                                                                                                                                    mgc_nand_1_3                                                                                                                                                                                                                                           0.5500 5.9800                     
      DataPath:compute:inst/DataPath:compute:staller:inst/nand.itm                                                                                                                                                                                                                                                                                                                                                                                                                                                       0.0000 5.9800                     
      DataPath:compute:inst/DataPath:compute:staller:inst/and#3                                                                                                                                                                                                   mgc_and_1_5                                                                                                                                                                                                                                            0.0000 5.9800                     
      DataPath:compute:inst/DataPath:compute:staller:inst/compute.wen                                                                                                                                                                                                                                                                                                                                                                                                                                                    0.0000 5.9800                     
      DataPath:compute:inst/compute.wen                                                                                                                                                                                                                                                                                                                                                                                                                                                                                  0.0000 5.9800                     
      DataPath:compute:inst/DataPath:compute:in_wr_req.Push():mioi:inst/compute.wen                                                                                                                                                                                                                                                                                                                                                                                                                                      0.0000 5.9800                     
      DataPath:compute:inst/DataPath:compute:in_wr_req.Push():mioi:inst/DataPath:compute:in_wr_req.Push():mioi:in_wr_req.Push():mio:wait_ctrl:inst/compute.wen                                                                                                                                                                                                                                                                                                                                                           0.0000 5.9800                     
      DataPath:compute:inst/DataPath:compute:in_wr_req.Push():mioi:inst/DataPath:compute:in_wr_req.Push():mioi:in_wr_req.Push():mio:wait_ctrl:inst/while:for:for:for:if:and                                                                                       mgc_and_1_2                                                                                                                                                                                                                                            0.5500 6.5300                     
      DataPath:compute:inst/DataPath:compute:in_wr_req.Push():mioi:inst/DataPath:compute:in_wr_req.Push():mioi:in_wr_req.Push():mio:wait_ctrl:inst/in_wr_req.Push():mioi.bdwt                                                                                                                                                                                                                                                                                                                                            0.0000 6.5300                     
      DataPath:compute:inst/DataPath:compute:in_wr_req.Push():mioi:inst/in_wr_req.Push():mioi.bdwt                                                                                                                                                                                                                                                                                                                                                                                                                       0.0000 6.5300                     
      DataPath:compute:inst/DataPath:compute:in_wr_req.Push():mioi:inst/DataPath:compute:in_wr_req.Push():mioi:in_wr_req.Push():mio:wait_dp:inst/in_wr_req.Push():mioi.bdwt                                                                                                                                                                                                                                                                                                                                              0.0000 6.5300                     
      DataPath:compute:inst/DataPath:compute:in_wr_req.Push():mioi:inst/DataPath:compute:in_wr_req.Push():mioi:in_wr_req.Push():mio:wait_dp:inst/while:for:for:for:if:or                                                                                          mgc_or_1_2                                                                                                                                                                                                                                             0.5500 7.0800                     
      DataPath:compute:inst/DataPath:compute:in_wr_req.Push():mioi:inst/DataPath:compute:in_wr_req.Push():mioi:in_wr_req.Push():mio:wait_dp:inst/in_wr_req.Push():mioi.iden                                                                                                                                                                                                                                                                                                                                              0.0000 7.0800                     
      DataPath:compute:inst/DataPath:compute:in_wr_req.Push():mioi:inst/in_wr_req.Push():mioi.iden                                                                                                                                                                                                                                                                                                                                                                                                                       0.0000 7.0800                     
      DataPath:compute:inst/in_wr_req.Push():mioi.iden                                                                                                                                                                                                                                                                                                                                                                                                                                                                   0.0000 7.0800                     
      DataPath:compute:inst/DataPath:compute:staller:inst/in_wr_req.Push():mioi.iden                                                                                                                                                                                                                                                                                                                                                                                                                                     0.0000 7.0800                     
      DataPath:compute:inst/DataPath:compute:staller:inst/nor                                                                                                                                                                                                     mgc_nor_1_6                                                                                                                                                                                                                                            0.5500 7.6300                     
      DataPath:compute:inst/DataPath:compute:staller:inst/nor.itm                                                                                                                                                                                                                                                                                                                                                                                                                                                        0.0000 7.6300                     
      DataPath:compute:inst/DataPath:compute:staller:inst/and                                                                                                                                                                                                     mgc_and_1_2                                                                                                                                                                                                                                            0.5500 8.1800                     
      DataPath:compute:inst/DataPath:compute:staller:inst/and.itm                                                                                                                                                                                                                                                                                                                                                                                                                                                        0.0000 8.1800                     
      DataPath:compute:inst/DataPath:compute:staller:inst/reg(compute.flen_shf)#1                                                                                                                                                                                 mgc_reg_pos_1_1_0_0_0_0_0                                                                                                                                                                                                                              0.0000 8.1800                     
                                                                                                                                                                                                                                                                                                                                                                                                                                                                                                                                                           
    9                                                                                                                                                                                                                                                             DataPath:compute:inst/DataPath:compute:in_wr_req.Push():mioi:inst/DataPath:compute:in_wr_req.Push():mioi:in_wr_req.Push():mio:wait_dp:inst/reg(in_wr_req.Push():mioi.bcwt) DataPath:compute:inst/DataPath:compute:staller:inst/reg(compute.flen_shf)#1 8.1000 -3.1000                    
                                                                                                                                                                                                                                                                                                                                                                                                                                                                                                                                                           
      Instance                                                                                                                                                                                                                                                    Component                                                                                                                                                                                                                                              Delta  Delay   [MIN, MAX]         
      --------                                                                                                                                                                                                                                                    ---------                                                                                                                                                                                                                                              -----  -----   ------------------ 
      DataPath:compute:inst/DataPath:compute:in_wr_req.Push():mioi:inst/DataPath:compute:in_wr_req.Push():mioi:in_wr_req.Push():mio:wait_dp:inst/reg(in_wr_req.Push():mioi.bcwt)                                                                                  mgc_reg_pos_1_1_0_0_0_0_0                                                                                                                                                                                                                              0.3200 0.3200                     
      DataPath:compute:inst/DataPath:compute:in_wr_req.Push():mioi:inst/DataPath:compute:in_wr_req.Push():mioi:in_wr_req.Push():mio:wait_dp:inst/in_wr_req.Push():mioi.bcwt                                                                                                                                                                                                                                                                                                                                              0.0000 0.3200                     
      DataPath:compute:inst/DataPath:compute:in_wr_req.Push():mioi:inst/in_wr_req.Push():mioi.bcwt                                                                                                                                                                                                                                                                                                                                                                                                                       0.0000 0.3200                     
      DataPath:compute:inst/DataPath:compute:in_wr_req.Push():mioi:inst/DataPath:compute:in_wr_req.Push():mioi:in_wr_req.Push():mio:wait_ctrl:inst/in_wr_req.Push():mioi.bcwt                                                                                                                                                                                                                                                                                                                                            0.0000 0.3200                     
      DataPath:compute:inst/DataPath:compute:in_wr_req.Push():mioi:inst/DataPath:compute:in_wr_req.Push():mioi:in_wr_req.Push():mio:wait_ctrl:inst/while:for:for:for:if:not#1                                                                                     mgc_not_1                                                                                                                                                                                                                                              0.0000 0.3200                     
      DataPath:compute:inst/DataPath:compute:in_wr_req.Push():mioi:inst/DataPath:compute:in_wr_req.Push():mioi:in_wr_req.Push():mio:wait_ctrl:inst/while:for:for:for:if:not#1.itm                                                                                                                                                                                                                                                                                                                                        0.0000 0.3200                     
      DataPath:compute:inst/DataPath:compute:in_wr_req.Push():mioi:inst/DataPath:compute:in_wr_req.Push():mioi:in_wr_req.Push():mio:wait_ctrl:inst/while:for:for:for:if:and#3                                                                                     mgc_and_1_2                                                                                                                                                                                                                                            0.5500 0.8700                     
      DataPath:compute:inst/DataPath:compute:in_wr_req.Push():mioi:inst/DataPath:compute:in_wr_req.Push():mioi:in_wr_req.Push():mio:wait_ctrl:inst/in_wr_req.Push():mioi.ogwt                                                                                                                                                                                                                                                                                                                                            0.0000 0.8700                     
      DataPath:compute:inst/DataPath:compute:in_wr_req.Push():mioi:inst/DataPath:compute:in_wr_req.Push():mioi:in_wr_req.Push():mio:wait_ctrl:inst/while:for:for:for:if:and#1                                                                                     mgc_and_1_2                                                                                                                                                                                                                                            0.5500 1.4200                     
      DataPath:compute:inst/DataPath:compute:in_wr_req.Push():mioi:inst/DataPath:compute:in_wr_req.Push():mioi:in_wr_req.Push():mio:wait_ctrl:inst/in_wr_req.Push():mioi.biwt                                                                                                                                                                                                                                                                                                                                            0.0000 1.4200                     
      DataPath:compute:inst/DataPath:compute:in_wr_req.Push():mioi:inst/in_wr_req.Push():mioi.biwt                                                                                                                                                                                                                                                                                                                                                                                                                       0.0000 1.4200                     
      DataPath:compute:inst/DataPath:compute:in_wr_req.Push():mioi:inst/DataPath:compute:in_wr_req.Push():mioi:in_wr_req.Push():mio:wait_dp:inst/in_wr_req.Push():mioi.biwt                                                                                                                                                                                                                                                                                                                                              0.0000 1.4200                     
      DataPath:compute:inst/DataPath:compute:in_wr_req.Push():mioi:inst/DataPath:compute:in_wr_req.Push():mioi:in_wr_req.Push():mio:wait_dp:inst/while:for:for:for:if:or#1                                                                                        mgc_or_1_2                                                                                                                                                                                                                                             0.0000 1.4200                     
      DataPath:compute:inst/DataPath:compute:in_wr_req.Push():mioi:inst/DataPath:compute:in_wr_req.Push():mioi:in_wr_req.Push():mio:wait_dp:inst/in_wr_req.Push():mioi.bawt                                                                                                                                                                                                                                                                                                                                              0.0000 1.4200                     
      DataPath:compute:inst/DataPath:compute:in_wr_req.Push():mioi:inst/in_wr_req.Push():mioi.bawt                                                                                                                                                                                                                                                                                                                                                                                                                       0.0000 1.4200                     
      DataPath:compute:inst/in_wr_req.Push():mioi.bawt                                                                                                                                                                                                                                                                                                                                                                                                                                                                   0.0000 1.4200                     
      DataPath:compute:inst/or#114                                                                                                                                                                                                                                mgc_or_1_4                                                                                                                                                                                                                                             0.5500 1.9700                     
      DataPath:compute:inst/or.tmp#102                                                                                                                                                                                                                                                                                                                                                                                                                                                                                   0.0000 1.9700                     
      DataPath:compute:inst/not#386                                                                                                                                                                                                                               mgc_not_1                                                                                                                                                                                                                                              0.0000 1.9700                     
      DataPath:compute:inst/not#386.itm                                                                                                                                                                                                                                                                                                                                                                                                                                                                                  0.0000 1.9700                     
      DataPath:compute:inst/or#224                                                                                                                                                                                                                                mgc_or_1_3                                                                                                                                                                                                                                             0.5500 2.5200                     
      DataPath:compute:inst/or.dcpl#41                                                                                                                                                                                                                                                                                                                                                                                                                                                                                   0.0000 2.5200                     
      DataPath:compute:inst/while:for:for:for:while:for:for:for:and#3                                                                                                                                                                                             mgc_and_1_2                                                                                                                                                                                                                                            0.5500 3.0700                     
      DataPath:compute:inst/while:for:for:for.stage_v#3:mx2                                                                                                                                                                                                                                                                                                                                                                                                                                                              0.0000 3.0700                     
      DataPath:compute:inst/while:for:for:for:nor#5                                                                                                                                                                                                               mgc_nor_1_2                                                                                                                                                                                                                                            0.0000 3.0700                     
      DataPath:compute:inst/while:for:for:for:nor#5.itm                                                                                                                                                                                                                                                                                                                                                                                                                                                                  0.0000 3.0700                     
      DataPath:compute:inst/while:for:for:for:and#9                                                                                                                                                                                                               mgc_and_1_5                                                                                                                                                                                                                                            0.5500 3.6200                     
      DataPath:compute:inst/while:for:for:for.stage_en#2:mx1w0                                                                                                                                                                                                                                                                                                                                                                                                                                                           0.0000 3.6200                     
      DataPath:compute:inst/while:for:for:for:mux#5                                                                                                                                                                                                               mgc_mux_1_1_2                                                                                                                                                                                                                                          0.0800 3.7000                     
      DataPath:compute:inst/while:for:for:for:mux#5.itm                                                                                                                                                                                                                                                                                                                                                                                                                                                                  0.0000 3.7000                     
      DataPath:compute:inst/nor                                                                                                                                                                                                                                   mgc_nor_1_4                                                                                                                                                                                                                                            0.5500 4.2500                     
      DataPath:compute:inst/nor.itm                                                                                                                                                                                                                                                                                                                                                                                                                                                                                      0.0000 4.2500                     
      DataPath:compute:inst/mux1h                                                                                                                                                                                                                                 mgc_mux1hot_1_3                                                                                                                                                                                                                                        0.5500 4.8000                     
      DataPath:compute:inst/mux1h.itm                                                                                                                                                                                                                                                                                                                                                                                                                                                                                    0.0000 4.8000                     
      DataPath:compute:inst/and#385                                                                                                                                                                                                                               mgc_and_1_2                                                                                                                                                                                                                                            0.5500 5.3500                     
      DataPath:compute:inst/and#385.rmff                                                                                                                                                                                                                                                                                                                                                                                                                                                                                 0.0000 5.3500                     
      DataPath:compute:inst/DataPath:compute:staller:inst/compute.flen:unreg                                                                                                                                                                                                                                                                                                                                                                                                                                             0.0000 5.3500                     
      DataPath:compute:inst/DataPath:compute:staller:inst/nand                                                                                                                                                                                                    mgc_nand_1_3                                                                                                                                                                                                                                           0.5500 5.9000                     
      DataPath:compute:inst/DataPath:compute:staller:inst/nand.itm                                                                                                                                                                                                                                                                                                                                                                                                                                                       0.0000 5.9000                     
      DataPath:compute:inst/DataPath:compute:staller:inst/and#3                                                                                                                                                                                                   mgc_and_1_5                                                                                                                                                                                                                                            0.0000 5.9000                     
      DataPath:compute:inst/DataPath:compute:staller:inst/compute.wen                                                                                                                                                                                                                                                                                                                                                                                                                                                    0.0000 5.9000                     
      DataPath:compute:inst/compute.wen                                                                                                                                                                                                                                                                                                                                                                                                                                                                                  0.0000 5.9000                     
      DataPath:compute:inst/DataPath:compute:in_wr_req.Push():mioi:inst/compute.wen                                                                                                                                                                                                                                                                                                                                                                                                                                      0.0000 5.9000                     
      DataPath:compute:inst/DataPath:compute:in_wr_req.Push():mioi:inst/DataPath:compute:in_wr_req.Push():mioi:in_wr_req.Push():mio:wait_ctrl:inst/compute.wen                                                                                                                                                                                                                                                                                                                                                           0.0000 5.9000                     
      DataPath:compute:inst/DataPath:compute:in_wr_req.Push():mioi:inst/DataPath:compute:in_wr_req.Push():mioi:in_wr_req.Push():mio:wait_ctrl:inst/while:for:for:for:if:and                                                                                       mgc_and_1_2                                                                                                                                                                                                                                            0.5500 6.4500                     
      DataPath:compute:inst/DataPath:compute:in_wr_req.Push():mioi:inst/DataPath:compute:in_wr_req.Push():mioi:in_wr_req.Push():mio:wait_ctrl:inst/in_wr_req.Push():mioi.bdwt                                                                                                                                                                                                                                                                                                                                            0.0000 6.4500                     
      DataPath:compute:inst/DataPath:compute:in_wr_req.Push():mioi:inst/in_wr_req.Push():mioi.bdwt                                                                                                                                                                                                                                                                                                                                                                                                                       0.0000 6.4500                     
      DataPath:compute:inst/DataPath:compute:in_wr_req.Push():mioi:inst/DataPath:compute:in_wr_req.Push():mioi:in_wr_req.Push():mio:wait_dp:inst/in_wr_req.Push():mioi.bdwt                                                                                                                                                                                                                                                                                                                                              0.0000 6.4500                     
      DataPath:compute:inst/DataPath:compute:in_wr_req.Push():mioi:inst/DataPath:compute:in_wr_req.Push():mioi:in_wr_req.Push():mio:wait_dp:inst/while:for:for:for:if:or                                                                                          mgc_or_1_2                                                                                                                                                                                                                                             0.5500 7.0000                     
      DataPath:compute:inst/DataPath:compute:in_wr_req.Push():mioi:inst/DataPath:compute:in_wr_req.Push():mioi:in_wr_req.Push():mio:wait_dp:inst/in_wr_req.Push():mioi.iden                                                                                                                                                                                                                                                                                                                                              0.0000 7.0000                     
      DataPath:compute:inst/DataPath:compute:in_wr_req.Push():mioi:inst/in_wr_req.Push():mioi.iden                                                                                                                                                                                                                                                                                                                                                                                                                       0.0000 7.0000                     
      DataPath:compute:inst/in_wr_req.Push():mioi.iden                                                                                                                                                                                                                                                                                                                                                                                                                                                                   0.0000 7.0000                     
      DataPath:compute:inst/DataPath:compute:staller:inst/in_wr_req.Push():mioi.iden                                                                                                                                                                                                                                                                                                                                                                                                                                     0.0000 7.0000                     
      DataPath:compute:inst/DataPath:compute:staller:inst/nor                                                                                                                                                                                                     mgc_nor_1_6                                                                                                                                                                                                                                            0.5500 7.5500                     
      DataPath:compute:inst/DataPath:compute:staller:inst/nor.itm                                                                                                                                                                                                                                                                                                                                                                                                                                                        0.0000 7.5500                     
      DataPath:compute:inst/DataPath:compute:staller:inst/and                                                                                                                                                                                                     mgc_and_1_2                                                                                                                                                                                                                                            0.5500 8.1000                     
      DataPath:compute:inst/DataPath:compute:staller:inst/and.itm                                                                                                                                                                                                                                                                                                                                                                                                                                                        0.0000 8.1000                     
      DataPath:compute:inst/DataPath:compute:staller:inst/reg(compute.flen_shf)#1                                                                                                                                                                                 mgc_reg_pos_1_1_0_0_0_0_0                                                                                                                                                                                                                              0.0000 8.1000                     
                                                                                                                                                                                                                                                                                                                                                                                                                                                                                                                                                           
    10                                                                                                                                                                                                                                                            DataPath:compute:inst/reg(in_wr_req.Push():mioi.iswt0)                                                                                                                     DataPath:compute:inst/DataPath:compute:staller:inst/reg(compute.flen_shf)#1 8.1000 -3.1000                    
                                                                                                                                                                                                                                                                                                                                                                                                                                                                                                                                                           
      Instance                                                                                                                                                                                                                                                    Component                                                                                                                                                                                                                                              Delta  Delay   [MIN, MAX]         
      --------                                                                                                                                                                                                                                                    ---------                                                                                                                                                                                                                                              -----  -----   ------------------ 
      DataPath:compute:inst/reg(in_wr_req.Push():mioi.iswt0)                                                                                                                                                                                                      mgc_reg_pos_1_1_0_0_0_1_1                                                                                                                                                                                                                              0.3200 0.3200                     
      DataPath:compute:inst/in_wr_req.Push():mioi.iswt0                                                                                                                                                                                                                                                                                                                                                                                                                                                                  0.0000 0.3200                     
      DataPath:compute:inst/DataPath:compute:in_wr_req.Push():mioi:inst/in_wr_req.Push():mioi.iswt0                                                                                                                                                                                                                                                                                                                                                                                                                      0.0000 0.3200                     
      DataPath:compute:inst/DataPath:compute:in_wr_req.Push():mioi:inst/DataPath:compute:in_wr_req.Push():mioi:in_wr_req.Push():mio:wait_ctrl:inst/in_wr_req.Push():mioi.iswt0                                                                                                                                                                                                                                                                                                                                           0.0000 0.3200                     
      DataPath:compute:inst/DataPath:compute:in_wr_req.Push():mioi:inst/DataPath:compute:in_wr_req.Push():mioi:in_wr_req.Push():mio:wait_ctrl:inst/while:for:for:for:if:and#3                                                                                     mgc_and_1_2                                                                                                                                                                                                                                            0.5500 0.8700                     
      DataPath:compute:inst/DataPath:compute:in_wr_req.Push():mioi:inst/DataPath:compute:in_wr_req.Push():mioi:in_wr_req.Push():mio:wait_ctrl:inst/in_wr_req.Push():mioi.ogwt                                                                                                                                                                                                                                                                                                                                            0.0000 0.8700                     
      DataPath:compute:inst/DataPath:compute:in_wr_req.Push():mioi:inst/DataPath:compute:in_wr_req.Push():mioi:in_wr_req.Push():mio:wait_ctrl:inst/while:for:for:for:if:and#1                                                                                     mgc_and_1_2                                                                                                                                                                                                                                            0.5500 1.4200                     
      DataPath:compute:inst/DataPath:compute:in_wr_req.Push():mioi:inst/DataPath:compute:in_wr_req.Push():mioi:in_wr_req.Push():mio:wait_ctrl:inst/in_wr_req.Push():mioi.biwt                                                                                                                                                                                                                                                                                                                                            0.0000 1.4200                     
      DataPath:compute:inst/DataPath:compute:in_wr_req.Push():mioi:inst/in_wr_req.Push():mioi.biwt                                                                                                                                                                                                                                                                                                                                                                                                                       0.0000 1.4200                     
      DataPath:compute:inst/DataPath:compute:in_wr_req.Push():mioi:inst/DataPath:compute:in_wr_req.Push():mioi:in_wr_req.Push():mio:wait_dp:inst/in_wr_req.Push():mioi.biwt                                                                                                                                                                                                                                                                                                                                              0.0000 1.4200                     
      DataPath:compute:inst/DataPath:compute:in_wr_req.Push():mioi:inst/DataPath:compute:in_wr_req.Push():mioi:in_wr_req.Push():mio:wait_dp:inst/while:for:for:for:if:or#1                                                                                        mgc_or_1_2                                                                                                                                                                                                                                             0.0000 1.4200                     
      DataPath:compute:inst/DataPath:compute:in_wr_req.Push():mioi:inst/DataPath:compute:in_wr_req.Push():mioi:in_wr_req.Push():mio:wait_dp:inst/in_wr_req.Push():mioi.bawt                                                                                                                                                                                                                                                                                                                                              0.0000 1.4200                     
      DataPath:compute:inst/DataPath:compute:in_wr_req.Push():mioi:inst/in_wr_req.Push():mioi.bawt                                                                                                                                                                                                                                                                                                                                                                                                                       0.0000 1.4200                     
      DataPath:compute:inst/in_wr_req.Push():mioi.bawt                                                                                                                                                                                                                                                                                                                                                                                                                                                                   0.0000 1.4200                     
      DataPath:compute:inst/or#114                                                                                                                                                                                                                                mgc_or_1_4                                                                                                                                                                                                                                             0.5500 1.9700                     
      DataPath:compute:inst/or.tmp#102                                                                                                                                                                                                                                                                                                                                                                                                                                                                                   0.0000 1.9700                     
      DataPath:compute:inst/not#386                                                                                                                                                                                                                               mgc_not_1                                                                                                                                                                                                                                              0.0000 1.9700                     
      DataPath:compute:inst/not#386.itm                                                                                                                                                                                                                                                                                                                                                                                                                                                                                  0.0000 1.9700                     
      DataPath:compute:inst/or#224                                                                                                                                                                                                                                mgc_or_1_3                                                                                                                                                                                                                                             0.5500 2.5200                     
      DataPath:compute:inst/or.dcpl#41                                                                                                                                                                                                                                                                                                                                                                                                                                                                                   0.0000 2.5200                     
      DataPath:compute:inst/while:for:for:for:while:for:for:for:and#3                                                                                                                                                                                             mgc_and_1_2                                                                                                                                                                                                                                            0.5500 3.0700                     
      DataPath:compute:inst/while:for:for:for.stage_v#3:mx2                                                                                                                                                                                                                                                                                                                                                                                                                                                              0.0000 3.0700                     
      DataPath:compute:inst/while:for:for:for:nor#5                                                                                                                                                                                                               mgc_nor_1_2                                                                                                                                                                                                                                            0.0000 3.0700                     
      DataPath:compute:inst/while:for:for:for:nor#5.itm                                                                                                                                                                                                                                                                                                                                                                                                                                                                  0.0000 3.0700                     
      DataPath:compute:inst/while:for:for:for:and#9                                                                                                                                                                                                               mgc_and_1_5                                                                                                                                                                                                                                            0.5500 3.6200                     
      DataPath:compute:inst/while:for:for:for.stage_en#2:mx1w0                                                                                                                                                                                                                                                                                                                                                                                                                                                           0.0000 3.6200                     
      DataPath:compute:inst/while:for:for:for:mux#5                                                                                                                                                                                                               mgc_mux_1_1_2                                                                                                                                                                                                                                          0.0800 3.7000                     
      DataPath:compute:inst/while:for:for:for:mux#5.itm                                                                                                                                                                                                                                                                                                                                                                                                                                                                  0.0000 3.7000                     
      DataPath:compute:inst/nor                                                                                                                                                                                                                                   mgc_nor_1_4                                                                                                                                                                                                                                            0.5500 4.2500                     
      DataPath:compute:inst/nor.itm                                                                                                                                                                                                                                                                                                                                                                                                                                                                                      0.0000 4.2500                     
      DataPath:compute:inst/mux1h                                                                                                                                                                                                                                 mgc_mux1hot_1_3                                                                                                                                                                                                                                        0.5500 4.8000                     
      DataPath:compute:inst/mux1h.itm                                                                                                                                                                                                                                                                                                                                                                                                                                                                                    0.0000 4.8000                     
      DataPath:compute:inst/and#385                                                                                                                                                                                                                               mgc_and_1_2                                                                                                                                                                                                                                            0.5500 5.3500                     
      DataPath:compute:inst/and#385.rmff                                                                                                                                                                                                                                                                                                                                                                                                                                                                                 0.0000 5.3500                     
      DataPath:compute:inst/DataPath:compute:staller:inst/compute.flen:unreg                                                                                                                                                                                                                                                                                                                                                                                                                                             0.0000 5.3500                     
      DataPath:compute:inst/DataPath:compute:staller:inst/nand                                                                                                                                                                                                    mgc_nand_1_3                                                                                                                                                                                                                                           0.5500 5.9000                     
      DataPath:compute:inst/DataPath:compute:staller:inst/nand.itm                                                                                                                                                                                                                                                                                                                                                                                                                                                       0.0000 5.9000                     
      DataPath:compute:inst/DataPath:compute:staller:inst/and#3                                                                                                                                                                                                   mgc_and_1_5                                                                                                                                                                                                                                            0.0000 5.9000                     
      DataPath:compute:inst/DataPath:compute:staller:inst/compute.wen                                                                                                                                                                                                                                                                                                                                                                                                                                                    0.0000 5.9000                     
      DataPath:compute:inst/compute.wen                                                                                                                                                                                                                                                                                                                                                                                                                                                                                  0.0000 5.9000                     
      DataPath:compute:inst/DataPath:compute:in_wr_req.Push():mioi:inst/compute.wen                                                                                                                                                                                                                                                                                                                                                                                                                                      0.0000 5.9000                     
      DataPath:compute:inst/DataPath:compute:in_wr_req.Push():mioi:inst/DataPath:compute:in_wr_req.Push():mioi:in_wr_req.Push():mio:wait_ctrl:inst/compute.wen                                                                                                                                                                                                                                                                                                                                                           0.0000 5.9000                     
      DataPath:compute:inst/DataPath:compute:in_wr_req.Push():mioi:inst/DataPath:compute:in_wr_req.Push():mioi:in_wr_req.Push():mio:wait_ctrl:inst/while:for:for:for:if:and                                                                                       mgc_and_1_2                                                                                                                                                                                                                                            0.5500 6.4500                     
      DataPath:compute:inst/DataPath:compute:in_wr_req.Push():mioi:inst/DataPath:compute:in_wr_req.Push():mioi:in_wr_req.Push():mio:wait_ctrl:inst/in_wr_req.Push():mioi.bdwt                                                                                                                                                                                                                                                                                                                                            0.0000 6.4500                     
      DataPath:compute:inst/DataPath:compute:in_wr_req.Push():mioi:inst/in_wr_req.Push():mioi.bdwt                                                                                                                                                                                                                                                                                                                                                                                                                       0.0000 6.4500                     
      DataPath:compute:inst/DataPath:compute:in_wr_req.Push():mioi:inst/DataPath:compute:in_wr_req.Push():mioi:in_wr_req.Push():mio:wait_dp:inst/in_wr_req.Push():mioi.bdwt                                                                                                                                                                                                                                                                                                                                              0.0000 6.4500                     
      DataPath:compute:inst/DataPath:compute:in_wr_req.Push():mioi:inst/DataPath:compute:in_wr_req.Push():mioi:in_wr_req.Push():mio:wait_dp:inst/while:for:for:for:if:or                                                                                          mgc_or_1_2                                                                                                                                                                                                                                             0.5500 7.0000                     
      DataPath:compute:inst/DataPath:compute:in_wr_req.Push():mioi:inst/DataPath:compute:in_wr_req.Push():mioi:in_wr_req.Push():mio:wait_dp:inst/in_wr_req.Push():mioi.iden                                                                                                                                                                                                                                                                                                                                              0.0000 7.0000                     
      DataPath:compute:inst/DataPath:compute:in_wr_req.Push():mioi:inst/in_wr_req.Push():mioi.iden                                                                                                                                                                                                                                                                                                                                                                                                                       0.0000 7.0000                     
      DataPath:compute:inst/in_wr_req.Push():mioi.iden                                                                                                                                                                                                                                                                                                                                                                                                                                                                   0.0000 7.0000                     
      DataPath:compute:inst/DataPath:compute:staller:inst/in_wr_req.Push():mioi.iden                                                                                                                                                                                                                                                                                                                                                                                                                                     0.0000 7.0000                     
      DataPath:compute:inst/DataPath:compute:staller:inst/nor                                                                                                                                                                                                     mgc_nor_1_6                                                                                                                                                                                                                                            0.5500 7.5500                     
      DataPath:compute:inst/DataPath:compute:staller:inst/nor.itm                                                                                                                                                                                                                                                                                                                                                                                                                                                        0.0000 7.5500                     
      DataPath:compute:inst/DataPath:compute:staller:inst/and                                                                                                                                                                                                     mgc_and_1_2                                                                                                                                                                                                                                            0.5500 8.1000                     
      DataPath:compute:inst/DataPath:compute:staller:inst/and.itm                                                                                                                                                                                                                                                                                                                                                                                                                                                        0.0000 8.1000                     
      DataPath:compute:inst/DataPath:compute:staller:inst/reg(compute.flen_shf)#1                                                                                                                                                                                 mgc_reg_pos_1_1_0_0_0_0_0                                                                                                                                                                                                                              0.0000 8.1000                     
                                                                                                                                                                                                                                                                                                                                                                                                                                                                                                                                                           
    
  Register Input and Register-to-Output Slack
    Clock period or pin-to-reg delay constraint (clk): 5.0
    Clock uncertainty constraint (clk)               : 0.0
    
    Instance                                                                                                                                                                                                         Port                                                                                                                  Slack (Delay) Messages                
    ---------------------------------------------------------------------------------------------------------------------------------------------------------------------------------------------------------------- ------------------------------------------------------------------------------------------------------------------- ------- ------- -----------------------
    DataPath:compute/reg(in_rd_rsp.Pop():mioi.iswt0)                                                                                                                                                                 sync00.read_reset_check.reset:sync00.read_reset_check.reset:sync00.read_reset_check.reset:not.itm                    1.8500  3.1500                         
    DataPath:compute/reg(in_wr_req.Push():mioi.iswt0)                                                                                                                                                                sync00.read_reset_check.reset:sync00.read_reset_check.reset:sync00.read_reset_check.reset:not#1.itm                  3.0300  1.9700                         
    DataPath:compute/reg(compute.flen)                                                                                                                                                                               and#385.rmff                                                                                                        -3.6500  8.6500 (clock period exceeded) 
    DataPath:compute/reg(sync00.Pop():mioi.oswt)                                                                                                                                                                     sync00.read_reset_check.reset:while:nor.itm                                                                          1.7700  3.2300                         
    DataPath:compute/reg(in_rd_rsp.Pop():mioi.oswt)                                                                                                                                                                  or.tmp#192                                                                                                          -0.9000  5.9000 (clock period exceeded) 
    DataPath:compute/reg(while:for:in_length:mul:cmp.a)                                                                                                                                                              while:slc(conf_info_in.Pop()mio_mrgout_dat.sva:mx0(95:32))(31-0).itm                                                 4.5200  0.4800                         
    DataPath:compute/reg(while:for:in_length:mul:cmp.b)                                                                                                                                                              while:slc(conf_info_in.Pop()mio_mrgout_dat.sva:mx0(95:32))(63-32).itm                                                4.5200  0.4800                         
    DataPath:compute/reg(in_wr_req.Push():mioi.idat)                                                                                                                                                                 while:for:for:acc_fx.sva#1:mx0w0                                                                                     1.6451  3.3549                         
    DataPath:compute/reg(while:for:for:for:while:for:for:for:if:nor.svs.st.2)                                                                                                                                        while:for:for:for:while:for:for:for:if:nor.svs.st.1                                                                  4.6800  0.3200                         
    DataPath:compute/reg(exit:while:for:for:for.sva.st.2)                                                                                                                                                            exit:while:for:for:for.sva.st.1                                                                                      4.6800  0.3200                         
    DataPath:compute/reg(while:for:for:for.stage_en#2)                                                                                                                                                               while:for:for:for.stage_en#2:mx1w0                                                                                  -3.1000  8.1000 (clock period exceeded) 
    DataPath:compute/reg(while:for:for:for.stage_en#4)                                                                                                                                                               while:for:for:for.stage_en#4:mx1w0                                                                                  -2.5500  7.5500 (clock period exceeded) 
    DataPath:compute/reg(while:for:for:for.stage_en#6)                                                                                                                                                               while:for:for:for.stage_en#6:mx1w0                                                                                  -1.4500  6.4500 (clock period exceeded) 
    DataPath:compute/reg(while:for:for:for:while:for:for:for:if:nor.svs.st)                                                                                                                                          while:for:for:for:while:for:for:for:if:nor.svs.st#1                                                                  1.6300  3.3700                         
    DataPath:compute/reg(conf_info_in.Pop()mio_mrgout_dat)                                                                                                                                                           conf_info_in.Pop():mioi.idat.mxwt                                                                                    3.0700  1.9300                         
    DataPath:compute/reg(while:for:b)                                                                                                                                                                                while:for:b:while:for:b:while:for:b:and.itm                                                                          3.0050  1.9950                         
    DataPath:compute/reg(while:for:for:in_rem(31:7))                                                                                                                                                                 while:for:for:in_rem:while:for:for:in_rem:mux.itm                                                                    3.3400  1.6600                         
    DataPath:compute/reg(while:for:in_length)                                                                                                                                                                        while:for:in_length:slc(while:for:in_length:mul:cmp.z.oreg)(6-0).itm                                                 4.6800  0.3200                         
    DataPath:compute/reg(exit:while:for:for:for.sva.st)                                                                                                                                                              while:for:for:for:not#27.itm                                                                                         3.3000  1.7000                         
    DataPath:compute/reg(while:for:for:for:i(10:1))                                                                                                                                                                  while:for:for:for:i:while:for:for:for:i:and.itm                                                                      3.0950  1.9050                         
    DataPath:compute/reg(while:for:for:in_len:slc()(32).svs)                                                                                                                                                         while:for:for:in_len:acc.itm(32)                                                                                     2.7650  2.2350                         
    DataPath:compute/reg(while:for:for:in_len:_qr(6:0).lpi#3.dfm)                                                                                                                                                    while:for:for:in_len:while:for:for:in_len:and.itm                                                                    2.7650  2.2350                         
    DataPath:compute/reg(while:for:for:for.stage_v)                                                                                                                                                                  sync00.read_reset_check.reset:sync00.read_reset_check.reset:or#2.itm                                                 3.9000  1.1000                         
    DataPath:compute/reg(while:for:for:for.stage_0)                                                                                                                                                                  sync00.read_reset_check.reset:sync00.read_reset_check.reset:sync00.read_reset_check.reset:while:for:for:for:not.itm  1.3000  3.7000                         
    DataPath:compute/reg(while:for:for:for:asn#3)                                                                                                                                                                    while:for:for:for:not#28.itm                                                                                         3.3000  1.7000                         
    DataPath:compute/reg(while:for:for:for.stage_v#1)                                                                                                                                                                while:for:for:for.stage_v#1:mx0c1                                                                                    0.7500  4.2500                         
    DataPath:compute/reg(while:for:for:for.stage_v#2)                                                                                                                                                                while:for:for:for:while:for:for:for:while:for:for:for:while:for:for:for:not.itm                                      1.3800  3.6200                         
    DataPath:compute/reg(while:for:for:for.stage_v#3)                                                                                                                                                                while:for:for:for:while:for:for:for:or#7.itm                                                                         1.3800  3.6200                         
    DataPath:compute/reg(while:for:for:for.stage_v#4)                                                                                                                                                                while:for:for:for:while:for:for:for:while:for:for:for:while:for:for:for:not#1.itm                                    1.9300  3.0700                         
    DataPath:compute/reg(while:for:for:for:asn#3.itm.2)                                                                                                                                                              while:for:for:for:asn#3.itm.1                                                                                        4.6800  0.3200                         
    DataPath:compute/reg(while:for:for:for.stage_v#5)                                                                                                                                                                while:for:for:for:while:for:for:for:or#8.itm                                                                         1.9300  3.0700                         
    DataPath:compute/reg(while:for:for:acc_fx)                                                                                                                                                                       while:for:for:acc_fx:while:for:for:acc_fx:and.itm                                                                    3.9000  1.1000                         
    DataPath:compute/reg(while:for:for:for.stage_0.1)                                                                                                                                                                sync00.read_reset_check.reset:sync00.read_reset_check.reset:or#4.itm                                                 4.1300  0.8700                         
    DataPath:compute/reg(while:for:for:for.stage_0.2)                                                                                                                                                                while:for:for:for:while:for:for:for:and#7.itm                                                                        4.1300  0.8700                         
    DataPath:compute/reg(while:for:for:for.stage_0.3)                                                                                                                                                                while:for:for:for:while:for:for:for:and#8.itm                                                                        3.9000  1.1000                         
    DataPath:compute/reg(while:for:for:acc_fx)#1                                                                                                                                                                     while:for:for:acc_fx.sva#1:mx0w0                                                                                     1.6451  3.3549                         
    DataPath:compute/reg(while:for:for:for:asn#3.itm.1)                                                                                                                                                              while:for:for:for:asn#3.itm                                                                                          4.1300  0.8700                         
    DataPath:compute/reg(exit:while:for:for:for.sva.st.1)                                                                                                                                                            exit:while:for:for:for.sva.st                                                                                       -1.3700  6.3700 (clock period exceeded) 
    DataPath:compute/reg(while:for:for:for:while:for:for:for:if:nor.svs.st.1)                                                                                                                                        while:for:for:for:while:for:for:for:if:nor.svs.st                                                                    4.6800  0.3200                         
    DataPath:compute/reg(while:for:for:for:while:for:for:for:if:nor.svs.2)                                                                                                                                           while:for:for:for:while:for:for:for:if:nor.svs.1                                                                     4.6800  0.3200                         
    DataPath:compute/reg(while:for:for:vec_indx(31:1))                                                                                                                                                               while:for:for:vec_indx:while:for:for:vec_indx:and.itm                                                                3.9000  1.1000                         
    DataPath:compute/reg(while:for:for:for:while:for:for:for:if:nor.svs.1)                                                                                                                                           while:for:for:for:while:for:for:for:if:nor.svs                                                                       4.1300  0.8700                         
    DataPath:compute/reg(while:for:for:for:while:for:for:for:if:nor.svs)                                                                                                                                             while:for:for:for:while:for:for:for:if:nor.svs.st#1                                                                  1.6300  3.3700                         
    DataPath:compute/reg(while:for:for:vec_indx(31:1))#1                                                                                                                                                             while:for:for:vec_indx(31:1).sva#2                                                                                   1.6300  3.3700                         
    DataPath:compute:sync00.Pop():mioi:sync00.Pop():mio:wait_dp/reg(sync00.Pop():mioi.bcwt)                                                                                                                          while:nor.itm                                                                                                       -2.5500  7.5500 (clock period exceeded) 
    DataPath:compute:wait_dp/reg(sync00.Pop():mioi.ivld.oreg.rneg)                                                                                                                                                   while:not#4.itm                                                                                                      5.0000  0.0000                         
    DataPath:compute:wait_dp/reg(conf_info_in.Pop():mioi.ivld.oreg.rneg)                                                                                                                                             while:not#9.itm                                                                                                      5.0000  0.0000                         
    DataPath:compute:wait_dp/reg(in_rd_rsp.Pop():mioi.ivld.oreg.rneg)                                                                                                                                                while:for:for:for:not#4.itm                                                                                          5.0000  0.0000                         
    DataPath:compute:wait_dp/reg(in_wr_req.Push():mioi.irdy.oreg.rneg)                                                                                                                                               while:for:for:for:if:not#4.itm                                                                                       5.0000  0.0000                         
    DataPath:compute:wait_dp/reg(while:for:in_length:mul:cmp.z.oreg)                                                                                                                                                 while:for:in_length:mul:cmp.z                                                                                       -0.0875  5.0875 (clock period exceeded) 
    DataPath:compute:conf_info_in.Pop():mioi:conf_info_in.Pop():mio:wait_dp/reg(conf_info_in.Pop():mioi.bcwt)                                                                                                        while:nor#2.itm                                                                                                     -2.5500  7.5500 (clock period exceeded) 
    DataPath:compute:conf_info_in.Pop():mioi:conf_info_in.Pop():mio:wait_dp/reg(conf_info_in.Pop():mioi.idat.bfwt)                                                                                                   conf_info_in.Pop():mioi.idat                                                                                         4.9200  0.0800                         
    DataPath:compute:in_rd_rsp.Pop():mioi:in_rd_rsp.Pop():mio:wait_dp/reg(in_rd_rsp.Pop():mioi.bcwt)                                                                                                                 while:for:for:for:nor.itm                                                                                           -2.5500  7.5500 (clock period exceeded) 
    DataPath:compute:in_rd_rsp.Pop():mioi:in_rd_rsp.Pop():mio:wait_dp/reg(in_rd_rsp.Pop():mioi.idat.bfwt)                                                                                                            in_rd_rsp.Pop():mioi.idat                                                                                            4.9200  0.0800                         
    DataPath:compute:in_wr_req.Push():mioi:in_wr_req.Push():mio:wait_dp/reg(in_wr_req.Push():mioi.bcwt)                                                                                                              while:for:for:for:if:nor.itm                                                                                        -2.5500  7.5500 (clock period exceeded) 
    DataPath:compute:while:for:for:for:while:for:for:for:mul:cmp:mgc_mul_pipe(32,1,32,1,48,1,1,0,0,2,2):wait_ctrl/reg(while:for:for:for:while:for:for:for:mul:cmp.hile:for:for:for:while:for:for:for:mul:cmp.pdswt1) while:for:for:for:while:for:for:for:mul:cmp.tiswt2                                                                   2.4930  2.5070                         
    DataPath:compute:while:for:for:for:while:for:for:for:mul:cmp:mgc_mul_pipe(32,1,32,1,48,1,1,0,0,2,2):wait_ctrl/reg(while:for:for:for:while:for:for:for:mul:cmp.hile:for:for:for:while:for:for:for:mul:cmp.pdswt0) while:for:for:for:while:for:for:for:mul:cmp.hile:for:for:for:while:for:for:for:mul:cmp.pdswt1                        4.1300  0.8700                         
    DataPath:compute:while:for:for:for:while:for:for:for:mul:cmp:mgc_mul_pipe(32,1,32,1,48,1,1,0,0,2,2):wait_ctrl/reg(while:for:for:for:while:for:for:for:mul:cmp.icwt)                                              while:for:for:for:acc#1.itm                                                                                          3.2150  1.7850                         
    DataPath:compute:while:for:for:for:while:for:for:for:mul:cmp:mgc_mul_pipe(32,1,32,1,48,1,1,0,0,2,2):wait_dp/reg(while:for:for:for:while:for:for:for:mul:cmp.bcwt)                                                while:for:for:for:acc.itm                                                                                           -5.1150 10.1150 (clock period exceeded) 
    DataPath:compute:while:for:for:for:while:for:for:for:mul:cmp:mgc_mul_pipe(32,1,32,1,48,1,1,0,0,2,2):wait_dp/reg(while:for:for:for:while:for:for:for:mul:cmp.z.bfwt)                                              while:for:for:for:slc(while:for:for:for:while:for:for:for:mul:cmp.z)(47-16)#1.itm                                    3.0101  1.9899                         
    DataPath:compute:while:for:for:for:while:for:for:for:mul:cmp:mgc_mul_pipe(32,1,32,1,48,1,1,0,0,2,2):wait_dp/reg(while:for:for:for:while:for:for:for:mul:cmp.z.bfwt#1)                                            while:for:for:for:while:for:for:for:mul:cmp.z.bfwt(47:16)                                                            3.5800  1.4200                         
    DataPath:compute:while:for:for:for:while:for:for:for:mul:cmp:mgc_mul_pipe(32,1,32,1,48,1,1,0,0,2,2):wait_dp/reg(while:for:for:for:while:for:for:for:mul:cmp.z.bfwt#2)                                            while:for:for:for:while:for:for:for:mul:cmp.z.bfwt#1(47:16)                                                          3.5800  1.4200                         
    DataPath:compute:staller/reg(compute.flen_shf)                                                                                                                                                                   compute.flen_shf(0)                                                                                                  1.9300  3.0700                         
    DataPath:compute:staller/reg(compute.flen_shf)#1                                                                                                                                                                 and.itm                                                                                                             -6.4000 11.4000 (clock period exceeded) 
    DataPath:compute:staller/reg(compute.wten)                                                                                                                                                                       not#4.itm                                                                                                           -3.6500  8.6500 (clock period exceeded) 
    DataPath                                                                                                                                                                                                         conf_info_in.rdy                                                                                                     4.1300  0.8700                         
    DataPath                                                                                                                                                                                                         sync00.rdy                                                                                                           4.1300  0.8700                         
    DataPath                                                                                                                                                                                                         in_wr_req.val                                                                                                        4.1300  0.8700                         
    DataPath                                                                                                                                                                                                         in_wr_req.msg                                                                                                        4.1300  0.8700                         
    DataPath                                                                                                                                                                                                         in_rd_rsp.rdy                                                                                                        4.1300  0.8700                         
    
Operator Bitwidth Summary
  Operation     Size (bits) Count 
  ------------- ----------- -----
  add                             
  -                      33     6 
  -                      32     1 
  -                      31     1 
  -                      25     1 
  -                       2     4 
  -                      16     1 
  -                      10     1 
  and                             
  -                       7     1 
  -                      32     1 
  -                      31     1 
  -                      16     1 
  -                      10     1 
  -                       1    97 
  equal                           
  -                       1     1 
  mio_in_read                     
  -                       0     3 
  mio_out_write                   
  -                       0     1 
  mul                             
  -                      48     1 
  -                      32     1 
  mux                             
  -                      96     1 
  -                      64     2 
  -                      32     1 
  -                      25     2 
  -                       1    14 
  mux1h                           
  -                       1     1 
  nand                            
  -                       1     9 
  nor                             
  -                       1    44 
  not                             
  -                       7     3 
  -                      32     3 
  -                      25     3 
  -                       1    99 
  or                              
  -                       1    64 
  reg                             
  -                      96     2 
  -                       7     2 
  -                      64     1 
  -                      32     9 
  -                      31     2 
  -                      25     1 
  -                       2     2 
  -                      16     1 
  -                      10     1 
  -                       1    44 
  
End of Report
