:02000004FFE01B
:100000000A0000141F2003D500002000000000009B
:10001000C08801000000000000001040FFFFFFFF4B
:1000200068021040FFFFFFFF62000014414238D514
:100030003F3000F1A00000543F2000F14001005487
:100040003F1000F16001005400113ED5000C40B299
:1000500000111ED55F111ED5000B005800E01BD506
:1000600006000014E07F86D240111CD50300001466
:100070000006A0D2401018D5DF3F03D5414238D545
:100080003F3000F1A00000543F2000F1E000005498
:100090003F1000F1A000005420F239D500007AB2E0
:1000A00020F219D5DF3F03D50F0000944D000094D6
:1000B000A00038D501FC60D3217C60D3005C58D30C
:1000C00000FC68D3000001AAC00000B45F2003D583
:1000D00081070058200040F9A0FFFFB400001FD6A0
:1000E000E80A0094FD031EAA000038D500FC44D3A2
:1000F000002C40921F0C34F100010054000038D550
:1001000000FC44D3002C40921F1C34F180000054AA
:10011000FE031DAAC0035FD6FEFFFF17FDFFFF17FA
:10012000FD031EAAA00038D51F1C40F28101005417
:1001300000FC48D31F1C40F22101005400FC48D3AE
:100140001F1C40F2C100005400FC50D31F1C40F2A1
:1001500061000054A0030058E80A009460030058AE
:1001600081030058F60A0094A00038D501FC60D342
:10017000217C60D3005C58D300FC68D3000001AA46
:10018000C00000B460020058FA0A00946400001035
:10019000450200588B0A0094FE031DAAC0035FD6D7
:1001A00040010058EF0A0014C0035FD6C0035FD6B9
:1001B0009FFFFF17000000000084D7170000000019
:1001C0001022D1FF000000000010FCFF0000000022
:1001D0000020FCFF00000000010000000000000003
:1001E000FD031EAA240E0058850040F9210E005878
:1001F0003F0005EBE10200549F0000F9A00038D554
:100200001F1C40F22102005400FC48D31F1C40F286
:10021000C101005400FC48D31F1C40F2610100548E
:1002200000FC50D31F1C40F201010054640C005824
:100230009F0000B941C03ED521007FB241C01ED50C
:10024000DF3F03D59F3F03D57F2003D5FFFFFF1777
:10025000840B0058850440B9A00038D5010C4092A9
:10026000420B00584220C19AA600028A860000B5BF
:10027000440A00589F0000B903000014240A0058E3
:10028000820400B9A00038D501FC60D3217C60D382
:10029000005C58D300FC68D3000001AA200200B41F
:1002A000C4080058850040F9450000B4A0001FD6DE
:1002B000A00038D51F1C40F241FFFF5400FC48D37A
:1002C0001F1C40F2E1FEFF5400FC48D31F1C40F20B
:1002D00081FEFF5400FC50D31F1C40F221FEFF544E
:1002E00080070058850A00944007005861070058AD
:1002F000930A0094A00038D501FC60D3217C60D320
:10030000005C58D300FC68D3000001AAC00000B410
:1003100040060058970A0094640000102506005813
:10032000280A0094A00038D51F1C40F28103005415
:1003300000FC48D31F1C40F22103005400FC48D3AA
:100340001F1C40F2C102005400FC50D31F1C40F29D
:100350006102005461030058200040F96204005813
:10036000000002EAA1000054400400586104005853
:10037000820400580400001400040058A10300582F
:1003800042040058030040B900100091230000B956
:10039000211000913F0002EB61FFFF54FE031DAAF4
:1003A000C0035FD6000000001822D1FF000000004B
:1003B000E7E52812000000001022D1FF0000000035
:1003C0000010D1FF0000000000010000000000004C
:1003D0000010FCFF000000000020FCFF00000000F7
:1003E0000100000000000000000F0F0000000000EE
:1003F0007067E1FF00000000C871E1FF000000002D
:100400001C7CE1FF00000000C471E1FF000000005F
:10041000FD7BBFA9FD030091141D009400008052D4
:10042000FD7BC1A8C0035FD600008052C0035FD629
:10043000FD7BBEA9FD030091F35301A9F403002A3B
:10044000130080526F000094000440B9BF3F03D5F1
:100450009F02206A61FFFF54730600117F2A00711A
:1004600021FFFF54F35341A9FD7BC2A8C0035FD60F
:10047000FD7BBDA9FD030091F35301A9F51300F91C
:100480006000009413100091000080D2E01E0094E0
:10049000F40300AA15C489D2600240B9BF3F03D556
:1004A00000010036E00314AAD91E00941F0015EBCA
:1004B00028010054200080D20E1F0094F7FFFF1780
:1004C00000008052F35341A9F51340F9FD7BC3A806
:1004D000C0035FD6A00D8012FBFFFF17FD7BBFA9F5
:1004E000FD03009144000094000042B9BF3F03D5D2
:1004F000006C0012017D8052FD7BC1A8007C011BB5
:10050000C0035FD6FD7BBCA9E20300AAFD030091F6
:10051000F35301A9F40301AA01008012F51300F9B5
:10052000556640F9E00315AABD180094F303002AAC
:100530000002F837E103002AE00315AAB81A009474
:1005400020020034E103132AE4C30091E00315AA5A
:1005500003008052A20000B0421C0C91681C009461
:10056000F303002A60000035E01B40F9800200F927
:10057000F51340F9E003132AF35341A9FD7BC4A806
:10058000C0035FD653028012FAFFFF17FD7BBFA99D
:10059000A10000D0A00000B0FD03009121E01D915A
:1005A000002C0C91D8FFFF9740000034991D009457
:1005B000A10000D0A00000B021C01D9100600C91EE
:1005C000D1FFFF9740FFFF35A10000D0A00000B091
:1005D00021001E9100940C91CBFFFF9780FEFF3508
:1005E000FD7BC1A8C0035FD6A00000D000BC43F9CA
:1005F000C0035FD6A00000D000B843F9C0035FD6A7
:10060000A00000D000C043F9C0035FD6FD7BBEA9A7
:10061000FD030091F35301A9FAFFFF97007440B95D
:10062000BF3F03D5F403002A004450D31F0400F158
:10063000200200541F0800F120020054400200B5BF
:1006400073050094F303002AEEFFFF97007840B98A
:10065000BF3F03D5943648D3007C1853001800914F
:10066000730AD49A007C139BF35341A9FD7BC2A863
:10067000C0035FD676050094F3FFFF17770500945B
:10068000F1FFFF17730080D2F0FFFF17FD7BBEA9BB
:10069000FD030091F35301A9DAFFFF9700E440B98D
:1006A000BF3F03D5F403002A004450D31F0400F1D8
:1006B000200200541F0800F120020054400200B53F
:1006C00053050094F303002ACEFFFF9700E840B9DA
:1006D000BF3F03D5943648D3007C185300180091CF
:1006E000730AD49A007C139BF35341A9FD7BC2A8E3
:1006F000C0035FD656050094F3FFFF17570500941B
:10070000F1FFFF17730080D2F0FFFF17602000B4E5
:10071000FD7BBDA9FD030091F35301A9F30300AADA
:10072000F55B02A9BF3F03D5B6FFFF97E1008052FA
:10073000013C00B94FFFFF97BF3F03D5B1FFFF97C3
:1007400014198052E10F805201B000B949FFFF97A0
:1007500060CE4039622E40B90018001156741E1246
:10076000433448D3810AC01A2108C31A007C011BF4
:100770000008C31A00240051001C00121524012A8D
:10078000BF3F03D59FFFFF97167400B9763240B97B
:10079000BF3F03D59BFFFF97167800B9BF3F03D536
:1007A00098FFFF97158C00B9753640B9BF3F03D548
:1007B00094FFFF97158400B9753A40B9BF3F03D540
:1007C00090FFFF97158800B9752A40B9BF3F03D540
:1007D0008CFFFF97157000B960BE4139616A40B95E
:1007E0000018001135741E12223448D3940AC01A1E
:1007F000940AC21A007C141B0008C21A002400517B
:10080000001C00121424142ABF3F03D57DFFFF975C
:1008100015E400B9756E40B9BF3F03D579FFFF9766
:1008200015E800B9BF3F03D576FFFF9714FC00B968
:10083000747240B9BF3F03D572FFFF9714F400B93B
:10084000747640B9BF3F03D56EFFFF9714F800B927
:10085000746240B9BF3F03D56AFFFF9714DC00B94B
:10086000746640B9BF3F03D566FFFF9714E000B937
:1008700064FFFF97147440B962FFFF97940600323B
:10088000147400B95FFFFF9714E440B95DFFFF9750
:100890009406003214E400B900608052E5FEFF9730
:1008A000BF3F03D5F41F805256FFFF97144800B98D
:1008B000BF3F03D553FFFF97144C00B9BF3F03D58B
:1008C00050FFFF97145000B9BF3F03D54DFFFF976E
:1008D000145400B9BF3F03D54AFFFF97145800B91D
:1008E000BF3F03D547FFFF97145C00B9BF3F03D557
:1008F00044FFFF97146000B9BF3F03D541FFFF9746
:10090000146400B9BF3F03D53EFFFF97146800B9D8
:10091000BF3F03D53BFFFF97146C00B9BF3F03D522
:1009200038FFFF9714BC00B9BF3F03D535FFFF97D1
:1009300014C000B9BF3F03D532FFFF9714C400B9FC
:10094000BF3F03D52FFFFF9714C800B9BF3F03D5A2
:100950002CFFFF9714CC00B9BF3F03D529FFFF97A9
:1009600014D000B9BF3F03D526FFFF9714D400B9B8
:10097000BF3F03D523FFFF9714D800B9740240B9D5
:10098000BF3F03D51FFFFF97144800B9740640B955
:10099000BF3F03D51BFFFF97144C00B9740A40B941
:1009A000BF3F03D517FFFF97145000B9740E40B92D
:1009B000BF3F03D513FFFF97145400B9741240B919
:1009C000BF3F03D50FFFFF97145800B9741640B905
:1009D000BF3F03D50BFFFF97145C00B9741A40B9F1
:1009E000BF3F03D507FFFF97146000B9741E40B9DD
:1009F000BF3F03D503FFFF97146400B9742240B9C9
:100A0000BF3F03D5FFFEFF97146800B9742640B9B5
:100A1000BF3F03D5FBFEFF97146C00B9744240B989
:100A2000BF3F03D5F7FEFF9714BC00B9744640B929
:100A3000BF3F03D5F3FEFF9714C000B9744A40B915
:100A4000BF3F03D5EFFEFF9714C400B9744E40B901
:100A5000BF3F03D5EBFEFF9714C800B9745240B9ED
:100A6000BF3F03D5E7FEFF9714CC00B9745640B9D9
:100A7000BF3F03D5E3FEFF9714D000B9745A40B9C5
:100A8000BF3F03D5DFFEFF9714D400B9735E40B9B2
:100A9000BF3F03D5DBFEFF9713D800B9BF3F03D597
:100AA000D8FEFF971F3C00B972FEFF97BF3F03D5EA
:100AB000D4FEFF971FB000B96EFEFF97D1FEFF97DF
:100AC000130040B9BF3F03D5737A1F12BF3F03D550
:100AD000CCFEFF97130000B966FEFF97BF3F03D51A
:100AE00013008012C7FEFF97133000B9BF3F03D534
:100AF000C4FEFF9713A400B9BF3F03D5C1FEFF9703
:100B000081018052011400B9F35341A9F55B42A958
:100B1000FD7BC3A8C0035FD6C0035FD6FD7BBEA923
:100B2000FD030091F30B00F9B6FEFF97004840B9B2
:100B3000BF3F03D5134850D37F0A00F1E0030054B0
:100B400048010054D30200B5B1FEFF97F30300AA99
:100B5000ACFEFF97008440B9BF3F03D5001C409214
:100B6000730AC09A050000147F0E00F1C002005401
:100B70007F1200F1C0020054A2FEFF97004840B966
:100B8000BF3F03D50028409200040091600AC09A3C
:100B9000F30B40F9FD7BC2A8C0035FD6BCFEFF97F4
:100BA000F30300AA97FEFF9700F440B9BF3F03D5B7
:100BB00000284092EBFFFF1715040094F303002A6E
:100BC000EEFFFF1722040094FDFFFF17230400949B
:100BD000FBFFFF17FD7BBEA9FD030091F30B00F99E
:100BE00088FEFF97004C40B9BF3F03D5134850D350
:100BF0007F0A0071E003005448010054D30200351D
:100C000083FEFF97F30300AA7EFEFF97008840B99A
:100C1000BF3F03D5001C0012730AC01A0500001460
:100C20007F0E0071C00200547F120071C002005498
:100C300074FEFF97004C40B9BF3F03D50028001257
:100C400000040011600AC01AF30B40F9FD7BC2A832
:100C5000C0035FD68EFEFF97F30300AA69FEFF97DD
:100C600000F840B9BF3F03D500280012EBFFFF1783
:100C7000E7030094F303002AEEFFFF17F403009448
:100C8000FDFFFF17F5030094FBFFFF17FD7BBEA9D7
:100C9000FD030091F30B00F95AFEFF9700CC40B919
:100CA000BF3F03D5004850D31F08007120030054F4
:100CB0006801005440020035C7FFFF97F303002A84
:100CC00050FEFF97006040B9BF3F03D500280012D7
:100CD00000040011600AC01A050000141F0C007106
:100CE000C00100541F100071C0010054F30B40F903
:100CF000007C0253FD7BC2A8C0035FD6B6FFFF97FE
:100D0000F303002A3FFEFF9700CC40B9EFFFFF1727
:100D1000BF030094F6FFFF17CD030094F4FFFF1705
:100D2000CE030094F2FFFF17FD7BBEA9FD030091E7
:100D3000F30B00F9A8FFFF97F303002A31FEFF979A
:100D4000017040B9BF3F03D5216850D36026C11A56
:100D5000F30B40F9FD7BC2A8C0035FD6FD7BBEA9A3
:100D6000FD030091F30B00F9137D80D26CFFFF9718
:100D70000108D39AA000009000F020919F210094D8
:100D800095FFFF970108D31AA00000900040219121
:100D90009A2100941EFEFF970108D39AA0000090AC
:100DA000009021919521009439FEFF970108D39A74
:100DB000A000009000E02191902100949403009401
:100DC0000108D31AA0000090003022918B210094DA
:100DD000AFFFFF970108D31AA00000900080229176
:100DE00086210094D1FFFF970108D31AA00000903C
:100DF000F30B40F900D02291FD7BC2A87F210014A3
:100E00005F1C0072FD7BBCA9EC079F1A0B1C001233
:100E1000000C08530C2C0C2AFD030091602814537D
:100E20000000012AF35301A98C01002AF55B02A9F5
:100E30000000B652A51C0072F76303A98C01002ABA
:100E400000050054800580D260F4BFF20A0040B96A
:100E5000BF3F03D54A011812BF3F03D5009000D110
:100E6000010000B9BF3F03D5220080526D008052BF
:100E700002F803B9089080D2104888D28E0080D240
:100E8000910480D268F4BFF20F7D80D2F001A0F20D
:100E90006EF4BFF271F4BFF2027D8052000140B9DE
:100EA000BF3F03D500160035DF3F03D533E03BD508
:100EB00000E03BD5007C0F9B0008D09A0000138B0C
:100EC00000040091DF3F03D533E03BD57F0200EB08
:100ED000A3FFFF544204007121FEFF5429000014B7
:100EE0006D0080523FFC1F714821005460F4BFD256
:100EF000080040B9BF3F03D5081100120F0480D28B
:100F000000050011108080D2144888D20010001211
:100F10000E7D8052160080526FF4BFF270F4BFF263
:100F200031008052137D80D2F401A0F2E20140B979
:100F3000BF3F03D51F00026B01030054760000354C
:100F4000BF3F03D5110200B9DF3F03D535E03BD5E4
:100F500002E03BD5427C139B4208D49A4200158B99
:100F600042040091DF3F03D535E03BD5BF0202EBE1
:100F7000A3FFFF54CE0500713600805281FDFF545F
:100F8000A00D8012F35341A9F55B42A9F76343A971
:100F9000FD7BC4A8C0035FD6BF3F03D502029852B1
:100FA00002FDA7720801020B08797ED30C0100B97B
:100FB000BF3F03D562F4BFD2400000B9B60B003486
:100FC0000E0480D2104888D208FA80526EF4BFF224
:100FD0000F7D80D2F001A0F2C20140B9BF3F03D51E
:100FE00042040011421000121F00026B200A00543C
:100FF000DF3F03D531E03BD502E03BD5427C0F9B80
:101000004208D09A4200118B42040091DF3F03D581
:1010100031E03BD53F0202EBA3FFFF54080500710E
:10102000C1FDFF54D7FFFF170804001197786EB871
:1010300008110012187D805216008052E20140B95A
:10104000BF3F03D51F01026B6102005476000035DB
:10105000BF3F03D5D30300B9DF3F03D536E03BD50F
:1010600002E03BD5427C109B4208D19A4200168B8D
:1010700042040091DF3F03D536E03BD5DF0202EBAF
:10108000A3FFFF54180700713600805281FDFF5402
:10109000BCFFFF17BF3F03D50000140B00787ED3C1
:1010A000170000B9BF3F03D5A80200B9D60200342B
:1010B00002FA8052E00140B9BF3F03D5000400119D
:1010C000001000121F01006BE0010054DF3F03D548
:1010D00037E03BD500E03BD5007C109B0008D19A5F
:1010E0000000178B00040091DF3F03D537E03BD5AC
:1010F000FF0200EBA3FFFF5442040071C1FDFF5447
:10110000A0FFFF17CE050091E003082A7F000E6BB9
:10111000C8F8FF5416EBFF35BF3F03D5008080D2DF
:101120002200805260F4BFF2020000B952FFFF17A4
:101130000F0480D21E8080D2114888D214029852A7
:101140000E0080D26FF4BFF27EF4BFF23300805203
:10115000107D80D2F101A0F214FDA77275F4BFD208
:10116000EBFFFF17BF3F03D51F0100B94501003456
:10117000800580D260F4BFF2000040B9BF3F03D5C4
:10118000000018121F000A6BA0088012E013801ADA
:101190007DFFFF17C20140B9BF3F03D5200240B910
:1011A000BF3F03D55F00006B80E7FF54000698D275
:1011B00000FDA7F20040228B00F47ED3000040B96E
:1011C000BF3F03D542040011420C0012BF3F03D5BC
:1011D000137C1C53C20100B97F2E0071E1E5FF545E
:1011E000136C58D37F01136B81E5FF54660400B480
:1011F000CE0040B9DF0000B9900480D2134888D2F5
:1012000014069852950080D20F584CD370F4BFF258
:10121000117D80D2F301A0F214FDA77275F4BFF224
:101220000F030035002800121FFC077104184B7AC9
:10123000A1EAFF54DF3F03D528E03BD502E03BD5D0
:101240000EFA80D2427C0E9B0E4888D2EE01A0F2AC
:101250004208CE9A4200088B42040091DF3F03D53A
:1012600028E03BD51F0102EBA3FFFF54AD05007141
:10127000A1E3FF5444FFFF170E008052DFFFFF176A
:1012800016FA80D2080240B9BF3F03D51F01026B96
:10129000E1010054DF3F03D537E03BD508E03BD503
:1012A000087D119B0809D39A0801178B0805009146
:1012B000DF3F03D537E03BD5FF0208EBA3FFFF5428
:1012C000D60600F101FEFF542EFFFF174800140B55
:1012D00008797ED3160140B9BF3F03D542040011FF
:1012E000EF050051420C0012BF3F03D5A20200B926
:1012F0008EF9FF34C80040B9CE050051F67828B801
:10130000C80040B908050011C80000B9C5FFFF17A3
:10131000A00280121CFFFF17FD7BBEA9FD030091F8
:10132000F35301A9BF3F03D5930180D274208052AB
:1013300073F4BFF2740200B9BF3F03D5000180D23D
:1013400060F4BFF21F0000B9BF3F03D51F7804B996
:1013500025008052070080D2E003052A060080D2D3
:10136000040080D20300805202008052410080526B
:10137000A4FEFF9760000035BF3F03D5740200B99B
:10138000F35341A9FD7BC2A8C0035FD6070080D2FA
:10139000060080D205008052040080D203008052F3
:1013A00002008052610680522000805295FEFF1795
:1013B000FD7BBDA9070080D2060080D2FD0300910D
:1013C00005008052040080D2030080520200805247
:1013D0004106805220008052F35301A989FEFF97F5
:1013E000E001003520008052E7A30091E6B30091B0
:1013F00005008052040080D2030080520200805217
:1014000061078052E02F00B97EFEFF97F303002AA8
:10141000A0020034DEFFFF970F000014DCFFFF97EF
:10142000F303002A80010035070080D2060080D235
:1014300005008052040080D20300805202008052D6
:1014400041068052200080526EFEFF97F303002A6F
:10145000A0FCFF34E003132AF35341A9FD7BC3A88A
:10146000C0035FD6E12B40B93F9C0F7109020054C5
:10147000007D80522108C01A800000F00080369163
:10148000E12B00B9DD1F00945BFCFF97140042B90B
:10149000BF3F03D5E02B40B9146C0033BF3F03D5E9
:1014A00055FCFF97140002B9EBFFFF17B30280123F
:1014B000D9FFFF17FD7BBFA9070080D2060080D2AD
:1014C000FD03009105008052040080D20300805289
:1014D00002008052E10880522000805249FEFF97AE
:1014E00040000034CB190094FD7BC1A8C0035FD637
:1014F000FD7BBEA923008052070080D2FD0300912E
:10150000E4730091060080D20500805202008052F0
:10151000A10B8052E01F00B9E003032A39FEFF97B8
:10152000FD7BC2A8C0035FD6FD7BBDA9FD03009172
:10153000F35301A9132848D3F51300F953020034DB
:10154000620600515F08007168010054020480D2F5
:101550005348338B340080529422C01A81010034E6
:1015600022FCFF97156873B820FCFF979502152A97
:10157000156833B8F35341A9F51340F9FD7BC3A8AF
:10158000C0035FD6130480D2F3FFFF1717FCFF9749
:10159000156873B815FCFF97B402340A146833B8A1
:1015A000F5FFFF17FD7BBFA9FD0300910FFCFF971F
:1015B000010040B9BF3F03D540E08152FD7BC1A887
:1015C000E001A0722000000AC0035FD6FD7BBEA927
:1015D000FD030091F30B00F9F3FFFF97F303002ADB
:1015E000A00000900088019173010035A2000090D6
:1015F000A100009042A00991217401917F1F0094E5
:10160000F30B40F9A0000090FD7BC2A8009C09915B
:10161000030D00147F027FF2A1000090A200009051
:101620002110019142A009914200819AA1000090ED
:1016300021D00191711F0094617A1E7220FEFF5427
:10164000A0FF9F527F02006A61030054217C1013A7
:10165000220280523F1C007261000054217C08135A
:10166000422000113F0C40F261000054217C041321
:10167000421000113F0440F261000054217C02132B
:10168000420800113F0040F24214821A5F4000718C
:101690006D010054A100009042440051214001918D
:1016A000F30B40F9A0000090FD7BC2A800E8019177
:1016B000521F001422008052E7FFFF17A100009084
:1016C0004224005121640191F6FFFF17FD7BBEA962
:1016D000FD030091F35301A9BF3F03D5008082D2DF
:1016E0002100805240FABFF22120A07205008052F2
:1016F000E77F8052010000B9810000D021401D9198
:1017000024004129A5040011261040B9238441F882
:10171000E220C01AEA20C61A42000A2A8020C01A13
:10172000680040B98420C61A0000042A0201220A77
:10173000620000B9620040B90000022A600000B9EE
:10174000BF240071E1FDFF54ABFBFF97134440B988
:101750001440A152A8FBFF977302142A134400B946
:10176000A5FBFF97134840B9A3FBFF977302142A08
:10177000134800B9A0FBFF97134C40B99EFBFF979D
:101780007302142A134C00B99BFBFF97133440B922
:1017900099FBFF974104A0527302012A133400B948
:1017A00095FBFF97132C40B993FBFF9773021B32F5
:1017B000132C00B990FBFF97133840B98EFBFF97AD
:1017C00073021732133800B98BFBFF97133C40B9F3
:1017D00089FBFF9773021732133C00B9F35341A9F9
:1017E000FD7BC2A8C0035FD6FD7BBEA9FD030091AF
:1017F000F30B00F980FBFF97002053B9BF3F03D5DF
:101800001F040071F3179F1A7BFBFF97736E1C5325
:10181000005453B9BF3F03D51F0400714100005469
:101820007302183274FBFF97002853B9BF3F03D5EA
:101830001F04007141000054730210326EFBFF97C9
:10184000002C53B9BF3F03D51F0400714100005461
:1018500073020832BF3F03D567FBFF97136C00B9D3
:1018600065FBFF97000053B9BF3F03D51F0400710C
:10187000F3179F1A60FBFF97000453B9BF3F03D5CE
:101880001F04007141000054730218325AFBFF9785
:10189000000853B9BF3F03D51F0400714100005435
:1018A00073021032BF3F03D553FBFF97137000B98B
:1018B000F30B40F9FD7BC2A8C0035FD6FD7BBAA93C
:1018C00000029ED221008052FD030091F35301A932
:1018D00060FCBFF2F55B02A9F76303A9180080D290
:1018E000F96B04A9FB2B00F989000094F703002A87
:1018F00000349ED22100805260FCBFF2840000942C
:10190000FF02006BF503002AF322801A00669ED2C4
:101910002100805260FCBFF27D000094F603002A93
:10192000007E9ED22100805260FCBFF278000094BD
:10193000DF02006BF403002AC122801A000C8052DF
:101940003F00136B230080522120931AFF82017104
:10195000F792801A00029ED221F47ED3E203172A66
:10196000213C009160FCBFF221787C92FF6321CB87
:10197000F30300917A120091E10313AA720000941C
:10198000FF02186B68060054BF8201717912009142
:10199000000C8052170080D21A2682D2B592801A8B
:1019A00000349ED2E203152AE10313AA23008052D9
:1019B00060FCBFF264000094BF02176BA8050054DE
:1019C000DFAA00717812009140058052150080D284
:1019D000196082D2D692801A00669ED2E203162A3D
:1019E000E10313AA2300805260FCBFF2560000946A
:1019F000DF02156BE80400549F8201717712009199
:101A0000000C8052150080D2188082D29492801AE5
:101A1000007E9ED2E203142AE10313AA230080521F
:101A200060FCBFF2480000949F02156B280400542C
:101A3000BF030091F35341A9F55B42A9F76343A9A2
:101A4000F96B44A9FB2B40F9FD7BC6A8C0035FD608
:101A50005B7B78B8BF3F03D5797A78B8E6FAFF9711
:101A6000180B0091390740913B6B20B8C5FFFF1759
:101A70003B7B77B8BF3F03D5787A77B8DEFAFF971C
:101A8000F70A009118031A8B1B6B20B8CBFFFF17C6
:101A90001A7B75B8BF3F03D5777A75B8D6FAFF972A
:101AA000B50A0091F702198BFA6A20B8D1FFFF1727
:101AB000F97A75B8BF3F03D5767A75B8CEFAFF9735
:101AC000B50A0091D602188BD96A20B8D7FFFF1744
:101AD000FD7BBFA9FD03009179FFFF97FD7BC1A8A6
:101AE00042FFFF17BF3F03D5010082D26000805242
:101AF00001FABFF2200000B920E21BD500008012DD
:101B000000E21BD500008052C0035FD6C100003543
:101B1000000440B9BF3F03D500400051007C025390
:101B2000C0035FD63F040071A1000054000440B917
:101B3000BF3F03D50008C05AF8FFFF17A00280126C
:101B4000F8FFFF176300003500008052C0035FD626
:101B500003009ED263FCBFF2640040B9BF3F03D5CF
:101B600043E88952E389AA729F00036B6101005424
:101B700000400091030080D25F00036B69FEFF54B8
:101B8000044440B8BF3F03D58408C05A247823B822
:101B900063040091F9FFFF1700008012ECFFFF17AC
:101BA00002B09ED262FCBFF2410040B9BF3F03D5F4
:101BB000608889526069AA723F00006B606A89522E
:101BC0008069A872C1010054BF3F03D54240029111
:101BD000400017B800B29ED260FCBFF2010040B9CD
:101BE0002108C05A014400B81F0002EB81FFFF54D6
:101BF00000B29ED260FCBFF2C0035FD63F00006B14
:101C000080FFFF54000080D2FCFFFF17FD7BBEA9C0
:101C100000C19ED260FCBFF2FD030091F30B00F9FE
:101C2000130040B9BF3F03D5BF3F03D572FAFF97FA
:101C3000130402B970FAFF97000442B9BF3F03D5FD
:101C4000F30B40F9FD7BC2A8C0035FD60080905221
:101C5000E0FAA272C0035FD6FD7BBEA980C19ED20E
:101C600060FCBFF2FD030091F30B00F9130040B9D3
:101C7000BF3F03D5BF3F03D55FFAFF97130802B9F3
:101C80005DFAFF97000842B9BF3F03D5F30B40F957
:101C9000FD7BC2A8C0035FD6FD7BB3A9000082D242
:101CA00040FABFF2FD030091E01300F9001000912B
:101CB000E01700F900200091E01B00F900100091EE
:101CC000E01F00F900300091E02300F900100091BE
:101CD000E02700F900300091E02B00F9001000919E
:101CE000E02F00F900100091E03300F9003000917E
:101CF000E03700F900100091E03B00F9001000917E
:101D0000E03F00F900200091E04300F9001000914D
:101D1000E04700F900100091E04B00F9001000913D
:101D2000E04F00F900100091E05300F9001000911D
:101D3000E05700F900100091E05B00F900100091FD
:101D400023008052E2830091E05F00F900100091CF
:101D50002320A072F30B00F9E06300F9000080D2A9
:101D6000BF3F03D5417860F800040091230000B91B
:101D70001F5400F161FFFF54002182D221008052E4
:101D800040FABFF2E01300F900100091E01700F9EB
:101D900000100091E01B00F900100091E01F00F915
:101DA00000100091E02300F900100091E02700F9F5
:101DB00000100091E02B00F900300091E02F00F9B5
:101DC00000100091E03300F900100091E03700F9B5
:101DD00000100091E03B00F900200091E03F00F985
:101DE00000100091E04300F900100091E04700F975
:101DF00000100091E04B00F900200091E04F00F945
:101E000000100091E05300F900100091E05700F934
:101E100000300091E05B00F900100091E05F00F9F4
:101E200000100091E06300F9001000912120A072E1
:101E3000E06700F9000080D2BF3F03D5437860F827
:101E400000040091610000B91F5800F161FFFF54C8
:101E5000BF3F03D5004082D21300801240FABFF288
:101E6000130000B9BF3F03D500000491130000B96F
:101E7000BF3F03D5010001B9BF3F03D5DEF9FF978E
:101E800021E0BF52012000B9BF3F03D5DAF9FF9727
:101E9000132400B9BF3F03D5000089D201B480D21A
:101EA00040FABFF221E0BEF2130000B9200040B9B1
:101EB00000781B12200000B9202040B900781B12C6
:101EC000202000B9204040B900781B12204000B902
:101ED000206040B900781B12206000B9208040B912
:101EE00000781B12208000B920A040B900781B1296
:101EF00020A000B9F30B40F9FD7BCDA8C0035FD64D
:101F0000FD7BBDA9FD030091F30B00F95000009487
:101F100024FFFF97F30300AA060400944000003456
:101F20003C1700949AF9FF97BF3F03D5B2F9FF978A
:101F3000E1CF0032010800B9BF3F03D5004284D28F
:101F40000100805220FABFF21F0000F98040805249
:101F500076FDFF97E4FEFF97DEFEFF97E00313AAEE
:101F6000EBF9FF977A04009499FDFF977CFBFF97AC
:101F70004AFFFF9701D188D2E2A3009101E0BEF2AF
:101F8000200040B900741E12200000B901C590D293
:101F900021E0BEF2200040B900741E12200000B9FA
:101FA000010080524009805284230094A0FBFF3539
:101FB000DAFCFF97FFFCFF97BF3F03D5800582D275
:101FC00020FABFF21F0000B9BF3F03D5010380D242
:101FD000200080524100BFF2200000B9BF3F03D56E
:101FE000810A88D2A20080524100BFF2220000B9CB
:101FF000BF3F03D54200805222C01FB8BF3F03D568
:10200000014280D20200B0524100BFF2220000B96A
:10201000BF3F03D521100091200000B9BF3F03D579
:1020200021100091E2FFB752220000B9BF3F03D553
:1020300021100091200000B9BF3F03D520801EB8B9
:10204000F30B40F9FD7BC3A8C0035FD600008052AC
:10205000C0035FD6FD7BBEA9800000F000C01391D5
:10206000FD030091B72400948000F8B62000805250
:10207000FD7BC2A8C0035FD6810000F0E25300914F
:1020800021E01391B924009420FFFFB4000040B96F
:102090000008C05A7F240094E163009163200094FB
:1020A00060FEFF35E00F40F9872000941FDC0071CF
:1020B000A00000541F600171A1FDFF540001805277
:1020C000ECFFFF1780008052EAFFFF17FD7BBFA9DE
:1020D000FD0300917EFDFF97FD7BC1A8200080528B
:1020E00004FDFF1700E03BD5C0035FD6DF3F03D5FB
:1020F00020E03BD5403E01B9C0035FD6FD7BBCA9C3
:10210000230080D2FD030091F35301A9F40300AA38
:10211000600080520000014BF76303A9F70302AA95
:10212000000C000BF55B02A9003000116320C09A7F
:10213000A0000090660400D16300148B04C443F92E
:10214000800840F9400100B5820C40F9020100B559
:1021500016008052F35341A9E003162AF55B42A909
:10216000F76343A9FD7BC4A8C0035FD6850040F98F
:102170009F0205EB0000058B8222859A1F0003EB6E
:102180000090839A5F0000EBC8000054420000AA50
:102190005F0006EAA10000543F0000716D0000548A
:1021A00084800091E7FFFF1735040011630080521F
:1021B0006300154B360080D218408052630C030B2D
:1021C00073300011D322D39AE00314AAE20317AAB2
:1021D000E103152A9402138BC9FFFF97D602000B67
:1021E000FF0214EB89FBFF5418070071E1FEFF5456
:1021F000D9FFFF17FD7BBEA9FD030091F30B00F98A
:1022000053B240F941B240F92104409141B200F982
:1022100041B240F943AA40F942AE40F9210003CB54
:102220003F0002EB0901005443B240F9800000D0A6
:1022300041AA40F90020239142AE40F9610001CB50
:10224000F7170094E00313AA020082D20100805223
:102250000A170094E00313AAF30B40F9FD7BC2A810
:10226000C0035FD6FD7BBDA9430080526300014BD4
:10227000FD030091F35301A9F40300AA630C030BBF
:10228000F55B02A9160040F9C00600121F04007198
:10229000C0000054800000F0E20316AAE10314AA73
:1022A00000901D91DE17009473300011F503012A90
:1022B000D1FFFF97030080D26420D39A840016AA2E
:1022C000BF0A007141000054840440B2047823F82E
:1022D000630400917F0008F101FFFF54020440B243
:1022E000820200F9F35341A9F55B42A9FD7BC3A823
:1022F000C0035FD6A300009066C443F9030080D2F8
:10230000C50840F9850400B5C40C40F9440400B583
:102310000400C2D27F0004EB880400540480C0D2C1
:102320007F0004EB880400540420C0D27F0004EB3B
:10233000880400540402C0D27F0004EB88040054D7
:102340002400C0D27F0004EB840480D2030480D236
:102350006390849AE4979F9AE6FF9F921F0400710E
:102360000610B0F2000880D2C54004AA000003CBDA
:10237000A510869A000005AA05A086D2000005AA2D
:10238000410000B4240000F9420000B4430000F909
:10239000C0035FD6C40442F8A500048B7F0005EBA0
:1023A0006320859AD7FFFF17030680D2A40080D24E
:1023B000EAFFFF17830580D2840080D2E7FFFF1772
:1023C000430580D2640080D2E4FFFF17030580D26A
:1023D000440080D2E1FFFF17FD7BBEA9E80300AAFD
:1023E000E703012AFD030091E2630091010080D21E
:1023F00000008052C0FFFF97E00F40F91F9800F1E6
:1024000008030054A7020034240080526300805265
:102410006300044B42AA40F9630C030B63300011C4
:102420000325C39A63207DD34000038B9F00076B75
:10243000A002005401018012020040F94004001281
:102440001F0C0071A100005484040011428C74928E
:102450009F100071A1000054000080D20A000014F7
:1024600004008052EAFFFF17837C011B639C00116C
:102470000325C39A63207DD34000038BFF00046BC8
:10248000C1FDFF54FD7BC2A8C0035FD6FD7BBEA982
:10249000010080D200008052FD030091E2630091B0
:1024A00095FFFF97E00F40F9220080D21F9800F1BE
:1024B000E1939F5A4220C09A000080D210FFFF97FC
:1024C00002008452010088D2FD7BC2A80004229B36
:1024D000C0035FD6FD7BBAA9FD030091F35301A9A8
:1024E000F55B02A9F76303A9F96B04A9FB7305A9BE
:1024F00041B240F9610000B440AA40F9800000B543
:10250000800000F000500A9145170094160080D218
:10251000B80000901901801237FFFF9701C743F9F7
:102520002000168B135441A9620215AA020100B5BE
:10253000F35341A9F55B42A9F76343A9F96B44A999
:10254000FB7345A9FD7BC6A8C0035FD6346876F847
:102550003A0080D2170440F9208080D2B50200AA48
:10256000B30300B5D6820091EDFFFF17627F191B00
:10257000429C00114223C29A5F0013EBA801005451
:10258000400400D11F0014EA41010054A00217AA20
:102590007F0F007141000054000440B29402028B8E
:1025A000F702028B730202CB800300F9EDFFFF17E5
:1025B000800340F900040072610300540EFFFF978E
:1025C000000440B2800300F97B0700117F13007103
:1025D000A1010054E00314AA010080527FFFFF977D
:1025E000FB0300AAE00000B4000040F91F0440F221
:1025F0008100005400FFFF97000440B2600300F91F
:102600003B008052E1031B2AE00314AA73FFFF97EB
:10261000FC0300AAC0FAFFB5800000F000C80A91D0
:10262000BAFFFF171F04007101FDFF54E1031B2ACD
:10263000E0031CAA0CFFFF97E4FFFF17FD7BBEA978
:10264000FD030091F35301A941B240F9410200B5E5
:1026500053AA40F954AE40F953B200F99EFFFF97D8
:1026600042B240F941AA40F943AE40F92100038B40
:10267000210002CB41AE00F941B240F941AA00F974
:1026800095FFFF9741AA40F941B600F953AA00F916
:1026900054AE00F9474238D5E70C0253020080D20D
:1026A00048AA40F9E003072A010080D212FFFF97F1
:1026B0009F3F03D5018080D2FF0400718181A8F281
:1026C000E11FC0F281020054082018D5402018D51F
:1026D00001A218D5DF3F03D5404238D5000C025384
:1026E0001F04007121030054001038D5000000328F
:1026F000414238D5210C02533F040071210300549C
:10270000001018D5DF3F03D5F35341A9FD7BC2A8C4
:10271000C0035FD6FF080071A100005408201CD53B
:1027200040201CD501A21CD5EBFFFF17FF0C007148
:10273000A100005408201ED540201ED501A21ED5A0
:10274000E5FFFF17331500941F0800716100005466
:1027500000103CD5E6FFFF1700103ED5E4FFFF1741
:102760003F0800716100005400101CD5E6FFFF1700
:1027700000101ED5E4FFFF17FD7BBFA9FD030091EC
:10278000D9000094FD7BC1A8F5000014E5000014F9
:10279000D7000014404238D5000C02531F040071CA
:1027A000C1020054001038D5C0040037FD7BBFA91A
:1027B000FD030091F1FFFF97EF000094A0FFFF974A
:1027C000404238D5000C02531F040071210200540E
:1027D000001038D500001E32414238D5210C02537A
:1027E0003F04007121020054001018D5DF3F03D5CB
:1027F000FD7BC1A8C0035FD61F08007161000054B3
:1028000000103CD5E9FFFF1700103ED5E7FFFF178A
:102810001F0800716100005400103CD5EEFFFF1747
:1028200000103ED5ECFFFF173F0800716100005417
:1028300000101CD5EEFFFF1700101ED5ECFFFF1790
:10284000404238D5000C02531F040071410100546E
:10285000001038D500001E32414238D5210C0253F9
:102860003F04007141010054001018D5DF3F03D52B
:10287000C0035FD61F0800716100005400103CD5F2
:10288000F5FFFF1700103ED5F3FFFF173F0800715B
:102890006100005400101CD5F5FFFF1700101ED575
:1028A000F3FFFF17404238D5000C02531F0400719C
:1028B00021020054001038D560031036FD7BBFA9FB
:1028C00000787F9200F87D92FD030091414238D557
:1028D000210C02533F040071A1010054001018D5CF
:1028E000DF3F03D57E0000949F000094FD7BC1A8CC
:1028F000A10000141F0800716100005400103CD5B5
:10290000EEFFFF1700103ED5ECFFFF173F080071E8
:102910006100005400101CD5F2FFFF1700101ED5F7
:10292000F0FFFF17C0035FD6404238D5000C0253BA
:102930001F04007161010054001038D5007C4092E2
:1029400000F87392414238D5210C02533F040071C4
:1029500041010054001018D5DF3F03D5C0035FD6F6
:102960001F0800716100005400103CD5F4FFFF17F0
:1029700000103ED5F2FFFF173F08007161000054C0
:1029800000101CD5F5FFFF1700101ED5F3FFFF1731
:10299000FD7BBFA9FD0300916E000094FD7BC1A8E3
:1029A00073000014FD7BBFA9FD030091F9FFFF97A1
:1029B000404238D5000C02531F04007161010054DD
:1029C000001038D500001432414238D5210C025392
:1029D0003F04007161010054001018D5DF3F03D59A
:1029E000FD7BC1A8C0035FD61F08007161000054C1
:1029F00000103CD5F4FFFF1700103ED5F2FFFF1783
:102A00003F0800716100005400101CD5F4FFFF174F
:102A100000101ED5F2FFFF170CF87FD30C001AD55B
:102A2000DF3F03D5060039D5C2084092421000911D
:102A3000E37F80D2630C468A6510C05AE4FF8FD2D0
:102A40008434468AE60303AAC720C59A890107AAE7
:102A50008720C29A290107AA61000036497608D565
:102A600002000014497E08D5C60400F1EAFEFF54B6
:102A7000840400F18AFEFF54C0035FD6E10300AA7C
:102A80009F3F03D52A0039D54BFD58D36B0940929F
:102A90004B0200B4EF031EAA000080D20CF87FD3D3
:102AA0008C01008B4C25CC9A8C0940929F0900F137
:102AB0004B000054D9FFFF97000400917F0100EB09
:102AC000ECFEFF54000080D200001AD59F3F03D5D2
:102AD000DF3F03D5FE030FAAC0035FD6000080D2FC
:102AE000E7FFFF17200080D2E5FFFF1723003BD54B
:102AF00063FC50D3630C4092820080D24220C39A80
:102B0000430400D10000238A207E0BD50000028BF5
:102B10001F0001EBA3FFFF549F3F03D5C0035FD607
:102B200023003BD5634C50D3820080D24220C39A0D
:102B3000430400D10000238A207608D50000028BD0
:102B40001F0001EBA3FFFF549F3F03D5C0035FD6D7
:102B50001F7108D5DF3F03D5C0035FD6000080D2C8
:102B6000C0035FD6000080D2C0035FD6000080D2D1
:102B7000C0035FD6494238D53F3100F1A000005470
:102B80003F2100F1E00000543F1100F1200100540A
:102B90001F870ED59F3F03D5DF3F03D508000014E4
:102BA0001F870CD59F3F03D5DF3F03D504000014DA
:102BB0001F8708D59F3F03D5DF3F03D5C0035FD6EE
:102BC000464238D5DF3000F120010054DF2000F10B
:102BD00060000054DF1000F120000054BF0400F139
:102BE000400000542500009480001FD65F111ED5C0
:102BF000E67F86D246111CD57FE01CD5A602005880
:102C000006101CD5E603009106411ED506C03ED530
:102C100006C01CD5BF0000F1E0000054E6010058DA
:102C200006111ED5E601005806401ED524401ED5CB
:102C3000E0039FD6A601005806111ED5A601005834
:102C400006401ED524401ED5E0039FD6000000009C
:102C50003008C53000000000B10500000000000091
:102C6000C903000000000000B101000000000000E6
:102C7000DA01000000000000C0035FD60000000081
:102C8000000300581FEC7C92E00300917D05009446
:102C90001F000091F20300AA7E050094000080D27C
:102CA00098FCFF97360100941F0000F11210929AD1
:102CB000E10300911F0000F10010819A1F000091B4
:102CC00040010058610100581F8400F81F0001EB0B
:102CD000C3FFFF54E00312AA413A40F9B8000014C0
:102CE00000F0E3FF000000000000F03F00000000E3
:102CF0006802F03F0000000069008052090000B93E
:102D0000090440B92A1100128A0100340B00029113
:102D100009008012694500B8694500B84A050051AC
:102D2000CAFFFF352103005860008052200000B91F
:102D300000108052200400B9C0035FD60900801241
:102D4000098000B929008052090001B9E93C80528C
:102D5000290000B909108052290400B9C0035FD6C8
:102D6000090090520920A07209000FB9C0035FD674
:102D70007F2003D5092040B9092400B92925001274
:102D800089FFFF35C0035FD60020FCFF0000000074
:102D9000FD7BBDA943008052FD030091410240F933
:102DA000223C40F9E20B00F9224040F9E21300F91D
:102DB000228448A9E20F00F9E11700F9E2830091AB
:102DC000E1430091D3050094FD7BC3A8C0035FD607
:102DD000C0035FD6FD7BBFA9010084D2801480525E
:102DE000FD030091418E00F95F9200F9F9FFFF9712
:102DF000D412009480000035FD7BC1A820008052D1
:102E0000DF1E0014FD7BC1A8C0035FD6400400B4E0
:102E1000FD7BBEA9FD030091F30B00F9F30300AAAB
:102E20002F0B00940001F836970E0094E10300AADE
:102E3000F30B40F9800000F0FD7BC2A800BC1591A7
:102E40006E190014E00313AA010080526F0600946B
:102E5000E0000035800000F000F415910100805280
:102E6000F30B40F9FD7BC2A864190014E00313AA18
:102E7000C8FFFF97E103002A80000034800000F0C3
:102E800000881691F7FFFF17F30B40F9FD7BC2A8EE
:102E9000C0035FD6C0035FD6C0035FD60000489171
:102EA000C0035FD6010084526100A072012C00B9FA
:102EB0000104A0D2010401A921028052012000399D
:102EC000810000F021C01C91010000F9C0035FD611
:102ED000A0028012C0035FD6230040B9E2A4805252
:102EE00022C3AA727F00026B41000054F9FFFF1752
:102EF000FD7BBFA9FD030091EBFFFF97000080520F
:102F0000FD7BC1A8C0035FD6FD7BBFA9FD03009177
:102F1000000C40F900003FD6400240F9800000B5A7
:102F2000A000009000402291400200F9C0035FD64B
:102F3000FD7BBFA9FD030091A7FFFF97800000352F
:102F4000410640F9210072B2410600F9FD7BC1A89B
:102F5000C0035FD6400640F9C0007036400640F915
:102F6000000076B2400600F900008052C0035FD630
:102F7000FD7BBFA9FD03009197FFFF97A0000035DF
:102F8000400640F9000076B2400600F90000805289
:102F9000FD7BC1A8C0035FD6FD7BBEA9FD030091E8
:102FA000F30B00F9F30300AA2BFCFF97600200B9B2
:102FB000F30B40F9FD7BC2A8C0035FD6FD7BB4A92B
:102FC000820280D2810000B0FD03009121E03591A2
:102FD000E0A30191F35301A9F55B02A9F76303A9EB
:102FE000F96B04A9C1130094010AA0D2CBFFFF978B
:102FF00000F4A7D2BE060094410640F9210077B242
:10300000410600F9400640F980005037D2FFFF9793
:1030100040000034FF120094B3FAFF97F7DD975297
:10302000FCF4FF97B7D5BB72020880D20100805232
:10303000E003029191130094E0A30191F7AB00B972
:10304000D6FFFF97B30000B0A00000B073820991D3
:1030500000A00791B60000B0730200CBE0F301B20C
:10306000605595F2D6A2079173FE4393990000B084
:103070009A0000B0F4A30191395F17915AFF16919D
:10308000737E009B00038052B8008052735A209BCD
:10309000800240B91F00176BC0010054F50316AA47
:1030A00005000014A10A40B91F00016BA0010054E3
:1030B000B5620091BF0213EB61FFFF54E00319AA50
:1030C00057060094941200911807007121FEFF54D6
:1030D000800000B000D8179151060094CEFFFF1772
:1030E000A10240F9E0031AAAC4180094FF3300F9C2
:1030F000A20A40F9E1630191A00A40B9E05B00B97E
:10310000E003029140003FD6E0FDFF35800240B968
:10311000E0AB00B9E0030291EDFBFF97E0234239F9
:103120001F640071A1000054E05340F938FFFF977D
:10313000E003029153030094A014805225FFFF97EF
:1031400056FFFF97E003029170FFFF97FD7BBFA939
:10315000014098522100A072FD030091411200B974
:10316000092D0094210080D2411E00F9800000B09A
:1031700000DC3F91FD7BC1A829060014000080D22D
:10318000C0035FD6FD7BBBA9FD030091F35301A9EA
:10319000F40303AAF55B02A9F50300AAF603022AC9
:1031A000F71B00F9F70301AA46040094F303002A71
:1031B0000004F836800000D0002414918F18009489
:1031C000960000D0E103132AE00315AA970000D06F
:1031D000DB0A0094D6BE1491F403002AF7EE149192
:1031E000F400F836F55B42A9E003132AF35341A932
:1031F000F71B40F9FD7BC5A8C0035FD6E3330191FF
:10320000E20316AAE103142AE00315AA320C009483
:10321000E10300AAE00317AA78180094E103142A36
:10322000E00315AAD30A0094F403002AEDFFFF1768
:10323000E103002AE3330191E20317AAE00315AA90
:10324000250C0094F30300AA000200B4150080527C
:10325000BF02166B8100005413008052800200F9F7
:10326000E1FFFF1701008052C4120094E14F80B9C2
:1032700000040091020013CB5F0001EBAA00005490
:10328000B5060011F3FFFF17B3028012D6FFFF1738
:10329000D3008012D4FFFF17FD7BBCA9FD03009172
:1032A000F35301A9F403012AF30300AAE10302AADC
:1032B000E203032AE3E30091F51300F9B2FFFF975D
:1032C000A0010035F51F40F9E103142AE00313AA19
:1032D000E20315AA6F0B0094E000F836E203002A1F
:1032E000E10315AA800000D000081591431800944E
:1032F000A0028012F35341A9F51340F9FD7BC4A845
:10330000C0035FD6FD7BB8A9FD030091F35301A96B
:10331000F40302AAF30303AAE2A30191F55B02A955
:10332000F503042AF60305AAF76303A9F70300AA25
:10333000F80301AAE00314AAE103042AF96B04A923
:103340005709009460000034C00A40F9E03700F9E2
:10335000E2630191E103152AE00314AA7E090094B7
:1033600020010034E2630191E103152AE00314AA6D
:103370006709009420050035E05B40B90300130B9A
:10338000E35B00B9E2730191E103152AE00314AA9B
:103390008309009440050035E19241A9E65F40B9F8
:1033A000F93740F9C07C4093E03300F939FF0091D0
:1033B000E05B40B939E77A92610400B4011400126D
:1033C0001A144092C600010B01641A12D37C409378
:1033D000E30319AAE20313AA01C3218BE00317AA8E
:1033E00080003FD67F0200EBE105005421031A8BD9
:1033F000E20346A9BD120094D60300B50000805236
:10340000F35341A9F55B42A9F76343A9F96B44A9BA
:10341000FD7BC8A8C0035FD6E3830191E2C301919D
:10342000E103152AE00314AA25090094E001003401
:10343000800000D0000017917905009420008012D0
:10344000F0FFFF17E21240B9010CC21A2080021BE4
:10345000C600000BC600020B1A7C4093C604005144
:10346000C60CC21ADAFFFF17E13B40F9E1FFFF1774
:10347000E03740F9C00A00F9E03340F9C02E00B946
:10348000E2E30191E103152AE00314AA080900947C
:103490001F000071E03F40F900009FDAC00E00F904
:1034A000D7FFFF1780008012D6FFFF17FD7BB8A95A
:1034B000FD030091F35301A9F30300AAF40303AA47
:1034C000F55B02A903008052F60301AAF76303A982
:1034D000E103042AF70302AA152C40B9820000D0A8
:1034E000000840F9F80305AA42141491B502008BB4
:1034F000E00314AAF52B00F968FFFF972002F836C5
:10350000416640F9E10200B4416640F9406640F985
:10351000020440B9E00315AA4208C05A731200948D
:10352000E02B40F9601200F901008452F35341A9E5
:10353000F55B42A9F76343A9FD7BC8A8B304001457
:10354000E403002AE5030191E30318AAE20314AAA5
:10355000E10317AAE00316AA6BFFFF9720FEFF36D0
:10356000F35341A9F55B42A9F76343A9FD7BC8A8C2
:10357000C0035FD6C0035FD600008052C0035FD691
:10358000FD7BB2A9FD030091F35301A9F40300AA46
:10359000F55B02A9F60301AAF76303A9F96B04A975
:1035A000FA0302AAFB7305A9600440B90008C05AD7
:1035B000000C009100787E92EFFFFF97C11240B996
:1035C000F50300AA21FC00112100000B21641A124E
:1035D000E003014B217C4093007C409330FEFF9739
:1035E000F30300AAC00E40F9A00300B5C01240B911
:1035F0000200150B42040051420CC01AC41240F9DB
:10360000E30313AA427C4093E1031AAAE00316AA3B
:1036100080003FD6E01400B4D8FFFF971F1C007253
:1036200041140054E00313AA810000D021741891C2
:10363000AF0B0094F803002A6001F83600008012F6
:10364000F35341A9F55B42A9F76343A9F96B44A978
:10365000FB7345A9FD7BCEA8C0035FD6E203152A04
:10366000E7FFFF17E103002A03008052E00313AADB
:10367000820000D042B0359108FFFF97F703002A7F
:10368000A004F836E103182AE00313AA03008052CD
:10369000820000D04294189100FFFF97F703002AA0
:1036A000E0FCFF3739008052B50E0011E50314AA83
:1036B000B5761E12E403172AE20313AAE1031AAA3D
:1036C000B57E4093E00316AAE30315AA0EFFFF9709
:1036D00080FBFF3582220091E103172AE00313AA41
:1036E0005C080094C001003420028052802200391E
:1036F000E50315AAE403182AE30313AAE2031AAAAE
:10370000E10316AAE00314AA69FFFF97E000F83668
:10371000CCFFFF1719008052E4FFFF1780224039C9
:103720001F44007160FEFF549B0000D07B971891EE
:10373000E303192AE2031BAAE103182AE00313AAF0
:10374000FF5F0239D5FEFF97FC03002AC009F83756
:10375000FF02006B40090054E403002AE583029154
:10376000E30315AAE20313AAE1031AAAE00316AAC7
:10377000E5FEFF974008F837E25F0291E1031C2A5B
:10378000E00313AA33080094E05F42391F4400713C
:1037900041010054E50315AAE403182AE30313AA20
:1037A000E2031AAAE10316AAE083029140FFFF9701
:1037B000E06340F9801200F9800E40F91F0400B167
:1037C000A1000054E05F40F91F0400B14000005424
:1037D000800E00F99C1240F93C0500B4E3630291AD
:1037E000E203192AE1031BAAE00313AA66FEFF976E
:1037F0006004F837E303192AE2031BAAE103182A3D
:10380000E00313AAA5FEFF97E103002AE55F40F954
:10381000030080D2E4CF40B9820000D0E04F40F9ED
:10382000E03700F9E05B40F942842091E03B00F989
:10383000E00313AAE54300F9E1131129A60A009455
:10384000E18B40B9E60300AA030080D2E00313AA8B
:10385000820000D042BC1891E63F00F99E0A009415
:10386000E70300AAE28F46A9E103192AE69747A9D0
:10387000E0031CAAE48F40B98703009439070011C4
:10388000ACFFFF17800E40F9000400D11F0C00B1FF
:1038900069000054800A40F9800E00F9803240B976
:1038A00000001F32803200B90000805265FFFF1710
:1038B0008000801263FFFF17FD7BBDA9FD0300910F
:1038C000F35301A9F30301AAF40302AAF51300F9C3
:1038D000F50303AA000040F960250094E30315AA4C
:1038E000E20314AAF51340F9E10313AAF35341A923
:1038F000FD7BC3A8273A0014FD7BB9A9FD03009105
:10390000F35301A9F40301AAF55B02A9F60302AA85
:10391000F50300AAE00301AAF71B00F94F25009464
:10392000F70300AA010C40F9E00780925CFDFF97C5
:10393000F30300AAE30300AAE10316AAE00317AA0F
:10394000220080D2133A0094400100B5800000B0FC
:10395000008C3B913204009400008012F35341A983
:10396000F55B42A9F71B40F9FD7BC7A8C0035FD6F2
:10397000610240B900BA8152C0BFBD723F00006B06
:1039800001020054808240B9E30313AAE05B00B94E
:10399000E20316AA0000009000E02291E1230191C9
:1039A000F4FF04A9FF3300F9E03700F9E00315AA9A
:1039B000F4FEFF97C0FCFF3500008052E8FFFF17C0
:1039C000E10313AAE00315AA44FDFF9700FCFF35AD
:1039D000B32E40B9808240B9730600517302000BC8
:1039E000730AC01AE00314AA1C250094A30A40F924
:1039F000E10316AAE20313AAE63900947F0200EB62
:103A0000C0FDFF54D2FFFF1740008052C0035FD6B5
:103A100020008052C0035FD6E00301AAC0035FD636
:103A2000FD7BB5A9FD030091F35301A9F407A0B0F4
:103A3000F55B02A9F50300AAF60302AAF76303A93E
:103A4000F703032AF80304AAF96B04A9F90301AAEE
:103A5000200040B9810240F9E10500B51F04007162
:103A6000E0010054000800511F040071C902005415
:103A7000800000D000C81891601600945302801294
:103A8000F55B42A9E003132AF35341A9F76343A965
:103A9000F96B44A9FD7BCBA8C0035FD61A00805206
:103AA000E0031A2A23240094F303002A00010034BF
:103AB000E103002A800000D0005419914F160094B1
:103AC000F0FFFF173A008052F6FFFF17E0031A2AB3
:103AD000CD240094800200F9E00000B5E1031A2A29
:103AE00042028012800000D000FC1991431600941D
:103AF000E3FFFF17CF210094F303002AC000003436
:103B0000E103002A9F0200F9800000D000B41A915E
:103B1000EBFFFF17200340B9BCFFFF971F080071A0
:103B2000C00400541F0C0071C00500541F04007134
:103B300041080054800240F9E10318AA3300805282
:103B4000B6FFFF97F80300AA990240F9E00319AA0B
:103B5000C2240094E2430191E103132A1A1700944E
:103B600080000035E0B342391F880271A000005484
:103B7000730600117F260071A1FEFF54F303172A7C
:103B8000E00319AAB5240094E2430191E103132A4A
:103B90000D17009420040034800000D000D01B9149
:103BA0009F030094810240F9E20318AAE00315AADA
:103BB00052FFFF97E0030034800240F9A7240094ED
:103BC000E10300AAE30316AAE00315AA220080522B
:103BD000E4000094E002003433008012A9FFFF17D4
:103BE000800240F913D44139731643D37F1E00710C
:103BF00073129F1A99240094E103132A3B3900940D
:103C0000F303002A80F9FF34800000D000481B91A4
:103C1000830300949BFFFF17E22B40F9E10319AAED
:103C2000E00315AA0203028B34FFFF97C0FBFF35A8
:103C30001300805293FFFF17800000D0B302801260
:103C400000281C91760300948EFFFF17FD7BBEA910
:103C5000FD030091F35301A9F40300AAF30301AAA1
:103C6000200040B96BFFFF97E303002AE10313AA8A
:103C7000E00314AAF35341A9044080D2FD7BC2A8FB
:103C8000820000D042941C9166FFFF17FD7BBCA907
:103C9000FD030091F35301A9F55B02A9FF3F00B9B1
:103CA000400500B4F503012A810000D0218C159154
:103CB000F40300AA0E0A0094E103002AE000F8369B
:103CC00013008012F55B42A9E003132AF35341A9C4
:103CD000FD7BC4A8C0035FD6E2F30091E00314AA01
:103CE000960000D0EA070094D6BE1891F303002A8C
:103CF00093FEFF37E03F40B91F0000712DFEFF54D7
:103D00001F040071E0000054E103132AE2F3009164
:103D1000E00314AADE070094F303002AF5FFFF175F
:103D2000E20316AAE103132AE00314AA030080D2D7
:103D300069090094A0FEFFB49E0600941F00156B55
:103D400041FEFF54E0FFFF1713018012DEFFFF1753
:103D5000FD7BBCA9FD030091F35301A9F40301AA63
:103D600001008052F71B00F9F707A0B0F322009181
:103D7000F55B02A9F50300AAF60302AAE00313AA61
:103D8000023080D23D100094602080D2432080D247
:103D90000006A0F2E00600F9E007A0B000E0009104
:103DA000600600F9E007A0B000600391600A00F926
:103DB000202080D20303A0F2000BA0F2606A00F979
:103DC000A078805260E200B9E007A0B00040019105
:103DD000600E00F9E007A0B000000291601200F947
:103DE000202080D2631A00F9000BA0F2632600F9AC
:103DF0002000C0F2603E00F9756E00F9768200F98D
:103E0000A00038D5003C4092604A00F920798052E9
:103E1000633200F9744200F9608A00B9E007A0B08B
:103E200000A00191601600F9E00313AAF35341A921
:103E3000F55B42A9F71B40F9FD7BC4A8C0035FD620
:103E4000FD7BBDA9FD030091E2A30091F35301A9FD
:103E5000F30300AAF403012A95060094A00000349D
:103E6000E2A30091E103142AE00313AA8C06009454
:103E7000F35341A9E01740F9FD7BC3A8C0035FD607
:103E8000FD7BBDA941038052FD030091F35301A9BD
:103E9000F40300AAF51300F9151040F9E00315AA80
:103EA0007BFFFF978003F837E103002AE00315AAA0
:103EB000E4FFFF97F30300AA21028052E00315AA52
:103EC00073FFFF97E103002AA002F837E00315AA69
:103ED000DCFFFF97E10300AA940E40F9E00313AA68
:103EE000020080D29BFFFF97F30300AA0078805264
:103EF00020421BD56CFAFF97F51340F9E00313AA93
:103F0000F00314AA010080D2F35341A9FD7BC3A89A
:103F100000021FD6130080D2E8FFFF170104A0D2D1
:103F2000EEFFFF17FD7BBEA9E50301AAE10303AA8B
:103F3000FD030091000C40F9E4630091E30302AA41
:103F4000E20305AAAD3D0094017C40931F0000717F
:103F5000E00F40F9FD7BC2A82010809AC0035FD615
:103F6000FD7BBAA9FD030091F55B02A9F507A0B09E
:103F7000F60300AAE00301AAE103022AA28A41B9DA
:103F8000F35301A9F40303AA020300359A3C0094F9
:103F9000F303002A60020034E203002A810000B02B
:103FA000800000D021181091007017911315009413
:103FB0007F0200710C010054810000B0800000D02D
:103FC000E303132AE20314AA21CC109100DC179119
:103FD0000A1500947F020071E0C79F1A1E000014AA
:103FE00020008052A08A01B9010880D2E0078092A7
:103FF000ABFBFF97E10300AAF50300AA0208805279
:10400000E00314AA723D0094F303002A1F0000711C
:104010004DFDFF54A10240B900BA8152C0BFBD722C
:104020003F00006B01020054E0FFFFF000903C9164
:10403000F40305A920008052E30315AAE1E30091EF
:10404000020080D2FF2300F9E04B00B9E00316AA7A
:104050004CFDFF97F35341A9F55B42A9FD7BC6A830
:10406000C0035FD6E10315AAE00316AA9BFBFF97E6
:10407000F303002AE0F9FF35C10A40F9E00314AA6E
:1040800002008052523D0094F303002AC9FFFF173B
:10409000FD7BBEA9FD030091F30B00F9F30302AA17
:1040A000000040F900C440F9B12600941F000071DF
:1040B00060029F9AF30B40F9FD7BC2A8C0035FD654
:1040C0000040A052C0035FD6FD7BBAA902488852C7
:1040D00063008452FD030091E201A072010080524E
:1040E000F35301A9F40300AA00008052F55B02A972
:1040F000CA260094200100B5800000B000DC1C91AD
:104100004702009440028012F35341A9F55B42A993
:10411000FD7BC6A8C0035FD6F30300AAE9FFFF97A3
:10412000010880D2F603002AE00780925CFBFF972B
:10413000F50300AAE203162A406640F9810000B0A8
:1041400021281D91DC0C0094F603002AE103002ACB
:10415000E30315AA60C640F9020880D284260094C1
:1041600040FDFF35A10240B900BA8152C0BFBD7207
:104170003F00006BC101005420008052E04B00B9A9
:104180000000009000400291E30315AAE203162A02
:10419000E1E30091F3FF03A9FF2B00F9E02F00F901
:1041A000E00314AAF7FCFF97D8FFFF17E10315AA55
:1041B000E00314AA49FBFF9780FAFF35830A40F910
:1041C000E103162AF55B42A960C640F9822E40B988
:1041D000F35341A9FD7BC6A865260014FD7BBEA94B
:1041E000E00303AA0340A0D2FD0300912100038B4A
:1041F000F30B00F9F30302AA3C0F0094E00313AAA7
:10420000F30B40F9FD7BC2A8C0035FD6FD7BBBA9C1
:104210000340A0D201BA8152FD030091F30B00F9D3
:10422000C1BFBD72620040B95F00016BA1010054C3
:1042300021008052E13B00B90100009021700791FC
:10424000020080D2E12700F9E1A30091CDFCFF97A5
:10425000F30B40F900008052FD7BC5A8C0035FD678
:10426000F30300AA010880D2E00780920CFBFF97BD
:10427000E10300AAE00313AA18FBFF97F5FFFF175D
:10428000E12F84920000018B00EC7C92C0035FD68A
:10429000FD7BBEA9023080D201008052FD03009157
:1042A000F30B00F9F30300AA73020691F30E0094D6
:1042B000538A00F9F30B40F9FD7BC2A8C0035FD617
:1042C000FD7BBBA98100009021043391FD03009187
:1042D000F35301A9F40300AAF55B02A9F76303A94C
:1042E00083080094A003F837E33301918200009023
:1042F00042443391F303002AE103002AE00314AAA5
:10430000F5070094980000B0E103132AF60300AA11
:1043100018BF1491E00314AA89060094F303002A3D
:1043200035008012D301F837E3330191E20318AA74
:10433000E103132AE00314AAE7070094F70300AA95
:10434000A00100B5810000908000009021781091BC
:104350000064339129140094B5028012F35341A9EB
:10436000E003152AF55B42A9F76343A9FD7BC5A8C5
:10437000C0035FD6560100B4020080D2E103132AC5
:10438000E00314AA01070094E10300AAE00316AABF
:10439000620E00941F000071B512931AE00317AA71
:1043A00022F0FF97C0000034E103132AE00314AAAF
:1043B00070060094F303002ADBFFFF17F503132AAE
:1043C000E7FFFF17FD7BBCA9FD030091F35301A993
:1043D000F403042AF30301AA01008052F55B02A949
:1043E000F60302AAF76303A9F80300AAF70303AAD6
:1043F000C20A0094F503002A01008052E00318AAC3
:10440000CB0A009402741E53A4761E53010080D27E
:10441000427C4093857C409344C0248B9F02016B77
:104420002C0100549F02007180A29F1AF35341A9EE
:10443000F55B42A9007C041BF76343A9FD7BC4A87C
:10444000C0035FD626F07DD3C37A61F8C26A66B82E
:10445000BF0A007181010054620CC0DA620200F9E7
:10446000E37A61F8E26A66B81F080071210100541E
:10447000620CC0DA626A25F87302048B2104009191
:10448000E7FFFF174208C05A620200B9F5FFFF17A5
:104490004208C05A626A25B8F8FFFF17FD7BBDA924
:1044A000FD030091F35301A9F40302AAF55B02A9ED
:1044B000F50300AAF603012AF60600941F04003152
:1044C000A1000054E20314AAE103162AE00315AA8E
:1044D000670A0094F303002A2001F836EA080094E2
:1044E000E30300AA8100009080000090E20314AA78
:1044F0002168119100502C91C0130094F55B42A9E2
:10450000E003132AF35341A9FD7BC3A8C0035FD680
:10451000FD7BB7A9FD030091F35301A9F55B02A947
:10452000F503032AF76303A9F92300F97F1000714B
:104530000D02005413008012E203152A83008052FA
:10454000810000908000009021BC0F9100802C9190
:10455000AA130094F55B42A9E003132AF35341A97F
:10456000F76343A9F92340F9FD7BC9A8C0035FD6CF
:10457000F40300AAF60301AAF70302AA580500945F
:10458000F303002A2001F836BF080094E20300AAD2
:10459000810000908000009021BC0F9100602C9160
:1045A00096130094ECFFFF17980000901843309189
:1045B000E20318AAE00314AA01008052B8FFFF9793
:1045C000F303002A80FCFF379900009039DB2D911E
:1045D000E30318AAE103002AE20319AAE00314AADC
:1045E000E4008052CE090094F803002AC004F83693
:1045F000A5080094F303182AE20300AAE10319AA0C
:104600008000009000082E917C130094D2FFFF17C9
:1046100084040091BF02046BAD000054C07A64F8BA
:1046200080FFFFB5E07A64F840FFFFB50403003473
:10463000E30317AAE20316AAE1430191E00314AAD7
:10464000950000B060FFFF97B51E0C91E403002AAF
:10465000E103132AE3430191E20315AAE00314AA3C
:10466000AF090094F303002A2001F836860800946D
:10467000E20300AAE10315AA8000009000082E9131
:10468000C8FFFF17040080D2E3FFFF17130080521A
:10469000B1FFFF17FD7BBAA9FD030091F35301A9F8
:1046A000F40300AAF55B02A9F60303AAF50305AA21
:1046B000F76303A9F80306AAF70307AAF96B04A98D
:1046C000FA0302AAF903042A050500940002F83649
:1046D000F303002A6C08009481000090E20300AA12
:1046E000211811918000009000602C9143130094D8
:1046F000F55B42A9E003132AF35341A9F76343A9E9
:10470000F96B44A9FD7BC6A8C0035FD6E00314AAD9
:10471000820000B0010080524290159160FFFF9727
:10472000F303002A60FEFF37E103002AE2031AAA1E
:10473000E00314AA5AFFFF97F303002AA0FDFF37F6
:10474000D60EC0DAE103002A820000B0E3630191D3
:1047500042FC2491E00314AA04018052F62F00F9D0
:104760006F090094BF0600B140010054B50EC0DAD5
:1047700082000090E3630191420C2F91E103132A20
:10478000E00314AA04018052F52F00F96409009493
:10479000390BC05A82000090E363019142F83491D2
:1047A000E103132AE00314AA84008052F95B00B9E4
:1047B0005B090094580100B4E00318AA790D009435
:1047C000820000B004040011E30318AA428420917F
:1047D000E103132AE00314AA51090094B7F8FFB4C7
:1047E000E00317AA6F0D0094E30317AA0404001155
:1047F000E103132AE00314AA820000B042BC18911E
:1048000047090094BBFFFF17C00600B4FD7BBCA99D
:10481000FD030091F35301A9F40300AA1300805291
:10482000F55B02A9F503012AC8050094F603002AE6
:104830007F02166B6B000054020080520D000014C2
:10484000E3E30091E2C30091E103132AE00314AA19
:10485000B1050094E01B40F99F0200EB21030054D6
:10486000E103132AE00314AAE30800942200805213
:10487000E1098252930E40B9B502010B812240B981
:10488000730AC05A802E00122108C05A7302010B0D
:104890007302150B7302000B734E14127302004B5C
:1048A000600AC05A800600B902010035E003132AED
:1048B000F35341A9F55B42A9FD7BC4A8C0035FD6B1
:1048C00073060011DBFFFF17E203132AE10314AAAA
:1048D000E00314AAAC080094A0FEFF36F5FFFF1712
:1048E00000008052C0035FD6010040F93F1440F23F
:1048F000A1000054010041A93F0000EBE0179F1AFE
:10490000C0035FD600008052FEFFFF17FD7BBEA9EB
:10491000FD030091F35301A9F30300AAF40304AAD1
:10492000010400A9810400D12100028B020800F9D2
:10493000032000B92108C49A217C049B010C00F9D2
:10494000A0003FD660010035610E40F9E00314AAD3
:10495000F8020094600600F9C00100B4612240B979
:1049600081000036610240F9620A40F95F0D00944F
:10497000600640F9610E40F90100018B85F7FF9751
:1049800000008052F35341A9FD7BC2A8C0035FD64B
:1049900060018012FCFFFF1705000090040880D220
:1049A000A5A02391DAFFFF17FD7BBEA9FD030091AF
:1049B000F30B00F9F30300AA002040B9A000083669
:1049C000600640F9610E40F90100018B70F7FF9716
:1049D000600640A93F0000EBE0000054622240B9AD
:1049E00062000836620A40F9400D0094600640F902
:1049F0007E000094F30B40F900008052FD7BC2A8BA
:104A0000C0035FD6E207A09042A0079140D860F8AB
:104A1000022040F9F00302AA00021FD6E10300AA17
:104A2000120100B4431E40F9C30000B4420640F92D
:104A30006200083620008052F3FFFF17B5260014ED
:104A4000C0035FD6011C0012920100B4401E40F961
:104A5000400100B4400640F9C0000836E007A090CD
:104A600000F840F9021C40F9F00302AA00021FD628
:104A7000E003012AA1260014C0035FD6FD7BBDA977
:104A8000FD030091F51300F9F507A090F35301A978
:104A9000B3EA40F91400138BA000F8B6E20300CB90
:104AA00001008052E00314AAF40C0094E007A090E7
:104AB00000F040F91F0014EB68010054E007A090DB
:104AC00000EC40F91F0014EBE3000054E00313AACC
:104AD000B4EA00F9F35341A9F51340F9FD7BC3A8EB
:104AE000C0035FD600008092FBFFFF17E20301AA1C
:104AF000E107A0900400028B20F000F9E107A090EC
:104B000024EC00F9E107A09020E800F901008052B0
:104B1000DA0C0014FD7BBDA9FD030091F51300F92B
:104B2000950000D0B5E22491F35301A9A10A40F900
:104B3000340440F994F67E92937E3F91730200CB49
:104B400073CE7492730640D17FFE3FF10D03005483
:104B5000000080D2CAFFFF97A10A40F92100148B00
:104B60001F0001EB41020054E00313CBC4FFFF9789
:104B70001F0400B161020054000080D2C0FFFF9703
:104B8000A20A40F9010002CB3F7C00F10D01005464
:104B9000830000D0210040B2410400F9639444F93D
:104BA000000003CBE307A090608C01B900008052A5
:104BB000F35341A9F51340F9FD7BC3A8C0035FD6A9
:104BC000A00A40F9E107A090940213CB940240B2EE
:104BD000140400F9208C41B90000134B208C01B95A
:104BE00020008052F3FFFF17410640F9A107483625
:104BF000800700B406805FF8034000D1840000D035
:104C000084E02491C1F87F92C60040926500018B38
:104C1000870840F9A20440F942F47E92BF0007EBF6
:104C2000610200542200028BE60000B500005FF82C
:104C3000630000CB4200008B610041A9200C00F909
:104C4000010800F9400040B2600400F9800000D083
:104C5000830800F9009844F95F0000EB2304005436
:104C6000E007A09000E440F9ABFFFF17A20400F9B1
:104C7000860100B500005FF8860000D0C6202591AF
:104C8000630000CB2100008B600840F91F0006EB99
:104C9000A0020054660C40F9060C00F9C00800F9A7
:104CA00006008052A000028B000440F96002003729
:104CB000A00840F92100028BA6010035820000D037
:104CC000422025911F0002EB21010054830C02A910
:104CD000600001A9200040B2600400F9616821F879
:104CE000C0035FD626008052EFFFFF17A20C40F9E9
:104CF000020C00F9400800F9200040B2600400F9FD
:104D0000616821F8E6FEFF353FFC07F10802005418
:104D100021FC43D322008052207C02132104001185
:104D20004220C01A21781F53800440F981CC218B86
:104D3000000002AA800400F920045FF8600401A9C1
:104D4000230800F9030C00F9E6FFFF1722FC49D302
:104D50003FFC27F16802005420FC46D300E000111C
:104D60000204001142781F5382CC228B45045FF865
:104D70005F0005EB41040054007C021321008052C7
:104D80002120C01A800440F9000001AA800400F923
:104D9000650801A9430800F9A30C00F9D1FFFF172A
:104DA0005F5000F168000054406C0111EDFFFF17E7
:104DB0005F5001F18800005420FC4CD300B8011171
:104DC000E8FFFF175F5005F18800005420FC4FD327
:104DD00000DC0111E3FFFF1720FC52D35F5415F1F3
:104DE00000F00111C20F80520030821ADDFFFF1760
:104DF000A50840F95F0005EBA0000054A00440F9AD
:104E000000F47E923F0000EB43FFFF54A20C40F9F8
:104E1000E0FFFF17410640F9410048374B020014FC
:104E2000FD7BBBA9E107A090FD030091F35301A90D
:104E3000F30300AAE007A09021EC40F9F55B02A97A
:104E400000F040F9F76303A9F96B04A9000001AA77
:104E5000000100B5000080D2F35341A9F55B42A9DF
:104E6000F76343A9F96B44A9FD7BC5A8C0035FD6CE
:104E700033FFFFB7735E0091940000D07FBA00F15A
:104E800094E224914D03005473EE7C927FDE07F18F
:104E9000A805005461FE43D32204001142781F5339
:104EA00082CE228B434000D1400440F91F0003EB27
:104EB00081000054400C40F95F0000EBC001005439
:104EC000018C40A9020C40F921F47E92620C00F999
:104ED0000100018B430800F9220440F9420040B26E
:104EE000220400F900400091DCFFFF17130480D278
:104EF000E9FFFF1721080011801240F9850000D05A
:104F0000A52025911F0005EB400B0054020440F939
:104F100042F47E92430013CB7F7C00F1CD07005416
:104F20000100138B730240B2130400F9640040B215
:104F3000810602A9249400A9250C00F9036822F82F
:104F4000E9FFFF1760FE49D3000500B41F1000F110
:104F50004802005461FE46D321E0001122040011F2
:104F600042781F5382CE228B424000D1400C40F940
:104F70001F0002EBE0000054030440F963F47E924A
:104F8000650013CBBF7C00F14D0300542104005198
:104F900021040011D9FFFF171F5000F168000054D1
:104FA000016C0111EEFFFF171F5001F18800005442
:104FB00061FE4CD321B80111E9FFFF171F5005F125
:104FC0008800005461FE4FD321DC0111E4FFFF177C
:104FD00061FE52D31F5415F121F00111C00F805210
:104FE0002130801ADEFFFF17E1078052DCFFFF1738
:104FF000040C40F9C500F8B7010840F9240C00F989
:10500000810800F90100038BB4FFFF17E00304AA35
:10501000D8FFFF17851602A9C300F8B70200028B5C
:10502000410440F9210040B2410400F9AEFFFF17EE
:10503000870640F95FFC07F1E80F005442FC43D3B8
:1050400023008052447C02134204001142781F5313
:105050006320C41AE70003AA870600F982CE228BD8
:1050600043045FF8030801A9400800F9600C00F947
:10507000207C0213220080524220C01A800640F990
:105080001F0002EB030400541F0002EAC100005499
:1050900021741E1242F87FD3211000111F0002EA72
:1050A000A0FFFF54EA01809223040011E603012AC5
:1050B00063781F5343CD238B8302038BE70303AA3B
:1050C000E00C40F91F0007EB81110054C6040011E9
:1050D000E7400091DF0440F241FFFF543F0440F2FB
:1050E00061140054800640F90000228A800600F90D
:1050F000800640F942F87FD31F0002EB43000054C2
:10510000A21400B5980A40F9170740F9F7F67E9205
:10511000E10213CB3F7C00F1EC070054C007A0F084
:105120009A0000B01903178B15E440F9409744F931
:105130007502158B1F0400B121130054B582009134
:10514000E00315AA4EFEFF97F60300AA1F0400B164
:10515000600500543F0300EBA91200541F0314EB39
:10516000E1040054C107A0F0208C41B90000150BE8
:10517000208C01B9419744F93F0400B14114005417
:10518000569704F9C00E40F280000054010280D20C
:10519000200000CBD602008BD502158B000015CB6A
:1051A000B5FE3F91B5CE7492B502008BE00315AA0F
:1051B00033FEFF971F0400B120020054C207A0F085
:1051C000000016CB0000158B960A00F9418C41B9FE
:1051D000000040B2C00600F92100150B418C01B956
:1051E0001F0314EB600F0054FF7E00F168110054A0
:1051F000800A40F9210080D2010400F9800A40F9B8
:10520000010440F921F47E92210013CB3F7C00F190
:105210002DE2FF54800A40F9620240B2210040B200
:105220001300138B020400F9930A00F9610600F9D8
:105230002DFFFF1744FC49D35FFC27F148020054BF
:1052400043FC46D363E000116404001184781F53CB
:1052500084CE248B86045FF89F0006EB2104005463
:10526000637C0213220080524220C31AE70002AA84
:10527000870600F9061001A9800800F9C00C00F9A2
:105280007CFFFF179F5000F168000054836C0111F0
:10529000EEFFFF179F5001F18800005443FC4CD3F0
:1052A00063B80111E9FFFF179F5005F18800005412
:1052B00043FC4FD363DC0111E4FFFF1743FC52D3DF
:1052C0009F5415F163F00111C40F80526330841AAA
:1052D000DEFFFF17C60840F99F0006EBA000005450
:1052E000C30440F963F47E927F0002EB48FFFF5451
:1052F000C40C40F9E0FFFF17040440F984F47E92E7
:10530000880013CB1F7D00F1AD010054030841A9B3
:105310000100138B730240B2130400F9620C00F910
:10532000430800F9020140B2810602A9229400A9B3
:10533000250C00F9086824F8EBFEFF174801F8B7C0
:105340000400048B810440F9210040B2810400F97B
:10535000010C40F9020C41F8410C00F9220800F957
:10536000BEFEFF17000C40F957FFFF1760045FF8FF
:10537000210400511F0003EB20EBFF545DFFFF17DA
:105380002110001142F87FD31F0002EAA0FFFF5452
:1053900046FFFF17E103062AFCFFFF17E00382D256
:1053A000B502008BB5CE749266FFFF17C107A0F05F
:1053B000208C41B90000150B208C01B9C1EDFF54C0
:1053C000800A40F9F502158BB50240B2150400F9C8
:1053D000C107A0F0C007A0F022E040F9008C81B91D
:1053E0001F0002EB4900005420E000F9C107A0F0C3
:1053F00022DC40F91F0002EB29F0FF5420DC00F909
:105400007FFFFF17C107A0F0D90219CB0000190BCD
:10541000208C01B95CFFFF17000740F9F76200D14B
:10542000F7EE7C92210180D200004092000017AA82
:10543000000700F90003178B018C00F8010400F944
:10544000FF7E00F169FCFF5400430091E7FDFF97E8
:10545000E0FFFF17FD7BBCA9FD030091F55B02A9EE
:10546000157C019BF60300AA800000B0F71B00F931
:10547000F35301A917A444F9E00315AAF40640F96F
:1054800065FEFF973605F8B7F30300AA200300B4C2
:10549000410640F9A1004837E20315AA01008052F5
:1054A000760A00941300001401805FF8034000D1D5
:1054B00082F67E927F0017EB21F47E92420041FA41
:1054C0004230819A422000D15F2001F188FEFF54D2
:1054D0005F9C00F1A90000541F7C00A95FDC00F173
:1054E00048010054004000911F7C00A91F0800F9EA
:1054F000F55B42A9E00313AAF35341A9F71B40F956
:10550000FD7BC4A8C0035FD61F7C01A95F2001F109
:105510006000005400800091F4FFFF1700C000916C
:105520007F7E02A9F1FFFF17130080D2F1FFFF1762
:10553000FD7BBCA9FD030091F35301A9F55B02A912
:10554000F71B00F90106F8B7420640F9C2004837D8
:10555000F35341A9F55B42A9F71B40F9FD7BC4A8B1
:105560007C000014F40300AAF70301AA1F4000F115
:10557000E8000054F35341A9E00301AAF55B42A9F6
:10558000F71B40F9FD7BC4A823FEFF17000480D25F
:10559000215C00919F0200EB36EC7C929422809A71
:1055A0003FB800F1D6C2809A8002008B0000168BB3
:1055B00019FEFF97E20300AA400300B5E00317AA13
:1055C00015FEFF971508D49AF30300AAB582149B21
:1055D000D50100B485FDFF97950215CBE002158B30
:1055E0000DFEFF97E20300AAE00000B40108D49A80
:1055F0002180149B810201CBBF0201EB22010054E8
:105600007AFDFF97130080D2F55B42A9E00313AA4D
:10561000F35341A9F71B40F9FD7BC4A8C0035FD633
:105620004008D49A534000D10088149B800300B4F2
:10563000E003144B950600D15500158B007C409378
:10564000B502008AB54200D1A00213CB1F7C00F145
:1056500048000054B502148B610640F9A30213CB35
:1056600021F47E92210003CB200040B2A102018BE5
:10567000A00600F9200440F9000040B2200400F91F
:10568000E00302AA610640F921004092210003AA2A
:10569000610600F9F30315AA54FDFF97610640F96E
:1056A00021F47E92210016CB3F7C00F14D01005485
:1056B0006002168B210040B20040009101801FF86B
:1056C000610640F921004092210016AA610600F906
:1056D00046FDFF9773420091CCFFFF17428A40F9C5
:1056E000237C4093459240F94100058B620400D130
:1056F0002100028BE30303CB428A40F92100038A95
:10570000000002CB0200018B408E40F91F0002EB2B
:1057100022010054FD7BBFA9600000F000C8159174
:10572000FD030091350F0094000080D2FD7BC1A8DD
:10573000C0035FD6421C0091E00301AA42F07D92B3
:10574000429200F9C0035FD621008052E4FFFF17A8
:10575000E20300AAE00301AAE103022AE0FFFF1727
:10576000FD7BBEA9FD030091F35301A9F30300AA39
:10577000F40302AA600240B96000F836000080120B
:1057800007000014600640F9000100B4E10314AA08
:105790005A090094A0000035600240B9F35341A9B2
:1057A000FD7BC2A8C0035FD673620091F2FFFF17B2
:1057B000E20300AA81000090600000D021743591BE
:1057C00000A03091E7FFFF17FD7BBDA9FD0300910D
:1057D000F35301A9F30303AAF40302AAE3B300916C
:1057E000BD020094E00100B4E22F40B9050080D270
:1057F000040080D2437C0213BF0003EBA1010054DC
:105800005F20007109020054FF8344EBC001005483
:10581000600000F0E10314AA00F43391F70E009445
:1058200000008012F35341A9FD7BC3A8C0035FD6DB
:10583000017865B8A50400912108C05A248004AA03
:10584000EEFFFF1700008052640200F9F6FFFF1719
:10585000FD7BBDA9FD030091E3B30091F30B00F9BB
:10586000F30302AA8200009042BC18919A020094AD
:10587000000100B4CFFFFF97011C0012000080520E
:1058800061020039F30B40F9FD7BC3A8C0035FD66A
:10589000E11F805200008012FAFFFF17E30302AA03
:1058A0008200009042FC2491C8FFFF17E30302AA84
:1058B000620000F0420C2F91C4FFFF17FD7BBDA9D1
:1058C000FD030091F35301A9F40302AAF30303AA11
:1058D000620000F0E3B30091426834917E020094CC
:1058E000800200F9E00000B4E12F80B9000080528E
:1058F000610200F9F35341A9FD7BC3A8C0035FD641
:10590000010080D200008012FAFFFF17FD7BBEA9C4
:10591000030080D2FD030091F30B00F9F30302AA08
:10592000620000F0427C34916B020094000100B4EC
:10593000000040B90008C05A600200B9000080525F
:10594000F30B40F9FD7BC2A8C0035FD62000801294
:10595000FCFFFF17FD7BBEA9030080D2FD03009171
:10596000F30B00F9F30302AA620000F042AC349199
:1059700059020094000100B4000040B90008C05A68
:10598000600200B900008052F30B40F9FD7BC2A811
:10599000C0035FD620008012FCFFFF17FD7BBEA96D
:1059A000030080D2FD030091F30B00F9F30302AA78
:1059B000620000F042E4349147020094000100B418
:1059C000000040B90008C05A600200B900008052CF
:1059D000F30B40F9FD7BC2A8C0035FD62000801204
:1059E000FCFFFF17FF0308D1E30300AA25FC43D304
:1059F00020FC44D3E6230091020080D2C00100B510
:105A0000670040F97F0000F9640040F9240500B404
:105A1000427C4093E4230091210080D2670000F98A
:105A2000420400D1BF0001EB68010054FF0308915C
:105A3000C0035FD604F07DD3676864F8C77822F8A6
:105A4000E70320AA4204009100FC4193676824F810
:105A5000EBFFFF1726F07DD321F87FD3877862F81C
:105A6000676826F8EFFFFF1780F07DD34A0400D166
:105A7000067962F86B6860F8666820F8E60324AA85
:105A800084F87FD3DF000BEB60020054427C40932C
:105A9000420400D1BF0004EBA9FCFF5481F07DD388
:105AA00084F87FD3067962F8666821F8F9FFFF175A
:105AB00042040051E8230091240080D2427C4093AC
:105AC000BF0004EB28FDFF54E00301AA670000F9C2
:105AD000D7FFFF17E2030AAAFAFFFF17010040B938
:105AE00000BA8152C0BFBD723F00006B000180123E
:105AF00000109F1AC0035FD6E100F8372200022B86
:105B0000A2000054032440B96308C05A5F00036B2D
:105B100069000054000080D205000014020840B95A
:105B20004208C05A41C0218B0000018BC0035FD6E0
:105B3000FD7BBFA9E60302AAE2008012FD030091EB
:105B4000C20000B9E503012A24100011E80300AAED
:105B500082008052E9FFFF97010040B940018012A6
:105B6000C00000B90060A0522708C05A3F00006B77
:105B7000C0030054FF0C0071680100540020A052C3
:105B80003F00006BA00100540040A0523F00006B9A
:105B90004002005427018052E003072AFD7BC1A880
:105BA000C0035FD60080A0523F00006B600100542C
:105BB0000020A152F6FFFF17E103042A22008052C1
:105BC000E00308AA8400020BCCFFFF97600000B43A
:105BD0000000403920FFFF35840C001184741E1230
:105BE000C40000B9EDFFFF17E103042AE00308AA8F
:105BF00082008052C1FFFF97040040B9A530001118
:105C00008408C05AA400040BF4FFFF17FD7BBEA953
:105C1000FD030091E11F00B98100F8366000801299
:105C2000FD7BC2A8C0035FD6E203012A5F0440F2F5
:105C300061FFFF54E2730091BEFFFF971F040071E4
:105C4000E1FEFF54E01F40B9F6FFFF17FD7BBEA940
:105C5000FD030091E11F00B98100F8366000801259
:105C6000FD7BC2A8C0035FD6E203012A5F0440F2B5
:105C700061FFFF54E2730091AEFFFF971F0C0071AC
:105C8000E1FEFF54E01F40B9F6FFFF17FD7BBEA900
:105C9000EC0300AAEB0302AAFD030091FF1F00B969
:105CA000A100F837DAFFFF97E01F00B9EA03002AE6
:105CB0000002F837EA1F40B9E2730091E0030CAA32
:105CC000E1030A2A9BFFFF971F080071800100541F
:105CD0001F240071200200541F040071C1FEFF54F4
:105CE0008B0000B4600140B900040011600100B9EC
:105CF000E0030A2AFD7BC2A8C0035FD6CBFDFFB438
:105D0000610140B921040051610100B941FDFF3634
:105D1000EA1F40B9F7FFFF17EA1F40B9CA00F8367B
:105D20005F21003161FEFF547F0100F14A119F5A4B
:105D3000F0FFFF170A008012EEFFFF17FD7BBEA9E0
:105D4000FD030091E2730091FF1F00B9D0FFFF97A0
:105D5000C000F837E11F40B93F04007100009F5AAE
:105D6000FD7BC2A8C0035FD600008012FDFFFF17B5
:105D7000FD7BBEA9ED0300AA20008052FD03009127
:105D8000E01F00B9E2730091E0030DAAC0FFFF9786
:105D9000E103002A2001F837E01F40B91F0000711D
:105DA000CD0000541F040071E1FEFF54E003012AFE
:105DB000FD7BC2A8C0035FD601008012FCFFFF1765
:105DC000FD7BBDA9FD030091F35301A9F30300AAD4
:105DD000347C4093E00302AAF55B02A9F50302AA12
:105DE000F00700940004001194C220CB167C40936D
:105DF0007402148B7F0214EBE9000054130080D26C
:105E0000F55B42A9E00313AAF35341A9FD7BC3A8A4
:105E1000C0035FD6E20316AAE10315AAE00313AAA2
:105E200063080094E0FEFF3473060091F2FFFF1751
:105E3000021040B94208C05A41D0218B0000018BAA
:105E4000C0035FD6030840B96308C05A61C0218B04
:105E50000000018B820000B4010440B92108C05A3F
:105E6000410000B9C0035FD6FD7BBDA9FD030091D1
:105E7000F35301A9F40300AAF303012AE2B300914A
:105E8000E103132AE00314AA2AFFFF971F0C0071F5
:105E9000E0000054F32F40B91F24007101010054A9
:105EA0007F0200714001801273B2801AE003132A4E
:105EB000F35341A9FD7BC3A8C0035FD61F10007137
:105EC000E0FDFF5413008012F9FFFF17FD7BBEA910
:105ED000FD030091F35301A9F40302AA020C40B997
:105EE0004208C05A41C0218B1300018B940000B4BA
:105EF000E00313AAAB070094800200B9E00313AAE1
:105F0000F35341A9FD7BC2A8C0035FD6020080D233
:105F1000EFFFFF17FD7BBFA9E40302AAFD03009179
:105F2000C4FFFF97010040F9FD7BC1A8210CC0DA36
:105F3000810000F9000440F9000CC0DA600000F9AB
:105F400000008052C0035FD6E40300AAFD7BBFA916
:105F500003008052FD030091E103032AE00304AA39
:105F6000B4FFFF97A00000B5E3008012E003032A0E
:105F7000FD7BC1A8C0035FD6000440F980FFFFB4D9
:105F800063040011F5FFFF17FD7BBEA9FD0300911F
:105F9000F35301A9F40302AA020840B94208C05A07
:105FA00041C0218B0000018B13100091940000B4BC
:105FB000E00313AA7B070094800200B9E00313AA50
:105FC000F35341A9FD7BC2A8C0035FD6FD7BBBA9EB
:105FD000FD030091F35301A9F303012A747C40935C
:105FE000F55B02A9F60300AAF71B00F9F70302AA62
:105FF000FF4B00B9E04B40B90100132A2101F836EC
:106000001F00007173A29F5AF55B42A9E003132A97
:10601000F35341A9F71B40F9FD7BC5A8C0035FD628
:106020001F040071A1020054E2330191E103132A1D
:10603000E00316AAD5FFFF97F50300AAE00100B41C
:10604000E20314AAE10317AAD907009460010035FE
:10605000A06A7438A0FDFF34E20314AAE00317AA73
:1060600001088052DE070094800000B5A06A7438F1
:106070001F000171A0FCFF54E103132AE2230191E8
:10608000E00316AA02FFFF97F303002ADAFFFF17C7
:10609000FD7BBDA9FD030091F35301A9F40300AA00
:1060A000F30302AAE00302AAF51300F9F503012A9B
:1060B0003C070094E20313AAE303002AE103152A34
:1060C000E00314AAF35341A9F51340F9FD7BC3A8DB
:1060D000BFFFFF17FD7BBEA9FD030091F30B00F985
:1060E000F30300AACAFEFF97C000F837E103002AB5
:1060F000E00313AAF30B40F9FD7BC2A85BFFFF1777
:10610000F30B40F9FD7BC2A8C0035FD6FD7BBEA99F
:10611000FD030091F30B00F9F30300AACCFEFF97F7
:10612000C000F837E103002AE00313AAF30B40F99B
:10613000FD7BC2A84DFFFF17F30B40F9FD7BC2A802
:10614000C0035FD6FD7BBAA9FD030091F96B04A9DA
:106150007A7C4093F90302AAF35301A9F55B02A9E3
:10616000F60300AAF50304AAF76303A9F7031AAA22
:10617000F80305AAD8FFFF97F303002A8000F8363A
:10618000550400B5140080D219000014E20315AACA
:10619000E103132AE00316AA2BFFFF97F40300AADA
:1061A000E2730191E00316AA810A40B92108C05A9E
:1061B00047FFFF97800000B4E15F40B9FF02016B29
:1061C000A0000054E103132AE00316AAD0FFFF97B2
:1061D000EAFFFF17E2031AAAE10319AA7407009461
:1061E00020FFFF35580000B4130300B9F55B42A946
:1061F000E00314AAF35341A9F76343A9F96B44A937
:10620000FD7BC6A8C0035FD6A00200B9DEFFFF1762
:10621000050080D2CCFFFF17FD7BBDA9FD030091D7
:10622000F35301A9F40300AAF30302AAE00302AAAC
:10623000F55B02A9F60303AAF503012AD906009427
:10624000E40316AAE303002AE20313AAE103152AD2
:10625000F55B42A9E00314AAF35341A9FD7BC3A84F
:10626000ECFFFF17FD7BBEA9FD030091E5730091D4
:10627000B5FFFF97400000B400300091FD7BC2A83D
:10628000C0035FD6FD7BBEA9E40300AAFD03009115
:10629000F35301A9F40302AAE20303AAEAFEFF975B
:1062A000F30300AA000100B4D40000B4610A40B9AD
:1062B000E00304AA2108C05A15FFFF97800200F9E5
:1062C00073320091E00313AAF35341A9FD7BC2A8E6
:1062D000C0035FD6FD7BBDA9FD030091F35301A967
:1062E000F40300AAF30302AAE00302AAF55B02A9E1
:1062F000F60303AAF503012AAA060094E40316AAEA
:10630000E303002AE20313AAE103152AF55B42A97D
:10631000E00314AAF35341A9FD7BC3A8D2FFFF17E2
:10632000FD7BBDA9620000D042C02E91FD0300910B
:10633000E3B30091F35301A9F30300AAF403012A84
:10634000E5FFFF97800000B4E12F40B93F100071D6
:1063500060010054620000D0E3B3009142A82E9186
:10636000E103142AE00313AADBFFFF97200100B426
:10637000E12F40B93F100071C1000054000040B946
:106380000008C05AF35341A9FD7BC3A8C0035FD6E0
:1063900000008052FCFFFF17FD7BBDA9FD030091AB
:1063A000F35301A9F40301AAF30300AA610000D08A
:1063B00021842E91F51300F9F503022A4C00009474
:1063C0004001F837E103002AE303152AF51340F9E9
:1063D000E20314AAE00313AA040080D2F35341A9F4
:1063E000FD7BC3A8A0FFFF17F35341A9000080D293
:1063F000F51340F9FD7BC3A8C0035FD6FD7BBCA9A4
:10640000427C4093FD030091F35301A9F30301AAD9
:10641000F55B02A935C0228BF71B00F9F70300AA30
:10642000200040391FBC0071A0050054E1058052D6
:10643000E00313AAEA0600941F0000F11610959AD3
:10644000E10313AAC202134BE00317AAD3FFFF977D
:10645000E10300AA800400B4E00317AAF30316AA1C
:1064600023000094F403002A7F0215EBC2020054BB
:10647000F60313AAC00240391FBC0071E0010054AA
:10648000A20216CBE1058052E00316AAD4060094BE
:106490001F0000F1E103142A1310959AE20316AAD3
:1064A0006302164BE00317AAC9FEFF97F403002A04
:1064B000C0FDFF3604000014D6060091BF0216EBA3
:1064C000A1FDFF54F55B42A9E003142AF35341A94F
:1064D000F71B40F9FD7BC4A8C0035FD614008052AF
:1064E000E2FFFF1794008012F7FFFF17FD7BBEA9A4
:1064F000FD030091F35301A9F40300AAF30301AAD9
:10650000E00301AA27060094E10313AAE203002A8C
:10651000E00314AAF35341A9FD7BC2A8B8FFFF17FB
:106520002201F83600008012C0035FD600008012FE
:10653000F35341A9F55B42A9F71B40F9FD7BC5A8C0
:10654000C0035FD6FD7BBBA9FD030091F35301A9F6
:10655000F403012AF303022AF55B02A9F50303AA57
:1065600096018012F71B00F9F70300AA0000805281
:10657000FF4F00B91F00007100A0547AACFDFF541A
:10658000E14F40B93F00136BD612801A1F00146B05
:10659000E1000054550000B4A10200B93F00136BA4
:1065A0006BFCFF54E003162AE2FFFF17E103002A09
:1065B000E2330191E00317AAB5FDFF97EEFFFF1745
:1065C000FD7BBEA902008052FD030091E3730091A0
:1065D000D4FFFF9740000035E01F40B9FD7BC2A803
:1065E000C0035FD6FD7BBEA9FD030091F35301A953
:1065F000F30300AAF403012AF2FFFF970001F83722
:1066000002040051E103142AE00313AA030080D21C
:10661000F35341A9FD7BC2A8C2FFFF17F35341A961
:10662000FD7BC2A8C0035FD6FD7BBBA9FD03009123
:10663000F76303A9987C4093F70303AAF35301A9D6
:10664000F40300AAF55B02A9F50318AAF60302AA4F
:10665000020080D28EFDFF97F303002AE000F83697
:10666000F55B42A9E003132AF35341A9F76343A959
:10667000FD7BC5A8C0035FD6E3330191E20316AAF0
:10668000E103132AE00314AA13FFFF97A00000B54B
:10669000E103132AE00314AA020080D2EEFFFF17E1
:1066A000E14F40B93F00156B41FFFF54E20318AAC8
:1066B000E10317AA3E060094C0FEFF35E9FFFF176D
:1066C000FD7BBDA9FD030091F35301A9F51300F96A
:1066D000F503012A210400513F0C0031A8020054A7
:1066E000F40300AA020080D20100801268FDFF9727
:1066F000F303002AC000F836F51340F9E003132A2B
:10670000F35341A9FD7BC3A8C0035FD6E103132A5D
:10671000E00314AA03FFFF971F00156BE0FEFF5470
:10672000E103132AE00314AA020080D2F0FFFF174E
:10673000B3008012F1FFFF17FD7BBCA9FD030091A0
:10674000F35301A9F303012AF55B02A9F50300AA9B
:10675000E00302AAF71B00F9F70302AA91050094CF
:1067600014040011F603002A947E40937F02166BF6
:106770006B010054E20314AAE10315AAE00317AA6F
:106780000B06009420020034627E4093E00315AAB9
:106790000100805212060094E00000B50000805213
:1067A000F35341A9F55B42A9F71B40F9FD7BC4A84F
:1067B000C0035FD6010015CB730600517302014B75
:1067C00015040091EAFFFF1720008052F5FFFF1724
:1067D000FD7BBDA9FD030091E3B30091F30B00F92C
:1067E000F30302AA620000D042E02E91BAFEFF97A6
:1067F000A00000B5E02F40B9F30B40F9FD7BC3A822
:10680000C0035FD6E12F40B9E20313AACBFFFF9785
:106810001F000071E0179F1AF8FFFF17FD7BBDA94D
:10682000FD030091F35301A9F40300AAF51300F945
:10683000F50302AA020080D215FDFF97F303002A98
:10684000C000F836E003132AF35341A9F51340F9C9
:10685000FD7BC3A8C0035FD6E20315AAE103132A98
:10686000E00314AADBFFFF971F040031EBFEFF5487
:10687000A0FEFF34E103132AE00314AA020080D231
:10688000EEFFFF171F0000718C010054C00100547F
:106890001F480031CB000054E003004B610000B002
:1068A00021E0279120D860F8C00000B5600000D03A
:1068B00000D82F9103000014600000D000542F91E5
:1068C000C0035FD6600000D000AC2F91FDFFFF1722
:1068D000E50300AAE00301AAA40C40B9A12040B935
:1068E0008408C05A2108C05A8400010BA4C0248B1C
:1068F0004203F83701C0228B487C40933F0004EBF1
:10690000C80200541F0005EB83020054637C4093CF
:10691000660008CB8600068BDF0005EBE301005420
:10692000A70440B9E708C05AA500078BDF0005EBB4
:1069300088010054840000CBFD7BBFA9820008CBF6
:10694000FD0300910000038B83050094000080523A
:10695000FD7BC1A8C0035FD660008012C0035FD674
:1069600040008012C0035FD6FD7BBDA9FD030091EE
:10697000F35301A9F303032AF40300AA636C1C5325
:10698000F51300F9F503022A426C1C53D1FFFF975F
:1069900080010035810A40B97302154B2108C05AA5
:1069A0002110130B2108C05A810A00B9810E40B989
:1069B0002108C05A3310130B730AC05A930E00B942
:1069C000F35341A9F51340F9FD7BC3A8C0035FD67B
:1069D000FD7BBDA9FD030091F35301A9F40300AAB7
:1069E000F303032AF51300F9F503022AB9FFFF9711
:1069F00080010035812640B96302154B2108C05A39
:106A00006100010B2108C05A812600B9810E40B9EE
:106A10002108C05A6300010B6308C05A830E00B9F5
:106A2000F35341A9F51340F9FD7BC3A8C0035FD61A
:106A3000FD7BBAA9FD030091F35301A9F40300AA59
:106A4000F55B02A9F603032AF76303A9F70304AA77
:106A5000F96B04A9F90302AAFB7305A96CFCFF9763
:106A6000F503002AA004F837980E40B9E00319AAEC
:106A7000CC040094FA0300AA812240B9180BC05A32
:106A80009802188BE20319AAE00318AA2108C05A39
:106A9000CCFCFF97200400B41300184B1307F83701
:106AA000810A40B9C30E001163741E12E00314AAD8
:106AB0002108C05A6330001121C0358B020080527A
:106AC0008102018BE10200F9C2FFFF97F503002A62
:106AD00040010035E00240F90160A052730AC05A3B
:106AE000D60AC05A010000B9E00240F9130800B903
:106AF000E00240F9160400B9F35341A9E003152A56
:106B0000F55B42A9F76343A9F96B44A9FB7345A957
:106B1000FD7BC6A8C0035FD69C2240B95A0700116E
:106B2000810E40B9E3031A2A9B0BC05A9C0BC05A32
:106B30002108C05AE00314AA21001C8B02008052D5
:106B40008102018B63FFFF97F303002A80FAFF3570
:106B5000802240B9427F4093E10319AAF3031B2A24
:106B60000008C05A4003000B0008C05A802200B938
:106B700000031C8BDD040094C9FFFF17F503132AE3
:106B8000DEFFFF17FD7BBCA9FD030091F35301A9B4
:106B9000F30300AAF40302AAF55B02A9F50301AA14
:106BA000F71B00F9E9FCFF97611240B923008052FE
:106BB000020080522108C05A36D0208BE00313AA6D
:106BC0007702168BE10317AA68FFFF97A000003534
:106BD000B50EC0DA756A36F8940EC0DAF40600F91C
:106BE000F35341A9F55B42A9F71B40F9FD7BC4A80B
:106BF000C0035FD6FD7BBDA9FD030091F35301A93E
:106C0000F40300AAF51300F9F503012A131040B9A3
:106C1000730AC05A73D2218B1300138BCBFCFF97DE
:106C20001F00156B2D010054F51340F9E10313AA61
:106C3000E00314AA03008052F35341A922008052BA
:106C4000FD7BC3A849FFFF17F35341A90000801241
:106C5000F51340F9FD7BC3A8C0035FD6FD7BBBA93C
:106C6000FD030091F35301A9F303032AE3130191F8
:106C7000F55B02A9F50300AAF60304AAF76303A9CA
:106C8000F703012AF80302AA64FDFF97E02700F941
:106C9000F40300AAE04740B9740100B51F040031B5
:106CA000E1000054E4230191E303132AE20318AA4C
:106CB000E103172AE00315AA5EFFFF976002003583
:106CC0000B000014000C0011630E001102741E1260
:106CD00063741E1281320091E00315AA3DFFFF97F5
:106CE00000010035730AC05A930600B9E02740F945
:106CF00000300091C00200F900008052030000142F
:106D00001F04003100FDFF54F35341A9F55B42A974
:106D1000F76343A9FD7BC5A8C0035FD6FD7BBCA973
:106D2000FD030091F35301A9F303042AE4E3009166
:106D3000F51300F9F50303AAE303132AC8FFFF972D
:106D4000F403002AC0000035B3000034E01F40F90E
:106D5000627E4093E10315AA64040094F51340F9A0
:106D6000E003142AF35341A9FD7BC4A8C0035FD6F6
:106D7000FD7BBAA9FD030091F35301A9F40300AA16
:106D8000F303012AF55B02A9757C4093F76303A91D
:106D9000F70302AAF92300F98DFCFF974006F836A5
:106DA0001F04003141050054E2730191E103132AED
:106DB000E00314AA5FFBFF97F85F40B9E27301910B
:106DC000E00314AAE103182A5AFBFF97000C0051B4
:106DD0001F04007129FFFF54960A40B9B312001135
:106DE00073761E12E00314AAD60AC05A7322001149
:106DF000D6C2388BE303132A9902168B0200805205
:106E0000E10319AAF3FEFF97200200350020A052EB
:106E1000806A36B8A21200913413009142F47E9237
:106E200001008052E00314AA33C3338B130400948F
:106E3000E20315AAE10317AAE00314AA2B040094A5
:106E40000040A05260C21FB8E003182AF35341A9C2
:106E5000F55B42A9F76343A9F92340F9FD7BC6A876
:106E6000C0035FD620008012F9FFFF17FD7BBDA98C
:106E7000FD030091F35301A9F40300AAF30302AA4E
:106E8000E00302AAF51300F9F503012AC5030094F3
:106E9000E20313AAE303002AE103152AE00314AA7C
:106EA000F35341A9F51340F9FD7BC3A8B1FFFF17C8
:106EB000FD7BBEA9FD030091E373009106FDFF97E2
:106EC000E10300AAE01F40B9010100B41F100071E6
:106ED00001010054200040B9A10180120008C05AED
:106EE0001F1000710090811AFD7BC2A8C0035FD6FD
:106EF000A0018012FDFFFF17FD7BBFA9620000D03B
:106F000042142C91FD030091EAFFFF97C00000346A
:106F10001F0400314100005440008052FD7BC1A895
:106F2000C0035FD6A0018012FDFFFF17FD7BBFA944
:106F3000620000D042242F91FD030091DDFFFF97F6
:106F40001F0400314100005420008052FD7BC1A885
:106F5000C0035FD6FD7BBDA9FD030091F30B00F9D3
:106F6000F303032AE3B30091DBFCFF97C00000B4F6
:106F7000E12F40B93F0C007169000054130040B983
:106F8000730AC05AE003132AF30B40F9FD7BC3A830
:106F9000C0035FD6FD7BBDA9FD030091F30B00F993
:106FA000F303032AE3B30091CBFCFF97C00000B4C6
:106FB000E12F40B93F0C007169000054130040B943
:106FC000730AC05AE003132AF30B40F9FD7BC3A8F0
:106FD000C0035FD6FD7BBDA9FD030091F35301A95A
:106FE000F403032AF30304AAE3B30091BAFCFF9766
:106FF000200100B4E12F40B93F00146B6101801201
:1070000021B09F1A610200B9F35341A9FD7BC3A8C7
:10701000C0035FD601008012FBFFFF17FD7BBFA9F5
:10702000620000B0030080D2FD03009142743191F0
:10703000A9FCFF97000100B4610000B021903191DC
:10704000360300941F000071E0179F1AFD7BC1A852
:10705000C0035FD620008052FDFFFF17FD7BBAA959
:10706000FD030091F35301A9F40300AAF303022ADC
:10707000E00301AAF55B02A9F76303A9F70301AADC
:10708000F96B04A9F90303AA46030094E2430191B2
:10709000E103132A167C4093E00314AABBFBFF977D
:1070A000F80300AA610000B0E00314AA21842E9125
:1070B0000FFDFF97E103002AE00314AA06FCFF97E7
:1070C000F303002A1F0000716C0000543500801289
:1070D00022000014E103132AE3530191E2630191BA
:1070E000E00314AA68FCFF97F50300AAE1034A290C
:1070F0001F00016B0B040054BA0240395FBF0071DE
:10710000A1030054A0C2208B00F05F38400300357B
:10711000E02F40F9E20316AAE10317AA090300943D
:10712000A0020035E1031A2AE00315AA2403009403
:1071300000040091E10318AAF8020094F503002A64
:10714000A0010035E02F40F9510900941F040031DF
:1071500020010054200300B9F35341A9E003152A8C
:10716000F55B42A9F76343A9F96B44A9FD7BC6A867
:10717000C0035FD6E103132AE00314AAE4FBFF97E0
:10718000D0FFFF17FD7BBBA9FD030091F35301A9BD
:10719000F40300AAE00301AAF55B02A9160080121D
:1071A000F71B00F9F70301AAFE020094157C409337
:1071B000610000B0E00314AA21842E91CCFCFF975B
:1071C000E103002AE00314AAC3FBFF97F303002A9C
:1071D0007F020071EC000054F35341A9E003162A2A
:1071E000F55B42A9F71B40F9FD7BC5A8C0035FD63C
:1071F000E103132AE3130191E2230191E00314AAAE
:1072000021FCFF97010040393FBC0071C1010054CF
:10721000E14780B90000018B00F05F384001003584
:10722000E02740F9E20315AAE10317AAC50200947A
:10723000A0000035E02740F915090094DF02006B3B
:10724000D6A2801AE103132AE00314AAB0FBFF9729
:10725000F303002ADFFFFF17000200B4FD7BBEA985
:10726000FD030091F35301A9F30300AAF40301AA5B
:10727000610000D021C013919DFCFF97E103002A1B
:10728000E20314AAE00313AAF35341A9030080D236
:10729000FD7BC2A810FCFF17C0035FD6FD7BBFA912
:1072A000FD030091416640F9E10000B5600000B0C7
:1072B00000A43191DAF5FF9700008012FD7BC1A890
:1072C000C0035FD6416640F93F0440F201FFFF541E
:1072D000406640F902FAFF9720FFFF34F4FFFF17E2
:1072E000FD7BBDA9FD030091F35301A9F303042A1B
:1072F000F40303AAE4B3009163761E53FF2F00B991
:1073000035FFFF97E20300AAE02F40B96001003487
:10731000F35341A9FD7BC3A8C0035FD6437861B88E
:107320006308C05A837A21B8210400917F02016B5F
:107330006CFFFF54F7FFFF17010080D2FCFFFF171F
:10734000FD7BBEA9FD030091E3730091E2FBFF9773
:107350001F0000F1E0079F1AFD7BC2A8C0035FD6A3
:10736000FD7BB9A9FD030091F35301A9F40306AA1B
:10737000F55B02A9F60303AAF503052AE3B301911D
:10738000F76303A9F70300AAF803042AF96B04A919
:10739000FB7305A9D0FBFF97400100B53B008012AD
:1073A000F35341A9E0031B2AF55B42A9F76343A904
:1073B000F96B44A9FB7345A9FD7BC7A8C0035FD641
:1073C000F96F80B9F30300AA1B00805239F77E924F
:1073D0001900198B7F0219EB6300005435FEFF374B
:1073E000EFFFFF17604640B81A08C05AE0030034A8
:1073F000DF0200F16403557A21030054E1031A2AE5
:10740000E00317AAAFFCFF97FC03002A6000F836E0
:10741000BB028012E3FFFF17560200B4E103002A0B
:10742000E20316AAE00317AA03008012CAFEFF9720
:107430001F040031E0FEFF54614A208B3F0301EB43
:1074400083FEFF547F03156B010300549AFAFF3447
:10745000340100B51B008052D2FFFF171C008012C0
:10746000E003182AF5FFFF171C008012000080526D
:10747000F5FFFF171F400071010280520290811A30
:107480009C0A002994220091000080D25F00006BCA
:1074900029FEFF54617A60B82108C05A817A20B869
:1074A00000040091FAFFFF17734A208B7B0700113D
:1074B000C9FFFF17FD7BBDA9FD030091F35301A98F
:1074C000F40300AAF303022AF51300F9F50301AA55
:1074D000610000B02154319105FCFF972001F8377D
:1074E000E103002AE303132AE20315AAE00314AA26
:1074F000F35341A9F51340F9FD7BC3A896FEFF178E
:10750000F51340F9E003132AF35341A9FD7BC3A807
:10751000C0035FD6E103012AE30300AA020080D280
:10752000000080D25F0001EB41000054C0035FD631
:10753000647862B8420400918408C05A808000AA2E
:10754000F9FFFF17FD7BBCA9FD030091F35301A9CF
:10755000F303052AF40306AAF55B02A9F603032A3E
:10756000F503042AE3F300915BFBFF97200300B4CB
:10757000E20300AAA002130BE13F80B9007C161BB6
:1075800021F47E9240C8208B4200018B05C8358BC8
:10759000A1C8338B5F0001EBC3010054E103152A3E
:1075A000DDFFFF97E70300AAB40000B4E103132A4C
:1075B000E00305AAD8FFFF97800200F9F35341A921
:1075C000E00307AAF55B42A9FD7BC4A8C0035FD610
:1075D000E77F40B2FAFFFF17FD7BBBA9FD030091D7
:1075E000F35301A9F30300AAF55B02A9F503022AEC
:1075F000F60303AAF76303A9F703042AF80305AA0D
:10760000F96B04A9FA03012AD91C00123BFEFF976B
:107610001F0000718D020054F403002AE1031A2AAE
:10762000E00313AA42FEFF97E503002AC001F837E2
:10763000E703192AE60318AAF96B44A9E403142AFC
:10764000E303172AE20316AAF76343A9E103152A05
:10765000F55B42A9E00313AAF35341A9FD7BC5A83A
:10766000B9FFFF17F35341A9E07F40B2F55B42A990
:10767000F76343A9F96B44A9FD7BC5A8C0035FD696
:10768000FD7BBCA9FD030091F35301A9F30300AAFC
:10769000F403012AF55B02A9F50302AAF603032A03
:1076A000F76303A9F70304AAB81C0012CEFBFF97E7
:1076B000A001F837E103002AE603182AE50317AA18
:1076C000E403162AF76343A9E30315AAF55B42A96D
:1076D000E203142AE00313AAF35341A9FD7BC4A8D3
:1076E000BEFFFF17F35341A9E07F40B2F55B42A90B
:1076F000F76343A9FD7BC4A8C0035FD6FD7BBAA98D
:10770000FD030091F35301A9F40304AAF55B02A958
:10771000F503032AF76303A9F70300AAF803012A74
:10772000F92300F9F90302AAAFFBFF97F303002A3C
:107730002002F837E103002AE00317AAEFFDFF97C4
:10774000F603002AE103132AE00317AAF8FDFF97C6
:10775000F303002AE3730191E20319AAE103182A53
:10776000E00317AADCFAFF97E60300AA200100B5A0
:10777000F35F40B9F55B42A9E003132AF35341A933
:10778000F76343A9F92340F9FD7BC6A8C0035FD680
:10779000E25F80B9637E409363C0368BC77E4093BF
:1077A00042F47E920000805263F47ED3C200028BCA
:1077B000C100038B3F0002EB6900005413008012EC
:1077C000EDFFFF171F00156BC1010054E103162ADE
:1077D000E00306AA50FFFF97E50300AA851600A95B
:1077E000E103132AC008078B4BFFFF97A500008B0E
:1077F000A50400D113008052850600F9DEFFFF17B3
:1078000000040011E60301AAEAFFFF17FD7BBDA9F2
:10781000FD030091F35301A9740000B0F30300AA23
:1078200094DA2D91F51300F9750000B0B54230914E
:10783000E20315AAE10314AAE3008052E00313AAAD
:10784000FC0E0094F30300AAD50E00941F1C0072D6
:1078500000FFFF54F51340F9E00313AAF35341A9C5
:10786000FD7BC3A8C0035FD6FD7BB9A90000809251
:10787000FD030091F35301A9F51300F9E4FFFF970D
:107880002005F8B7F30300AA1500805214008052B7
:10789000E2E30091E103152AE00313AACB0E009462
:1078A0004002F837B5060011E0030035410240F907
:1078B000807E4093001C0091E31F40F92110008B53
:1078C000E22340F9230400F942040091410240F907
:1078D000420003CB2010008B020800F9F4000035B1
:1078E00034008052EBFFFF17E00313AAC8FFFF9795
:1078F000F30300AAC000F8B600008052F35341A978
:10790000F51340F9FD7BC7A8C0035FD6E2E3009101
:1079100001008052AD0E009400FFFF373500805209
:10792000E2FFFF17A0028012F5FFFF17800000B0F2
:1079300000002391C0035FD600008052C0035FD6D1
:10794000FD7BBEA9FD030091F30B00F9F30312AA1E
:10795000F7FFFF97606600F951FEFF97A000003522
:10796000F30B40F9FD7BC2A8406640F9F3FFFF1717
:10797000F30B40F9FD7BC2A8C0035FD6FD7BB7A91E
:10798000FD030091F35301A9F30300AAF55B02A9DB
:10799000F60305AAF76303A9F96B04A9FA0303AA7E
:1079A000FB7305A9FC03022AE43300F9610000B56A
:1079B000610000B021D83191E00313AACCFAFF97FF
:1079C000F503002A2001F83620008012F35341A964
:1079D000F55B42A9F76343A9F96B44A9FB7345A979
:1079E000FD7BC9A8C0035FD67B0000D07B1F0C9134
:1079F000E103002AE3330291E2031BAAE00313AA86
:107A000035FAFF97F70300AA00FEFFB4E103152A39
:107A1000E00313AA39FDFF97F803002AE103152AB2
:107A2000E00313AA42FDFF97F903002AE103152A98
:107A3000E00313AAC2F8FF97F403002A600000B025
:107A400000D03091E03700F9600000B000FC3091C8
:107A5000E03B00F99408F836F403152AB60000B4A8
:107A6000C0E20191020480D201008052030100941F
:107A7000E103142AE00313AA620000B0422C319102
:107A800030FEFF97F38F40B9F403002A8000805244
:107A9000730EC01A207F409300C0388B737E4093D2
:107AA000730200CBF30A138BFF0213EB880A005416
:107AB000DBE201911C008052150080D2E20240B945
:107AC0001F0B0071E10800544208C05AF7120091E0
:107AD000427C60D3E10240B92108C05A2000028BE9
:107AE000560000B4600300F95F0300F18103005207
:107AF000E2079F1A5F00016A40000054400300F94A
:107B00003F0B007120070054E3120091020080D265
:107B1000610040B92108C05A2100028BB400003432
:107B2000E33700F9B0F7FF97E33740F9E10300AA24
:107B3000560000B4610700F9B502018BDC00003586
:107B4000771000917B4300913C0080527F0217EB3D
:107B500062FBFF54E03340F9600500B5000080523D
:107B60009BFFFF17E23740F9E103142A030080125C
:107B7000E00313AAF8FCFF97E503002AE23B40F973
:107B8000E103142AE00313AA03008012E57F00B981
:107B9000F1FCFF97C001F837E57F40B9A5001C0A4A
:107BA000BF00006B41010054E3330291E2031BAAC2
:107BB000E103142AE00313AAC7F9FF97F70300AA09
:107BC000E0F4FFB5A002801281FFFF17E103142A41
:107BD000E00313AA67F8FF97F403002A9EFFFF173C
:107BE000020080D2BCFFFF17E20640B9E3220091F9
:107BF0004208C05A427C60D3C6FFFF17150080D2EE
:107C0000D5FFFF17E03340F9150000F9D4FFFF1747
:107C1000FD7BBFA9600000B000943591FD03009189
:107C20007FF3FF97A00380126AECFF970000001417
:107C3000FD7BBDA9FD030091F51300F9F503012AB1
:107C400001FC0091F35301A921E47A92F40300AA04
:107C5000000880D237F6FF97F30300AAA00000B413
:107C600095007836E20314AA010080528300009444
:107C7000F51340F9E00313AAF35341A9FD7BC3A810
:107C8000C0035FD6420300B4660000B0C6C81191BD
:107C9000050080D2046865382368653844020034E2
:107CA000230200349F00036B60010054C7C864388E
:107CB0006700003684800011841C0012C7C8633836
:107CC0006700003663800011631C00127F00046BA4
:107CD000A1000054A5040091BF0002EBC1FDFF54B8
:107CE000E303042A8000034BC0035FD603008052E5
:107CF00004008052FCFFFF17E27F40B2E2FFFF1753
:107D0000020080D22368623803682238420400915E
:107D1000A3FFFF35C0035FD6E40300AA030080D2AF
:107D20008568633822686338A200024B401C001348
:107D3000600000356304009145FFFF35C0035FD646
:107D4000E50300AA040080D25F0004EB6100005448
:107D50000000805208000014A66864382368643864
:107D6000C300034B601C00136000003584040091C5
:107D7000C6FEFF35C0035FD6211C00120200403949
:107D80005F00016B41000054C0035FD66200003405
:107D900000040091FAFFFF17000080D2FBFFFF17DD
:107DA000E10300AA2200403962000035200000CB28
:107DB000C0035FD621040091FBFFFF17FD7BBFA925
:107DC000E40300AAE303012AFD030091631C0012EF
:107DD000F4FFFF978000008B010040393F00036BE8
:107DE000A0000054000400D19F0000EB69FFFF5485
:107DF000000080D2FD7BC1A8C0035FD60100018BCB
:107E0000E20300AA5F0001EB600000544300403928
:107E100063000035400000CBC0035FD642040091F0
:107E2000F9FFFF17400200B4FD7BBEA9FD030091DE
:107E3000F30B00F9F30300AADAFFFF9700040091A7
:107E4000F5F3FF97E40300AAC00000B5040080D258
:107E5000F30B40F9E00304AAFD7BC2A8C0035FD680
:107E6000E10313AAA7FFFF97FAFFFF17040080D2D0
:107E7000E00304AAC0035FD6030840F2C102005425
:107E8000261C4092040080D205018052C42004AA1E
:107E9000A5040071C1FFFF54450003CBBF1C00F1D6
:107EA0004801005443FC43D3E4008092637C049B6C
:107EB0004200038B030003CB040080D25F0004EB7D
:107EC000E1000054C0035FD6046823F863200091EA
:107ED000F2FFFF17E30300AAF8FFFF1761682438D9
:107EE00084040091F6FFFF171F0001EB000100540E
:107EF000030001AA630840F220010054E40300AA31
:107F0000030080D25F0003EBE1010054C0035FD6A1
:107F1000246863F8046823F863200091440003CBCD
:107F20009F1C00F168FFFF5443FC43D3E4008092A0
:107F3000637C049B4200038B040003CB210003CB32
:107F4000F0FFFF17256863388568233863040091C4
:107F5000EDFFFF17E60300AA1F0001EBE800005445
:107F6000FD7BBFA9FD030091E0FFFF97E00306AA98
:107F7000FD7BC1A8C0035FD6E40301AAE30322AAE4
:107F80008400028B0100028B000080D2000400D12B
:107F90007F0000EB61000054E00306AAC0035FD637
:107FA0008268603822682038F9FFFF17E50300AACD
:107FB000040080D25F0004EB610000540000805296
:107FC00006000014A36864382068643884040091B3
:107FD0006000006B00FFFF54C0035FD60200028BFD
:107FE000211C00121F0002EB61000054000080D22F
:107FF000C0035FD6E30300AA641440389F00016BFE
:1080000080FFFF54E00303AAF7FFFF17FD7BBEA923
:10801000FD030091F35301A9F40300AA34E8FF978C
:10802000F30300AA30E8FF97017D80D2E003002A25
:10803000737E019B600AC09A000014CBF35341A9E0
:10804000FD7BC2A8C0035FD6FD7BBEA9FD030091E6
:10805000F30B00F926E8FF97F30300AA22E8FF9745
:10806000014888D2E003002AE101A0F2737E019B5F
:10807000600AC09AF30B40F9FD7BC2A8C0035FD62B
:10808000FD7BBEA9FD030091F30B00F9F30300AAE9
:1080900015E8FF97737E009B004888D2E001A0F2AC
:1080A000600AC09AF30B40F9FD7BC2A8C0035FD6FB
:1080B000FD7BBEA9FD030091F35301A9F40300AABF
:1080C0000BE8FF97F30300AAE00314AAEDFFFF9764
:1080D0007302008B7306009105E8FF971F0013EBF6
:1080E000C3FFFF54F35341A9FD7BC2A8C0035FD671
:1080F000FD7BBDA9FD030091F35301A9F30300AA81
:10810000F51300F915D092D21513A0F27F0215EBEA
:108110007492959AE00314AAE6FFFF97730214EB9A
:1081200061FFFF54F35341A9F51340F9FD7BC3A848
:10813000C0035FD6FD7BB9A9FD030091F55B02A9E1
:10814000F643019175000090B5320F91F35301A9E8
:10815000F403022AF30301AA020280D2E10315AA62
:10816000F76303A9F70300AAE00316AAF92300F9AD
:108170005EFFFF97185580D2E3830191020280D2FF
:10818000E00303AAA102028B750000D0B5A61D91E1
:1081900056FFFF97B90580529F0240F21610969A3B
:1081A0009F027FF2600000D000901D91B502809A7E
:1081B000140080D2C06A7438E10315AAE26A6038FC
:1081C000E00313AA700400940027D49A60010037DA
:1081D000730A0091940600919F4200F1C1FEFF5482
:1081E000F35341A9F55B42A9F76343A9F92340F989
:1081F000FD7BC7A8C0035FD6730E009179F21F38CC
:10820000F5FFFF17FD7BBFA9FD03009104F2FF9767
:10821000400180520CF2FF977EFEFF97FD7BAFA9D5
:10822000FD030091E18B0DA9E1430491E10703A94E
:10823000E1430391E12300F9E1068012E14B00B92B
:10824000E10F8012E14F00B9E1430091E3930EA9E1
:10825000E20F43A9E20F01A9E20F44A9E20F02A92C
:10826000E017803DE11B803DE21F803DE323803D20
:10827000E427803DE52B803DE62F803DE733803DC0
:10828000E59B0FA9E78700F98B0400944001805219
:10829000EDF1FF975FFEFF97281C44D3E20300AA8D
:1082A000202C48D3257C0C530301000BC4008052C2
:1082B0006330410B210C0012A60C050BC600080B05
:1082C0006304041BA119805244018052677C011B86
:1082D000E77C0B53E38C041B63C00011430000399F
:1082E0000308000B6300070B6300062B61000054BA
:1082F00040040091C0035FD6667C011BC67C0B5313
:10830000C004000BC38C041B63C00011430400397C
:10831000A300002A6300003540080091F6FFFF1714
:10832000A3018052037C031B637C07536508052B64
:108330006080041B00C00011400800396100005437
:10834000400C0091ECFFFF17A17C011B217C0B531B
:108350002494041B84C00011440C003961000035D2
:1083600040100091E4FFFF1721C00011401400915C
:1083700041100039E0FFFF17ECD390D208D490D21F
:108380002C00A0F22800A0F2CB008052A719805246
:1083900046018052AA0180523F000CEB4800005475
:1083A000BEFFFF172208C89A001400914584089B5D
:1083B000E10302AAAE1C0453A22C0853C401020B11
:1083C000A37C0C538430450BA50C00126D0C030BE1
:1083D000AD010E0B84140B1B857C071BA57C0B5376
:1083E000A490061B84C0001104B01F384408020B7F
:1083F0008400050B84000D0B857C071BA57C0B53AB
:10840000A204020BA490061B84C0001104C01F38F4
:10841000447C0A1B847C07538308030B8288061B59
:1084200042C0001102D01F38627C071B427C0B53F4
:10843000438C061B42C0001163C0001103E01F38CB
:1084400002F01F38D5FFFF17FD7BB5A9EF03042A03
:10845000FD030091F35301A9F30300AAF403062AD4
:10846000F55B02A9F60301AAF503032AF76303A942
:10847000E10302AAF703052AF96B04A9FB7305A916
:10848000540230367F280071FA079F1A99021B1296
:108490009B021C1254002036947A1F127403083673
:1084A0008101F8B6E10301CBBA0C0034BF42007180
:1084B00001030054EF0D0051E4018052B8058052D1
:1084C0008300805219000014DA001A12F0FFFF171F
:1084D00054011036EF050051780580525A0A0034D5
:1084E000BF42007101040054EF090051010400B4BF
:1084F000E4018052F3FFFF1794001836EF05005196
:1085000018048052F6FFFF1718008052F4FFFF177F
:10851000EF090051B8058052BF2A0071600900546C
:10852000A40600516300805266000090E7A3019109
:10853000C6A82491050080D22000048AE20305AA7F
:10854000001C40922124C39AC06860382003002A8E
:10855000A0682738A504009101FFFFB5420400116F
:1085600006000014EF05005181FDFFB500068052A2
:1085700022008052E0A301395F00176B2002805275
:1085800045A0971AEF01054B9F02006A00080054AE
:10859000B80000347F0216EB420000547802003924
:1085A00073060091DA0100347F0216EB620000547A
:1085B000000680526002003960060091BF420071DF
:1085C000E1060054DF0200EB89000054000B8052EA
:1085D0002003002A60060039730A0091DB01003590
:1085E000000680529F0240F203048052E1030F2AEA
:1085F0006300801AE00313AA2104007145050054AA
:10860000FF010071E3A19F1AEF050051EF01034B39
:1086100073C2238BE103052AE00313AA03068052E9
:108620002A00001441FAFFB4BF2A0071E000005490
:10863000BF42007161F7FF54AEFFFF17EF05005115
:10864000B8058052F9FFFF17FCA30191E0031CAAB3
:108650004AFFFF9702001C4BC8FFFF171F0016EBD5
:10866000420000540300003900040091210400710D
:1086700065FFFF54FF010071E3A19F1AEF05005150
:10868000EF01034B73C2238BC2FFFF17E1030F2AD5
:10869000E00313AA03048052F5FFFF17F30300AAB7
:1086A000CFFFFF171F0016EB4200005403000039F4
:1086B00000040091D1FFFF171F0016EB4200005489
:1086C0000300003900040091210400515F00016B98
:1086D0004DFFFF54A500024B400400516502058B7D
:1086E000E3A30191007C4093E10305AA6002F83600
:1086F0005F0000710304805242A09F1AA0C0228B29
:10870000E2030F2AE10300AA42040071450200546B
:10871000FF010071EFA19F1AF35341A900C02F8BF5
:10872000F55B42A9F76343A9F96B44A9FB7345A91B
:10873000FD7BCBA8C0035FD63F0016EB6200005460
:10874000046863382400003921040091000400D13A
:10875000E7FFFF173F0016EB4200005423000039EB
:1087600021040091E9FFFF17FD7BBCA9FD030091E7
:10877000F35301A9F40300AAF303032AF55B02A94A
:10878000F60301AAF71B00F9F703052AC20300B597
:10879000750000D0B54E1D91817C4093E00315AA71
:1087A00097FDFF97E303002A37052036020080D2A9
:1087B0007F00026B4C050054027C40921F00007148
:1087C00042A09F9A050480529402028BE20314AAED
:1087D0006402140B8100024B7F00016BEB04005418
:1087E0007F02006B6102004B21A09F9AF55B42A9BA
:1087F0008002018BF35341A9F71B40F9FD7BC4A80C
:10880000C0035FD6F50302AAE4FFFF175F0016EB73
:108810004200005445000039420400918100024B9F
:108820007F00016B4BFFFF541F00136B6102004B75
:1088300021D09F9A9402018B610600511300134BC3
:1088400073D29F1A3300130BD9FFFF17E20314AA48
:108850006402140B05048052F1FFFF178102028BA2
:10886000DF0201EB69000054A1164038816A22380A
:1088700042040091CFFFFF175F0016EB4200005447
:108880004500003942040091D3FFFF17FD7BB6A9D4
:10889000FD030091F35301A9F55B02A9160001AB9A
:1088A000F76303A9F80300AAF96B04A9FB7305A9F0
:1088B000FB0302AA675C40A9741840B92303005463
:1088C000F90320AA16008092F30318AA7A000090F8
:1088D00040830E91E03300F96003403960020035B7
:1088E000190100B47F0216EB420000547F020039E8
:1088F00060060091DF0200EB42000054DFF21F38F7
:108900006002184BF35341A9F55B42A9F76343A9F1
:10891000F96B44A9FB7345A9FD7BCAA8C0035FD6C8
:10892000F90301AAE9FFFF171F940071C00000546A
:108930007F0216EB4200005460020039730600917A
:10894000D20000141C0080520E0000141FB40071ED
:10895000400100541FC000710005005400C00051C8
:10896000001C00121F240071280200541A008052BB
:1089700044018052260000149C031C32FB0302AA0F
:1089800060074039620700911FAC0071A0020054DB
:10899000E8FDFF541F800071800200541F8C00719D
:1089A000800200541FA80071E00300541A008012D6
:1089B000400040391FB80071210E00544404403972
:1089C0004104009180C00051001C00121F2400715E
:1089D000E80A005404008052450180522A00001425
:1089E0009C031E32E6FFFF179C031D32E4FFFF17B6
:1089F0009C031A32E2FFFF179C030032E0FFFF17CF
:108A00004003041B420400911AC000514000403949
:108A100001C00051211C00123F24007129FFFF54A6
:108A2000E4FFFF17620B00913401F837E12C00914D
:108A3000E00307AA27F07D921A0040B9BAFBFF367F
:108A4000FA031A4B9C031C32DAFFFF178122001134
:108A50003F000071CD000054E32C0091E00307AA11
:108A6000F403012A67F07D92F4FFFF17E0C2348B14
:108A7000F403012AF1FFFF178408051B210400916C
:108A800084C000512200403940C00051001C001237
:108A90001F24007129FFFF549F00007184A09F1ABA
:108AA0002000403902781D125FA001712007005498
:108AB00002300151421C00125FB80071C807005417
:108AC000230088D20320C8F26224C29A42070036EB
:108AD0003B040091610340393FE0017108010054FB
:108AE0003F880171E80600543F9400712030005423
:108AF0000B0280523F600171803000547F0216EB00
:108B000062000054A00480526002003961034039C1
:108B10006006009161320034DF0200EB490000542E
:108B200061060039730A0091580000149FA8007173
:108B3000C1020054410800911401F837E02C009163
:108B4000E203142A00F07D92E40040B9F403022A03
:108B5000E70300AAD1FFFF17822200115F00007116
:108B60008D000054E02C009100F07D92F7FFFF177C
:108B7000E00307AAE7C2348BF4FFFF17E10302AA60
:108B800004008012C7FFFF1704008052C5FFFF17C3
:108B90003B0400911FB00171E1F9FF5422044039F8
:108BA0005FB0017181F9FF543B0800918009805248
:108BB000C9FFFF17FB0301AA00008012C6FFFF17C1
:108BC000218C01513F540071A8F9FF54E23340F960
:108BD000415861786200001041A8218B20001FD607
:108BE000BC022037E1031A2AE00313AA02048052D0
:108BF000050000141F0016EB42000054020000396B
:108C000000040091210400513F0000714CFFFF540B
:108C10005F0300714007005100C09F9A4107005157
:108C20007302008B2000805243C3801A0000034B64
:108C30001A00010B7F0216EB22010054B402F83730
:108C4000E02C0091E103142A00F07D92E20040B98B
:108C5000F403012AE70300AA6202003973060091B7
:108C6000E2031A2AE10313AA0004805242040051CD
:108C70005F0000710C020054410700515F03007156
:108C800021C09F9A7302018B7B07009113FFFF178E
:108C9000812200113F0000718D000054E02C0091F2
:108CA00000F07D92EAFFFF17E00307AAE7C2348BCA
:108CB000E7FFFF173F0016EB420000542000003989
:108CC00021040091EAFFFF171402F837F53C0091E8
:108CD000E603142AB5F27D92E20040F9E00313AAFC
:108CE000E5031C2AE3031A2AE10316AAE66F00B97A
:108CF0009EFEFF97F30300AAE66F40B9F403062A2D
:108D0000E70315AAE1FFFF1786220011DF000071BB
:108D10008D000054F53C0091B5F27D92EFFFFF17F6
:108D2000F50307AAE7C2348BECFFFF177402F8378C
:108D3000F53C0091B5F27D92EC0040F966074039B0
:108D4000E1030CAADF84017160060054E8020054BC
:108D5000DF34017140030054DF54017120140054CA
:108D6000DF240171200A00545F070031001700540E
:108D700086031B322B000014802200111F0000719B
:108D8000AD000054F53C0091F403002AB5F27D9249
:108D9000EAFFFF17E1C2348BF50307AAF403002AA8
:108DA000E70301AAE5FFFF17DFA40171C007005424
:108DB000DFB40171A1FDFF549C031A32E0E301917D
:108DC00065000090E20300AAA53C369187031A12C1
:108DD000010080D24A07805286696138CB1C44D397
:108DE000C60C4092AB686B38A66866380B00003939
:108DF00006040039670200353F1400F1C002005438
:108E0000060C0091210400910A080039E00306AA2B
:108E1000F2FFFF17810140F98603062A5A028052A9
:108E2000E503042AE20301AAE4031A2AE10316AACD
:108E3000E00313AA0302805284FDFF970C00001484
:108E4000210400913F1800F16000005406080091D1
:108E5000EFFFFF17857B19121F080039E3031A2A59
:108E6000E10316AAE00313AA40FEFF97F30300AA4A
:108E70001F0440B188D4FF546000009000C81191D5
:108E80006107403902686138E1031BAA7B07009142
:108E90005F0840F261FFFF54E70315AAFB0301AA34
:108EA0007AFFFF179C031A32600B40398D7B191231
:108EB0001FD8007101050054E0E3019165000090A6
:108EC000E20300AAA53C36919C031A1206008052C8
:108ED0004A07805227004039EB1C44D3E70C4092EC
:108EE000AB686B38A76867380B0000390704003996
:108EF00027044039EB1C44D3E70C4092AB686B3835
:108F0000A76867380B080039070C00393C010035A9
:108F1000DF1C0071A001005407140091C604001169
:108F2000210800910A100039E00307AAEAFFFF17A1
:108F3000C604001121080091DF2000716000005478
:108F400007100091F9FFFF17E5030D2A1F100039E4
:108F5000C3FFFF17FC030D2A1FD0007161F0FF54FF
:108F6000EAE30191EFC30191EB030AAA0E0080D25C
:108F7000DC05805281696E38E0030FAAE46F00B906
:108F8000C6FCFF9700000FCBE46F40B9E2030AAACA
:108F9000017C4093210400D13F04003121010054A1
:108FA000017C40924041208BDF0D00F10001005414
:108FB000EA0300AACE0500915C150038EEFFFF170A
:108FC000E569613845140038F3FFFF17E5030D2A02
:108FD000E3031A2AE2030BAA5F692138A1FFFF17F6
:108FE000600B40391F300171000200541FB0017145
:108FF000000200541F080171E2179F1A42781F53A4
:10900000E46F00B9AC0100B4E1E30191E0030CAA04
:1090100049FCFF97E46F40B9E5031C2AE3031A2AD1
:10902000E2E301918FFFFF1762008052F5FFFF1707
:1090300022008052F3FFFF17E0E30191610000B0CE
:10904000214C1D912FFBFF97F3FFFF172604805241
:109050001A0280528603062A72FFFF171FB00171A1
:10906000620218CB610200543401F837E03C0091F1
:10907000E103142A00F07D92E30040F9620000F958
:10908000F403012AE70300AA00FFFF178122001161
:109090003F0000718D000054E03C009100F07D9293
:1090A000F6FFFF17E00307AAE7C2348BF3FFFF17B1
:1090B000F400F837E03C0091E103142A00F07D92BF
:1090C000E30040F9620000B9EEFFFF1781220011B2
:1090D0003F0000718D000054E03C009100F07D9253
:1090E000F8FFFF17E00307AAE7C2348BF5FFFF176D
:1090F0007F0216EB42C2FF546102003910FEFF17D7
:109100009C031B320B0280521F300171410300543B
:10911000B405F837F53C0091EA03142AB5F27D92C4
:10912000E20040F9E503042AE00313AAE6031C2A3F
:10913000E4031A2AE3030B2AE10316AAEA6F00B933
:10914000C2FCFF97F30300AAEA6F40B9F4030A2AAE
:10915000ECFEFF179C031F324B018052EBFFFF1701
:109160007B0700D1F30300AAC8FEFF170B01805252
:10917000E6FFFF171FB00171C0FCFF5401781A12FF
:109180003F68017160FCFF541FD0017120FCFF5447
:109190001FA0017180031F12A10300547402F8374D
:1091A000F52C0091EA03142AB5F27D92E20040B951
:1091B000413C4092423C40931F0000714210819A12
:1091C000D9FFFF178A2200115F0100718D00005442
:1091D000F53C0091B5F27D92D2FFFF17F50307AA87
:1091E000E7C2348BCFFFFF178A2200115F010071A5
:1091F0008D000054F52C0091B5F27D92ECFFFF1725
:10920000F50307AAE7C2348BE9FFFF171401F8370B
:10921000F52C0091EA03142AB5F27D92E20040B9E0
:10922000E103022A427C4093E4FFFF178A220011E7
:109230005F0100718D000054F52C0091B5F27D9214
:10924000F7FFFF17F50307AAE7C2348BF4FFFF17F8
:10925000FD7BB9A9FD030091F35301A9F30301AA12
:10926000F40300AAE10303AAE0430191F51300F916
:10927000F50302AA020480D21CFBFF97E00745A970
:10928000E00703A9E3C30091E00746A9E20315AA9A
:10929000E00704A9E10313AAE00314AA7CFDFF97E9
:1092A0007FC220EB88000054600600517F0200F16D
:1092B00000109F1AF35341A9F51340F9FD7BC7A88D
:1092C000C0035FD6FD7BAEA9FD030091E3930FA918
:1092D000E3830491E30F03A9E3C30391E32300F9BC
:1092E000E3048012E34B00B9E30F8012E34F00B9AF
:1092F000E3430091E59B10A9E41744A9E78F00F927
:10930000E61F43A9E61F01A9E41702A9E61F05A964
:10931000E41706A9E01F803DE123803DE227803D60
:10932000E32B803DE42F803DE533803DE637803DF3
:10933000E73B803D56FDFF97FD7BD2A8C0035FD67B
:10934000FD7BBCA9FD030091F35301A9F30300AA1F
:10935000F40301AAE10302AA020480D2E063228B93
:10936000E2FAFF97E3830091E20314AAE00313AA51
:10937000E17B40B246FDFF97F35341A9FD7BC4A8B2
:10938000C0035FD6FD7BB0A9FD030091E20F0DA9DC
:10939000E2030491E20B03A9E2430391E22300F903
:1093A000E2058012E24B00B9E20F8012E24F00B9F1
:1093B000E20F43A9E20F01A9E20F44A9E20F02A9BB
:1093C000E2430091E017803DE11B803DE21F803DBC
:1093D000E323803DE427803DE52B803DE62F803D63
:1093E000E733803DE4170EA9E61F0FA9D5FFFF97CD
:1093F000FD7BD0A8C0035FD6FF4325D1E86324914D
:10940000FD7B00A9FD030091F30B00F9F30300AA13
:10941000E0032091010900A9020480D2031101A9EF
:10942000E1230191E59F04F9E6A304F9E7A704F914
:109430000024803D0128803D022C803D0330803D8A
:109440000434803D0538803D063C803DE003289192
:109450000700903CE0432591E08304A9E043249178
:10946000E02F00F9E0068012E06300B9E00F8012FF
:10947000E06700B9E063228B9CFAFF97E20313AA2E
:10948000E3830091E0A30191A10481D271FFFF97D2
:10949000F303002A60000034E0A3019160EDFF9720
:1094A000FD7B40A9E003132AF30B40F9FF4325910C
:1094B000C0035FD6FFC321D1020480D2FD7B00A987
:1094C000FD030091F30B00F9F30300AAE063228B84
:1094D00086FAFF97E20313AAE3830091E023019148
:1094E000A10481D25BFFFF97F303002A60000034E0
:1094F000E02301914AEDFF97FD7B40A9E003132A89
:10950000F30B40F9FFC32191C0035FD6E30300AA28
:10951000460000F000004039C6C8119142020035F3
:109520001FC00071E10300546204403960044039F7
:10953000C26862386200003600800011001C001210
:109540001FE00171C1000054600840398208805258
:10955000C06860385F00006AE10000540201805278
:10956000110000145F400071E10100541FC0007140
:10957000A10100546204403960044039C268623875
:109580006200003600800011001C00121FE0017113
:10959000410000546308009102028052020000144E
:1095A00042018052E203022A000080D288088052E1
:1095B0006500403964004039C7686538FF00086AB3
:1095C000C00000546701103684C00051847C409371
:1095D0005F0004EB88000054410000B4230000F950
:1095E000C0035FD64010009B63040091F1FFFF179A
:1095F0008580005184DC0051A51C0012FF007FF221
:10960000A5DC0051847C4093A57C40938400859A1E
:10961000F0FFFF17FD7BBEA9FD030091F30B00F9DE
:10962000F30300AA610000B5DEF9FF976102008B29
:1096300020F05F38420000F042C811914068603865
:1096400080001036200400D11F0013EBA800005446
:10965000F30B40F900008092FD7BC2A8C0035FD6E7
:109660000100403941686138E1001037F30B40F9DF
:1096700000040091FD7BC2A842018052010080D20B
:10968000A3FFFF17000400D1F0FFFF17010080D2F5
:10969000E1FFFF17FD7BBDA9FD030091F35301A975
:1096A000740000F094A20791F51300F9F50300AAE5
:1096B000730000F07302079101204039600000F050
:1096C00000000791940200CBE0E702B2A09999F262
:1096D00094FE4393947E009B00058052944E209B01
:1096E000810200347F0214EB80020054600A40B90A
:1096F0003F00006B2001005473A20091FAFFFF1796
:10970000611240F9E00315AA20003FD600010035A0
:10971000600A40B9A0220039F51340F9E00313AA0A
:10972000F35341A9FD7BC3A8C0035FD673A2009188
:109730007F0214EB61FEFF54130080D2F7FFFF1786
:10974000FD7BBDA9FD030091F35301A9730000F057
:1097500073A20791F51300F9F50300AA1F20003941
:10976000600000F000000791740000F0730200CB6D
:10977000E0E702B2A09999F29402079173FE439335
:10978000737E009B000580527352209B9F0213EB57
:10979000E0000054811240F9E00315AA20003FD6F2
:1097A000E0000035800A40B9A0220039F35341A9F6
:1097B000F51340F9FD7BC3A8C0035FD694A20091C6
:1097C000F3FFFF17FD7BBDA9FD030091F35301A932
:1097D000F30300AAF403012AF51300F9F50302AA22
:1097E000ADFFFF97A00100B4030840F9A30100B446
:1097F000E20315AAE103142AE00313AA60003FD68E
:109800001F000071E0039F5AF35341A9F51340F97B
:10981000FD7BC3A8C0035FD6800B8012FBFFFF1740
:10982000A0048012F9FFFF17E50300AAE403012A50
:10983000E00302AAA30040B9630400517F1C007139
:1098400028010054410000D021001991225863F8EA
:10985000410000F0A30440B921C03F91638401118D
:10986000C9FEFF17430000F062B43F91F9FFFF17F4
:10987000FD7BBEA9FD030091F35301A9F40300AAE7
:1098800000F847391F5401710105005480FE473923
:109890001FA80271A104005481FA069102008052AF
:1098A00000008052230040397F1840F2010100542B
:1098B0002310403900040011214000917F00007105
:1098C0004204821A1F100071E1FEFF541F10007144
:1098D000F3079F1A5F000071601A407AA0020054DB
:1098E000610000B080DA009121681D91620080D291
:1098F00014F9FF97A000003520008052F35341A9CE
:10990000FD7BC2A8C0035FD6610000B0804A019110
:1099100021781D91A20080D20AF9FF97E0FEFF3462
:10992000E003134BF6FFFF1700008012F4FFFF1750
:1099300000008052F2FFFF17FD7BBEA9220080D2FB
:10994000FD030091F30B00F9010C40F921FC00919B
:1099500021E47A9221000191FF6321CB010080D2A2
:10996000F3FF009173E67A92E30313AA09220094AD
:109970001F0400F121010054E00313AABDFFFF976B
:109980001F000071E0039F5ABF030091F30B40F9E1
:10999000FD7BC2A8C0035FD600008012FBFFFF174B
:1099A000FD7BBBA9FD030091F35301A9F30305AAB5
:1099B000F55B02A9F50301AAF76303A9F70300AA5F
:1099C000F803032AF96B04A9F90302AAFA03042A8B
:1099D000E00E40F900FC009100E47A920000019151
:1099E000FF6320CBF6FF0091D6E67A921F03047145
:1099F0008D010054400000F000B03D917FFEFF97C4
:109A000000008012BF030091F35341A9F55B42A906
:109A1000F76343A9F96B44A9FD7BC5A8C0035FD6D2
:109A2000E30316AAE10315AAE00317AA220080D2D5
:109A3000D82100941F0400F1E0000054E10640B971
:109A4000E20315AA400000F000703E916BFEFF9704
:109A5000ECFFFF17C1FA4739C2FE47393F54017185
:109A6000610000545FA80271A0000054400000F0A3
:109A700000203F9161FEFF97E2FFFF17C0FA0691B9
:109A8000C2FA0791F40300AA810240393F1840F25C
:109A90004105005481124039010500345F03186B01
:109AA000C1040054B50000B4231800127F140071E3
:109AB00024184F7A40040054004080D2600A00F914
:109AC000626200918112407980164079204000AA9C
:109AD0000000158B600200F9811A4079801E4079E0
:109AE000204000AA600600F9E103182AE00317AA43
:109AF0004EFFFF9760E200916100009021C01C9131
:109B000080F8FF9780124039810240391FBC0371F1
:109B1000E0179F1A00781F533F0002714100005464
:109B200000000032605A00B9801240396072013979
:109B300000008052B4FFFF17F50000B481124039D5
:109B4000C1000034231800127F14007124184F7ACA
:109B50004000005418070011944200915F0014EB7C
:109B600041F9FF5401104039221800125F140071AE
:109B700024184F7A2101005401104079BF0200F1EE
:109B800000144079204000AA0000198B3913809AF4
:109B9000F50300AA8FFFFF17004000919F0200EB22
:109BA00021FEFF54E00316AA32FFFF971F04007145
:109BB00081F2FF547F0200F96100009021C01C91E6
:109BC000E00A40F9600600F9004080D2600A00F91E
:109BD0007F5A00B960E200914AF8FF97D5FFFF175E
:109BE000E50302AAE403012A23008052020080D286
:109BF000010080D26BFFFF17FD7BBDA9FD03009123
:109C0000F35301A9F40301AAF51300F9011440F973
:109C10003F0014EB00010054F50300AAB30E47F80F
:109C2000730202D1600202911F0015EBC1000054C3
:109C3000000080D2F35341A9F51340F9FD7BC3A87E
:109C4000C0035FD6E10314AAE00313AAEBFFFF975A
:109C500020FFFFB5734240F9F2FFFF17C10228361B
:109C6000FD7BBEA9FD030091F35301A913FC001174
:109C700073661A12000880D2737E4093E10313AA20
:109C80002CEEFF97F40300AAE00000B4E20313AA4D
:109C90000100805279F8FF978102138BE00314AA28
:109CA000BCE2FF97E00314AAF35341A9FD7BC2A8CD
:109CB000C0035FD6017C4093200080D2E6EDFF1701
:109CC000FD7BB9A9FD030091F35301A9F55B02A93E
:109CD000F60300AAF50301AAF76303A9F80303AA90
:109CE000F70306AAF96B04A9F90302AAFA0304AA66
:109CF000FB2B00F9FB0305AA460000B4DF0000F9C6
:109D0000391200B4A00A40B9E1A3019143030094C1
:109D1000F403002A20090035011480D2200080D2EB
:109D2000CDEDFF97F30300AA201100B414000291B7
:109D300000C0019101008012945200A9000000A906
:109D400060820191000000A9756600A9E03740F922
:109D5000780A00F97BEA02A9761E00F9602600F96C
:109D600061861229000440F9018040B901010036E2
:109D7000010040F9C10000B4BB00F8B7406640F9EB
:109D800063520291E2031B2AB5F4FF97A05E40B92B
:109D9000E0010035E03740F9000440F9016840B9BE
:109DA000C1020034609240B9217C409300001C3213
:109DB000609200B9200080D2A7EDFF97601200F9F1
:109DC000C00100B5740180124600001458FEFFB5B2
:109DD000609240B900001F32609200B9200080D22A
:109DE000A15E80B99CEDFF97600A00F940FDFFB5C8
:109DF0007401801240000014160300B5E00313AA9A
:109E000040040094F403002AA0090035A10E40F993
:109E1000410500B5760700B5E03740F9000440F988
:109E2000010840F9E10700B5770800B5609240B934
:109E300000001A32609200B9F55B42A9E003142ACF
:109E4000F35341A9F76343A9F96B44A9FB2B40F9EC
:109E5000FD7BC7A8C0035FD6C00240F9016440B9CA
:109E600081010035C02640F9000440F9017040B975
:109E700001010035C13E40F9D43E00F9C0C2019154
:109E8000604200F9810600F9340000F9DCFFFF1799
:109E9000609240B9217C409300001D32609200B96D
:109EA000200080D26CEDFF97600E00F940FEFFB5F8
:109EB0007501801205000014E00313AA20003FD6AC
:109EC000F503002A80FAFF34609240B98000203602
:109ED000601240F945EBFF977F1200F9F403152A51
:109EE000609240B980000836600A40F93FEBFF9766
:109EF0007F0A00F9E00313AA3CEBFF97CFFFFF179F
:109F0000C00240F9012040F981F8FFB4E00313AA30
:109F100020003FD6F503002A00F8FF34EBFFFF17BF
:109F2000E00313AA20003FD6F503002AE0F7FF3430
:109F3000E6FFFF17F30200F9BDFFFF17F503002A44
:109F4000E2FFFF17B4028012BCFFFF1774018012FA
:109F5000BAFFFF17E60305AAE50304AAE40303AA70
:109F6000030080D257FFFF17FD7BBDA9FD030091C1
:109F7000F35301A9F40300AAF30302AAF55B02A9B3
:109F8000361C0012F50303AA400040F913010094A7
:109F9000C00100B4E10300AA76000034007040B9AB
:109FA000E0011036620E40A9E60315AAF55B42A94E
:109FB000E00314AAF35341A905008092FD7BC3A8D6
:109FC000040080D23FFFFF1720008012F35341A905
:109FD000F55B42A9FD7BC3A8C0035FD600008012D9
:109FE000FBFFFF17600800B4FD7BBEA9FD030091D5
:109FF000F35301A9F30300AA009040B9C0026037EF
:10A00000601E40F9000200B5740240F9805A40B960
:10A0100060020035602640F9010440F9206440B92F
:10A0200020030035611E40F9C10300B5811E40F9CF
:10A03000410500B5609240B900001432609200B949
:10A0400005000014E8FFFF9780010035609240B9D9
:10A05000C0FD67360000805208000014612240F9FC
:10A06000A1FDFFB5817240B9FDFEFF97602200F9A6
:10A0700020FDFFB560018012F35341A9FD7BC2A80A
:10A08000C0035FD6622A40F9E2FCFFB5218040B9E7
:10A09000F3FEFF97602A00F960FCFFB5F6FFFF179B
:10A0A000200040F9006040B9A0000035202440F9AC
:10A0B000000440F9006C40B9A0FBFF34612E40F968
:10A0C00061FBFFB5817240B9E5FEFF97602E00F994
:10A0D000E0FAFFB5E8FFFF17601640F9C0FAFFB7D6
:10A0E000E00313AA20003FD660FAFF34E3FFFF1716
:10A0F000A0028012C0035FD6000700B4FD7BBEA99A
:10A10000FD030091F35301A9F30300AA019040B9A4
:10A11000A100003600008052F35341A9FD7BC2A884
:10A12000C0035FD6140040F9AFFFFF97C0000035B1
:10A13000601E40F9400100B5E00313AA90030094AB
:10A140008001F836619240B921781F12619200B9FE
:10A1500001008012619A00B9F0FFFF17E7FFFF9737
:10A1600020FFFF35609240B980FE0736EAFFFF17F7
:10A17000609A00B9609240B900000032609200B964
:10A18000E00313AAA7030094E0FDFF35601E40F929
:10A19000E00000B5811240F9810100B5E00313AA87
:10A1A000BA03009480FBFF34E7FFFF17000040F97B
:10A1B000012440F901FFFFB4E00313AA20003FD6B9
:10A1C000A0FEFF34E0FFFF17E00313AA20003FD6F4
:10A1D00060FEFF34DCFFFF17A0028012C0035FD6D1
:10A1E000400000B4000840F9C0035FD6400000B44E
:10A1F000000C40F9C0035FD6400000B4001040F9E5
:10A20000C0035FD6400000B4002040F9C0035FD611
:10A21000400000B4002840F9C0035FD6400000B4FD
:10A22000002C40F9C0035FD6FD7BBEA9FD03009161
:10A23000F35301A9F40301AAE10300AA405640F92F
:10A240006EFEFF97000100B4F30300AAABFFFF9777
:10A2500040000035930200F9F35341A9FD7BC2A8E9
:10A26000C0035FD620008012FCFFFF17023840F9C0
:10A2700003C001915F0003EB400002D100109F9AE0
:10A28000200000F900008052C0035FD6010040F9B1
:10A29000221C40F9234040F942C00191610002D1E3
:10A2A0007F0002EB21109F9A010000F9000080520C
:10A2B000C0035FD6001C40F9C0035FD6001840F908
:10A2C000C0035FD6002440F9000440F9000840B9FB
:10A2D000C0035FD6019040B921001932019000B946
:10A2E000C0035FD6FD7BBEA9E403012A06008052AD
:10A2F000FD030091F35301A9F30300AA050080D2E6
:10A30000022840B9430000F0671E40F9631C0C911D
:10A31000406640F9E12840B9B0F4FF97F40300AA81
:10A32000E07F40B29F0200EB40010054601E40F904
:10A33000E5FFFF971F4C0171C1000054601E40F9FA
:10A34000E10314AAF35341A9FD7BC2A881030014C1
:10A35000E00314AAF35341A9FD7BC2A8C0035FD652
:10A36000FD7BBEA9E303012AE40302AAFD030091D9
:10A37000F35301A9F30300AAF403012A012840B909
:10A3800005008052406640F9420000F0421C0C91EA
:10A39000BCF4FF97E103142AE00313AAF35341A985
:10A3A000FD7BC2A8D0FFFF1701008052CEFFFF1730
:10A3B000FD7BBFA901008052FD030091CAFFFF97FA
:10A3C000E17F40B21F0001EB00109F9AFD7BC1A806
:10A3D000C0035FD6F5FFFF17FD7BBDA9FD0300910C
:10A3E000F35301A9740000D094020791F51300F90A
:10A3F000F50300AA600000B000803091940200CB09
:10A40000E0EB03B2E0DD9DF2730000B094FE4393F5
:10A4100073823091947E009B000F8052944E209B5B
:10A420009F0213EBE1000054130080D2F51340F9B2
:10A43000E00313AAF35341A9FD7BC3A8C0035FD671
:10A44000610240F9E00315AA34F6FF9700FFFF34DC
:10A4500073E20191F3FFFF17E303002A610000D0CC
:10A46000600000D02100239100800991210000CBE1
:10A47000E0CF04B2201E9EF221FC4393227C009B7D
:10A48000610000D020800991011180524100219B80
:10A490003F0000EB61000054000080D2C0035FD693
:10A4A000020840B95F00036BA0FFFF540020029137
:10A4B000F8FFFF17FD7BB9A9FD030091F35301A934
:10A4C000730000D073020791F76303A9F70300AA92
:10A4D000600000D000000791F96B04A9730200CB63
:10A4E0003A1C0012F55B02A9738E44D356018052C8
:10A4F00015008052FB2B00F97B0000D079030791F7
:10A5000018008052140080527F02186BE101005441
:10A51000D4000034BF020071840A4B3AB502941A89
:10A52000D6060071C1FEFF54F35341A9E003152A7A
:10A53000F55B42A9F76343A9F96B44A9FB2B40F9EA
:10A54000FD7BC7A8C0035FD6E1031A2AE3A30191EC
:10A55000E20319AAE00317AA84FEFF970104001181
:10A560003F040071890000549F0200710018423AB4
:10A570009402801A1807001139430091E3FFFF1776
:10A58000FD7BBDA9FD030091F35301A9F30300AACC
:10A59000F40302AAE00301AAF55B02A9F50303AAEA
:10A5A000F60304AA8DFFFF97600100B4E10300AA3F
:10A5B000E50316AAE40315AAE20314AAF55B42A96F
:10A5C000E00313AAF35341A9030080D2FD7BC3A883
:10A5D00061FEFF17F35341A920008012F55B42A9E9
:10A5E000FD7BC3A8C0035FD6E40303AA03008092E7
:10A5F000E4FFFF17FD7BB8A9FD030091F35301A908
:10A60000F40301AAF55B02A9F50302AAF76303A903
:10A61000F96B04A9791C0012FB7305A9E03700F956
:10A62000420000B45F0000F9E00314AA1203009492
:10A63000E2D30191410000D021E02E91E03300F9F6
:10A64000E00314AA49030094F60300AA600300B4CF
:10A65000730000D0600000B0730207910080309159
:10A66000730200CBE0EB03B2E0DD9DF27B0000B0B3
:10A6700073FE43937B8330911A008052737E009B5C
:10A68000000F8052736E209BE07740B95F03006B30
:10A69000AA010054DCC23A8BF8031BAA7F0218EB14
:10A6A00021020054E0031CAABEF5FF9700040091AC
:10A6B0005A03000BF5FFFF17E07740B91F04003184
:10A6C0004100005400008052F35341A9F55B42A9B8
:10A6D000F76343A9F96B44A9FB7345A9FD7BC8A89F
:10A6E000C0035FD6170B40F9F70000B518E30191DE
:10A6F000EBFFFF17E1031CAA88F5FF97A0000034C9
:10A70000F7420091E00240F960FFFFB5F8FFFF1744
:10A71000F9000034E00314AA2A0300941F1C0072FD
:10A7200061000054007340B9E0FC1736E20346A90B
:10A73000E5E30191E30640F9E40314AAE10318AA52
:10A7400005FEFF971F4C0031E0FAFF54E0FBFF3598
:10A75000B5FBFFB4E03F40F9A00200F9DAFFFF17B4
:10A76000FD7BBCA9FD030091F35301A9F40301AAE9
:10A77000E103022AF55B02A916008052F76303A9E0
:10A78000F70300AA781C0012E00314AA6CEDFF97EF
:10A79000F303002A7F020071EC000054F35341A937
:10A7A000E003162AF55B42A9F76343A9FD7BC4A821
:10A7B000C0035FD6020080D2E103132AE00314AA8B
:10A7C000F2EDFF97E103132AE00314AA14F2FF97B6
:10A7D00040010034E303182A617E4093E00317AA86
:10A7E000020080D284FFFF971F000071F503002A4A
:10A7F000C01A407A40000054F503162AE103132AD8
:10A80000E00314AAF603152A5AEDFF97F303002A72
:10A81000E1FFFF17405640F9200200B5FD7BBFA9BC
:10A8200040E20291620000B0FD030091000000A927
:10A8300043A202914220059101008052000080D283
:10A84000CAFDFF9700010035415640F93F1400F959
:10A85000FD7BC1A8405640F928FEFF17A0028012D8
:10A86000C0035FD6FD7BC1A8C0035FD6FD7BBFA937
:10A87000E103002AFD030091405640F90EFFFF97C7
:10A880001F0800314100005400008052FD7BC1A828
:10A89000C0035FD6021440F9C200F8B7416640F920
:10A8A000430640F9E30323AA63000012ADFFFF173C
:10A8B00000008052C0035FD6E303012AE10300AA2F
:10A8C000405640F902008052A6FFFF17FD7BBAA94F
:10A8D000FD030091F55B02A9361C0012410000F057
:10A8E00021C01391E12700F9410000D021E8249113
:10A8F000E12B00F9410000D021082591F50300AAC1
:10A90000F35301A9F71B00F9E12F00F9E103162A1F
:10A91000EAFFFF97F303002AE0010035F7230191D6
:10A92000140080D2E07A74F886020094E20300AA50
:10A93000C000F8B7405640F9E303162AE10315AA10
:10A9400088FFFF9740010035940600919F0E00F1AB
:10A95000A1FEFF54F55B42A9E003132AF35341A97A
:10A96000F71B40F9FD7BC6A8C0035FD6F303002A9E
:10A97000F9FFFF1700008052C0035FD6FD7BBEA920
:10A98000FD030091F30B00F9131C0012000080522C
:10A99000A1FFFF9780010035E003132AB4FFFF9762
:10A9A00020010035406640F9E103132AC8FFFF97F4
:10A9B000A0000035E003132AF30B40F9FD7BC2A889
:10A9C000EDFFFF17F30B40F9FD7BC2A8C0035FD674
:10A9D000E303002AE20312AA405640F9000100B442
:10A9E000418C4BF8208000D1E10300AA240C42F8EE
:10A9F0003F0002EB61000054000080D2C0035FD62C
:10AA0000010440F9210840B93F00036B80FFFF5467
:10AA1000808000D1F5FFFF17FD7BBCA9E503002A6C
:10AA2000FD030091F35301A9F55B02A9F71B00F99F
:10AA3000F70301AA3F0000F9E6FFFF97F30300AA1E
:10AA4000200300B5E003052A84FEFF97F60300AA61
:10AA5000C00600B4010680D2200080D27EEAFF97B3
:10AA6000F30300AA600600B4C16240B921020035B8
:10AA70007482009160420091760600F942E20291F0
:10AA8000945200A9000000A9415E40F9340400F985
:10AA9000611200F9820600F9545E00F9C12A40F9FA
:10AAA000610100B515008052F30200F9190000148D
:10AAB000217C4093200080D267EAFF97600200F972
:10AAC00080FDFFB57501801210000014E00313AA89
:10AAD00020003FD6F503002A60FEFF34C06240B973
:10AAE00080000034600240F940E8FF977F0200F9DF
:10AAF000611240F9800640F9200400F9010000F9D4
:10AB00007F1200F99F0600F9E00313AA37E8FF97C8
:10AB1000F35341A9E003152AF55B42A9F71B40F95D
:10AB2000FD7BC4A8C0035FD6F50B8012F9FFFF17A9
:10AB300075018012F7FFFF17FD7BBDA9FD03009192
:10AB4000F35301A9F303012AF40302AA5F0000F9F9
:10AB5000E1A30091B1FFFF9700020035E11740F932
:10AB600024400091230840F99F0003EBE0000054CB
:10AB7000638001D1E103132AE20303AA450C46F8DE
:10AB80009F0002EB61000054400280120300001499
:10AB9000A1000035830200F9F35341A9FD7BC3A84E
:10ABA000C0035FD6A38001D121040051F3FFFF173A
:10ABB000FD7BBDA9FD030091F30B00F9F30301AA8E
:10ABC0003F0000F9E1A3009194FFFF9700010035D9
:10ABD000E11740F922400091210840F93F0002EBC3
:10ABE00060000054218001D1610200F9F30B40F9AB
:10ABF000FD7BC3A8C0035FD67F0000F93F0400318E
:10AC00006100005440028012C0035FD6FD7BBCA9E6
:10AC1000FD030091F35301A9F303012AF40303AAEE
:10AC2000E1E30091F51300F9551C00127BFFFF973B
:10AC300020010035E11F40F9240C41F8848001D146
:10AC4000E30304AA650C46F87F0001EBC100005441
:10AC500040028012F35341A9F51340F9FD7BC4A8CB
:10AC6000C0035FD6828C5229BF0200716300821A32
:10AC70007F00136B61000054840200F9F6FFFF1798
:10AC8000A48001D1EFFFFF175F0000F96100F836E3
:10AC900040028012C0035FD6FD7BBDA9FD03009179
:10ACA000F35301A9F303012AF40302AAE1A30091DB
:10ACB0005AFFFF9720010035E11740F9230C41F8B6
:10ACC000638001D1E20303AA440C46F85F0001EB64
:10ACD000A100005440028012F35341A9FD7BC3A898
:10ACE000C0035FD6621440F97F02026B610000541A
:10ACF000830200F9F9FFFF17838001D1F2FFFF17EC
:10AD00005F0000F96100F8B640028012C0035FD610
:10AD1000FD7BBDA9FD030091F35301A9F30301AA33
:10AD2000F40302AAE1A300913CFFFF972001003544
:10AD3000E11740F9230C41F8638001D1E20303AA33
:10AD4000440C46F85F0001EBA10000544002801261
:10AD5000F35341A9FD7BC3A8C0035FD6621440F939
:10AD60005F0013EB61000054830200F9F9FFFF1745
:10AD7000838001D1F2FFFF17C1010035FD7BBEA921
:10AD8000FD030091F35301A9F40300AAF30302AAFF
:10AD9000DAFCFF97E103002A40000035740200F955
:10ADA000F35341A9E003012AFD7BC2A8C0035FD68B
:10ADB000E003012AC0035FD6FD7BBDA9FD0300911E
:10ADC000F30B00F9F30302AAE2A300917F0200F95A
:10ADD0005AFFFF97E103002AE01740F9E20313AAA4
:10ADE000F30B40F9FD7BC3A8E4FFFF17FD7BBCA973
:10ADF000FD030091F35301A9E3E30091F30302AAD9
:10AE0000F51300F9F403002A5F0000F9F503012AA5
:10AE10000200805279FFFF971F4C0031C10000549F
:10AE2000E3E30091E103152AE003142A2200805293
:10AE300072FFFF97F51340F9E103002AE01F40F984
:10AE4000E20313AAF35341A9FD7BC4A8CBFFFF176C
:10AE5000FD7BBDA9FD030091F30B00F9F30302AAEA
:10AE6000E2A300917F0200F988FFFF97E103002A27
:10AE7000E01740F9E20313AAF30B40F9FD7BC3A8E6
:10AE8000BEFFFF17FD7BBDA9FD030091F30B00F989
:10AE9000F30302AAE2A300917F0200F999FFFF9752
:10AEA000E103002AE01740F9E20313AAF30B40F98B
:10AEB000FD7BC3A8B1FFFF17FD7BBDA9FD0300917A
:10AEC000F30B00F9F30301AA3F0000F9E1A300919D
:10AED00038FFFF97E103002AE01740F9A00000B413
:10AEE000E20313AAF30B40F9FD7BC3A8A3FFFF17EE
:10AEF000F30B40F900008052FD7BC3A8C0035FD66E
:10AF0000FD7BBEA9FD030091F35301A914800191BB
:10AF1000012440F921400091220440F9340400F951
:10AF2000013000F9820600F9540000F9011C40F9D3
:10AF3000A10000B4212440F9210440F9211C40F96A
:10AF4000A10000B500008052F35341A9FD7BC2A8C7
:10AF5000C0035FD6F30300AA20003FD640FFFF34B2
:10AF6000623240F9810640F9410400F9220000F9FB
:10AF70007F3200F99F0600F9F4FFFF17FD7BBDA9A2
:10AF800002008052FD030091F35301A9F30300AACC
:10AF9000E3A30091019440B9002440F9140440F95E
:10AFA000800A40B915FFFF97C00000341F4C0031E4
:10AFB00081020054609640B91F0400312102005400
:10AFC000808240B940020036810240F9406640F973
:10AFD0006DF0FF97130400117F9A0F710C0100545C
:10AFE000800A40B9E3A30091E103132A02008052D2
:10AFF00002FFFF971F4C0031E1000054E003132AC9
:10B00000F35341A9FD7BC3A8C0035FD61300805250
:10B01000F2FFFF1760FFFF3573060011EFFFFF1708
:10B02000FD7BBEA9FD030091F30B00F9F30300AA19
:10B03000012440F9210440F9211040F9A10000B594
:10B04000601E40F9000100B50000805203000014AA
:10B0500020003FD660FFFF34F30B40F9FD7BC2A810
:10B06000C0035FD6002440F9000440F9012040F9F4
:10B07000C1FEFFB4E00313AAF00301AAF30B40F9E9
:10B08000FD7BC2A800021FD6FD7BBEA9FD03009177
:10B09000F30B00F9F30300AA011C40F9210100B5EC
:10B0A000602640F9000440F9011440F9810100B51F
:10B0B00000008052F30B40F9FD7BC2A8C0035FD6AD
:10B0C000212440F9210440F9212440F9A1FEFFB4D4
:10B0D00020003FD660FEFF34F7FFFF17E00313AAFE
:10B0E000F00301AAF30B40F9FD7BC2A800021FD6B2
:10B0F000FD7BBDA9410000B0630080D2FD0300913B
:10B10000F30B00F9F30300AAE2830091215C309174
:10B11000001440F94800009420010035E00313AA10
:10B1200036FCFF97E12340B9010000B9E12740B99F
:10B13000010800B9E12B40B9010400B9E00313AAEA
:10B14000D5FDFF97F30B40F9FD7BC3A8C0035FD685
:10B15000FD7BBEA9FD030091F30B00F9F30301AAE7
:10B1600026FCFF97010040B97F4221EB23010054E8
:10B17000030440B9E203012A2100030B3F0013EB53
:10B1800089000054000840B91300138B730202CBEE
:10B19000E00313AAF30B40F9FD7BC2A8C0035FD6FE
:10B1A000FD7BBDA9FD030091F35301A9F303022A1E
:10B1B000E20301AAE103002AF40303AA406640F96E
:10B1C000E3B3009144ECFF97C00100B462060011A4
:10B1D000E12F80B9427C7E933F0002EB6301005473
:10B1E0000000028B00C05FB80008C05A800200B99E
:10B1F00000008052F35341A9FD7BC3A8C0035FD672
:10B20000A0028012FCFFFF1740098012FAFFFF170F
:10B21000FD7BBEA9FD030091E3730091E21F00B91D
:10B2200002008052DFFFFF97E01F40B9FD7BC2A8FC
:10B23000C0035FD6E403032AE30302AAE20301AAE0
:10B24000E103002A406640F926F0FF17FD7BBFA905
:10B25000E10300AAFD030091406640F9B8EAFF97B8
:10B260001F00007100A09F5AFD7BC1A8007C409385
:10B27000C0035FD6E10300AA8000F8B7406640F93A
:10B28000020080D241EBFF17000080D2C0035FD6DE
:10B29000FD7BBFA9E103002AFD030091406640F950
:10B2A00008EDFF97007C4093FD7BC1A8C0035FD6EB
:10B2B000FD7BB9A9FD030091F35301A9F30305AA8E
:10B2C000E503042AE403032AE30302AAE20301AA32
:10B2D000E103002A406640F9E6A3009121F0FF97C0
:10B2E000F403002A60010035E1034529600A00B932
:10B2F000020880D2603200913F00007121A09F5A65
:10B30000217C4093610200F9E1C30091F7F2FF97BD
:10B31000E003142AF35341A9FD7BC7A8C0035FD6FD
:10B32000E403032AE30302AAE20301AAE103002AD9
:10B33000406640F9060080D20500801209F0FF1730
:10B34000FD7BBFA9E10300AAFD030091406640F91F
:10B3500067ECFF971F00007100A09F5AFD7BC1A8FA
:10B36000007C4093C0035FD6E30302AAE20301AA74
:10B37000E103002A406640F9D7EBFF17FD7BBFA928
:10B38000020080D2FD030091F8FFFF971F0000F13B
:10B39000E0079F1AFD7BC1A8C0035FD6FD7BBFA954
:10B3A000E10300AAFD030091406640F91CEFFF97FE
:10B3B0001F000071E0079F1AFD7BC1A8C0035FD684
:10B3C00020008052C0035FD6FD7BBDA9E303012AA4
:10B3D000E103002AFD030091F30B00F9E4830091DF
:10B3E000F30302AA420000D0406640F9421C0C91CF
:10B3F000C3F0FF97A001F837E00313AA020780D239
:10B40000010080529DF2FF97E01340F9600200F9BD
:10B41000E01740F9600600F900008052F30B40F994
:10B42000FD7BC3A8C0035FD6A0028012FCFFFF17FC
:10B43000FD7BBFA9E403032AE30302AAFD030091F5
:10B44000E20301AAE103002A406640F977ECFF9786
:10B450001F00007100A09F5AFD7BC1A8007C409393
:10B46000C0035FD600008052C0035FD6400000D00A
:10B4700000140D91FD7BBFA9FD03009168E5FF97C6
:10B480000DD8FF97400E8012FD7BC1A8C0035FD688
:10B49000FD7BBCA9FD030091F30B00F9F30300AAA7
:10B4A00020008052E043007920008052E02700B95C
:10B4B000FF2B00B941010034610240F9603E40B900
:10B4C000210C40B90100010A00040312213C1912A9
:10B4D0002100002A21000232E12B00B9E183009112
:10B4E000E00313AA020080D2270600946000003512
:10B4F000E12F40B9613E00B9F30B40F9FD7BC4A8D0
:10B50000C0035FD6FD7BBCA9FD030091F30B00F9DE
:10B51000F30300AA007D80D2F6F2FF97E00313AA9E
:10B52000E1830091020080D2FF430079FFFF0429EC
:10B5300015060094F303002A6000003500FA80D25B
:10B54000ECF2FF97E003132AF30B40F9FD7BC4A84C
:10B55000C0035FD6FD7BBEA9FD030091F35301A993
:10B560003F0C0071000300540C02005481020034AF
:10B57000210400513F040071E8010054134C40F9CC
:10B58000134400F9148040B934060094F403142ADB
:10B59000730AD49A130800F900008052F35341A9AA
:10B5A000FD7BC2A8C0035FD6211000513F0C007183
:10B5B000E900005400008012F9FFFF17134840F91A
:10B5C000F0FFFF17135040F9EEFFFF1701CC218B5E
:10B5D000335440F9EBFFFF17FD7BA3A921008052F4
:10B5E0000100A272FD030091F35301A9020080D271
:10B5F000F30300AAF55B02A9B6028052F76303A920
:10B60000F96B04A9FB2B00F9013400B9E106805263
:10B61000E123017901E04079F69700B9213C10530C
:10B62000E19B00B9E1430291D7050094F403002A9D
:10B630006002003560068052F53F0491E0230179F5
:10B64000E00300B2B5E67A92F50306A90001805244
:10B65000E07300B9F6FF122996008052E28301914F
:10B66000E1430291E00313AAC7050094F403002A02
:10B67000A0070034D606007121FFFF54F55B42A9F4
:10B68000E003142AF35341A9F76343A9F96B44A9D2
:10B69000FB2B40F9FD7BDDA8C0035FD61F080071BE
:10B6A000A10500543F0071F26000B0524300B05257
:10B6B0000010831A600A00B9624E00B9810090360A
:10B6C000603640B900000332603600B9610A40B903
:10B6D0002000B0523F00006B20FDFF54F53F069163
:10B6E00039FE9F52B5E67A92B6008052D70080525A
:10B6F000B8028052F91FA072FA0300B21B088052F0
:10B70000D6060071A0010054E2E30191E1C3029169
:10B71000E00313AAF5EB07A9FB8B00B9F7630179E6
:10B72000F8E7162998050094A0010035A01E40B93D
:10B730000008C05A60FE8F37A00E40B90008C05AFA
:10B74000E0F98F36603640B900001E32603600B92D
:10B75000CBFFFF172000B052D7FFFF17F403002ADA
:10B76000C7FFFF17A00240B90108C05A614A00B9DB
:10B77000000C0012A20640B94208C05A1F04007112
:10B78000E1F8FF54004081522000B072CAFFFF1759
:10B79000FD7BBBA9FD030091F35301A9F30300AAAC
:10B7A000A0018052F51300F9F40301AAE0630079C7
:10B7B000A0028052E03700B9B500805260E24079C3
:10B7C000003C1053E03B00B9E1C30091E00313AA31
:10B7D000020080D26C050094E0000034B5060071D0
:10B7E00041FFFF54F35341A9F51340F9FD7BC5A870
:10B7F000C0035FD6E13F40B9810200B9FAFFFF17ED
:10B80000FD7BBAA9211C00123F040071FD030091C9
:10B81000F35301A9F40300AA421C0012F51300F926
:10B82000E5179F1A5FCC0271631C001201D84139E1
:10B8300040018052E4179F1A3F000071337C001BC7
:10B84000813E80527312811ABF00046A8000005446
:10B8500081DE413941000034337C001B635C1853A6
:10B86000C00080526240022A950080524204083291
:10B87000E0830079A0038052E08B0829E103019165
:10B88000E00314AA020080D23F0500942001003496
:10B89000B506007141FFFF54F35341A9F51340F978
:10B8A000FD7BC6A8C0035FD680008012FBFFFF1798
:10B8B000000080D2D6F1FF97027D80522100805295
:10B8C000F50300AAE00314AA627E021BC5040094DB
:10B8D0001F000071A10480120410417AE1FDFF54A1
:10B8E000B57E4092737E4093E1F30091E00314AA89
:10B8F000A8FFFF9780000035E13F40B961FD3F3769
:10B90000C1FC4737800C80D2FAF1FF97E00315AAFB
:10B91000BFF1FF971F0013EB83FEFF54A00D8012B1
:10B92000DEFFFF1702CC40B982010035FD7BBDA9C7
:10B9300002028052FD030091E2230079A2028052AC
:10B94000E2870229E1430091020080D20E050094B3
:10B95000FD7BC3A8C0035FD600008052C0035FD642
:10B96000FD7BB6A9FD030091F35301A9F55B02A984
:10B97000F60301AAF50302AAF76303A9F70303AAD2
:10B98000F96B04A9FB2B00F91CFAFF97F40300AA3A
:10B99000000440B9F50100B41B050094F30300AAAC
:10B9A000800100B4812E4039E00314AACF1900941D
:10B9B0000001F837820A40F9A102168B3F0002EB22
:10B9C000A9010054400000B0002437918BF6FF9786
:10B9D000150080D2F35341A9E00315AAF55B42A9F3
:10B9E000F76343A9F96B44A9FB2B40F9FD7BCAA877
:10B9F000C0035FD6618240B9E00313AACAFFFF9774
:10BA000080FEFF35E20315AAE10317AAE00313AA9B
:10BA1000F80315AAC1040094F903002ABA0280525F
:10BA20003B0080523F0318EB618240B93493989AEF
:10BA3000621E40B99F0600F1F73700F9E0979F1AA0
:10BA40005F00007100440011E0030179207C161BA7
:10BA5000E2A30191FB530E29C012801AE17B00B9C9
:10BA6000E1030291FA831029E00313AAC6040094AB
:10BA7000200300359F0600F1C90100548001805267
:10BA8000E0030179A0038052E1030291020080D219
:10BA9000E0FF1029E00313AABB040094A0000034C7
:10BAA000400000B000D4379154F6FF97C9FFFF174C
:10BAB000E003142A9FC220EBC1F8FF54608240B912
:10BAC000D602148B180314EB175C149BC1FAFF54B5
:10BAD000C1FFFF1700008052F7FFFF17FD7BBBA9D6
:10BAE00002018052FD030091E10F00F9E10300B271
:10BAF000E11300F901408052E2630079A202805212
:10BB0000E12B00B9E1C30091E2FF0629E263009155
:10BB10009D040094FD7BC5A8C0035FD6FF8309D1B7
:10BB200081FFB712FD7B00A9FD030091F35301A92A
:10BB3000020840B9146C40F95F00016BC800005462
:10BB400000008052FD7B40A9F35341A9FF83099176
:10BB5000C0035FD6F37F019173E67A92E10313AAE3
:10BB6000DFFFFF9700FFFF35818242396082423953
:10BB70003F00006B6000005420098012F2FFFF17A5
:10BB800081764339607643393F00006B61FFFF5493
:10BB900081024339600243393F00006BE1FEFF54EC
:10BBA00081824339608243393F00006B61FEFF545C
:10BBB0006152039180520391820080D2FCF0FF9782
:10BBC00000FCFF34EDFFFF17FF8309D1FD7B00A9C7
:10BBD000FD030091F35301A9F40300AAF303012A22
:10BBE0003F040071A000005469030054200C005170
:10BBF0001F0400714803005423008052E00314AA7C
:10BC0000C208801221008052FEFEFF97C00100355D
:10BC1000737A1E127F06007161010054F37F019157
:10BC2000E00314AA73E67A92E10313AAACFFFF972C
:10BC3000A000003560E642391F00007160418012AB
:10BC4000E013801AFD7B40A9F35341A9FF830991BA
:10BC5000C0035FD603008052E9FFFF17A0028012E5
:10BC6000F9FFFF17E7FEFF17FFC309D182FFB752A5
:10BC7000FD7B00A9FD030091F35301A9F55B02A927
:10BC8000010840B92100020B8200B8123F00026B8C
:10BC9000280E0054F3BF0191F40300AA73E67A92D0
:10BCA000E10313AA8EFFFF97F503002A200E00354B
:10BCB000806E40F9800000B5004080D256E4FF97C6
:10BCC000806E00F9806E40F9E00D00B4E10313AA24
:10BCD000024080D285F0FF97610243393F20007116
:10BCE000680D00544000009000B0389101D861B850
:10BCF000E03F8052810A00B98000A8723F00006BCB
:10BD0000A901005460D680B902D877D300D84BD3AC
:10BD10001F0020F149000054824A00F9E09F805240
:10BD20008000A8723F00006B6900005460E2433954
:10BD300080DA0139601E4339766E423901040051C0
:10BD4000211C0012D60200123F700071C103805204
:10BD50000080811A80DE01396382423983CA013949
:10BD6000608A4339430000376000003461CE4239B5
:10BD700081D60139B600003461824239610008364B
:10BD80006172423981CE0139001C6FD3804E00F9B7
:10BD900084A202916676029160A24239020080522A
:10BDA00027008052001C6FD3805200F96046029138
:10BDB0000500403901F05F38A53C1053A120010B6C
:10BDC00005E05F382100052B4200871AF600003499
:10BDD00065824339A57C219B61764339217C059B93
:10BDE00021B06DD3810000F9000C009184200091F6
:10BDF0001F0006EBE1FDFF54D6000035830000363E
:10BE0000607242391F1040F24100005402020034B7
:10BE100023008052E00314AAE103032A020A8012DD
:10BE200091FFFF97F503002A400200352000805261
:10BE300060BE0239801E40B9A00000349600003474
:10BE400060D680B900D877D3804A00F9609E423925
:10BE500080D2013915008052FD7B40A9E003152AEC
:10BE6000F35341A9F55B42A9FFC30991C0035FD613
:10BE7000806E40F920FFFFB45CE3FF979F6E00F9EE
:10BE8000F6FFFF1775018012F4FFFF17B50280124D
:10BE9000F2FFFF17FD7BBCA9FD030091F35301A93D
:10BEA000F403012AF55B02A9F50300AA960080526B
:10BEB000F76303A9371C001238080012A3D64139D2
:10BEC000E00315AA820980122100805263701D12BE
:10BED0006300182A64FFFF97F303002AC0000034B0
:10BEE000D6060071C1FEFF549F0200710008533A4C
:10BEF00001010054E103142AE00315AA96FDFF97FF
:10BF0000F303002AE00315AAD4030094172C003988
:10BF1000F55B42A9E003132AF35341A9F76343A950
:10BF2000FD7BC4A8C0035FD6421C0072E100005430
:10BF3000030040F9631042299F00016B8190811A30
:10BF40003F00036B2120831A02800039012800B9C9
:10BF50001A030014FD7BB9A9FD030091F35301A955
:10BF6000F55B02A9F76303A9F96B04A9011840B9AD
:10BF7000410D0035E10080521F2800B901F000B9E1
:10BF80002100805201800039F30300AA0B030094C2
:10BF9000E00313AA27030094600A0034603A40B912
:10BFA00000681612603A00B9E00313AA3503009442
:10BFB000F403002A400B0035607E40B9607A00B976
:10BFC00020008052602600B97FCE00B9E00313AA9A
:10BFD0007FEA00B9F9020094020080520100805209
:10BFE000E00313AAD1FFFF97E00313AA46FDFF97D2
:10BFF000F403002A40090035E00313AA97030094D4
:10C000001F2C003900018052E0A300794135805295
:10C01000600240F9020080D2000C40B91F2011726A
:10C02000401580520000811AE05B00B9A0028052E6
:10C03000E1430191E05700B9E00313AA52030094D1
:10C04000C0000035E07341391FA80271610000543F
:10C050004000B052600A00B9357D8052F606805229
:10C06000B702805238058052390080525A00B052CF
:10C07000E1430191E00313AA020080D2F6A3007904
:10C08000F7FF0A294003009480050035600240F95B
:10C09000F8A30079F95700B9620A40B9000C40B919
:10C0A0005F001A6B020080D20020111201000232E0
:10C0B0002000801AE1430191E05B00B9E00313AA7C
:10C0C00031030094A0030035E05F40B92001F83748
:10C0D000B5060071E0060054007D80D205F0FF97A0
:10C0E000E4FFFF1700FA80D202F0FF97AFFFFF17BF
:10C0F000620A40B94100B0525F00016B6000005419
:10C100002100B052610A00B9603E00B900785ED3E8
:10C11000601E00B97FE2007914008052F55B42A9ED
:10C12000E003142AF35341A9F76343A9F96B44A927
:10C13000FD7BC7A8C0035FD61FB80131E1030054DF
:10C14000E00313AAF0FCFF97000080D2B0EFFF9746
:10C15000F503002A9F020071E00313AAE1079F1A6A
:10C16000CCFCFF97E103002AE0010035603E40B9B6
:10C170002001F837E00315AAA5EFFF971FA00FF1E4
:10C1800008010054800C80D294060011D9EFFF976B
:10C19000F1FFFF172000805260220339DFFFFF17F5
:10C1A000A10D8012400000900040389193F4FF9759
:10C1B000D40B8012DAFFFF17F403002AD8FFFF1711
:10C1C000FD7BBEA9220080520200A272FD030091F5
:10C1D000F30B00F9F30300AA010040F9210840B96C
:10C1E0002100022A013800B99C020094E00313AA3E
:10C1F00086020094200100357F1A00B940000090AB
:10C2000000503C917DF4FF97400F8012F30B40F9F2
:10C21000FD7BC2A8C0035FD6E00313AA4EFFFF97C1
:10C2200060FFFF352100805261260339F8FFFF17B8
:10C23000FD7BACA9FD030091F35301A9F30300AA10
:10C24000F55B02A9F76303A9F96B04A9FB7305A9C0
:10C25000006840F9EFF7FF97130000F9741A40B92E
:10C260003401003400008052F35341A9F55B42A928
:10C27000F76343A9F96B44A9FB7345A9FD7BD4A8D7
:10C28000C0035FD6000080D261EFFF97602643397C
:10C2900000140034602243397F260339201400350E
:10C2A00040008052E0030179E0008052E1030291F6
:10C2B000020080D2E0FF1029E00313AAB20200942A
:10C2C00040120035E1330291020280D26082019176
:10C2D00006EFFF9760008052E003017960E2407949
:10C2E000E1030291020080D2003C1053E08B00B9C0
:10C2F000A0028052E08700B9E00313AAA2020094D2
:10C3000040100035600A40B96000F836E01F4179FE
:10C3100060E2007920018052E0030179E000805260
:10C32000E08700B960E24079E1030291020080D227
:10C33000003C1053E08B00B9E00313AA9202009472
:10C34000400E0035E18F5229610E0B29E2835129FD
:10C3500062020A29640A40B90300A8529F00036BD5
:10C36000C101005443745AD3447C1A537F0C0071AA
:10C37000401200549F041E72E11000547F040071AB
:10C38000201100547F080071201100540340805296
:10C390002300A872630A00B9441843D343000090F5
:10C3A00063A83C91420840927FCE00B97FEA00B971
:10C3B00063686438240000F084203791827862B882
:10C3C000044C50D3627C021B03304CD3620A0F2909
:10C3D00022008052634600B94220C41A641E40B94C
:10C3E000040F0034001410530040412A010180D290
:10C3F00021080011000400915F0008717F7E0AA9E6
:10C400000020C19A417C40937F7E0BA97F6200F996
:10C41000007C019B607E09A90040805242D0801AB6
:10C42000628200B983010034604240B91F040031C8
:10C4300020010054003C105381008052020080D241
:10C44000E1030179E1030291FF831029E00313AABC
:10C450004D020094E0008052E0030179A002805276
:10C46000E08700B960E24079E1030291020080D2E6
:10C47000003C1053E08B00B9E00313AA4202009481
:10C48000400400350000801260D60139E00313AA91
:10C49000F6FDFF97A0030035E00313AA6F02009496
:10C4A000012C4039E00313AA2BFCFF97E002003572
:10C4B000600A40B9E01FF836E00313AA47FCFF9773
:10C4C000400200350000A4D2763640B90000E2F206
:10C4D000E03300F9603A40B9350000F0B5423991D7
:10C4E000790080D2D602000A3B008052D66A16122A
:10C4F000390700F1E10600544000009000F838913F
:10C50000BEF3FF97604180127F1A00B957FFFF17F3
:10C51000E00313AA2BFFFF97E0EBFF3453FFFF1755
:10C52000603E40B97F2203396002F837E00313AA66
:10C53000F5FBFF97000080D2B5EEFF97F60300AA47
:10C54000E00313AA21008052D2FBFF97E0FDFF35E4
:10C55000603E40B90001F837E00316AAACEEFF9741
:10C560001FA00FF1282E0054800C80D2E1EEFF971F
:10C57000F4FFFF170000A852600A00B9603E40B9FE
:10C5800000785ED3601E00B92000805260E200791E
:10C5900044FFFF177F100071A1EFFF548300A852E2
:10C5A0007DFFFF17038080527AFFFF170340805200
:10C5B0004300A87278FFFF176300A85276FFFF17A9
:10C5C00000241E530078412A21444FD389FFFF17CE
:10C5D000A00240B96023C01A1F00166A610000540F
:10C5E000B5220091C3FFFF17FC8301911A0080D28E
:10C5F000A00640B9586B7CB8C002000A1F00186A38
:10C60000C00B00540000A8521F03006B800A0054A6
:10C610000000A4521F03006BC00000540000A2528F
:10C620001F03006BC1090054370080520200001440
:10C6300097008052E0068052E083017960E2407901
:10C64000A3028052E1030391020080D2003C105308
:10C65000E3831829E00313AACB01009400080035F6
:10C66000FF120071C0008052E0830179E0179F1A29
:10C67000A3028052E103039100781F53020080D28D
:10C68000E3831829E00313AABF010094F703002AEB
:10C69000600600350000A4521F03006B40020054E6
:10C6A0000000A2521F03006BE0179F1A602600B91A
:10C6B000E00313AA41010094620A40B92100B0527C
:10C6C000A00240B95F00016B21010054A00240B9F3
:10C6D00060EA00B980050035747E40B900008052E0
:10C6E0003000001480008052F1FFFF1780000034FA
:10C6F0001F0800714103005437008052C00080526F
:10C70000E0430179A0028052E0A700B900FE9F52E9
:10C71000F8FF0391E01FB072E002002AE0AB00B91D
:10C72000E00300B2E03B00F90008805218E77A927B
:10C73000E2A30191E1830291F83700F9E07B00B9AF
:10C74000E00313AA90010094A0000035001340B943
:10C75000000C00121F00176BA0FBFF54617E40B954
:10C76000E00313AA617A00B9020080527FCE00B9BB
:10C770007FEA00B9EDFDFF975AF3FFB59A0080D22A
:10C780009CFFFF171F300071A8FAFF54210000F032
:10C79000216037911F100071345860B8E0179F1A5C
:10C7A000747A00B9E103142A60CE00B90200805205
:10C7B000E00313AADDFDFF9760EA40B960EE00B91F
:10C7C00060CE40B96000003400408052608200B901
:10C7D000E00313AAA10100941F140079F40300AA36
:10C7E0001F300039608240B9E103002A1FE4027261
:10C7F000810E00F9E1079F1A1FF00172E2079F1AEC
:10C800001FCC04724104010BE2079F1A1F9C08729F
:10C810002208020BE1079F1A410C010BE2FF9F5215
:10C820001F00026BE0979F1A2010000B802200B9B6
:10C83000604640F9618240B90008C19A4100009009
:10C8400021E83A91800A00F98092009164DE4079F3
:10C8500063D24079628E4139CBF2FF9767AE41399E
:10C86000803601916282413941000090636640B98F
:10C8700021403B91661C0012653C48D3645C50D358
:10C88000637C1853C0F2FF97626A40B9808A0191B5
:10C890004100009021743B91434C50D3425C54D3EF
:10C8A000B9F2FF9720008052601A00B96EFEFF17A0
:10C8B000220080520200A272623600B9616E40F915
:10C8C00082FFB7121F00026B89F7FF54810000B589
:10C8D00040000090005C39910AFFFF172000805251
:10C8E0000000AE72603600B92110433961E200B930
:10C8F000E10008363F041E72220280520200AE722E
:10C900000000821A00001D32603600B98100003636
:10C91000603640B900041F32603600B9617E40B90C
:10C92000340000F077824629390000F094323891C3
:10C9300039233791F702000A02008052E00313AA5C
:10C94000B80080D23A0080523B0000F077FDFF979C
:10C95000180700F1C1000054E103152A40000090BF
:10C9600000703A91A5F2FF97E7FEFF17800240B9E9
:10C970004023C01A1F00176A4007005476333691CF
:10C98000800240B91F100071C0124039E1179F1A90
:10C990003F00006B01060054800640B9C10240B957
:10C9A000E002000A1F00016A60050054C30A40B992
:10C9B000E00313AA020980122100805263781D123D
:10C9C000A9FCFF97F503002AC0020035C00240B958
:10C9D0000100A8521F00016B800400540100A45202
:10C9E0001F00016B600400540100A2521F00016B84
:10C9F000E0179F1A602600B9E00313AA6F000094A5
:10CA0000810240B93F2C0071810300544000009026
:10CA100000A83991614180127541801277F2FF9729
:10CA2000E00313AA03008052020980122100805201
:10CA30008DFCFF977FCE00B9607E40B9607A00B967
:10CA400020008052602600B97FEA00B9E00313AAF3
:10CA50005A000094D6320091DF0219EB21F9FF54FD
:10CA600094220091BBFFFF1700018052E2FFFF17E5
:10CA700080008052E0FFFF173F300071A10000549A
:10CA8000400000906141801200083A91E3FFFF17D7
:10CA9000E00313AA4DFCFF97F503002A20FCFF35A5
:10CAA000C30A40B9E3001037800240B960EA00B918
:10CAB00060010035617E40B9000080520F00001413
:10CAC000E00313AA020980122100805266FCFF973E
:10CAD000F503002AA0FEFF34D2FFFF171F300071BC
:10CAE00008020054210000F0216037911F100071EE
:10CAF000215860B8E0179F1A617A00B9020080528D
:10CB000060CE00B9E00313AA08FDFF97E00313AA63
:10CB100003FCFF97F503002A40F8FF3527FFFF17B6
:10CB200001008052E5FFFF17C00B801277FEFF1750
:10CB3000FD7BBDA9E103002AA0068052FD03009100
:10CB4000E2A30091F30B00F99CF8FF97F303002A8E
:10CB5000E0000035E01740F94C000094800000B47C
:10CB6000012843394100003496FDFF97E003132A62
:10CB7000F30B40F9FD7BC3A8C0035FD6FD7BBFA9C3
:10CB8000FD030091CCF5FF97A2F5FF97FD7BC1A8AF
:10CB9000000040F9A7FDFF17010040F9213440F9DA
:10CBA000210C40F9610000B4F00301AA00021FD675
:10CBB000A0048012C0035FD6006840F9F7FFFF179A
:10CBC000030040F9633440F9631840F9630000B48E
:10CBD000F00303AA00021FD6A0048012C0035FD690
:10CBE000006840F9F7FFFF17010040F9213440F9D0
:10CBF000211040F9610000B4F00301AA00021FD621
:10CC0000A0048012C0035FD6006840F9F7FFFF1749
:10CC1000010040F9213440F9211C40F9610000B4C1
:10CC2000F00301AA00021FD600008052C0035FD6A5
:10CC3000006840F9F7FFFF17010040F9213440F97F
:10CC4000210040F9610000B4F00301AA00021FD6E0
:10CC500000008052C0035FD6006840F9F7FFFF175D
:10CC6000010040F9213440F9210440F9610000B489
:10CC7000F00301AA00021FD600008052C0035FD655
:10CC8000006840F9F7FFFF17019040B9E100003656
:10CC9000FD7BBFA9FD0300915EF5FF97000040F901
:10CCA000FD7BC1A8C0035FD6000080D2C0035FD661
:10CCB000FD7BBDA9FD030091F35301A9F40301AA73
:10CCC000F30300AAF55B02A9F50302AA010040F9EB
:10CCD000363440F9EDFFFF97C32240F9230100B439
:10CCE000E20315AAE10314AAF55B42A9E00313AA23
:10CCF000F35341A9F00303AAFD7BC3A800021FD68A
:10CD0000000040F9F35341A9F55B42A9001840B96E
:10CD1000FD7BC3A8C0035FD6006840F9E5FFFF179D
:10CD2000FD7BBDA9FD030091F35301A9F30300AA04
:10CD3000F40301AAF51300F9F50302AAD3FFFF9744
:10CD4000600240F9003440F9030840F9230100B4BF
:10CD5000E20315AAE10314AAF51340F9E00313AAAC
:10CD6000F35341A9F00303AAFD7BC3A800021FD619
:10CD7000F35341A9A0048012F51340F9FD7BC3A829
:10CD8000C0035FD6006840F9E6FFFF17FD7BBDA931
:10CD9000FD030091F35301A9F403012AF51300F9EF
:10CDA000F50300AA44F5FF97B8FFFF97F30300AA25
:10CDB000E00315AA11F5FF97002C40391F00146BF2
:10CDC0004001005460D641391FFC037180010054BA
:10CDD000F51340F9E103142AE00313AAF35341A920
:10CDE000FD7BC3A82CFCFF1700008052F35341A920
:10CDF000F51340F9FD7BC3A8C0035FD6600F801216
:10CE0000FBFFFF17FD7BBDA9E103002AFD03009195
:10CE1000E2A30091F30B00F9F303002AC000805253
:10CE2000B414009420010034E103132A4000009060
:10CE300000A0329171F1FF97000080D2F30B40F90E
:10CE4000FD7BC3A8C0035FD6E01740F91AF5FF9732
:10CE50008EFFFF97FAFFFF17FD7BBEA9FD03009130
:10CE6000006840F9E163009101F5FF97E00F40F998
:10CE7000400000B4E1F4FF97FD7BC2A8C0035FD679
:10CE8000FD7BBCA9FD030091F35301A9F30301AAA3
:10CE9000F55B02A9010040F9213440F9E10300B437
:10CEA000F50300AAF60302AAE7E30091060080D288
:10CEB0000540805204008012C3008052420000905E
:10CEC000410000904214379121043791511500948C
:10CED000F403002A80010035E01F40F9C7F4FF97F2
:10CEE000760200F9E17F40B2750A00F9612200F98B
:10CEF0002100805201340039C172403901200039CB
:10CF0000756A00F9F55B42A9E003142AF35341A9BD
:10CF1000FD7BC4A8C0035FD6B4048012FAFFFF17DC
:10CF2000BF3F03D5020440F9410000B9217D80D202
:10CF3000210400F16100005400008052C0035FD65C
:10CF4000020440F9420040B9BF3F03D55F0840F2F8
:10CF500001FFFF5420008052F9FFFF17FD7BBDA9A0
:10CF6000FD030091F35301A9F40300AAF30302AAFD
:10CF7000F55B02A9F503012A000440F9004840B915
:10CF8000BF3F03D5F6C38952400000B9600240B9E3
:10CF9000BF02006AC100005400008052F35341A94F
:10CFA000F55B42A9FD7BC3A8C0035FD6001980D200
:10CFB00050ECFF97800640F9004840B9BF3F03D5C9
:10CFC000600200B9D606007121FEFF54A00D801248
:10CFD000F3FFFF17FD7BB7A9FD030091F35301A9F0
:10CFE000F40302AAF55B02A9F60301AAF76303A9F9
:10CFF000F96B04A9FB2B00F924FFFF97130840F9F4
:10D00000541200B4800E40B9001C0011007C035380
:10D010000004001100747AD3000400D1003C009198
:10D0200000EC7C92FF6320CB000080D2F8030091DB
:10D03000F7EBFF97F50300AA600640F9004840B9F6
:10D04000BF3F03D51700171240104837BF3F03D525
:10D05000600640F901008012014400B9741100B566
:10D06000C10A40B9BF3F03D5600640F9012800B9A5
:10D0700000008052C20640B9410180524100010ABD
:10D080003F280071002B0054C10240790300123286
:10D09000000013323F3000710010831AA2000036E6
:10D0A00003001A325F007FF200041A320010831A64
:10D0B00042001036000018322100002A0000B4524D
:10D0C0002100002ABF3F03D5600640F9012C00B9BA
:10D0D00001D490522100A072600640F9004440B98A
:10D0E000BF3F03D5C01A1036940000B5BF3F03D52B
:10D0F000610640F9204400B9400B403780270837CB
:10D10000C10640B9410010362027303741020036B1
:10D11000600640F9A1190836003C40B9BF3F03D56D
:10D12000C00E00B9600640F9003840B9BF3F03D5D2
:10D13000C01200B9600640F9003440B9BF3F03D5C2
:10D14000C01600B9600640F9003040B9BF3F03D5B2
:10D15000C01A00B9542400B4761E40F9000080D2F1
:10D16000BF6700B9AAEBFF97F90300AA010A805232
:10D1700080D641291AD09752776E4079980240F9AB
:10D18000B57E001BC02A40B9F72E1F53F70A0011C5
:10D19000A17E011BB57E02532108C01AC02640B9EA
:10D1A0002108C01AC0CE40B91F000071E0079F1AC5
:10D1B000000400112108C01A007D8052217C001B50
:10D1C0003F00006B2120801AF603012A600640F917
:10D1D0001B4440B9BF3F03D57F031A6A211D005489
:10D1E0006082413900150034F5140034800A40B9DA
:10D1F000BF6700B91F040071211800545B14283662
:10D20000A2930191E00313AA8100805254FFFF977B
:10D210002013F837A06740B901008052007451D341
:10D220001F00156B0090951AA06700B9A06740B960
:10D230003F00006B231100541F00156BA211005416
:10D24000B502004BEFFFFF17E00780D274FFFF1716
:10D25000E00315AA6EEBFF971FD007F1E9EEFF542C
:10D26000B50D8012BF030091E003152AF35341A9C5
:10D27000F55B42A9F76343A9F96B44A9FB2B40F97D
:10D28000FD7BC9A8C0035FD660824139821240B9D4
:10D29000C0020034BF3F03D5600640F9021C00B94C
:10D2A00081824129007C011BBF3F03D5610640F903
:10D2B000202000B9E00313AA4100805219FFFF9714
:10D2C000C10A40B9BF3F03D5600640F9012800B943
:10D2D000014080D2800A40B91F007FF200C080D296
:10D2E0000010819A64FFFF17800E40B9810240F957
:10D2F000427C001B800A40B91F0400718105005464
:10D3000043008052A0A30191A4DDFF97F503002AFA
:10D31000A0FAFF3504FF0091850E40B984E47A92AB
:10D32000E00313AAA63B40F941008052E30304AA9C
:10D33000FCFEFF97BF3F03D5600640F90100801255
:10D34000018C00B9BF3F03D5600640F9020280524C
:10D35000870280520200B0720700B072048800B9E0
:10D36000FF020071811240B9E0179F1A00701D532F
:10D37000BF20007108020054A17C011B0000072A95
:10D3800060040029C030170B600800B9600001116B
:10D39000600C00B963000191BF20007129010054A5
:10D3A000A5200051F7060011EEFFFF172300805261
:10D3B000D5FFFF170000022A21701D53F1FFFF1750
:10D3C00061FC0091E00304AA21E47A92F1D4FF9772
:10D3D000600640F9000040B9BF3F03D50104805208
:10D3E0000140A0720000012ABF3F03D5610640F949
:10D3F000200000B9600640F9008040B9BF3F03D566
:10D40000411080520000012ABF3F03D5610640F958
:10D41000208000B9811240B9BF3F03D5600640F9B2
:10D42000011C00B981824129007C011BBF3F03D54B
:10D43000610640F9202000B9A2FFFF172104007106
:10D44000C1E4FF5487FFFF17003040B9BF3F03D549
:10D45000C00E00B940FFFF17600640F9000042B956
:10D46000BF3F03D521040011004700B870FFFF172C
:10D4700015008052BF3F03D5600640F90104805279
:10D48000014400B93B081837E00319AAE0EAFF9706
:10D490001F0016EBC9E9FF54B50D8012BF3F03D53D
:10D4A000600640F91B4400B960824139E00800354C
:10D4B000800A40B9760640F91F040071F4179F1ADC
:10D4C000000080D294060011D1EAFF97F50300AA6C
:10D4D000C08E40B9BF3F03D59F02206AA00500540B
:10D4E000E00315AACAEAFF971FA00FF148070054EE
:10D4F000200080D2FFEAFF97F6FFFF171F08007198
:10D5000021FCFF541BFC2736A2930191E00313AAD0
:10D510000101805292FEFF97C002F837A06740B920
:10D5200001008052007451D3E002004B1F00156BC4
:10D530000090951AA06700B9A06740B93F00006B42
:10D54000A3000054BF02006B29010054B502004B38
:10D55000EEFFFF17024740B8BF3F03D5600640F912
:10D5600021040011020002B9F4FFFF1715008052D8
:10D57000BF3F03D5600640F901028052C1FFFF178B
:10D58000B5028012C6FFFF1715008052C4FFFF17B7
:10D5900015008052BF3F03D5600640F961008052FC
:10D5A000018C00B9600640F9000040B9BF3F03D5C7
:10D5B00000781A12BF3F03D5610640F9200000B978
:10D5C000A0A30191F9DCFF97800C80D2C9EAFF97F4
:10D5D00025FFFF17B50D8012EFFFFF1715008052D2
:10D5E000FAFFFF17150080121FFFFF17950080122A
:10D5F0001DFFFF17021C40B95F00016BE0070054DC
:10D60000FD7BBEA9FD030091F35301A9F403012A98
:10D61000A1060034022C40F9F30300AA020600B46C
:10D6200040003FD6E003002A1F4034EB20060054A0
:10D63000827A1F53410400D12000008B0008C29A57
:10D64000BF3F03D5610640F93F1000B9BF3F03D586
:10D65000610640F93F0C00B9BF3F03D5610640F9B0
:10D66000200800B9BF3F03D5600640F9010084528D
:10D670000104B072012C00B940E28452610640F905
:10D68000212C40B9BF3F03D500040071C0020054F3
:10D6900061FFFF37BF3F03D5600640F9E1830032E9
:10D6A000011000B9BF3F03D5600640F90100845264
:10D6B0000104B072012C00B940E28452610640F9C5
:10D6C000212C40B9BF3F03D500040071C0000054B5
:10D6D00061FFFF37741E00B903000014002040B939
:10D6E00020FAFF35F35341A9FD7BC2A8C0035FD6E2
:10D6F00000008052D3FFFF17C0035FD6FD7BBEA999
:10D70000FD030091F35301A960FDFF97012840B983
:10D71000130840F9F40300AAE00313AAB6FFFF9729
:10D72000802640B91F100071400300541F20007173
:10D73000E0179F1A003C1053BF3F03D5610640F924
:10D74000201800B9600640F9017440B9BF3F03D505
:10D7500082CE40B92000103221780F125F00007194
:10D760002100801ABF3F03D5600640F9017400B95B
:10D77000612640F9610000B4E00313AA20003FD6FF
:10D78000F35341A900008052FD7BC2A8C0035FD6BD
:10D7900020008052E9FFFF17FD7BBDA9FD0300912A
:10D7A000F35301A9F51300F938FDFF97130840F969
:10D7B000F40300AA612A40F9610000B4E00313AA4F
:10D7C00020003FD6BF3F03D5600640F935008052A8
:10D7D000E1008052150400B9E00313AAD1FDFF97C0
:10D7E000C0060034800240F9011040B9E00313AADA
:10D7F00081FFFF97BF3F03D5610640F9000080120B
:10D80000204400B9BF3F03D5610640F93F2400B969
:10D81000BF3F03D5610640F9201400B9BF3F03D5CF
:10D82000600640F91F9000B9BF3F03D5600640F97C
:10D83000158000B9603640B960010035600640F9D6
:10D84000004C40B9BF3F03D5006C50D30000150B0E
:10D85000007C0153010400510040012A0000033202
:10D86000603600B9613640B9BF3F03D5600640F964
:10D87000014C00B9BF3F03D5600640F91F1000B945
:10D88000BF3F03D5600640F91F0C00B960824139E3
:10D89000A0000035BF3F03D5600640F9610080520B
:10D8A000019000B900008052F35341A9F51340F9EB
:10D8B000FD7BC3A8C0035FD680008012FBFFFF176B
:10D8C000240040F90308022902108052040000F9E4
:10D8D0000206A072020C00B9221440B9020800B975
:10D8E000233040B9417802124278011221000232FD
:10D8F0007F200071420003324210811A01208052C1
:10D9000042081F32020800B9011800B9C0035FD6EF
:10D910005CFDFF17FD7BBEA9FD030091F35301A938
:10D92000002040F9004C4D2900080012730A1C53D6
:10D930007302002A33CBFF9714A440B931CBFF9771
:10D94000947A1A1214A400B9BF3F03D52ACBFF97CB
:10D95000132800B92BCBFF9713A440B929CBFF970D
:10D9600073021B3213A400B9F35341A9FD7BC2A873
:10D97000C0035FD6FD7BBDA9FD030091F35301A950
:10D98000F40300AAF51300F91FF2FF97812A40B9AA
:10D99000F30300AA406640F9220000F00300805221
:10D9A00042341D916CE5FF972001F836400000904D
:10D9B00000040B9191EEFF97A0028012F35341A94E
:10D9C000F51340F9FD7BC3A8C0035FD6157C011396
:10D9D000800640F9600200F9E00314AA75F2FF978F
:10D9E000600600F98300805242000090406640F9D2
:10D9F00042981391812A40B957E5FF97603200B9E8
:10DA00000000009000502491602600F9A00600510B
:10DA10007F2A00B963008052A042002A4200009091
:10DA200000000332603600B942780B91406640F93D
:10DA3000812A40B958E5FF97606A00B90300805217
:10DA400042000090406640F942940B91812A40B90F
:10DA500051E5FF97732200F9606E00B90000805213
:10DA6000D7FFFF17FD7BBBA9FD030091F35301A96D
:10DA7000F30300AAF55B02A9F71B00F9D9F1FF97A0
:10DA8000F50300AAE00313AAE2F1FF97F60300AA48
:10DA9000E00313AADCF1FF97F40300AAE00313AA42
:10DAA000D9F1FF97F70300AA79CCFF97E02200B9DC
:10DAB00020030034E1030191E00313AA0A1100944A
:10DAC00060000035E0030191AA100094822240B961
:10DAD000E00315AAB582009103508352E10314AA12
:10DAE000C300A07277FFFF97951E00F9B40A00F9F2
:10DAF000801E40F9C00200F9136800F9E00313AA80
:10DB0000F35341A9F55B42A9F71B40F9FD7BC5A87A
:10DB100022FFFF174000009000B40B9137EEFF97F3
:10DB2000F35341A9A0028012F55B42A9F71B40F90B
:10DB3000FD7BC5A8C0035FD6FD7BBEA9FD03009198
:10DB4000F30B00F9F30300AAA6F1FF97E20300AA82
:10DB500001800091E00313AAF30B40F9FD7BC2A8FA
:10DB60006CFFFF1700008052C0035FD6040040F92D
:10DB7000843440F9840040F9F00304AA00021FD65F
:10DB8000FD7BB9A9FD030091F55B02A9F603022A0A
:10DB9000F50304AA42000090E403012A42340E91E6
:10DBA000F71B00F9F703032AE303002AF35301A943
:10DBB000F403012AC10380D2F303002AE043019158
:10DBC000C1EDFF97E043019197E8FF97440000B053
:10DBD000E50300AAE7030191E6230191842813914C
:10DBE000E303172AE203162AE103142AE003132AA7
:10DBF000B604009480000035E12340F9210040F98B
:10DC0000A10200F9F35341A9F55B42A9F71B40F9C2
:10DC1000FD7BC7A8C0035FD6FD7BBEA9FD030091B5
:10DC2000E4630091D7FFFF9780000035E00F40F9D3
:10DC3000FD7BC2A877F1FF17000080D2FD7BC2A850
:10DC4000C0035FD600008052C0035FD6FD7BBCA935
:10DC5000FD030091F35301A9F303012AF40302AA7F
:10DC6000F51300F9F50303AA6AF1FF97054440F99B
:10DC7000E40315AAE3E30091E20314AAE103132AE3
:10DC8000A0003FD6F35341A9F51340F9FD7BC4A88A
:10DC9000C0035FD6FD7BBCA9FD030091F35301A92E
:10DCA000F303012AF40302AAF51300F9F50303AA0A
:10DCB00058F1FF97054040F9E40315AAE3E300910A
:10DCC000E20314AAE103132AA0003FD6F35341A9AB
:10DCD000F51340F9FD7BC4A8C0035FD6FD7BBDA949
:10DCE000FD030091F35301A9F30300AAF51300F912
:10DCF0004BF1FF97F40300AAE00313AA45F1FF9745
:10DD000013D018A9540100B55302801240000090AE
:10DD100000740E91B9EDFF97F51340F9E003132A53
:10DD2000F35341A9FD7BC3A8C0035FD6F50300AA46
:10DD3000E00314AA21040094F303002AE0FEFF3557
:10DD4000E00315AA94000094F303002AE00314AA48
:10DD50001C040094F1FFFF17FD7BB7A9FD030091A0
:10DD6000F35301A9F303012AF51300F9F50302AAFD
:10DD700028F1FF97011040B9F40300AA600AC11A04
:10DD800000CC011B40020035E103012AA00AC19A20
:10DD900000D4019BC00100B5020C80D2010080526A
:10DDA000E0C3009135E8FF97823A40F9F3D703A921
:10DDB000E1C30091E00314AA40003FD6F35341A908
:10DDC000F51340F9FD7BC9A8C0035FD6A0028012FD
:10DDD000FBFFFF1760418012C0035FD660418012D5
:10DDE000C0035FD6FD7BB7A9FD030091F35301A9E2
:10DDF000F30302AAF55B02A9F50301AAF60304AA3C
:10DE0000F76303A9F87F40B2F96B04A9FA0303AAE8
:10DE100039008052149C40F9130100B50000805273
:10DE2000F35341A9F55B42A9F76343A9F96B44A9F0
:10DE3000FD7BC9A8C0035FD682B641B9F70313AA18
:10DE400080BA4639E067013980B24639417C1053C7
:10DE5000E083013980BE4639E1630139413C48D352
:10DE6000E1870139F53700F9007C011BE1C7013971
:10DE7000E2E30139F97F00B9007C0313E0C3013903
:10DE8000F64700F9FF0218EBE1630191E092989ADE
:10DE9000E08300B980CA40F9E3090094000200352C
:10DEA00080CA40F9E163019178090094800100354E
:10DEB000E13740F9E08340B92100008BE13700F9F8
:10DEC000E14740F9F70200EB2100008BE14700F940
:10DED000A1FDFF54E003132A3301003420FAFF3779
:10DEE000410340F9D6C2208BB5C2208B73C220CB30
:10DEF00021C0208B410300F9C8FFFF17800080126A
:10DF0000C8FFFF17FD7BBBA924008052FD030091D1
:10DF100000C840F9FFFF01A9E167003921008052E4
:10DF2000FFFF03A9E4630039FFFF02A9E4E300391E
:10DF3000E13F00B9E1630091E34300B9E22700F952
:10DF400052090094FD7BC5A8C0035FD6FD7BBBA929
:10DF500024008052FD03009100C840F9FFFF01A991
:10DF6000E167003941008052FFFF03A9E4630039F3
:10DF7000FFFF02A9E4E30039E13F00B9E16300914A
:10DF8000E34300B9E22700F940090094FD7BC5A8EE
:10DF9000C0035FD6FD7BB9A9222080522200A07267
:10DFA000FD030091F35301A9C3008052F30300AABB
:10DFB000F55B02A975008052F71B00F902B401B9A4
:10DFC000222080D201C840F92200A0F22220C0F213
:10DFD0002200E0F202DC00F9E2430191211040B995
:10DFE0003F0073F261108052B502811A010C801259
:10DFF000C5FFFF970013F836147C40939F0640B18D
:10E00000E811005460008052E05B0139202080520A
:10E01000FFAB00792000A072E05B00B9811640B927
:10E020000112183702008152E2BB0079620180526E
:10E03000E27B0139E06300B9600080522101303693
:10E0400001008152E1CB0079610D8052000019324C
:10E05000E19B0139812080522100A072E16B00B95F
:10E06000210000F021241091611E00F9610080520E
:10E070006102003921008052611600B9018081528D
:10E08000610600B9739E00F9811A4079820A40B98D
:10E09000227C021B620600F9623A02B9E2FFFFF03D
:10E0A00042503791623A00F9E2FFFFF04290379117
:10E0B000624200F9E2FFFFF042703791624600F9D8
:10E0C000811640B9210D3837811640B9810070366C
:10E0D00061C641B921001B3261C601B9811640B940
:10E0E0004100183600781E120000150A55008052B3
:10E0F000E2530191E3570191010441D31F0079F2EA
:10E100002000951AE15B0191007C7D9321686038C5
:10E1100061BA0639E163019142686038216860B8EC
:10E120006068603861B601B9211C00124000000B24
:10E1300060BE06393F100071010F00548002403963
:10E140001F800071A00E00541FB00071600E0054BB
:10E15000E2230191E00313AA23008052A10680521A
:10E1600069FFFF97400BF837E0234139600D08370E
:10E170000000152AE21F019123008052A100805265
:10E18000E0270139E00313AA5FFFFF97000AF83781
:10E19000E01F413903008052020080D2C10080524A
:10E1A000E0230139E00313AA69FFFF97E303152A6F
:10E1B000E2230191E00313AA2100805264FFFF973C
:10E1C0006008F837000080D291E7FF97F50300AAB6
:10E1D000F78793D2E00315AA8DE7FF971F0017EB8F
:10E1E000C904005461C640F9200000F0004C1091B1
:10E1F000410800B4230840A9610040F97FECFF9773
:10E20000A00D80120F000014821A4039C2000035A0
:10E2100094620091800A40B980FFFF35740F8092AC
:10E2200007000014421C4092E1430191E00314AA4C
:10E230005FE7FF97E0FEFF3534EEFFB5E003142AF9
:10E24000F35341A9F55B42A9F71B40F9FD7BC7A831
:10E25000C0035FD6340000B094823991EEFFFF17FF
:10E260002000805276FFFF1761C641B921000032BD
:10E2700061C601B995FFFF17E21F0191E00313AAE0
:10E2800023008052A10080521FFFFF97A0FDFF379F
:10E2900060C641B9F61F4139F603362AC00100377E
:10E2A000210080523F000071E0079F1ADF02006AE0
:10E2B00020F9FF54E21F0191E00313AA23008052CA
:10E2C000A106805210FFFF972002F836A0028012AC
:10E2D000DCFFFF17E21F0191E00313AA2300805225
:10E2E000010E805208FFFF97C0FAFF37E11F413946
:10E2F00021001912ECFFFF17220000F0210000F0AE
:10E3000042D4109121001191BDFFFF17E01F413948
:10E31000E0FDFF34C0FD0F3660B246392003003502
:10E32000802240796000003460B206391500001484
:10E33000610640F90020A0D23F0000EB0904005420
:10E340008000805260B20639800240391F0400719B
:10E3500060000054801640B94001583661BA463911
:10E36000200000F000F40F91020080D20300403939
:10E370007F00016BA10100540104403961BA0639E4
:10E3800060B246391F10007128FAFF5474CE00F9AC
:10E3900081000054800240391F0400714101005483
:10E3A00000008052A7FFFF1742040091000800916F
:10E3B0005F1800F1C1FDFF54F1FFFF1760008052AC
:10E3C000DAFFFF17801640B9C0FE5F3760C641B95B
:10E3D00080003036200000F00018119107ECFF9704
:10E3E00060CE40F9000040391F080371C00100549D
:10E3F000680100541F800071E00100541FB00071DB
:10E40000A0010054E00F8012622207912300805285
:10E41000E102805260220739140000141FBC03710E
:10E4200021FFFF5403008052020080D201098012B4
:10E430000E00001403008052020080D2C1008052FE
:10E44000E00313AAC2FEFF9703008052020080D2AD
:10E4500001098012E00313AABDFEFF97030080525A
:10E46000020080D281008052E00313AAB8FEFF9719
:10E47000CCFFFF17FD7BBDA9FD030091F35301A95C
:10E48000341C0012F30300AAF51300F9010040F94F
:10E49000353440F99F2A007161000054A101805277
:10E4A000F5FFFF97A20A40F9E103142AE00313AA3B
:10E4B00040003FD61F2C003160FFFF54F35341A9A9
:10E4C000F51340F9FD7BC3A8C0035FD6010040F9F6
:10E4D000213440F9220040F9820000B4411240B9D1
:10E4E000F00302AA00021FD600008052C0035FD6CC
:10E4F00000008052C0035FD6011C0012409640F914
:10E50000600000B4409640F9DBFFFF17C0035FD600
:10E51000419640F9E10100B4FD7BBEA9FD030091E5
:10E52000F35301A9F30300AA549640F9610240395C
:10E5300081000035F35341A9FD7BC2A8C0035FD61B
:10E5400073060091E00314AACBFFFF97F8FFFF17B3
:10E55000C0035FD6409640F9400100B4409640F9B0
:10E56000000040F9003440F9020040F9A20000B474
:10E57000409640F9F00302AA411240B900021FD6AA
:10E58000C0035FD6FD7BBCA9FD030091F35301A935
:10E59000F55B02A9566640F9760800B4E00316AAB6
:10E5A000210000F021A409912CE3FF97F50300AAB4
:10E5B000C00200B5E00316AA210000F021D40991A1
:10E5C000CBDFFF97F303002AE2E30091E103132A74
:10E5D000400A80521FF2FF97A0040035E11F40F966
:10E5E000419600F9400640F9000078B2400600F973
:10E5F000D9FFFF97F35341A900008052F55B42A970
:10E60000FD7BC4A8C0035FD641078052DBE5FF97BE
:10E61000600200B41400154BE203142AE10315AAAA
:10E62000E00316AA76DFFF97F303002AE0FCFF362B
:10E63000E10315AAE203142AE00316AA57DFFF97A5
:10E64000E10300AA80FBFFB4E00316AAA8DFFF974E
:10E65000F303002AA0FBFF36D7FFFF17E00315AA3C
:10E66000D0E5FF97F403002AECFFFF177F0200714B
:10E670004D010054405640F9E2E30091617E409321
:10E6800003008052DCEFFF9780000035E01F40F967
:10E690009AEEFF9740FAFF34200000F000F4099151
:10E6A000D9E6FF97E2E3009101008052400A8052D0
:10E6B000CFF1FF9740F9FF34E2E30091010080526F
:10E6C000400A8052BDF1FF97A0F8FF34E1E30091CA
:10E6D000400A8052F9F1FF9700FEFF35E01F40F934
:10E6E000E0F7FFB5EDFFFF17FD7BBEA9FD0300912D
:10E6F000F30B00F9F30301AAC3EEFF97000C40F9F6
:10E700007F0200F9010040F9610600F9010840B9F3
:10E7100061420039010C40B9614A0039011040B929
:10E7200061460039001440B9601600B900008052FB
:10E73000F30B40F9FD7BC2A8C0035FD6FD7BBDA9EA
:10E74000FD030091F35301A9F30300AAF51300F9A7
:10E75000140840F9DAEEFF97F50300AAE00313AAC4
:10E7600012EFFF97E17F40B21F0001EB010100545F
:10E77000601E40F9400400B5A0028012F35341A985
:10E78000F51340F9FD7BC3A8C0035FD6800200F9F2
:10E79000601640F902008052210000D021E83C912F
:10E7A0009CF2FF97801200B902008052210000D035
:10E7B000601640F921143D9196F2FF97800E00B942
:10E7C00022008052210000D0601640F9213C3D918A
:10E7D00090F2FF97800A00B9801640B9800100349A
:10E7E000BF060071E0028052E10080520000811AF1
:10E7F000801A00B900008052E1FFFF17B2EEFF97C8
:10E800001F000171A1FBFF54E2FFFF1747C9FF97EB
:10E81000E203002A601640F9210000D021703D91EA
:10E820007CF2FF97801600B9C0FDFF35D3FFFF17BC
:10E83000030040F9021080B9000C40B94200038B7C
:10E840002120C01A217C4093406861B8BF3F03D5A6
:10E85000C0035FD6FD7BBFA9FD0300916AEEFF9761
:10E86000E40300AA000C40F9A1008052F1FFFF97D9
:10E87000A0000036FD7BC1A801008052800C40F949
:10E88000ECFFFF1740018012FD7BC1A8C0035FD6DB
:10E89000FD7BBEA9FD030091F30B00F9331C0012B0
:10E8A00059EEFF97000C40F9A1008052D3000034CC
:10E8B000E0FFFF9700000012F30B40F9FD7BC2A8B8
:10E8C000C0035FD6DBFFFF971F007BF2E0179F1AA4
:10E8D000FAFFFF17040040F9031080B9000C40B99B
:10E8E0006300048B2120C01A217C4093BF3F03D5D5
:10E8F000626821B8C0035FD6FD7BBEA9FD0300910D
:10E90000F30B00F9331C00123FEEFF97E40300AA5B
:10E91000000C40F9A1008052C6FFFF972001283665
:10E92000800C40F9E203132A01008052EAFFFF97AE
:10E9300000008052F30B40F9FD7BC2A8C0035FD6F4
:10E9400040018012FCFFFF17FD7BBEA9FD03009173
:10E95000F30B00F9F303012A2BEEFF97620E42D36B
:10E96000610600125F0C0071731644D3600A417A8D
:10E97000A10100543F0C007160010054220000D03E
:10E9800042B00F91000C40F94268E13861008052BA
:10E99000D1FFFF9700008052F30B40F9FD7BC2A826
:10E9A000C0035FD660418012FCFFFF17FD7BBFA94B
:10E9B000E50300AAE603012AFD030091000C40F9DB
:10E9C000610080529BFFFF970778181202001932EE
:10E9D00061008052A00C40F9BFFFFF97C21C0012DB
:10E9E000A00C40F901008052BBFFFF97C23C48D306
:10E9F000A00C40F921008052B7FFFF97E203072ADD
:10EA0000FD7BC1A861008052A00C40F9B2FFFF1746
:10EA1000FD7BBEA9FD030091F30B00F9F303012A6E
:10EA2000F9EDFF97020C40F9616E1C53736E1D5394
:10EA3000421440B97302020B610AC11ADCFFFF974E
:10EA4000F30B40F900008052FD7BC2A8C0035FD6E3
:10EA5000E50300AAE603012AFD7BBFA9FD0300919F
:10EA6000A00C40F9A100805272FFFF97A0FF37363B
:10EA7000A00C40F9020080522100805296FFFF97BF
:10EA800062008052A00C40F98100805292FFFF97F3
:10EA9000A00C40F941008052021840B98EFFFF9748
:10EAA00062008052A00C40F9E103022A8AFFFF971E
:10EAB000DF040031A0000054FD7BC1A8E103062A59
:10EAC000E00305AABAFFFF17FD7BC1A8C0035FD60C
:10EAD000FD7BBCA9FD030091F35301A9F30300AA38
:10EAE000F51300F9150840F9C7EDFF97F40300AAE4
:10EAF000601E40F9400100B4F3EDFF971F00017163
:10EB0000E1000054E00313AA33EEFF97E17F40B227
:10EB10001F0001EB60020054A00200F9E1C3009164
:10EB2000E00313AAF00C009460000035E0C30091EC
:10EB3000900C0094E00313AAAAEDFF97800E00F951
:10EB400001008012E00314AAC2FFFF970000805268
:10EB5000F35341A9F51340F9FD7BC4A8C0035FD668
:10EB6000A0028012FBFFFF17FD7BBEA9FD030091F1
:10EB7000F35301A9F40300AA9DEDFF97F30300AA44
:10EB8000E00314AAA6EDFF97140000F9610640B94E
:10EB9000010800B9610A40B9011000B901018052B1
:10EBA000011400B900008052F35341A9FD7BC2A8B3
:10EBB000C0035FD6FD7BBEA9FD030091F35301A9FD
:10EBC000F40300AA93EDFF97F30300AA020080521A
:10EBD000801640F9210000F0211012918DF1FF976D
:10EBE000600200B900008052F35341A9FD7BC2A826
:10EBF000C0035FD6FD7BBBA9FD030091F35301A9C0
:10EC0000F55B02A9F76303A9F70300AAF96B04A94E
:10EC1000151C40F9A00240F9183440F9E00315AA88
:10EC20007CEDFF97F30300AAE00317AA7CEDFF97A2
:10EC3000140840B9F60300AA600240B9E0030034AA
:10EC4000740400349F02006B94D2801AC00E40B945
:10EC50001F00146BA0060054A00240F9DA1240B95C
:10EC6000193440F9221740F9620300B4E103142A71
:10EC7000E00315AA40003FD6F303002A0003003446
:10EC8000200000D000302591350400B4A10A40A92D
:10EC9000E303132A210040F9D8E9FF97F55B42A965
:10ECA000E003132AF35341A9F76343A9F96B44A97D
:10ECB000FD7BC5A8C0035FD69F02007100D49052AF
:10ECC0002000A0729412801AE1FFFF17F403002ABB
:10ECD000DFFFFF17B3028012EAFFFF17221B40F984
:10ECE000220100B4E1031A2AE00315AA40003FD62E
:10ECF000F303002A80010034200000D000B82591E1
:10ED0000E2FFFF17B3028012FCFFFF17220000F0A2
:10ED1000210000F0E303132A42D410912100119145
:10ED2000DEFFFF17D40E00B9010340F9210100B442
:10ED3000F35341A9E00317AAF55B42A9F00301AA26
:10ED4000F76343A9F96B44A9FD7BC5A800021FD650
:10ED500013008052D2FFFF17011C40F9210040F937
:10ED6000213440F9210440F9610000B4F00301AA04
:10ED700000021FD6C0035FD6051C40F9A60040F96B
:10ED8000A52440F9C63440F9A50440F9A50840B9C6
:10ED9000BF5C0171A1000054C50C40F9A50000B48E
:10EDA000F00305AA00021FD6C00B8012C0035FD675
:10EDB000A0048012FEFFFF17000040F98EFFFF172E
:10EDC000000040F9E5FFFF17000040F9EBFFFF17D7
:10EDD000FD7BBFA9FD03009105EDFF97800000B406
:10EDE000000040B9FD7BC1A8C0035FD6200080129F
:10EDF000FDFFFF17FD7BBCA9FD030091F35301A9A3
:10EE0000F40300AAF55B02A9F60302AAF503012A9E
:10EE1000020040F9423440F9431C40F9230300B496
:10EE2000E2C3009160003FD6F303002AA002003441
:10EE3000200000F000B80D91740100B4810A40A9CF
:10EE4000E403132AE303152A210040F96BE9FF9735
:10EE5000F55B42A9E003132AF35341A9FD7BC4A843
:10EE6000C0035FD6220000F0210000F0E403132A63
:10EE7000E303152A42D4109121001191F4FFFF17EA
:10EE8000E1E30091E00314AAF9ECFF97E01F40F9D9
:10EE9000600000B553028012EEFFFF17D4ECFF971D
:10EEA000000040B91F00156BA1000054E01F40F99D
:10EEB00013008052C00200F9E6FFFF17E0E3009163
:10EEC000F3ECFF97F2FFFF17FD7BB9A9FD0300915B
:10EED000F35301A9F403012AE103002AF55B02A917
:10EEE000F503022AF60306AAE2830191F76303A958
:10EEF000F80304AAF70307AAF96B04A9F903032A84
:10EF0000FA0305AAFB2B00F9FB03002AE00A805252
:10EF1000B7EFFF97E0010034F303002AE203002A71
:10EF2000E1031B2A200000F000E40E9133E9FF9773
:10EF3000F55B42A9E003132AF35341A9F76343A900
:10EF4000F96B44A9FB2B40F9FD7BC7A8C0035FD632
:10EF5000E03340F9E2A30191E103142AA6FFFF97F1
:10EF6000F303002A1F0300F10018533A81040054F0
:10EF7000E03340F9E3A30191E2031AAAE10318AADE
:10EF80009AEDFF97F303002A40FDFF35E03740F983
:10EF900097ECFF97190800B9BF02007101D4905295
:10EFA0002100A072B512811A14540029E03740F9EB
:10EFB000019040B90101003750ECFF97F303002A9C
:10EFC00080FBFF35E03740F995ECFF97E13740F9DA
:10EFD000010000F9E03740F991ECFF97010C40B9CE
:10EFE000F40300AA41030034E03340F9C00200F901
:10EFF00013008052F40200F9CEFFFF1780FDFF34AA
:10F00000E13340F9200000D000480F91010100B425
:10F01000260840A9E503132AE403142AE3031B2A64
:10F02000C10040F9F5E8FF97C2FFFF17220000D0AA
:10F03000210000D0E503132AE403142AE3031B2A6A
:10F0400042D4109121001191F7FFFF175BFFFF974A
:10F05000F303002AA0FCFF34B6FFFF17FD7BBDA918
:10F0600002008012FD030091F35301A9F40300AAEA
:10F07000F51300F9F50301AA210000D0211C0C9121
:10F08000001440F963F0FF97A00200B902D4905237
:10F09000210000D0801640F9211012912200A072A8
:10F0A0005CF0FF97A00600B9210000D02158129112
:10F0B000801640F9B2F0FF97131C1F53801640F9D9
:10F0C000210000D0217C1291ADF0FF971F1C00722F
:10F0D0004000005473020032801640F9210000D035
:10F0E00021A01291A6F0FF971F1C0072400000544F
:10F0F00073021E32801640F9210000D021D01291F7
:10F100009FF0FF971F1C00724000005473021C32D6
:10F11000801640F9210000D021F8129198F0FF9755
:10F120001F1C00724000005473021932801640F90F
:10F13000210000D0220080522138139135F0FF9732
:10F140001F100071000300541F20007100030054C1
:10F150001F0800714100005473021732801640F9F5
:10F16000210000D022008052217C139129F0FF97CA
:10F170001F100071000200541F2000710002005493
:10F180001F0800714100005473021432B30A00B921
:10F1900000008052F35341A9F51340F9FD7BC3A849
:10F1A000C0035FD673021632EDFFFF1773021232EF
:10F1B000EBFFFF1773021332F5FFFF1773021132D3
:10F1C000F3FFFF17FD7BBEA9FD030091F30B00F9D0
:10F1D000F30300AA06ECFF97E10300AA601640F9CA
:10F1E000A000F8B7E00313AAF30B40F9FD7BC2A817
:10F1F0009BFFFF17F30B40F900008052FD7BC2A874
:10F20000C0035FD6FD7BBDA9FD030091F35301A9A7
:10F21000F403012AF51300F9150840F9FAEBFF97FA
:10F22000F30300AA000040F9BF010094600240F916
:10F23000E103142AEB010094A0C2403960000034BD
:10F24000600240F9BE010094600240F9B0010094F0
:10F25000F35341A900008052F51340F9FD7BC3A888
:10F26000C0035FD6FD7BBDA9FD030091F35301A947
:10F27000F30301AAF55B02A9F50300AA000040F917
:10F28000001C40F9140840F9DFEBFF97160040F925
:10F29000A00240F9CFFEFF97E103002A82624039C5
:10F2A000E00316AAE0010094602640B91F04007133
:10F2B0006022403961020054611A40F9210200B411
:10F2C000E10313AAC0000035F35341A9E00316AAD5
:10F2D000F55B42A9FD7BC3A82F020014E00314AA2A
:10F2E000A302009420030035F55B42A9E10313AAB1
:10F2F000E00314AAF35341A9FD7BC3A8C302001481
:10F30000E10313AA80010034601A40F9400100B4FF
:10F31000E00314AA4503009480010035F55B42A97F
:10F32000E10313AAE00314AAF35341A9FD7BC3A888
:10F330005E030014F35341A9E00316AAF55B42A94A
:10F34000FD7BC3A847020014F35341A9F55B42A912
:10F35000FD7BC3A8C0035FD6FD7BBEA90100805220
:10F36000FD030091F35301A9F40300AA130840F927
:10F37000DDEBFF972100805262A20091600600F948
:10F38000E00314AAF7EBFF97600A00F9210000B030
:10F3900021D41C91801640F9F9EFFF976062003983
:10F3A00002108052210000B0801640F921201D91EA
:10F3B00098EFFF97601E00B982008052210000B0D4
:10F3C000801640F921601D9192EFFF97602200B9ED
:10F3D00002008052210000B0801640F921A01D914A
:10F3E0008CEFFF97602600B9611640F9E05B40B2F0
:10F3F0003F0000EB690000542000805260C20039D9
:10F40000801640F992EFFF97F40300AA0001F8B6C6
:10F41000200000B000F41D91F8E7FF974002801231
:10F42000F35341A9FD7BC2A8C0035FD602249452C6
:10F43000210000D0E200A0722110129175EFFF9719
:10F44000600600B902208052E00314AA210000B037
:10F4500021B01E916FEFFF97603600B90202805213
:10F46000E00314AA210000B021D81E9169EFFF9794
:10F47000603A00B902198052E00314AA210000B0DA
:10F4800021041F9163EFFF97603E00B9E21F805295
:10F49000E00314AA210000B0213C1F915DEFFF970B
:10F4A000604200B982028052E00314AA210000B039
:10F4B00021741F9157EFFF97604600B98202805276
:10F4C000E00314AA210000B021AC1F9151EFFF9777
:10F4D000604A00B900008052D2FFFF17FD7BBFA930
:10F4E000FD03009148EBFF97015840B9FD7BC1A88F
:10F4F000002840F9310A0014FD7BBDA9FD030091ED
:10F50000F35301A9F55B02A9F50300AA140840F919
:10F510003DEBFF97F30300AAF1C3FF97800300348C
:10F52000800640F9600200F9800A40F9600600F99F
:10F53000800240B960000035E9C3FF97800200B93E
:10F5400076420191E00315AAE10316AA660A009427
:10F5500060000035E00316AA060A0094604240B934
:10F56000C000003400008052F35341A9F55B42A96A
:10F57000FD7BC3A8C0035FD6E00314AA6801009412
:10F5800020008052604200B9F7FFFF17400280124E
:10F59000F6FFFF17FD7BBDA9FD030091F35301A901
:10F5A000F51300F9F503012A130840F916EBFF974C
:10F5B000F40300AAE203152A000040F9610240B9F1
:10F5C000F4000094800240F9E203152AF51340F993
:10F5D000610240B963924729659A4829F35341A9CA
:10F5E000FD7BC3A825010014FD7BB6A9FD03009196
:10F5F000F35301A9F303012AF55B02A9F76303A9F9
:10F60000F70300AAF96B04A9FB7305A9140840F9D4
:10F61000FDEAFF97F50300AA000040F9960640B9FD
:10F62000DF02136BD692931ABF000094A04E40B92C
:10F630001F00166B60050054E00317AAF2EAFF975B
:10F64000F80300AA01488852E00317AAE101A0725A
:10F65000FF7F0C297B008052140340F9CEFFFF97F7
:10F660000200805221008052E00314AABA000094E4
:10F67000E00314AAA6000094C01F8C12FFFF06A985
:10F68000E1A30191E0D30079E00300B2E04700F983
:10F69000E0830191FF4B00F9FFFF07A9FB9300B93D
:10F6A000E04F00F9E00314AA3B010094F303002AA1
:10F6B00000030034200000B000E41F91D8D4FF976D
:10F6C000F55B42A9E003132AF35341A9F76343A969
:10F6D000F96B44A9FB7345A9FD7BCAA8C0035FD69B
:10F6E000A04640B91F00166B81FAFF54B34A40B9D7
:10F6F000E00317AAB7FDFF977F02006BE1F9FF5403
:10F70000A00240F91300805281000094EDFFFF1722
:10F7100019008012FC03192A1A008052E103162AEC
:10F72000E00317AA9CFFFF97E00314AA7E00009451
:10F73000E2031A2A21008052E00314AA86000094F2
:10F74000E00314AA72000094FFFF06A9C01F8C12E8
:10F75000E0D30079E00300B2E04700F9E0930191C3
:10F76000FF4B00F9E1A30191FFFF07A9FB9300B94B
:10F77000E04F00F9E00314AA07010094F303002A04
:10F78000A0F9FF35E1034C299F070031C101005466
:10F790003F00006B39039A1A5C039C1A5A07001148
:10F7A0005F43007121FCFF549F0700312101005489
:10F7B000200000B00060209199D4FF97B64E00B9A8
:10F7C000D0FFFF173F00006BE001005459070051C4
:10F7D000E00314AA5400009423031C0B420080523F
:10F7E000E00314AA21008052620CC21A5A0000944D
:10F7F000164700B9E00317AA76FDFF97004B00B942
:10F80000EFFFFF17F9031A2AE5FFFF17FD7BBDA9DC
:10F81000FD030091F35301A913008052F55B02A987
:10F82000F50300AA000080D2F9E1FF97F403002A53
:10F83000F67082D2E00314AAF5E1FF971F0016EBE1
:10F840004901005401E28452200000B000081C91DC
:10F85000EAE6FF9700008052F35341A9F55B42A905
:10F86000FD7BC3A8C0035FD6A00240B9BF3F03D54C
:10F87000C000F836730600117F0E0071C1FDFF5401
:10F8800020008052F5FFFF1713008052EAFFFF1798
:10F89000FD7BBEA9FD030091F35301A9F30300AA68
:10F8A000BF3F03D5019000B921000032BF3F03D50F
:10F8B000F4E18452019000B9609240B9BF3F03D592
:10F8C00060010836200080D29406005109E2FF97BB
:10F8D0009F06003121FFFF54E00313AACCFFFF97DE
:10F8E000E0000034000080520600001474FFFF3571
:10F8F000200000B000C41991C0E6FF97800080127C
:10F90000F35341A9FD7BC2A8C0035FD6010040B9F3
:10F91000BF3F03D521000032BF3F03D5010000B92E
:10F92000C0035FD6010040B9BF3F03D521781F1245
:10F93000BF3F03D5010000B9C0035FD6010040B945
:10F94000BF3F03D521001932BF3F03D5010000B9E5
:10F95000C0035FD6FD7BBFA9E503012AFD0300912B
:10F96000F1FFFF97031040B9BF3F03D5610000329C
:10F97000BF00007163781F126300811A430C1F33AC
:10F98000BF3F03D5FD7BC1A8031000B9E0FFFF17FF
:10F99000FD7BBFA9E303012AFD030091E2FFFF976E
:10F9A000050040B9BF3F03D56304005146781F539B
:10F9B0006104020BE2018052A56C09122108C61AEB
:10F9C000210400513F3C00712190821AA14C012A70
:10F9D000BF3F03D5FD7BC1A8010000B9CCFFFF17D5
:10F9E000FD7BBFA9E403012AE30300AAFD03009104
:10F9F000CDFFFF97020040B9BF3F03D542741D12EF
:10FA00004400083642001F324400003642001E32D5
:10FA1000BF3F03D5FD7BC1A8620000B9E00303AA84
:10FA2000BBFFFF17FD7BBFA9E503012AE40300AA82
:10FA3000FD030091BCFFFF97030040B9BF3F03D512
:10FA40000201003462001732A20C1633BF3F03D507
:10FA5000FD7BC1A8820000B9E00304AAACFFFF1738
:10FA600020008052627816120020C51AE003202A76
:10FA7000050C0012F5FFFF17FD7BBFA9EA03012A61
:10FA8000E73F9952FD0300914773A772E80300AA6C
:10FA9000A5FFFF974001070B4700070B0008CA1A94
:10FAA000E208C21A4200000B5F00036B48000054DA
:10FAB0006300024B4204000B5F00056B48000054DA
:10FAC000A500024B01040051C6040051A500010B22
:10FAD0006300010B81040051C600000B2100000BE4
:10FAE000A508C01A2108C01AC608C01AA51C1853B8
:10FAF0006308C01A211C1053C61C00122100062ADC
:10FB0000A360032A2100032ABF3F03D5FD7BC1A8C0
:10FB1000010D00B9E00308AA7DFFFF17FD7BBFA917
:10FB2000E20300AAFD030091000440F97EFFFF9765
:10FB3000400440F9011440B9BF3F03D5408C462929
:10FB400021340A12633C10536010002A0000012A7D
:10FB5000BF3F03D5410440F9201400B9BF3F03D58E
:10FB6000400440F91F2400B9401C40B9007C0153F7
:10FB7000BF3F03D5410440F9201800B9BF3F03D56A
:10FB8000400440F91F4400B9FD7BC1A8400440F97E
:10FB90005FFFFF17FD7BBBA9FD030091F35301A994
:10FBA000F55B02A9F71B00F9371840F9332840B973
:10FBB000FF0200F1621A487A89010054B4028012EF
:10FBC000E103132A200000B0008418910BE6FF9790
:10FBD000F55B42A9E003142AF35341A9F71B40F94E
:10FBE000FD7BC5A8C0035FD66206005121044039E1
:10FBF000F60300AA42080C534160012A2100093291
:10FC0000E14F00B923FFFF97F403002A20FEFF35E0
:10FC1000C0A240B9BF3F03D57F120071950080524A
:10FC20007592951AE1330191E20315AAE04F00B9EC
:10FC3000E00317AAADE0FF977F120071A9FCFF5403
:10FC4000C0A640B9BF3F03D562120051E133019114
:10FC5000E04F00B9E002158BA4E0FF97DDFFFF172E
:10FC6000FD7BBBA9FD030091F35301A9F55B02A93C
:10FC7000F50300AAF71B00F9332840B9371840F9FB
:10FC8000930300347F220071080500543404403986
:10FC9000941E08537F120071960080527692961A35
:10FCA000E10317AAE20316AAE02301918FE0FF9770
:10FCB000E04B40B9BF3F03D5A0AA00B97F12007145
:10FCC0000901005462120051E102168BE0230191F8
:10FCD00086E0FF97E04B40B9BF3F03D5A0AE00B927
:10FCE000730600519432132A940211321C0000143E
:10FCF000201040B9332040390008C05AE04F00B905
:10FD00007F0E0071E100005434044039007C085338
:10FD1000E04F00B9941E0853F7330191DEFFFF173F
:10FD20007F22007169010054E103132A200000B012
:10FD300000241991B1E5FF97A0028012F35341A965
:10FD4000F55B42A9F71B40F9FD7BC5A8C0035FD650
:10FD500034044039941E085313FEFF35E103142A7E
:10FD6000E00315AACBFEFF97F5FFFF17236040398C
:10FD7000042440B9BF3F03D5020440F9441C00B934
:10FD800024804039220440399F20007161030054CF
:10FD900042041032250840F9BF3F03D5040440F95E
:10FDA000856800B9C30000347F1000718400805260
:10FDB0006390841A630405534200032ABF3F03D5AE
:10FDC000030440F9620400B9020440F9421440B946
:10FDD000BF3F03D521204039426C1C122104005141
:10FDE0002100022ABF3F03D5000440F9011400B9E5
:10FDF00000008052C0035FD69F100071C1FCFF5409
:10FE000042000F32E4FFFF17FD7BBDA9FD03009107
:10FE1000F35301A9F30300AAF55B02A900C040391E
:10FE2000220840F9341840F9352840B9400500341B
:10FE3000631640F94040358BE103152A1F0003EBA0
:10FE4000A2040054600A40F90000028B610000B473
:10FE50001F0840F281020054020080D2230002CB2E
:10FE60007F1C00F18802005422F07D92210840920C
:10FE70000000028B8302028B020080D23F0002EB63
:10FE800021020054600640F961FEFF97800B0035A7
:10FE900080008012F35341A9F55B42A9FD7BC3A802
:10FEA000C0035FD602144038210400D18216003806
:10FEB000E7FFFF17036862F8836A22F84220009187
:10FEC000E7FFFF1704686238646822384204009133
:10FED000EBFFFF17BF3F03D5600640F9156C00B973
:10FEE000BF3F03D5600640F921008052016000B990
:10FEF000F5010035750640F9000080D244E0FF9717
:10FF0000F40300AAA06240B9BF3F03D540082837D8
:10FF1000E00314AA3EE0FF971F2800F148070054B1
:10FF2000200080D273E0FF97F7FFFF1716E284529C
:10FF3000600640F9012C40B9BF3F03D5213C007257
:10FF4000E1010054200080D26AE0FF97D6060071DC
:10FF500001FFFF54200000B000601A91A10D801233
:10FF600026E5FF97BF3F03D5600640F94100805268
:10FF7000016000B9A00D8012C7FFFF17602240B9D1
:10FF8000620A40F9217C001B3F00156B2190951AF5
:10FF9000800640F2610000543F0440F22002005409
:10FFA000E303012A000080D21F0003EB210100546B
:10FFB000600640F99442218BB502014B012C40B9F7
:10FFC000BF3F03D5213C0072A1FDFF54C9FFFF17BD
:10FFD00044004039846A203800040091F3FFFF1781
:10FFE000237C02531F0003EB40FEFF54440040B942
:10FFF000847A20B800040091FBFFFF1700008052B4
:02000004FFE11A
:10000000A5FFFF1720000090A10D801200DC1A91BF
:10001000D4FFFF17BF3F03D5600640F901048052AB
:10002000016000B998FFFF17032440B9BF3F03D513
:10003000020440F9431C00B92380403922044039AE
:100040007F200071A102005442041032BF3F03D54B
:10005000030440F9620800B9230840F9BF3F03D503
:10006000020440F9437800B9020440F9421440B94F
:10007000BF3F03D521204039426C1C12210400519E
:100080002100022ABF3F03D5000440F9011400B942
:1000900000008052C0035FD67F10007181FDFF54C5
:1000A00042000F32EAFFFF17FD7BBAA9FD03009162
:1000B000F35301A9F30300AAF55B02A9F76303A9AF
:1000C000F96B04A9FB2B00F9200840F9341840F91A
:1000D000372840B961C24039F503172AA105003419
:1000E000621640F9017C4092A042208B1F0002EB77
:1000F00002050054600A40F90000018B750000B44D
:100100001F0840F2E1020054010080D2A20201CB9C
:100110005F1C00F1E8020054A1F27D92B50A409202
:100120009402018B0000018B010080D2BF0201EB21
:1001300081020054600640F9B5FDFF97200C0034A1
:1001400000008052F35341A9F55B42A9F76343A92C
:10015000F96B44A9FB2B40F9FD7BC6A8C0035FD611
:1001600081164038B50600D101140038E4FFFF17AE
:10017000826A61F8026821F821200091E4FFFF17EC
:10018000826A61380268213821040091E8FFFF1774
:10019000793640B99F0640F200040054E00315AAE6
:1001A0001DD3FF97F60300AA000900B4E10314AAC7
:1001B000F40316AAE20315AA4CDFFF97BF3F03D54D
:1001C000600640F9177C00B9BF3F03D5600640F9CF
:1001D00021008052FAFF9F52017000B937020035AA
:1001E000750640F9000080D289DFFF97F40300AA6A
:1001F000A07240B9BF3F03D5E0082837E00314AA36
:1002000083DFFF971F2800F1E8070054200080D209
:10021000B8DFFF97F7FFFF17160080D2E8FFFF1740
:100220003F03176B000080D23593971A620A40F99A
:10023000A17E02531F0001EB61030054A20600726D
:1002400040010054630A40F9A1767E928102018B3D
:10025000000080D2246860380004009164000039F6
:100260005F00006B81FFFF547B0640F9000080D2E5
:1002700067DFFF97F80300AA602F40B9BF3F03D59F
:100280001F001A6B89010054E00318AA60DFFF9772
:100290001F2800F1E8010054200080D295DFFF976D
:1002A000F6FFFF17837A60B800040091430000B99D
:1002B000E1FFFF179442358BF702154BC8FFFF177C
:1002C00080008012A0FFFF17600180129EFFFF17C1
:1002D0002000009000601A91A10D801247E4FF9762
:1002E000BF3F03D5600640F941008052017000B95C
:1002F000760000B4E00316AA3CD2FF97A00D80124E
:1003000091FFFF1720000090A10D801200701B913B
:10031000F3FFFF17BF3F03D5600640F90104805289
:10032000017000B996F0FFB4E00316AA2FD2FF9730
:1003300081FFFF17211C0012421C00123F100071A8
:1003400080020054E80000543F0400710003005490
:100350003F0800710001005460418012C0035FD665
:100360003F200071A1FFFF54E20100351F0071F230
:1003700003000014A20000351F04147260418012B3
:1003800000009F1AF6FFFF171F041772FCFFFF17EC
:10039000620000351F0073F2F9FFFF171F0076F2AD
:1003A000F7FFFF171F0072F2F5FFFF1700008052E2
:1003B000EBFFFF17FD7BBFA9E30301AA22008052D8
:1003C000FD03009121004039041040B9E003042AE4
:1003D000D9FFFF974003003560204039C00000344A
:1003E00061244039E003042A22008052D2FFFF97A3
:1003F0006002003560604039C000003461644039FB
:10040000E003042A22008052CBFFFF9780010035D1
:10041000602440B980010034618040391F080071B8
:10042000E2179F1AE003042AC3FFFF971F00007121
:10043000E0179F1AFD7BC1A8C0035FD60000805261
:10044000FDFFFF1720008052FBFFFF17040040F95B
:10045000E20300AAE30301AA841C40F9840040F9E6
:10046000843440F9841040F9A40000B4840440F9B5
:10047000640000B4F00304AA00021FD6E10303AA3B
:10048000E00302AACCFFFF17FD7BBBA9FD0300918F
:10049000F35301A9F40301AAF55B02A9F50300AA2D
:1004A000F76303A9F92300F9020040F9421C40F95F
:1004B000420040F9563440F9E5FFFF971F1C0072D7
:1004C000E00A0054E00315AA3CFAFF97F303002A60
:1004D000A001F837C01240F9600200B4020840F9E8
:1004E000220200B4E10314AAE00315AA40003FD69B
:1004F000F303002A1F30083160010054E00315AAFD
:1005000030FAFF97BF030091E003132AF35341A988
:10051000F55B42A9F76343A9F92340F9FD7BC5A820
:10052000C0035FD6802A40B900070034802640B956
:10053000961A40F91F040071A0060054F70316AA8A
:10054000160080D280224039826240395300000B6D
:1005500073060011613E009121187C92FF6321CB4C
:1005600081064039F9030091E10300394005003468
:1005700001040051E3070091850A40F921701D53E1
:10058000A424C19A21200051641400383F20003176
:1005900081FFFF5400040011A2000034421C40926D
:1005A0002003008BE11F805234DEFF97F80216AA69
:1005B000640080521F0300F161721D5384049F1A6E
:1005C000E20319AA84044092E00315AA030080D232
:1005D000FEF9FF97F303002A60F9FF3518F9FFB41D
:1005E000812A40B9E30316AAE20317AAE00315AA79
:1005F000440080D221701D53F4F9FF9700F8FF34B6
:10060000F303002AC0FFFF17160080D2170080D224
:10061000CDFFFF17200080D2E0FFFF17734180124B
:10062000B9FFFF17030040F9E40300AAE20301AA9F
:10063000631C40F9630040F9633440F9631040F9EA
:10064000E30000B4650040F9650000B4F00305AABA
:1006500000021FD6600840F9400300B5811C40B974
:100660004320403940604039210200346300000BD0
:10067000630400113F00036B62000054A00280126B
:10068000C0035FD6402440B91F040071E10100544B
:10069000811840B921010034402840B91F00016B86
:1006A0000090811A402800B904000014402440B989
:1006B0001F040071E0FEFF54402840B900FEFF34E3
:1006C00000008052EFFFFF17402840B92100034B84
:1006D0003F00006B2190801A412800B9F7FFFF17F7
:1006E000202C40F9020080121F0800B9202C40F98C
:1006F000020000B9202C40F9000040B91F0C40F264
:10070000010100540000009000F027910204805283
:10071000202800F900008052229400B9C0035FD65F
:10072000000000900202805200C02891F9FFFF17DC
:1007300000048052209400B900000090002027910E
:10074000202800F900008052C0035FD6010C47A9A1
:10075000049840B9064040F9847C0313029040B9E4
:10076000630001CB012C40F9847C4093252040B9E3
:10077000014440F9210006CB210003CB630CC49A4D
:10078000210CC49A4100014B4200054B5F00036BF2
:100790004230831A030080123F00026B2190821ABC
:1007A000210400513F04003141000054C0035FD6D2
:1007B000043C40F9029C80B99F0002EBC000005449
:1007C000039840B9023840F97F200071410100547C
:1007D00043004039022C40F9436000B9029840B907
:1007E000043840F9427C031382C0228B023800F99E
:1007F000ECFFFF1743004079F7FFFF17030848A9F4
:10080000012C40F9420003CB039840B9212440B9A0
:10081000637C0313637C4093420CC39A3F00026BDA
:100820002130821A210400513F040031410000545C
:10083000C0035FD6022C40F9044440F9436040B93C
:10084000029C80B99F0002EBC0000054049840B99C
:10085000024040F99F20007101010054430000391B
:10086000029840B9034040F9427C031362C0228BD6
:10087000024000F9ECFFFF1743000079F9FFFF1772
:10088000202840B92200A0521F4040710090821AD7
:10089000202800B900008052C0035FD6FD7BBEA9AE
:1008A000FD030091F30B00F9F303012A56E6FF97CD
:1008B000136C00B900008052F30B40F9FD7BC2A815
:1008C000C0035FD6FD7BBDA9FD030091F35301A9D1
:1008D000F303012AF51300F9F50300AA41E6FF9797
:1008E000F40300AAE00315AA47E6FF97012C40F99C
:1008F000820240B93F0800B95F00136B4390931A1E
:100900004290931A013040F92108C29A022C40F912
:100910002104001121381F12411400B92200805215
:10092000012C40F9220800B9036800B90000805288
:10093000F35341A9F51340F9FD7BC3A8C0035FD66B
:10094000FD7BBEA9FD030091F35301A9F30300AAA7
:10095000140840F997E6FF97800600F9A00000B55B
:10096000A0028012F35341A9FD7BC2A8C0035FD649
:10097000601640F902249452E200A072210000B0F7
:100980002110129123EAFF97800200B92100009004
:10099000213C2691601640F979EAFF971F1C0072EE
:1009A00001FEFF5400008052EFFFFF17FD7BBFA93F
:1009B000FD03009114E6FF97013040B9FD7BC1A80B
:1009C000001440F9FD04001402844239019840B932
:1009D00021040051420476D3211000122100022A82
:1009E00002884239006C40B942047AD3000478D3BB
:1009F0004000002A2000002AC0035FD6019840B9B9
:100A00000284423921040051420478D3211070D36A
:100A10002100022A02884239006C40B942047CD38A
:100A200000047AD34000002A2000002AC0035FD6C9
:100A300002844239019840B921040051420478D31C
:100A4000210C00122100022A02884239006C40B9B0
:100A500042047CD300047AD34000002A2000002AFC
:100A6000C0035FD6FD7BBFA9FD030091E6E5FF97BC
:100A7000A0048012FD7BC1A8C0035FD6FD7BBCA98A
:100A8000FD030091F35301A9F55B02A9F60300AA47
:100A9000F76303A90AE6FF97F70300AAE00316AA83
:100AA000D0E5FF97F30300AAE00316AAD6E5FF9767
:100AB000F80300AA01800191600640F9002F00F9B7
:100AC000600240B9006B00B9E00316AAE6FFFF9789
:100AD000F303002AA0010035E00316AACAE5FF9738
:100AE00015A00091F40300AAE10315AAE00316AAD9
:100AF000FD040094F303002A400100341F30083144
:100B00000418423A80030054F55B42A9E003132A1B
:100B1000F35341A9F76343A9FD7BC4A8C0035FD683
:100B2000E00315AA93040094F303002A4002003462
:100B3000801640F9A10A40B9A00400942100009059
:100B400020642691D60000B4C10A40A9E303132A09
:100B5000210040F929E2FF97ECFFFF17220000B0C7
:100B6000210000B0E303132A42D410912100119117
:100B7000F9FFFF17770400B4E10318AAE00316AAEF
:100B8000E0023FD6F303002A00FCFF35022F40F9B4
:100B900003018052405C40B9039B00B9E31F8052BF
:100BA0001F8702395F0800B9022F40F9432C00B9B2
:100BB00022008052032F40F9620800B9039340B924
:100BC00043FAFF35032F40F9621800B9032F40F9AB
:100BD000641840B99F00026BE10000544204001108
:100BE0005F00047101FFFF54029300B97F1800B940
:100BF000C6FFFF175F04007142109F1AFBFFFF172B
:100C0000B3028012C1FFFF17C0035FD6FD7BBCA9F2
:100C1000FD030091F35301A9F40301AAF55B02A9B6
:100C2000F60300AAF76303A9000040F9382440B98D
:100C3000001C40F974E5FF979522403981624039E4
:100C40001F070071F30300AAB502010BB5060011DE
:100C5000B51E4092A13E009121107C92FF6321CBF2
:100C60006100805221049F1A01840239012840F951
:100C7000F703009120003FD6612E40F93F0800B9EC
:100C8000612E40F9200000B91F070071A100005437
:100C9000612E40F9802A40B900040051200400B9B7
:100CA000612E40F920008052200800B9822240398C
:100CB00081064039E10200396201003441040051EB
:100CC000E0060091840A40F921701D538324C19AE3
:100CD00021200051031400383F20003181FFFF54D0
:100CE0004004001182624039A2000034421C40924C
:100CF000E0C2208BE11F805260DCFF97C00240F908
:100D000001008052C1FFFF97773A00F9F702158B77
:100D1000773E00F97F7E08A9610247A93F0000EBFA
:100D2000A1030054811A40F91F0700710104005407
:100D3000614200F9802A40B92100008B614600F928
:100D4000C00240F923F8FF971823C01A602E40F91B
:100D5000181000B9610248A93F0000EB21020054BD
:100D600014008052602E40F9210080521F1000B9FB
:100D7000C00240F9A5FFFF97BF030091E003142ACA
:100D8000F35341A9F55B42A9F76343A9FD7BC4A8CE
:100D9000C0035FD6E00313AA6DFEFF97DFFFFF17C6
:100DA000E00313AA96FEFF97EBFFFF17613A00F9E5
:100DB000802A40B92100008B613E00F9E00313AAAC
:100DC00063FEFF97C00240F902F8FF9721008052AE
:100DD0002120C01A602E40F9011000B9610247A914
:100DE0003F0000EBC102005498DCFF9714D0439100
:100DF00094020991B5008052602E40F9002840B954
:100E0000BF3F03D50000150A1F100071A0FAFF5460
:100E10008EDCFF979F0200EB05FFFF54602E40F928
:100E2000002840B9BF3F03D50000150A1F1000710C
:100E300080F9FF54B40D8012CBFFFF17E00313AA13
:100E400043FEFF97E6FFFF17FD7BBCA9FD03009162
:100E5000F35301A9F403012AF55B02A9F50300AAE3
:100E6000F60303AAF76303A9F70302AAF80304AA87
:100E7000001C40F9E4E4FF979F0A40F2600200542E
:100E80002000009000382791750100B4A10A40A904
:100E9000210040F91300801258E1FF97F55B42A949
:100EA000E003132AF35341A9F76343A9FD7BC4A8C8
:100EB000C0035FD6220000B0210000B042D41091E0
:100EC00021001191F4FFFF17F30300AA98000036E8
:100ED000E00315AA010080524CFFFF97DF0200F1EA
:100EE000E41A40FAE1070054DF0200F1E0079F1A1C
:100EF00000781F53612A40F960860239E00313AA83
:100F0000947E035320003FD6773A00F9612E40F9D2
:100F1000F702148B773E00F9764200F9D602148B63
:100F2000764600F9749E00B93F0800B9612E40F979
:100F3000220040B91F00026B40000054200000B99D
:100F4000E00315AAA3F7FF97622E40F92100805213
:100F50002020C01A401000B9602E40F9010800B9E5
:100F6000E00313AAFAFDFF9725FEFF97600648A944
:100F70003F0000EB68FFFF5434DCFF9714D043912F
:100F800094020991B6008052602E40F9002840B9C1
:100F9000BF3F03D50000160A1F1000716001005406
:100FA0002ADCFF979F0200EB05FFFF54602E40F9FB
:100FB000002840B9BF3F03D50000160AB30D8012C8
:100FC0001F100071410000541300805298F60F3634
:100FD000E00315AA210080520CFFFF97B0FFFF1716
:100FE00000008052C4FFFF17FD7BBEA9FD030091E6
:100FF000F30B00F9F30301AA83E4FF97010040F922
:10100000610200F9000440F9600600F90000805216
:10101000F30B40F9FD7BC2A8C0035FD6FD7BBDA9E1
:1010200001008052FD030091F35301A9F30300AACC
:10103000F51300F9F57F40B2140840F9AAE4FF97D0
:101040001F0015EBC1000054A0028012F35341A908
:10105000F51340F9FD7BC3A8C0035FD6800600F9F5
:1010600021008052E00313AA9FE4FF971F0015EBB5
:10107000C0FEFF54800A00F941008052E00313AA29
:1010800099E4FF971F0015EB00FEFF54800200F962
:1010900000008052EEFFFF17FD7BBDA9FD0300910C
:1010A000F35301A9F30300AAF51300F956E4FF97DF
:1010B00015400091F40300AAE10315AAE00313AA66
:1010C0008903009440020034E303002A000000F08A
:1010D00000241691330100B4610A40A9210040F9AF
:1010E000C6E0FF9740028012F35341A9F51340F97F
:1010F000FD7BC3A8C0035FD62200009021000090B2
:1011000042D4109121001191F6FFFF17E00315AAB8
:1011100018030094E00313AA7801009460FEFF34E2
:10112000000000F0009416913DCEFF97800A40F930
:10113000A10A40B921030094EBFFFF17000840F912
:10114000E103012A006861B8BF3F03D5C0035FD641
:10115000000040F9E103012A006861B8BF3F03D5F0
:10116000C0035FD6E30300AAE003012ABF3F03D513
:10117000610040F9E203022A206822B8C0035FD66A
:10118000E30300AAE003012ABF3F03D5610440F94D
:10119000E203022A206822B8C0035FD6FD7BBEA905
:1011A000FD030091F35301A9BF3F03D5010040F9AE
:1011B0003F1402B9140040F9000080D294DBFF977D
:1011C000F30300AA801A42B9BF3F03D51F0C40F2B7
:1011D00000010054E00313AA8DDBFF971FA00FF15D
:1011E00008010054200080D2C2DBFF97F6FFFF17F2
:1011F00000008052F35341A9FD7BC2A8C0035FD613
:10120000A00D8012FCFFFF17FD7BBDA9FD0300911F
:10121000F35301A9F30300AAF51300F9010040F903
:10122000211442B9BF3F03D5010040F9211842B94A
:10123000BF3F03D53F0C40F280010054D8FFFF9719
:101240004001003413008012000000F000D4279108
:101250006AE0FF97F51340F9E003132AF35341A91D
:10126000FD7BC3A8C0035FD6BF3F03D5600240F932
:10127000E1018052011402B9000080D2750240F9E8
:1012800063DBFF97F40300AAA01A42B9BF3F03D55E
:10129000A0011836E00314AA5DDBFF971FA00FF131
:1012A00088000054200080D292DBFF97F7FFFF17E1
:1012B000000000F0B30D8012003C28914FE0FF9732
:1012C000E5FFFF17E00313AAB5FFFF97F303002A1A
:1012D00020FCFF34000000F000D4279147E0FF9786
:1012E000DDFFFF17FD7BBEA9FD030091F35301A9AC
:1012F000C1BCFF9713D00291000080D244DBFF975E
:10130000F40300AA600240B9BF3F03D500010037D3
:10131000E00314AA3EDBFF971FA00FF10801005461
:10132000200080D273DBFF97F7FFFF170000805289
:10133000F35341A9FD7BC2A8C0035FD6A00D801264
:10134000FCFFFF17FD7BBFA9FD0300911F1440F2B6
:10135000C0000054E10300AA2000009000FC0291AC
:1013600026E0FF972BDAFF97E20301AA231440F24D
:10137000C00000542000009000CC0391F9FFFF173B
:1013800021740BD5630001916100008B7F0002EB9B
:1013900083FFFF54FD7BC1A8C0035FD6FD7BBBA9C3
:1013A000FD030091F55B02A9F50300AA000080D2BD
:1013B000F35301A9F76303A918008052F92300F938
:1013C00013DBFF97F60300AA77C5FF97B4CE47A9B2
:1013D0002FC4FF9701008052021040911900A8D23B
:1013E000E00314AAA5DAFF97F70312AA941240911A
:1013F00054AA00F9731240D125C4FF97E0AE00F95A
:1014000023C4FF979402008B21C4FF97730200CB83
:10141000E1C4FF97D30000B5B8010035B34A40F9E5
:10142000730100B4B44640F9380080527F0219EBD2
:10143000E00314AA7792999AE10317AA730217CBD3
:101440009402178BC0FFFF97F3FFFF1716C5FF9796
:1014500036C5FF97E003162AEDDAFF97F35341A94B
:10146000E103002AF55B42A920000090F76343A93D
:10147000009C0491F92340F9FD7BC5A8DFDFFF172D
:10148000FD7BBCA9FD030091F35301A91300029158
:1014900014800291F55B02A9160080D2F76303A9BC
:1014A0001700A8D2150080D278827FA9610240F986
:1014B0003F0015EB6801005473420091D602158B72
:1014C0007F0214EB01FFFF54403E40F91F0016EB72
:1014D0008002005420000090002809910F000014A1
:1014E0001F0017EB0190979A400100B4200400D12F
:1014F0001F0001EAE1000054A002188B3AD1FF97C7
:10150000B502008B600240F9000015CBE8FFFF1721
:1015100020000090004C089141CDFF97BDD9FF9766
:10152000F35341A9F55B42A9F76343A9FD7BC4A826
:10153000C0035FD6010840F921A840B9BF3F03D5D9
:10154000000040F9000840B9BF3F03D50004001275
:10155000420080D2233C4ED3242445D34220C09A5B
:10156000204850D30000030B23344AD36300040BFC
:10157000211000120000030B0000010B4020C09A54
:10158000C0035FD6014040F9E10400B4013C40F9DA
:1015900021004491BF3F03D5022280D24200BFF216
:1015A000410000B9229C60D3BF3F03D5832280D283
:1015B0004300BFF2620000B9BF3F03D563F0019161
:1015C000610000B9BF3F03D5813280D24100BFF234
:1015D000220000B9018847A92100028B210400D113
:1015E000BF3F03D5022380D24200BFF2410000B9C1
:1015F000229C60D3BF3F03D563D001D1620000B904
:10160000BF3F03D5617C00B9BF3F03D5813380D292
:101610004100BFF2220000B9BF3F03D52220805213
:10162000228016B8014840F9C10400B4014440F9D1
:10163000BF3F03D5022480D24200BFF2410000B96F
:10164000229C60D3BF3F03D5832480D24300BFF2E6
:10165000620000B9BF3F03D5617C00B9BF3F03D52D
:10166000813480D24100BFF2220000B9018048A934
:101670002000008B000400D1BF3F03D5012580D29C
:101680004100BFF2200000B9019C60D3BF3F03D5E9
:10169000822580D24200BFF2410000B9BF3F03D58E
:1016A000407C00B9BF3F03D5803580D24000BFF2F7
:1016B000010000B9BF3F03D541408052018015B8F9
:1016C000C0035FD6220000D042E00591010080D225
:1016D000437861B87F00006BC00000542104009182
:1016E0003F4C00F161FFFF5400008052C0035FD601
:1016F000E003012AFEFFFF17FD7BAEA9FD03009169
:10170000F35301A9F55B02A9F76303A9F96B04A9D7
:10171000FB7305A9130840F9BBE2FF970100805253
:10172000FA0300AA021380D2E0230291D3D9FF97D3
:10173000018088D201E0BEF2200040B900781B127F
:10174000200000B920C041B900781B1220C001B9A7
:1017500020E041B900781B1220E001B9200042B915
:1017600000781B12200002B9202042B900781B1219
:10177000202002B9204042B900781B12204002B953
:10178000206042B900781B12206002B901AC90D2EF
:1017900021E0BEF2200040B900781B12200000B901
:1017A000202040B900781B12202000B9204040B909
:1017B00000781B12204000B9206040B900781B124D
:1017C000206000B9208040B900781B12208000B949
:1017D00020A040B900781B1220A000B901A498D223
:1017E00041E0BEF2200040B900781B12200000B991
:1017F000202040B900781B12202000B9204040B9B9
:1018000000781B12204000B9206040B900781B12FC
:10181000206000B9208040B900781B12208000B9F8
:1018200020A040B900781B1220A000B9AEFEFF979F
:10183000C00000342000009000480591150080127F
:1018400077CCFF974F00001474008052760240F965
:10185000000080D2EED9FF97F50300AAC00E40B970
:10186000BF3F03D5200B0037E00315AAE8D9FF9747
:101870001FA00FF188000054200080D21DDAFF97CE
:10188000F7FFFF17E00313AA60FEFF9794060071AD
:10189000E1FDFF542000009000AC0791E8FFFF1726
:1018A000E00313AA37FEFF979F030071E1179F1A09
:1018B00021781F53B9000014403E40F91F0014EB7B
:1018C000800000542000009000680691CBDEFF9756
:1018D000413E40F9200000900070079121FC54D354
:1018E000C6DEFF97600240F9010041B9BB053836FA
:1018F000222080522200A0722100022A010001B998
:10190000E2DF9F52C2FFBF72610240F9200041B97D
:101910000000020A200001B922208052610240F931
:10192000200441B90000022A82228052200401B919
:1019300061008052E00313AA0BFEFF971ABFFF97C6
:1019400060000035E023029195FEFF97BF3F03D56D
:10195000800080D2210080524000BFF2010000B917
:10196000E0230291C7FEFF97E023029106FFFF9755
:10197000E08340F9400300F9403E40F9400700F998
:10198000F35341A9E003152AF55B42A9F76343A984
:10199000F96B44A9FB7345A9FD7BD2A8C0035FD6B0
:1019A000C2DF9F52C2FFBF722100020A010001B9CB
:1019B00022208012610240F9200441B90000020A8D
:1019C000200401B9E2FFFF1701058052E00313AACA
:1019D000DBFDFF97F703002A81058052E00313AA7D
:1019E000D7FDFF97FB03002A01158052E00313AADD
:1019F000D3FDFF97E303002A010A8052E00313AAF4
:101A0000E37F00B9CEFDFF97F803002A810F8052D3
:101A1000E00313AACAFDFF97F403002A01108052C5
:101A2000E00313AAC6FDFF97F503002A8110805238
:101A3000E00313AAC2FDFF97E06B00B901118052C9
:101A4000E00313AABEFDFF97F603002A811180521E
:101A5000E00313AABAFDFF97E07300B901148052A6
:101A6000E00313AAB6FDFF97F903002A0122805272
:101A7000E00313AAB2FDFF97011C45D30201805277
:101A8000E00313AAB8FDFF9701018052E00313AAF7
:101A9000B0FDFF97FC03002AE1E38352024280522B
:101AA000E103A072E00313AAAFFDFF97E37F40B903
:101AB000603C4ED361344AD32100000B607F055354
:101AC000000408530140012A60101853632445D3D1
:101AD0000000032A2000002AFBFEFF97E103002AF2
:101AE00080000034E00313AA02018052A5FDFF9795
:101AF00001158052E00313AA91FDFF97E103002A2C
:101B0000021C8052E00313AA97FDFF97E03B40F9C7
:101B1000011B0012E3364BD321440011F7364AD3A0
:101B2000821600122100170B052C46D3A05E52D35B
:101B3000A47E1253217C01532100004BA000020B14
:101B40002100000B4200034BE03740F9002C46D344
:101B50000000050B0000020B82464CD300641A53B0
:101B60000130012AC07E06534068002A82140B53BC
:101B70004348032A820180520000032A2100002AE0
:101B80009F070071E1E8FF5421000132E00313AA2E
:101B90007CFDFF970100805202028052E00313AAED
:101BA00078FDFF97391F1C53011B41D382028052DD
:101BB00021A00011E00313AA72FDFF97D67E0C53FB
:101BC000815E52D3020780522100192AE00313AA32
:101BD000210016326BFDFF97A07E1853D6161C53BA
:101BE000A12E46D38207805200141E530000162AED
:101BF0000100012AE00313AA62FDFF97E00313AA84
:101C00004DFEFF971F0000F1F40300AA0000A8D2C8
:101C10009412809AE5230291406640F944E20191D2
:101C2000030080D202008052010080D254D7FF9777
:101C3000F503002A20E4FF342000009000DC059129
:101C4000FFFEFF17FD7BBCA9FD030091F35301A923
:101C5000F30301AAF40300AAF51300F9E2E30091EB
:101C6000010040F9A009805287E4FF976001003528
:101C7000E01F40F9010040F9353440F9600200F9F5
:101C8000A20240F9220100B4E10314AAE00313AA5E
:101C900040003FD640010034F35341A9F51340F909
:101CA000FD7BC4A8C0035FD6800A40B91F04007141
:101CB000E1000054800E40B9600600F9A10640F929
:101CC000E00313AA20003FD6F4FFFF17A002801202
:101CD000F2FFFF17FD7BB9A93F000071E4D79F1AFF
:101CE000FD030091F30B00F9F30302AAE5830091D1
:101CF00003008052210000902200009021E0029118
:101D000042AC02916BE5FF977F0200F9800000353D
:101D1000E10313AAE0830091CBFFFF97F30B40F997
:101D2000FD7BC7A8C0035FD6010040F9210040F940
:101D3000213440F9210840F9F00301AA00021FD61E
:101D4000010040F9210040F9213440F9210C40F90B
:101D5000F00301AA00021FD6010040F9210040F95A
:101D6000213440F9211040F9F00301AA00021FD6E6
:101D7000FD7BBEA9FD030091F35301A9F40300AA62
:101D8000130080D2800A40B91F00136B6800005412
:101D90000000805206000014800240F90014138BEA
:101DA00073060091EDFFFF97E0FEFF36F35341A964
:101DB000FD7BC2A8C0035FD6FD7BBDA9FD030091DA
:101DC000F35301A9F403012AF30300AAF51300F960
:101DD00015008052BF02146B6B000054000080524B
:101DE0000C000014600240F9800000B5B506001137
:101DF00073820091F8FFFF17E00313AAD1FFFF974A
:101E000080000035E00313AAC8FFFF9700FFFF34EE
:101E1000F35341A9F51340F9FD7BC3A8C0035FD676
:101E2000FD7BBCA90300805222000090FD030091BD
:101E3000F35301A942AC0291F40301AAF55B02A994
:101E4000F71B00F9F70300AA3F0800B92100009032
:101E500021E0029133E5FF97F303002A1F00007190
:101E60002D020054007C7B930100905271D7FF97A4
:101E7000800200F9400300B4150080D2820240F9CC
:101E8000E103152AE00317AA4214158B92FFFF976E
:101E90006001F836F303002A810A40B9800240F954
:101EA000C6FFFF97F55B42A9E003132AF35341A94C
:101EB000F71B40F9FD7BC4A8C0035FD6800A40B978
:101EC000B506009100040011800A00B97F02156B6D
:101ED0006CFDFF5413008052F3FFFF177301801253
:101EE000F1FFFF17001440F9CEFFFF1700008052EA
:101EF000C0035FD6FD7BBEA9FD030091F30B00F983
:101F0000F30300AA000040F9BFE0FF97620640F922
:101F100001048052040040F9230080D2410CC11A10
:101F2000421000126220C29A21741E53217C4093F9
:101F3000806861B80000022A806821B800008052E1
:101F4000F30B40F9FD7BC2A8C0035FD6FD7BBFA9A0
:101F5000FD030091ACE0FF9700008052FD7BC1A81B
:101F6000C0035FD6FD7BBDA9FD030091F35301A91A
:101F7000F30300AAF51300F9000040F9A2E0FF976F
:101F8000620640F901048052040040F94310001237
:101F9000410CC11A220080D24220C39AF503022AC2
:101FA00021741E53217C4093856861B8A200220AE7
:101FB000826821B8130040F9000080D27302018BBF
:101FC00013D8FF97F40300AA600240B9BF3F03D5BE
:101FD000BF02006A00010054E00314AA0CD8FF9766
:101FE0001FD007F128010054200080D241D8FF976C
:101FF000F6FFFF1700008052F35341A9F51340F993
:10200000FD7BC3A8C0035FD6A00D8012FBFFFF17A6
:10201000FD7BBDA9FD030091F35301A9F30300AAC1
:10202000F51300F978E0FF97F40300AAE00313AA80
:10203000E0E0FF97F50300AA601640F90202805223
:10204000010000F021C80C9172E4FF97A042208BA0
:10205000800200F900008052F35341A9F51340F9C2
:10206000FD7BC3A8C0035FD6FD7BBEA92200009004
:1020700021000090FD030091031440F9E4630091F6
:1020800042A41291218412913EE1FF9700008052F8
:10209000FD7BC2A8C0035FD600008052C0035FD69C
:1020A000FD7BBFA9FD03009154E0FF97A5DDFF97DD
:1020B00000008052FD7BC1A8C0035FD6020040F93A
:1020C000423440F9A20000B4420C40F9A20000B42E
:1020D000F00302AA00021FD6A0048012C0035FD63C
:1020E00000008052FEFFFF17004040F9F4FFFF1789
:1020F000FD7BBBA9FD030091F35301A9F55B02A988
:10210000F503002AF603012AA0028052E12301917F
:10211000F71B00F9F70302AA40E2FF97F403002A35
:1021200080020035E02740F9130840F9738201D19D
:10213000E02740F961820191004000913F0000EBEF
:1021400061000054540280120A000014E00313AA34
:102150002AE0FF97010040B93F00156B6101005470
:10216000000440B91F00166B01010054F30200F98E
:10217000F55B42A9E003142AF35341A9F71B40F988
:10218000FD7BC5A8C0035FD6733240F9E8FFFF1797
:10219000004040F9040040F9843440F9840040F9DB
:1021A000640000B4F00304AA00021FD6A0048092C9
:1021B000C0035FD6FD7BBCA9FD030091E1E3009164
:1021C000F35301A9F51300F9F503002AA002805288
:1021D00012E2FF9740030035E01F40F953028012DE
:1021E000140840F9948201D1E11F40F980820191E5
:1021F000214000911F0001EBC1000054F51340F98C
:10220000E003132AF35341A9FD7BC4A8C0035FD6A2
:10221000E00314AAF9DFFF97010040B93F00156BF6
:1022200081000054000440B97F02006B73A2801A41
:10223000943240F9948201D1ECFFFF17F303002A96
:10224000EFFFFF17FD7BBFA9FD030091DAFFFF97AA
:102250001F4C0031A0000054E103202A007C410BF8
:10226000FD7BC1A8C0035FD600008052FDFFFF17B1
:10227000FD7BB9A9FD030091F35301A9F403052ADD
:10228000F55B02A9F503032AF76303A9F80306AA7D
:10229000F70307AAF96B04A9F90300AAFA0301AA34
:1022A000FB7305A9FB0302AA9F040031C10100547E
:1022B000E003032AE4FFFF97F303002A9303F837B0
:1022C000E3A30191E2031BAAE1031AAAE00319AAFE
:1022D000C6E0FF97F603002AE0050034F303162A50
:1022E00013000014F603042AE1A30191A002805216
:1022F000CAE1FF97F303002A40010035E03740F9B7
:10230000130840F9738201D1E03740F961820191ED
:10231000004000913F0000EBA10100543300801207
:102320007F02007164BA423AE0020054F55B42A9B0
:10233000E003132AF35341A9F76343A9F96B44A9B6
:10234000FB7345A9FD7BC7A8C0035FD6E00313AAB2
:10235000AADFFF97FC0300AA000040B91F00156B1D
:1023600061010054800740B9DF02006B0101005495
:10237000E003152AB4FFFF97F303002A20FDFF377F
:10238000800700B9F303162ACDFFFF17733240F917
:10239000DDFFFF17E03740F998DFFF97150000B920
:1023A000857E4093E1E70232BF0001EAE1F30132AA
:1023B000E2079F1ABF0001EAE1079F1A1F200039B8
:1023C0002204020BE1CF0432BF0001EA181401A974
:1023D000E1079F1A4108010BA25C789242DC68F287
:1023E000E2079F1ABF3C70F2220C020BE1079F1A12
:1023F0004110010B012000B9E13740F9130400B985
:10240000014000F9E03740F9E00200F9B4FFFF179E
:10241000FD7BB9A9FD030091F35301A9F30300AAC1
:10242000F55B02A9F60301AAC10380D2F76303A9F1
:10243000F703032AF803042AF96B04A9E40302AAA8
:10244000020000D0030440F942E41691F903052A82
:10245000FA0306AAF50307AAE04301919ADBFF9766
:10246000E043019170D6FF97200300B4E20300AA75
:10247000F40300AAE70315AAE00313AAE6031AAAC5
:10248000E503192AE403182AE303172AE10316AA2D
:1024900078FFFF97F303002A40010034E00314AAF9
:1024A000D2C9FF97F55B42A9E003132AF35341A970
:1024B000F76343A9F96B44A9FD7BC7A8C0035FD6A6
:1024C000A00240F984DFFF97F7FFFF177301801226
:1024D000F5FFFF17040000D084C81191030080D2DB
:1024E00002686338620000343F0003EB410000548F
:1024F000C0035FD685C8623865000036428000118F
:10250000421C00120268233863040091F5FFFF1794
:10251000E403002A6007A0D0003041F9E00000B5D4
:1025200000008012C0035FD600008012F35341A95F
:10253000FD7BC2A8C0035FD6FD7BBEA9E30302AA50
:10254000FD030091F35301A9F403012AF303012AC7
:102550006107A0D0E20314AA210041F92140248B95
:102560000CFFFF979F0200EB01FEFF54E003132ACC
:10257000EFFFFF17FD7BBDA9FD030091F35301A9F8
:10258000F51300F93F04007149010054F40300AA57
:10259000000840B91F800071C00100541F40007145
:1025A000E1060054E0FD9F523F00006BC907005454
:1025B000000000D0000C359190DBFF9700008052A6
:1025C000F35341A9F51340F9FD7BC3A8C0035FD6BF
:1025D000E05F1C323F00006BC2FEFF548032407946
:1025E000C2008052007C021B007C02133508C01A16
:1025F000B386001B802240B91F00156BC001005438
:10260000C1008052820E40B9A07E011B0300010B65
:102610004400004B7F00026B83224079820240F924
:102620008180811A6000000BBAFFFF9780FCFF37A2
:10263000952200B9800A40B91F40007180040054FF
:102640001F800071E00300541F30007181FBFF54B4
:102650006106130B820240F9217C01532004001112
:1026600041686138406860382020000B5300003614
:10267000007C0453002C0012D2FFFF173FBC3F71B7
:1026800088F9FF541F300071A1F9FF54803240795E
:1026900015741E533508D51A007C151B3308004BE2
:1026A000D5FFFF17803240791504000B3508D51A85
:1026B000007C151B0004000B3300004BCEFFFF17FE
:1026C000800240F9005873B8BEFFFF17800240F93E
:1026D00000587378BBFFFF17FD7BBDA9FD03009178
:1026E000F35301A9F30300AAF55B02A9001C40B94A
:1026F00060090035601640B9620240F9A008003553
:1027000056344079611240B9601A40B9C17E011B4C
:10271000A0050034400840B91F80007140050054F6
:10272000401440B9422440B92000000B4100014B45
:10273000DF02016BD692811A74020591E103162A19
:10274000E20314AA73FFFF974006F837600240F9CE
:10275000621A40B9611240B915304079610E00B972
:10276000B57E161B62030034020840B95F80007119
:102770000003005421040011611200B902344079B1
:10278000002440B9417C011B3F00006B63000054F2
:1027900020008052601600B9B57E0553B506005181
:1027A000751E00B9741200F98002403940030034EC
:1027B000F55B42A9E00314AAF35341A9FD7BC3A82A
:1027C000C0035FD6401C40B92000000BDBFFFF17A1
:1027D00069FFFF97601200B91F040071A9FDFF5443
:1027E000610240F9210840B93F800071E0000054C7
:1027F0003F40007102FE815201FE9F522100821A69
:102800001F00016BE2FFFF17E15F1C32FDFFFF17A6
:102810007F1200F9140080D2E6FFFF17741240F90E
:1028200000040051601E00B994820091DEFFFF1782
:10283000FD7BBBA9FD030091F35301A9F40300AA9A
:10284000F55B02A9F50302AAF60303AAF76303A93D
:10285000F92300F98103003417344079001C40B992
:10286000F702011B93324079BF1640F26005005415
:1028700073FE0091F803009173E67A92733A019126
:1028800073367C92FF6333CBF3FF009173E67A9249
:10289000803240791F0016EBA90100541F030091FC
:1028A000D60500B500008052BF030091F35341A943
:1028B000F55B42A9F76343A9F92340F9FD7BC5A85D
:1028C000C0035FD6171440B9E7FFFF17F9060011E0
:1028D000E20313AAE003172A210080520DFFFF979D
:1028E0001F040071800000541F030091000080123B
:1028F000EEFFFF1782324079E00315AAE10313AA25
:10290000F703192A79D5FF9780324079B502008BF9
:10291000D60200CBDFFFFF17D30AD39AB3010034EE
:10292000E20315AAE103132AE003172AF9FEFF9731
:102930001F00136BC1FDFF5480324079F702130B67
:10294000007C131BB502008BD60200CBD5FFFF170E
:1029500000008052F7FFFF1780324079F3030091A7
:102960002100805200FC009100E47A92003801912D
:1029700000347C92FF6320CBE003172AF4FF009120
:1029800094E67A92E20314AAE2FEFF971F04007114
:10299000600000547F020091D5FFFF17E20316AAE2
:1029A000E10314AAE00315AA50D5FF977F02009116
:1029B000BDFFFF17FD7BBDA9FD030091F35301A9E6
:1029C000F30300AA6007A0D0F55B02A9003041F92B
:1029D000E00000B513008012F55B42A9E003132A62
:1029E000F35341A9FD7BC3A8C0035FD6F60301AA38
:1029F000F50302AA010C40F9000880D221FC0091E5
:102A000021E47A92CBCAFF97F40300AA40FEFFB4F8
:102A1000E20300AA2100805200008052BDFEFF9711
:102A2000A000F83613008012E00314AA6FC8FF97C5
:102A3000EAFFFF17E10314AAE00313AA020880D2F9
:102A40002AD5FF97602E40798002003593020191CC
:102A500000048052A00200B9E10313AA420380D20D
:102A6000E00316AA21D5FF97734A0091A00240B94E
:102A7000E10313AA020180D21F80007141010054BA
:102A8000000000F000400291AED4FF971F000071DB
:102A9000F3039F5AE5FFFF177392009100008052E5
:102AA000EDFFFF17000000F000640291A5D4FF972E
:102AB000A00000358001805213008052A00200B9AE
:102AC000DAFFFF17000000F0E10313AA008802916B
:102AD000020180D29BD4FF9760FAFF35000280523A
:102AE000F6FFFF17FD7BB7A922200091FD0300919F
:102AF000F35301A9F40300AAF30301AAE0430191EF
:102B0000E1C30091F51300F9ABFFFF9760050035B5
:102B1000640A40B9F503002A9F800071C100005487
:102B2000E07740B9600E00B9E07340B9602E00B99B
:102B300008000014E0CF4079E18F4139600E00B900
:102B4000E09341392020002A602E00B9E0FEFF34D6
:102B5000602E40B96207A0D04200089160000035A5
:102B6000400440F9602E00B9E1BF4079E08341396B
:102B7000630E40B961220079603200B9420840F921
:102B80000004031BE36F4139E1734139601600B95A
:102B90006620012AE377413966320079E10306AA0B
:102BA000633600795F2026EB40010054000000D01E
:102BB00000D0289111DAFF97B5008012F35341A994
:102BC000E003152AF51340F9FD7BC9A8C0035FD6C1
:102BD000A3000035000000D0009C299107DAFF9780
:102BE000F6FFFF17657C061BBF404071E9000054EB
:102BF000E103052A2200A052000000D000202A9103
:102C0000FED9FF97EDFFFF170304034B9F80007170
:102C100001030054E07F40B9631E00B9602A00B987
:102C200000008012602200B9C00080527F4A003943
:102C3000217C001B000880D221FC001121347A92F3
:102C40003CCAFF97600200F980FBFFB4930200F9D1
:102C50009F0A00B9602A40B980820129200080D2F1
:102C60009F1600B9800E00F99F1200F9D4FFFF17DC
:102C7000E0874139E28B41390220020B000080528B
:102C8000427C7B934208C69A6300020B631E00B924
:102C9000622600B9E2FFFF17FD7BBAA9FD03009190
:102CA000F35301A9F40300AAF55B02A9F76303A992
:102CB000F92300F91F9C00F9E00314AA87FEFF978F
:102CC000F30300AA801400B4010040393F9403715B
:102CD00040FFFF54002C4039A0051836000C0012AC
:102CE0001F3C0071A1FEFF5481FE3736931240F95C
:102CF000F643019197A20091020080D275024039FB
:102D000079364039B57A1912B5060051BF0600313F
:102D100021100054600240391F9403710418457A51
:102D2000C0FCFF5482C2228B010080D2000080527E
:102D30005FA00039026019534004402A626A61387A
:102D4000210400914000200B001C00123F2000F1E4
:102D500021FFFF5461220091622E009103601953FC
:102D60006004402A231440386000200B001C00122D
:102D70005F0001EB41FFFF543F03006BE1F9FF549B
:102D8000D3F9FFB480A20091809E00F996A204912D
:102D9000E10313AAF50316AAE00316AA020180D2E2
:102DA00052D4FF979FC20439A1024039E01B8052E0
:102DB0003F00006AA10B0054603240398000183691
:102DC000A102164BE00316AAC3FDFF97612240390A
:102DD000E01B80523F00006A60020054F70315AA0E
:102DE000C005805261220091620080D2E016003856
:102DF000E00317AA3DD4FF976032403980002036A7
:102E0000E00317AA610080D2B3FDFF97BF1200391B
:102E1000F50317AAA1024039E01B80523F00006A67
:102E200081080054BF02003980A244391F94037105
:102E3000410800549FA20439809E40F9800800B4E4
:102E400020008052F35341A9F55B42A9F76343A9DF
:102E5000F92340F9FD7BC6A8C0035FD6E30300AAAF
:102E600060F87FD32068603860683638200300340B
:102E7000600400917F1000F121FFFF5463040011F2
:102E8000603A0091656A0091637C40930400403988
:102E9000E103032AC46A2338C40100340008009106
:102EA00064040091BF0000EBC103005463040011EF
:102EB00060724039C0CA2338C000003423080011B2
:102EC000607A4039C0CA233840000034230C001116
:102ED0005800030B1FFF03710CEFFF54737C4093EA
:102EE000E0C2238BE10317AA1BD4FF97E20313AAC6
:102EF000E10316AAE00317AAFCD3FF97E00314AA84
:102F0000F6FDFF97F30300AA80EDFFB4027F409324
:102F10007EFFFF1761060091030080D2D1FFFF17EB
:102F2000E30304AADAFFFF17B50600919FFFFF171E
:102F3000B5060091B8FFFF171F140071E1F7FF54A9
:102F40004003801280A20439BCFFFF17969E00F94F
:102F5000BCFFFF1700008052BBFFFF17FD7BBBA922
:102F6000FD030091F35301A9F30300AAF55B02A945
:102F7000F50301AAF76303A9F703022AF96B04A971
:102F80001AA00491990B8052F40315AA80024039CB
:102F9000800000341FBC00710410597A8001005475
:102FA000E00314AA7FD3FF97C00400B55701083788
:102FB00020008012F35341A9F55B42A9F76343A9AE
:102FC000F96B44A9FD7BC5A8C0035FD694060091A8
:102FD000EFFFFF1700008052F7FFFF17B5060091C3
:102FE000A0024039800000341FBC00710410597ADF
:102FF00061FFFF54601A40B940040034A20214CBB0
:103000005F0400F121020054010000B021C82891A2
:10301000E00314AA4BD3FF9740030035600240F948
:10302000002840B9608201297F1600B97F1E00B9CF
:103030007F1200F9A002403980FAFF35DCFFFF174C
:10304000F50314AAE7FFFF175F0800F1A101005480
:10305000010000B021C42891EEFFFF17010080524B
:1030600028000014010080522B000014A0024039F7
:1030700000FAFF3517FB073760028012CEFFFF17FB
:10308000B80214CBE00313AA04FFFF9720F9FF3422
:10309000609E40F943D3FF971F0300EB619E40F908
:1030A0000023809A167C4092E00314AAE20316AA39
:1030B000F5D2FF9720010034609E40F91F001AEB03
:1030C00020FEFF54E20316AAE1031AAAE00314AAA1
:1030D000EDD2FF9780FDFF35611240F9202C403979
:1030E00060FC2736620240F920344079430840B939
:1030F0007F80007141FBFF5421284079213C10530F
:103100000000010B600A00B9E0FAFF35402840B921
:1031100021008052608201297F8602297F1E00B92A
:103120007F1200F999FFFF17FD7BBDA9FD030091F8
:10313000F35301A9F51300F97507A0B0020C40F98B
:10314000A03201F96007A0B00000089142FC009194
:1031500042E47A9242000191FF6322CB020C80D2BA
:10316000F3FF009161D3FF9773E67A9221008052BA
:10317000E20313AA00008052E6FCFF971F040071CF
:1031800020010054BF3201F914008012BF030091E6
:10319000E003142AF35341A9F51340F9FD7BC3A8BA
:1031A000C0035FD660FA0791420080D2010000B0F0
:1031B00021082C917ED3FF97F403002A40FEFF35AF
:1031C000010000F060DA009121681D91620080D258
:1031D00077D3FF97C0FDFF34010000F0604A0191F2
:1031E00021781D91A20080D271D3FF9700FDFF349A
:1031F000E5FFFF17FD7BB8A96207A0B0FD030091B2
:103200005F3001F9E2830091F35301A9F30300AAAF
:10321000F403012A6CD9FF974002003454010034B2
:10322000620640B9E103142A000000B0005C2B9153
:1032300072D8FF9700008012F35341A9FD7BC8A804
:10324000C0035FD6600A40F9FF0302A9600E40F98F
:10325000E01B00F9FFE30039FF630139FF7B00B990
:10326000E1830091E00313AAB0FFFF97F3FFFF177C
:10327000FD7BB5A9FD030091F76303A9F70301AA3C
:10328000012880D2F80302AA2100A0F2F35301A979
:10329000F30300AA000880D2F55B02A9F96B04A928
:1032A000FA0303AAF90304AAFB7305A9A1C8FF97AF
:1032B000A01800B4FC0300AAE1E301910AFEFF9705
:1032C000F603002AE0050035E10313AAE0031CAA77
:1032D0002200805222FFFF97F603002AE004003507
:1032E000811340F9E28340B9F527417920284079DC
:1032F0005F800071341C40B933344079003C105376
:103300003F0300F9E123417900009F1AFF0214EB0B
:103310004A0300545F0300F18D000054FA021A8B37
:103320009F021AEB94D29A9AB57E011B7302000B8E
:103330001BFE9F52B57E4093FA0315AAFF021AEBBB
:103340004A0300545A0315CB94021ACBF7021AEB26
:10335000800A0054BF0214EB000880D2BAD2949ABB
:1033600041FF009121E47A9272C8FF97FB0300AA03
:10337000800400B516008012E03F40F91BC6FF979D
:10338000E0031CAA19C6FF97F35341A9E003162ACC
:10339000F55B42A9F76343A9F96B44A9FB7345A9FF
:1033A000FD7BCBA8C0035FD6E103132AE0E30191C4
:1033B00071FCFF97F303002A1F04007102FE815283
:1033C000A8000054000000B000F831910BD8FF971E
:1033D000E9FFFF17E08340B91F800071E00000544F
:1033E0001F4000716003821A7F02006BC2FEFF540F
:1033F0005A03158BD2FFFF17E05F1C32FBFFFF174C
:10340000E20300AAE3031AAAE103132AE0E301910D
:1034100008FDFF97E0000034000000B00044329146
:10342000F6D7FF97E0031BAAF0C5FF97D2FFFF175F
:1034300094021ACB5A0317CBE2031AAA6103178B23
:10344000E00318AAA9D2FF97E0031BAAE7C5FF97DC
:10345000200340F900001A8B200300F9F4F8FFB4B0
:10346000E103132AE0E3019118031A8B42FCFF9752
:10347000F303002A1F04007169FAFF54E08340B986
:103480001F800071C00200541F40007101FE815274
:1034900000FE9F520000811A7F02006B42F9FF5428
:1034A000FB0315AAF703132A1AFE81527F0314EBBC
:1034B000AB010054837E4093E20318AAE103132A70
:1034C000E0E30191DBFCFF97A0020035200340F907
:1034D0000000148B200300F9A8FFFF17E05F1C32E7
:1034E000EEFFFF17E103172AE0E3019122FCFF97AB
:1034F00001040051FF02016B80010054637F40937F
:10350000E20318AAE103132AE0E30191E33700F98B
:10351000C8FCFF97E33740F960020034000000B0B8
:1035200000443291AAFFFF171F040071C9F4FF5431
:10353000E18340B93F800071200100543F40007199
:1035400001FE9F5221009A1A1F00016BC2F3FF5423
:103550007B03158BF703002AD5FFFF17E15F1C32B1
:10356000FAFFFF17200340F9E103172A94021BCB4F
:1035700018031B8B0000038B200300F9E0E301918B
:10358000FDFBFF97F303002A1F040071C9F1FF54EC
:10359000E08340B91F800071200100541F4000717A
:1035A00000FE9F5200009A1A7F02006BC2F0FF5487
:1035B000FB0315AAE003132AE7FFFF17E05F1C32A5
:1035C000FAFFFF177601801270FFFF17FD7BBEA97F
:1035D000437C4093E20301AAFD030091E463009160
:1035E000010080D223FFFF9740000035E01B40B967
:1035F000FD7BC2A8C0035FD6FD7BBEA9E50301AA7F
:10360000E10302AAFD030091E20305AAF35301A915
:10361000F40300AA17FFFF97F303002AA000003469
:10362000000000B0E10314AA00E42A9173D7FF97C9
:10363000E003132AF35341A9FD7BC2A8C0035FD660
:103640005464E1FF000000009A5DE1FF000000000B
:103650005464E1FF000000005764E1FF0000000037
:103660005C64E1FF000000006164E1FF0000000015
:103670006164E1FF000000005464E1FF000000000D
:10368000D966E1FF0000000000000000000000001B
:10369000EA66E1FF000000000000000000000000FA
:1036A000FF66E1FF000000000000000000000000D5
:1036B000000000000000000000000000000000000A
:1036C0005965E1FF0000000000000000000000005C
:1036D0006765E1FF0000000000000000000000003E
:1036E00000000000000000000000000000000000DA
:1036F00000000000000000000000000000000000CA
:1037000064F2E0FF00000000000000000000000084
:1037100000000000000000000000000000000000A9
:103720000000000000000000F036E1FF0000000093
:10373000E8F5E0FF0000000004F2E0FF00000000F8
:103740000000000000000000000000000000000079
:103750005020D1FF00000000010000001400000014
:1037600008000000000000005420D1FF000000000D
:10377000020000001400000008000000000000002B
:103780005820D1FF000000000300000014000000DA
:1037900008000000000000005C20D1FF00000000D5
:1037A0000400000000000000100000000000000005
:1037B0002C20D1FF000000000500000010000000D8
:1037C00010000000000000003820D1FF00000000C1
:1037D00006000000100000001000000000000000C3
:1037E0003C20D1FF00000000070000001000000096
:1037F00010000000000000007420D1FF0000000055
:1038000008000000000000001000000000000000A0
:103810007820D1FF00000000090000000000000037
:103820001000000000000000000000000000000088
:103830000000000000000000D4CFE0FF0000000006
:10384000FCD6E0FF000000000000000000000000C7
:103850000000000000000000000000000000000068
:103860000000000000000000000000000000000058
:1038700000000000000000007C65E1FF0000000087
:10388000E006E1FF000000008C65E1FF00000000A1
:10389000E006E1FF00000000A265E1FF000000007B
:1038A000E006E1FF00000000B865E1FF0000000055
:1038B000E006E1FF00000000CE65E1FF000000002F
:1038C000E006E1FF00000000E465E1FF0000000009
:1038D000E006E1FF00000000F965E1FF00000000E4
:1038E0003007E1FF000000000C66E1FF000000006F
:1038F000E006E1FF000000001D66E1FF000000009F
:10390000E006E1FF000000003666E1FF0000000075
:10391000E006E1FF000000004F66E1FF000000004C
:103920003007E1FF000000006866E1FF00000000D2
:10393000E006E1FF000000007C66E1FF00000000FF
:10394000E006E1FF000000008D66E1FF00000000DE
:10395000E006E1FF000000009D66E1FF00000000BE
:10396000E006E1FF00000000AE66E1FF000000009D
:10397000E006E1FF00000000BE66E1FF000000007D
:10398000E006E1FF00000000000000000000000071
:1039900000000000000000008008E1FF00000000BF
:1039A00000000000000000000C0CE1FF000000001F
:1039B0000000000000000000000000000000000007
:1039C0000000000000000000480EE1FF00000000C1
:1039D0009839E1FF00000000C408E1FF000000008A
:1039E0009C08E1FF00000000000000000000000053
:1039F00000000000000000000000000000000000C7
:103A00002560E1FF000000003660E1FF00000000DB
:103A10004560E1FF000000005560E1FF000000008C
:103A20006760E1FF000000007760E1FF0000000038
:103A30008A60E1FF000000009B60E1FF00000000E1
:103A4000AD60E1FF00000000BE60E1FF000000008B
:103A5000D160E1FF00000000E660E1FF000000002F
:103A6000F860E1FF000000000961E1FF00000000D4
:103A70001B61E1FF000000002C61E1FF000000007D
:103A80003F61E1FF000000005261E1FF0000000023
:103A90008B64E1FF00000000000000000000000057
:103AA0009664E1FF0000000000000000000000003C
:103AB0000000000000000000000000000000000006
:103AC00060B9E0FF000000000000000000000000FE
:103AD00000000000000000008CCDE0FF00000000AE
:103AE000E764E1FF000000000000000000000000AB
:103AF000EF64E1FF00000000000000000000000093
:103B0000F864E1FF00000000010000000000000078
:103B10000C65E1FF00000000000000000000000054
:103B20002065E1FF00000000000000000000000030
:103B30000000000000000000000000000000000085
:103B400010EAE0FF0000000054E8E0FF0000000081
:103B5000F8E8E0FF0000000090E8E0FF000000004F
:103B60000000000000000000000000000000000055
:103B700048E9E0FF00000000E8E6E0FF0000000088
:103B8000CD62E1FF00000000000000000000000026
:103B90000000000000000000000000000000000025
:103BA0000B53E1FF000000000000000000000000D7
:103BB0000000000000000000000000000000000005
:103BC0000000000000000000EC1EE1FF000000000B
:103BD0009820E1FF00000000F41EE1FF000000005B
:103BE000641FE1FF00000000000000000000000072
:103BF0007762E1FF0000000000000000000000000C
:103C000000000000000000000000000000000000B4
:103C100094DCE0FF000000004CDCE0FF000000004E
:103C200058DDE0FF00000000000000000000000080
:103C3000E359E1FF00000000555DE1FF00000000D6
:103C40001900000000000000605DE1FF00000000BE
:103C5000755DE1FF000000000500000000000000AD
:103C60008A5DE1FF00000000905DE1FF00000000C0
:103C70000200000000000000965DE1FF000000006F
:103C80009D5DE1FF00000000160000000000000044
:103C9000A45DE1FF00000000A85DE1FF000000005E
:103CA0001700000000000000B15DE1FF000000000F
:103CB000B75DE1FF000000001200000000000000FE
:103CC000BE5DE1FF00000000C45DE1FF00000000F8
:103CD0001A00000000000000695CE1FF0000000025
:103CE000CA5DE1FF000000001100000000000000BC
:103CF000E85DE1FF000000003057E1FF0000000038
:103D00000E00000000000000EF5DE1FF0000000079
:103D1000F75DE1FF0000000010000000000000005F
:103D2000FF5DE1FF00000000035EE1FF0000000016
:103D30001B00000000000000075EE1FF0000000023
:103D40000F5EE1FF000000001C000000000000000A
:103D50001E5EE1FF00000000225EE1FF00000000A7
:103D6000FFFFFFFF000000006852E1FF00000000BD
:103D70006852E1FF00000000EFBEADDEEFBEADDE39
:103D8000EFBEADDEEFBEADDEEFBEADDE000000404B
:103D900001000000060000000000002001000000FB
:103DA00005000000000000400000000002000000CC
:103DB00000000020000000000100000000000010D2
:103DC000000000000000000010270000A086010095
:103DD00040420F008096980040787D0180BA8C01A7
:103DE00080F0FA02007519030075190340787D010F
:103DF00080F0FA0200E1F50580F0FA0200D4650CCB
:103E000000C2EB0B00C2EB0B00C2EB0B0400000086
:103E100000000060030000000000007001000000CE
:103E2000000000700000000000000070000004406E
:103E30000001044000020440000304400004044068
:103E40000104044000050440000005400001054055
:103E50000200000000000030000000000000003000
:103E600020BB15000000030000000100200000013D
:103E7000000000004100000020BA1600000003000E
:103E800000000100400000010000000040000000B0
:103E900020BB1600000003000000010040000001EC
:103EA000000000004000000020BA170000000300DE
:103EB000000001008000000100000000410000003F
:103EC00020BB17000000030000000100800000017B
:103ED000000000004100000020BB180000000300AB
:103EE000000001000001000100000000410000008E
:103EF00020BA1800000003000000010000010001CA
:103F0000000000004100000020BA19104400060023
:103F1000000001000002000100000000E1080000B4
:103F200020BA190000000300000001000002000197
:103F300000000000E100000020BB19104400060052
:103F4000000001000002000100000000C1080000A4
:103F500020BB190000000300000001000002000166
:103F600000000000C100000020BB2010440006003B
:103F7000000001000004000100000000E008000053
:103F800020BB20000000030000000100000400012D
:103F900000000000C100000020BA2010440006000C
:103FA000000001000004000100000000C108000042
:103FB00020BA2000000003000000010000040001FE
:103FC00000000000C100000020BA21000000030032
:103FD000000001000008000100000000C110000006
:103FE00020BB2100000003000000010000080001C8
:103FF00000000000C110000021BA200000000300F2
:10400000000001000008000100000000C1100000D5
:1040100020BB22000000030000000100001000018E
:1040200000000000C11000002C5B1A00000003001B
:1040300000000200000200010000000080080100F2
:104040002C5B1C00000003000000020000080001BF
:1040500000000000800801000102154D000005006D
:1040600000000100400000010000000060000000AE
:104070000102164D00000500000001008000000153
:1040800000000000600000000102194D0000050062
:1040900000000400800000010000000060400000FB
:1040A0000102194D0100050000000100000200019D
:1040B00000000000604000000102204D008006006A
:1040C000000004000001000100000000604000004A
:1040D0000102204D008106000000040000010001E3
:1040E00000000000604000000102204D00000500BB
:1040F000000004000001000100000000604000001A
:104100000102204D01000500000001000004000133
:1041100000000000604000000102204F0000050088
:1041200000000400000100010000000060400000E9
:1041300001201803000005000000040040000001F9
:10414000000000000000000001201803010005002D
:10415000000001000001000100000000000000005C
:104160000120184D0180060000000100000100013F
:1041700000000000604000000120184D0000050014
:10418000000004004000000100000000604000004A
:104190000120184D01000500000001000001000190
:1041A0000000000060400000010213000000030056
:1041B00000000100100000010000000000000000ED
:1041C00001021400000003000000010020000001B3
:1041D00000000000000000000102150000000300C4
:1041E000000001004000000100000000000000008D
:1041F0000102160000000300000001008000000121
:104200000000000000000000014015000000030055
:10421000000001002000000100000000610000001B
:1042200001401700000003000000010080000001B1
:104230000000000001000000014014000000030025
:10424000000001001000000100000000210000003B
:104250000160170000000300000001008000000161
:104260000000000061080000016018000000030069
:1042700000000100000100010000000061080000D2
:104280002020110000000300008000000400000155
:1042900000000000000000002020120000000300C9
:1042A0000000010004000001000000000000000008
:1042B000202013000000030000000100080000019E
:1042C0000000000000000000202014000000030097
:1042D00000000100100000010000000000000000CC
:1042E0002020150000000300000001002000000154
:1042F0000000000000000000202016000000030065
:10430000000001004000000100000000000000006B
:1043100020201700000003000000010080000001C1
:104320000000000000000000202018000000030032
:104330000000040040000001000000000000000038
:104340002080150000000300000001002000000193
:1043500000000000010000002071150000000300B3
:1043600000000100200000010000000061000000CA
:104370002071170000000300000001008000000110
:10438000000000000000000000000000000000002D
:10439000000000000000000000000000000000001D
:1043A00000005D01C7FFC7FFC7FFC7FF5D01C7FF73
:1043B000C7FFC7FFC7FF1F0163015300C7FFC7FF48
:1043C0003A00C7FF5E01C7FFC7FF480100010203B3
:1043D0000405060708090A0B0C0D0E0F0302010065
:1043E0000504070608090A0B0C0D0E0F030B1B66CC
:1043F00064745F66697875705F6D656D6F72795F03
:1044000062616E6B730073706C5F72656769737461
:1044100065725F6661745F6465766963650066698D
:10442000745F66696E645F636F6E6669675F6E6F07
:1044300064650073706C5F6C6F61645F696D616768
:10444000655F666174006664745F7265636F726451
:104450005F6C6F616461626C65006664745F66695D
:104460006E645F6F725F6164645F7375626E6F64C8
:1044700065000808080808080808082828282828C7
:1044800008080808080808080808080808080808AC
:104490000808A0101010101010101010101010109C
:1044A0001010040404040404040404041010101084
:1044B000101010414141414141010101010101013F
:1044C00001010101010101010101010101101010AF
:1044D0001010104242424242420202020202020212
:1044E0000202020202020202020202020210101082
:1044F00010080000000000000000000000000000A4
:1045000000000000000000000000000000000000AB
:104510000000A0101010101010101010101010102B
:10452000101010101010101010101010101010108B
:10453000101001010101010101010101010101014D
:10454000010101010101010101100101010101014C
:10455000010202020202020202020202020202023C
:10456000020202020202020202100202020202021D
:104570000202616C6C6F6320737061636520657803
:10458000686175737465640A0025732025733A2089
:1045900043616E2774206765742072657365743A91
:1045A0002025640A00534452414D20696E697420ED
:1045B0006661696C65642E0A0025732E25730054AC
:1045C0007279696E6720746F20626F6F74206672F3
:1045D0006F6D2025730A0053504C3A20556E737549
:1045E00070706F7274656420426F6F7420446576DA
:1045F000696365210A0053504C3A206661696C6515
:104600006420746F20626F6F742066726F6D20611A
:104610006C6C20626F6F7420646576696365730AE1
:1046200000515350493A20496E76616C69642069A3
:104630006E70757420617267756D656E747320722B
:10464000786C656E2025750A00515350493A20490F
:104650006E76616C696420696E7075742061726732
:10466000756D656E74732074786C656E2025750A9F
:1046700000515350493A20666C61736820636F6D36
:104680006D616E6420657865637574696F6E207402
:10469000696D656F75740A00496E6469726563744B
:1046A0002077726974652074696D6564206F757414
:1046B00020282569290A00496E646972656374209F
:1046C0007265616420636F6D706C6574696F6E20D4
:1046D0006572726F7220282569290A00496E646923
:1046E0007265637420777269746520636F6D706C96
:1046F0006574696F6E206572726F72202825692952
:104700000A00515350493A205153504920697320AF
:104710007374696C6C20627573792061667465725C
:1047200020706F6C6C20666F722025642074696D38
:1047300065732E0A0063646E732C69732D64656360
:104740006F6465642D63730063646E732C666966C1
:104750006F2D64657074680063646E732C6669669F
:104760006F2D77696474680063646E732C7472696A
:10477000676765722D616464726573730045727258
:104780006F723A207375626E6F6465207769746822
:104790002053504920666C61736820636F6E6669B0
:1047A00067206D697373696E67210A0070616765C0
:1047B0002D73697A6500626C6F636B2D73697A651E
:1047C0000063646E732C747368736C2D6E73006376
:1047D000646E732C74736432642D6E730063646E44
:1047E000732C74636873682D6E730063646E732C2E
:1047F00074736C63682D6E730053463A2043616C8A
:104800006962726174696F6E206661696C656420AB
:104810002872656164290A0053463A2043616C6935
:1048200062726174696F6E206661696C65642028CC
:104830006C6F772072616E6765290A004D505520B4
:1048400020202020202020202564206B487A0A0088
:104850004C33206D61696E20202020202564206B60
:10486000487A0A004D61696E2056434F202020206F
:104870002564206B487A0A005065722056434F2009
:10488000202020202564206B487A0A00454F53439E
:1048900031202020202020202564206B487A0A0027
:1048A000485053204D4D4320202020202564206B6C
:1048B000487A0A00554152542020202020202020F0
:1048C0002564206B487A0A00496E737566666963D1
:1048D00069656E742052414D20666F722070616769
:1048E00065207461626C653A203078256C78203ED2
:1048F000203078256C782E20506C656173652069B6
:104900006E637265617365207468652073697A658A
:1049100020696E206765745F706167655F746162AE
:104920006C655F73697A652829003031323334351C
:10493000363738394142434445462F636C6F636BC9
:1049400073002F6669726D7761726500257320258B
:10495000733A2043616E6E6F7420736574207370B8
:1049600065656420286572723D2564290A002573F7
:104970002025733A2043616E6E6F74207365742036
:104980006D6F646520286572723D2564290A007385
:1049900070692D736C6176650025732025733A204C
:1049A0004661696C656420746F2064652D61737362
:1049B00065727420726573657420666F722053503F
:1049C0004920286572726F72202564290A002573B8
:1049D0002025733A204E6F6E206279746520616CD9
:1049E00069676E656420535049207472616E736606
:1049F00065722E0A004444523A20656D69665F6311
:104A00006C6561722829206661696C65640A0044DE
:104A100044523A206661696C656420746F20676552
:104A2000742061636B2066726F6D20454D49460AA4
:104A3000002E2E004572726F723A20464154207348
:104A40006563746F722073697A65206D69736D6137
:104A5000746368202866733D2568752C206465762C
:104A60003D256C75290A004572726F723A204641E5
:104A70005420636C75737465722073697A65206E57
:104A80006F74207365740A004572726F723A204623
:104A9000415420636C75737465722073697A652064
:104AA000746F6F20626967202863733D25752C2021
:104AB0006D61783D2575290A002A2A20556E6162AC
:104AC0006C6520746F20726561642066696C652076
:104AD0002573202A2A0A002A2A20506172746974D8
:104AE000696F6E202564206E6F742076616C696436
:104AF000206F6E20646576696365202564202A2A0C
:104B00000A0055AA0023616464726573732D63659E
:104B10006C6C730025733A2025733A2025730A00C4
:104B200025733A206E756D2062616E6B732025646B
:104B300020657863656564732068617264636F647F
:104B40006564206C696D69742025642E205265634C
:104B50006F6D70696C652077697468206869676833
:104B60006572204D454D4F52595F42414E4B535F48
:104B70004D41583F0A006465766963655F747970DA
:104B800065005741524E494E473A20636F756C6439
:104B9000206E6F74207365742025732025732E0A90
:104BA000002F616C6961736573006C696E75782C98
:104BB0007068616E646C6500636F6D7061746962CA
:104BC0006C6500656E747279002373697A652D6374
:104BD000656C6C73003C76616C6964206F6666730B
:104BE00065742F6C656E6774683E003C6E6F20655F
:104BF00072726F723E003C756E6B6E6F776E2065E1
:104C000072726F723E002F72657365727665642DE5
:104C10006D656D6F72790072616E676573002573E3
:104C20004025782C2578002573402578006E6F2D5F
:104C30006D6170006D617463682D6D61736B006DE3
:104C4000617463682D76616C7565006175746F2D94
:104C500073697A65002F636F6E66696700737461AC
:104C6000747573006F6B6179004D697373696E675A
:104C7000204454420A002F6D656D6F727900496EB1
:104C800076616C69642046415420656E7472790ABD
:104C9000004572726F722072656164696E6720638D
:104CA0006C75737465720A004D4D432044657669D6
:104CB0006365202564206E6F7420666F756E640ACC
:104CC000002F636F6E66696775726174696F6E73CA
:104CD0000064656661756C740025733A204D6973D4
:104CE00073696E672046445420646573637269700B
:104CF00074696F6E20696E204454420A00556E73C9
:104D00007570706F727465642025732061646472BD
:104D10006573732073697A650A0064617461006465
:104D20006174612D6F666673657400646174612DD2
:104D3000706F736974696F6E00646174612D73695B
:104D40007A65004572726F723A20496E76616C69BD
:104D5000642046415420656E7472793A203078257B
:104D60003038780A00232323204552524F52202303
:104D7000232320506C6561736520524553455420B0
:104D800074686520626F617264202323230A0030F7
:104D900031323334353637383961626364656600E1
:104DA000515350493A205265666572656E636520BD
:104DB000636C6F636B206174202564206B487A0AF2
:104DC000006D6D635F626C6B004D4D433A20626C09
:104DD0006F636B206E756D626572203078256C781C
:104DE0002065786365656473206D61782830782567
:104DF0006C78290A006D6D63206661696C20746FA0
:104E00002073656E642073746F7020636D640A0094
:104E10004361726420646964206E6F7420726573EC
:104E2000706F6E6420746F20766F6C74616765209C
:104E300073656C65637421203A2025640A00756EE1
:104E400061626C6520746F2073656C6563742061AA
:104E5000206D6F64650A004E6F206578745F637320
:104E60006420666F756E64210A0053656C65637417
:104E7000204853343030206661696C6564202564B5
:104E80000A0053656C6563742048533430304553D1
:104E9000206661696C65642025640A00756E616234
:104EA0006C6520746F2073656C6563742061206D80
:104EB0006F6465203A2025640A004D616E2025301C
:104EC000367820536E7220253034782530347800BF
:104ED0002563256325632563256325630025642EEB
:104EE0002564006D6D635F6C6F61645F696D616700
:104EF000655F7261775F736563746F723A206D6D81
:104F00006320626C6F636B207265616420657272EE
:104F10006F720A004D4D433A206E6F2063617264D8
:104F20002070726573656E740A00000A0C0D0F1410
:104F3000191E23282D32373C46507265672D6F6647
:104F400066736574007265672D73686966740072B4
:104F500065672D696F2D776964746800636C6F6392
:104F60006B2D6672657175656E6379002A2A204E15
:104F7000657374656420444F532070617274697462
:104F8000696F6E732064657465637465642C207347
:104F9000746F7070696E67202A2A0A002A2A2043DB
:104FA000616E277420726561642070617274697427
:104FB000696F6E207461626C65206F6E2025643AA3
:104FC000256C75202A2A0A00626164204D42522015
:104FD000736563746F72207369676E61747572654F
:104FE00020307825303278253032780A0078780001
:104FF000257325632564000A552D426F6F74205375
:10500000504C20323032312E30312D313237313563
:105010002D6763313166346531363161322D646913
:105020007274792028417072203234203230323646
:10503000202D2031383A30353A3236202D30343078
:1050400030290A005B66726F6D2053444D5D20006D
:105050005761746368646F67004D505500436F6C0F
:10506000640052657365742073746174653A202519
:10507000732573005761726D200028547269676749
:1050800065726564206279202573202564290A00F1
:1050900046415433322020200046415431322020F2
:1050A000200046415431362020200023726573656C
:1050B000742D63656C6C7300726573657473004462
:1050C00044523A2061646472657373203078256CB1
:1050D0006C78206973206E6F742063616368656CFF
:1050E000696E652073697A6520616C69676E6564B5
:1050F0002E0A004444523A2073697A65203078259C
:105100006C6C78206973206E6F74206D756C746997
:10511000706C65206F662063616368656C696E659D
:105120002073697A650A00534452414D2D4543432B
:105130003A20496E697469616C697A656420737597
:1051400063636573732077697468202564206D73C9
:105150000A004444523A204572726F7220617320F3
:10516000484D4320636C6F636B206E6F74207275C3
:105170006E6E696E670A004444523A204661696C5B
:10518000656420746F206465636F6465206D656D70
:105190006F7279206E6F64650A004444523A20575A
:1051A00061726E696E673A204452414D2073697A8C
:1051B000652066726F6D2064657669636520747220
:1051C0006565206D69736D617463682077697468C3
:1051D0002068617264776172652E0A004444523A15
:1051E00020256C6C64204D69420A004444523A20E8
:1051F0004572726F7220617320534452414D206397
:10520000616C6962726174696F6E206661696C6558
:10521000640A004444523A204D656D6F72792074DF
:105220006573742072657175697265732053445299
:10523000414D2073697A6520696E20706F776572C1
:10524000206F662074776F210A004444523A20533D
:105250004452414D2073697A6520636865636B2011
:105260006661696C6564210A007374646F75742DDE
:105270007061746800636F6E736F6C65004E6F20B1
:1052800073657269616C2064726976657220666FFD
:10529000756E640050616765207461626C65207092
:1052A0006F696E746572206E6F74207365747570AB
:1052B0002E00707465206E6F7420666F756E640AC0
:1052C0000044574D4D433A2043616E277420676573
:1052D00074204649464F2064657074680A00647201
:1052E0007673656C00736D706C73656C0044574D1C
:1052F0004D433A204D4D4320636C6F636B206973BF
:10530000207A65726F210072656700616C74722C7F
:105310007273742D6D677200616C74722C73797383
:105320002D6D677200616C74722C636C6B2D6D67F0
:105330007200616C74722C6D6F647273742D6F6681
:1053400066736574004D61696C626F783A204973C9
:105350007375696E67206D61696C626F7820636D2B
:1053600064205245424F4F545F4850530A00257302
:105370002025733A20496E76616C6964206373203E
:10538000256420286572723D2564290A00737069BE
:105390005F666C6173684025643A25640053463A41
:1053A000204661696C656420746F20736574207594
:1053B0007020736C6176650A00496E76616C696471
:1053C0002062757320256420286572723D2564294A
:1053D0000A0025732025733A20496E76616C696452
:1053E00020636869702073656C6563742025643A76
:1053F000256420286572723D2564290A0003130B79
:105400000C3B3CBBBC6B6CEBEC7370692D666C6148
:1054100073680025732025733A20666C61736820D9
:105420006F7065726174696F6E2074696D65642058
:105430006F75740A0075646576696365202A2900B2
:10544000284E554C4C00656E61626C696E67207227
:1054500065736574206861636B3B206D6179206EB4
:105460006F74207265636F7665722066726F6D204F
:10547000756E6578706563746564207265626F6FC0
:1054800074730A007370692D6D61782D6672657191
:1054900075656E6379007370692D63706F6C00734E
:1054A00070692D63706861007370692D63732D6876
:1054B000696768007370692D33776972650073706E
:1054C000692D68616C662D6475706C657800737009
:1054D000692D74782D6275732D7769647468007313
:1054E00070692D72782D6275732D77696474680008
:1054F0002F63686F73656E00752D626F6F742C6219
:105500006F6F743000666474004E6F206D61746359
:1055100068696E67204454206F7574206F6620742C
:1055200068657365206F7074696F6E733A0A006402
:1055300065736372697074696F6E00202020257333
:105540000A0063616E6E6F742066696E6420696D17
:10555000616765206E6F646520272573273A2025D3
:10556000640A002F6669742D696D61676573006652
:1055700064745F726F6F743A2025730A0053504C45
:105580003A206664745F736872696E6B5F746F5FF4
:105590006D696E696D756D20657272202D202564B0
:1055A0000A0053504C3A20617263685F66697875EF
:1055B000705F66647420657272202D2025640A0075
:1055C00043616E6E6F742067657420696D616765F5
:1055D00020646174612F73697A650A0025733A202B
:1055E0006661742072656769737465722065727292
:1055F000202D2025640A0025733A206572726F728F
:105600002072656164696E6720696D616765202538
:10561000732C20657272202D2025640A002F696D7D
:1056200061676573006C6F616461626C6573006FC4
:10563000730073706C3A20756E737570706F72744E
:105640006564206D6D6320626F6F74206465766998
:1056500063652E0A0073706C3A20636F756C64206A
:105660006E6F7420696E697469616C697A65206D0A
:105670006D632E206572726F723A2025640A007382
:10568000706C3A20636F756C64206E6F742066696D
:105690006E64206D6D6320646576696365202564A2
:1056A0002E206572726F723A2025640A0073706C46
:1056B0003A206D6D6320696E6974206661696C655E
:1056C000642077697468206572726F723A2025646D
:1056D0000A0073706C3A206D6D632070617274699A
:1056E00074696F6E20737769746368206661696C92
:1056F00065640A0073706C3A207061727469746931
:105700006F6E206572726F720A0073706C3A206D52
:105710006D633A2077726F6E6720626F6F74206DD1
:105720006F64650A00752D626F6F742E6974620074
:10573000552D426F6F74005350492070726F62652F
:10574000206661696C65642E0A00752D626F6F7446
:105750002C73706C2D7061796C6F61642D6F66664F
:10576000736574005054452025702028256C6C7892
:1057700029206973206E6F74206120626C6F636BE7
:105780002E20536F6D652064726976657220636F99
:1057900064652077616E747320746F206D6F646927
:1057A0006679206463616368652073657474696EEB
:1057B000677320666F7220616E2072616E6765206C
:1057C0006E6F7420636F766572656420696E206DFC
:1057D000656D5F6D61702E004D4D43325F32004D3F
:1057E0004D4332004D4D4331005350490052414D1D
:1057F0000061726368697465637475726500636FD4
:105800006D7072657373696F6E006F70657261742D
:10581000696E672073797374656D00696D61676582
:10582000207479706500627A69703200677A6970F5
:10583000006C7A6D61006C7A6F006E6F6E6500753A
:105840006E636F6D7072657373656400627A697000
:105850003220636F6D7072657373656400677A6977
:105860007020636F6D70726573736564006C7A6D20
:105870006120636F6D70726573736564006C7A6F1D
:1058800020636F6D70726573736564006C7A3400A9
:105890006C7A3420636F6D70726573736564007A1F
:1058A000737464007A73746420636F6D70726573CF
:1058B00073656400616973696D6167650044617651
:1058C000696E63692041495320696D6167650066AF
:1058D000696C6573797374656D0046696C6573797D
:1058E0007374656D20496D61676500666C61745FF6
:1058F000647400466C617420446576696365205465
:10590000726565006770696D616765005449204B79
:10591000657973746F6E652053504C20496D6167D3
:1059200065006B65726E656C004B65726E656C2010
:10593000496D616765006B65726E656C5F6E6F6C5B
:105940006F6164004B65726E656C20496D616765BF
:1059500020286E6F206C6F6164696E6720646F6EC3
:105960006529006B7762696D616765004B69726BD1
:10597000776F6F6420426F6F7420496D61676500B7
:10598000696D78696D61676500467265657363610D
:105990006C6520692E4D5820426F6F7420496D61EF
:1059A000676500696D7838696D616765004E5850AC
:1059B00020692E4D583820426F6F7420496D616701
:1059C0006500696D78386D696D616765004E585086
:1059D00020692E4D58384D20426F6F7420496D61FB
:1059E000676500696E76616C696400496E76616C0A
:1059F000696420496D616765006D756C7469004D5F
:105A0000756C74692D46696C6520496D6167650028
:105A10006F6D6170696D616765005449204F4D413C
:105A2000502053504C2057697468204750204348F9
:105A30000070626C696D61676500467265657363CD
:105A4000616C652050424C20426F6F7420496D613B
:105A500067650052414D4469736B20496D6167650C
:105A600000736372697074005363726970740073B9
:105A70006F6366706761696D61676500416C74652D
:105A8000726120536F43465047412043562F415681
:105A9000207072656C6F6164657200736F6366700D
:105AA0006761696D6167655F763100416C7465722D
:105AB0006120536F4346504741204131302070727E
:105AC000656C6F61646572007374616E64616C6FA4
:105AD0006E65005374616E64616C6F6E6520507208
:105AE0006F6772616D0075626C696D616765004416
:105AF0006176696E63692055424C20696D61676506
:105B0000006D7873696D61676500467265657363E2
:105B1000616C65204D585320426F6F7420496D6150
:105B200067650061746D656C696D616765004154FE
:105B30004D454C20524F4D2D426F6F7420496D6181
:105B40006765007838365F7365747570007838362D
:105B50002073657475702E62696E006C70633332E9
:105B60007878696D616765004C504333325858202E
:105B7000426F6F7420496D61676500726B696D617A
:105B8000676500526F636B6368697020426F6F7462
:105B900020496D61676500726B736400526F636BBF
:105BA0006368697020534420426F6F7420496D61AF
:105BB000676500726B73706900526F636B6368692D
:105BC000702053504920426F6F7420496D616765A2
:105BD00000767962726964696D6167650056796201
:105BE00072696420426F6F7420496D616765007A45
:105BF000796E71696D6167650058696C696E7820AE
:105C00005A796E7120426F6F7420496D616765002B
:105C10007A796E716D70696D6167650058696C693C
:105C20006E78205A796E714D5020426F6F74204902
:105C30006D616765007A796E716D70626966005892
:105C4000696C696E78205A796E714D5020426F6F81
:105C50007420496D61676520286269662900465095
:105C6000474120496D616765007465650054727530
:105C70007374656420457865637574696F6E20453B
:105C80006E7669726F6E6D656E7420496D616765C1
:105C9000006669726D776172655F69767400466946
:105CA000726D776172652077697468204841427629
:105CB000342049565400706D6D6300544920506F74
:105CC000776572204D616E6167656D656E74204DFC
:105CD0006963726F2D436F6E74726F6C6C657220A6
:105CE0004669726D776172650073746D3332696DE8
:105CF0006167650053544D6963726F656C656374C9
:105D0000726F6E6963732053544D333220496D6155
:105D10006765006D746B5F696D616765004D6564F3
:105D2000696154656B20426F6F74524F4D206C6FE8
:105D3000616461626C6520496D61676500636F70C5
:105D4000726F00436F70726F636573736F72204977
:105D50006D61676500496E76616C6964204F530020
:105D600061726D2D747275737465642D6669726DE0
:105D7000776172650041524D205472757374656489
:105D8000204669726D77617265006C696E75780086
:105D90004C696E7578006E6574627364004E65744C
:105DA000425344006F736500456E6561204F534553
:105DB00000706C616E3900506C616E203900727435
:105DC000656D73005254454D53005472757374657C
:105DD0006420457865637574696F6E20456E7669D9
:105DE000726F6E6D656E7400752D626F6F740076E4
:105DF00078776F726B73005678576F726B730071A0
:105E00006E7800514E58006F70656E736269005273
:105E10004953432D56204F70656E534249006566C5
:105E20006900454649204669726D7761726500498F
:105E30006E76616C6964204152434800616C706801
:105E40006100416C7068610061726D0041524D00EB
:105E5000496E74656C2078383600696136340049C3
:105E6000413634006D36386B004D36384B006D6965
:105E700063726F626C617A65004D6963726F426C28
:105E8000617A65006D697073004D495053006D690A
:105E900070733634004D49505320363420426974B3
:105EA000006E696F7332004E494F532049490070AC
:105EB0006F776572706300506F7765725043007042
:105EC000706300733339300049424D205333393009
:105ED00000537570657248007370617263005350AF
:105EE0004152430073706172633634005350415223
:105EF000432036342042697400626C61636B6669CA
:105F00006E00426C61636B66696E0061767233325B
:105F1000004156523332006E64733332004E4453A4
:105F20003332006F72316B004F70656E52495343CC
:105F300020313030300073616E64626F78005361DD
:105F40006E64626F780061726D3634004141726335
:105F500068363400414D44207838365F3634007856
:105F600074656E7361005874656E73610072697355
:105F7000637600524953432D560072616D64697314
:105F80006B006670676100737464696E007374649B
:105F90006F75740073746465727200426C6F636B2A
:105FA0002073657175656E6365206572726F72002E
:105FB0004352432F636865636B73756D206572721E
:105FC0006F7200496E76616C6964206672616D69FA
:105FD0006E670043616E63656C6C656400456E645A
:105FE000206F662066696C650054696D6564206F7A
:105FF000757400536F7272792C207A4D6F64656DE1
:10600000206E6F7420617661696C61626C652079C5
:1060100065740043616E2774206163636573732048
:1060200066696C65004644545F4552525F4E4F545A
:10603000464F554E44004644545F4552525F4558C2
:1060400049535453004644545F4552525F4E4F5398
:1060500050414345004644545F4552525F424144DB
:106060004F4646534554004644545F4552525F42A2
:10607000414450415448004644545F4552525F42A7
:1060800041445048414E444C45004644545F4552BB
:10609000525F4241445354415445004644545F4585
:1060A00052525F5452554E43415445440046445465
:1060B0005F4552525F4241444D4147494300464487
:1060C000545F4552525F42414456455253494F4EE8
:1060D000004644545F4552525F4241445354525526
:1060E0004354555245004644545F4552525F424125
:1060F000444C41594F5554004644545F4552525FF9
:10610000494E5445524E414C004644545F4552520C
:106110005F4241444E43454C4C53004644545F4516
:1061200052525F42414456414C5545004644545FEB
:106130004552525F4241444F5645524C41590046E8
:1061400044545F4552525F4E4F5048414E444C4577
:1061500053004644545F4552525F424144464C41CD
:106160004753003C6E6F6E653E006E7669646961F0
:106170002C746567726132302D656D63006E7669CF
:106180006469612C746567726132302D656D632DB1
:106190007461626C65006E76696469612C74656710
:1061A000726132302D6E616E64006E766964696171
:1061B0002C74656772613132342D787573622D707D
:1061C000616463746C006E76696469612C746567E0
:1061D00072613231302D787573622D706164637431
:1061E0006C00736D73632C6C616E393231350073E2
:1061F000616D73756E672C6578796E6F732D737230
:106200006F6D630073616D73756E672C6578796E61
:106210006F732D7573622D7068790073616D73757E
:106220006E672C6578796E6F73353235302D7573E6
:1062300062332D7068790073616D73756E672C65BC
:1062400078796E6F732D746D750073616D73756EF3
:10625000672C6578796E6F732D6D6970692D647325
:10626000690073616D73756E672C6578796E6F73F5
:106270002D64776D6D63006A656465632C73706966
:106280002D6E6F720073616D73756E672C73797309
:106290006D6D752D76332E3300696E74656C2C6DC3
:1062A0006963726F636F646500696E74656C2C71ED
:1062B0007561726B2D6D726300616C74722C736FFB
:1062C00063667067612D73746D6D616300616C74DA
:1062D000722C736F63667067612D64772D6D7368C0
:1062E0006300736E70732C6477633200696E74653B
:1062F0006C2C626179747261696C2D6673700069CF
:106300006E74656C2C626179747261696C2D667350
:10631000702D6D647000696E74656C2C697679629D
:1063200072696467652D66737000616C6C77696E65
:106330006E65722C73756E34692D6131302D6E610E
:106340006E640070696E6374726C2D73696E676C35
:106350006500616C74722C736F63667067612D6881
:10636000707332667067612D62726964676500617F
:106370006C74722C736F63667067612D6C776870D4
:106380007332667067612D62726964676500616C63
:1063900074722C736F63667067612D66706761320B
:1063A0006870732D62726964676500616C74722C29
:1063B000736F63667067612D6670676132736472B4
:1063C000616D302D62726964676500616C74722C56
:1063D000736F63667067612D667067613273647294
:1063E000616D312D62726964676500616C74722C35
:1063F000736F63667067612D667067613273647274
:10640000616D322D62726964676500616C74722C13
:10641000736F63667067612D6131302D66706761DF
:106420002D6D677200616C74722C736F6366706798
:10643000612D6131302D6E6F6300616C74722C734D
:106440006F63667067612D6131302D636C6B2D69F0
:106450006E6974006864007573626400646F6364DD
:10646000006D6D63736400444F5300726F6F74006E
:10647000726F6F745F647269766572006E6F700020
:1064800073696D706C655F6275730073696D706CB4
:10649000652D6275730073696D706C652D6D666432
:1064A00000736F63667067615F737973726573659C
:1064B0007400736F63667067615F64776D6D63000E
:1064C0007370695F666C617368006A656465635FB9
:1064D0007370695F6E6F72006E7331363535305F81
:1064E00073657269616C006E733136353530006EDC
:1064F0007331363535306100696E67656E69632CBE
:106500006A7A343738302D75617274006E7669643A
:1065100069612C746567726132302D756172740027
:10652000736E70732C64772D6170622D7561727457
:10653000007370695F67656E657269635F64727628
:10654000007370695F67656E65726963006361649B
:10655000656E63655F7370690063646E732C71733D
:1065600070692D6E6F720074692C616D3635342D33
:106570006F7370690064775F73706900736E707316
:106580002C64772D6170622D73736900736E707364
:106590002C64772D6170622D7373692D332E323028
:1065A0006100736E70732C64772D6170622D73734C
:1065B000692D332E32326100736E70732C64772D27
:1065C0006170622D7373692D332E32336100736EE7
:1065D00070732C64772D6170622D7373692D342E66
:1065E00030306100736E70732C64772D6170622D92
:1065F0007373692D342E303100736E70732C647791
:10660000632D7373692D312E30316100616C7472AA
:106610002C736F63667067612D73706900616C74B1
:10662000722C736F63667067612D6172726961317C
:10663000302D7370690063616E61616E2C6B656EE5
:1066400064727974652D6B3231302D73706900631B
:10665000616E61616E2C6B656E64727974652D6B11
:106660003231302D73736900696E74656C2C7374EC
:10667000726174697831302D73706900696E746568
:106680006C2C6167696C65782D737069006D73633C
:10669000632C6F63656C6F742D737069006D736329
:1066A000632C6A6167756172322D73706900736E55
:1066B00070732C6178733130782D73706900736E4C
:1066C00070732C6873646B2D73706900616C7472E5
:1066D0005F7364725F63746C00616C74722C7364BA
:1066E000722D63746C2D73313000696E74656C2C7F
:1066F0007364722D63746C2D6167696C65780069D1
:106700006E74656C2C7364722D63746C2D646D00F3
:10671000736F63667067612D726573657400696479
:1067200065007363736900617461706900757362F9
:1067300000646F63007361746100686F7374006E4E
:10674000766D65007076626C6F636B00766972744B
:10675000696F003C4E554C4C3E004641540046414A
:106760005433320025303258002530327800000092
:106770000000000000000000000000000000000019
:1067800000000000000000009067E1FF0000000032
:1067900000000000000000000000000000000000F9
:1067A0000000008000000000100300000000000056
:1067B00000000080000000000000008000000000D9
:1067C0000000006000000000000000000000600009
:1067D000000000F700000000000000F700000000CB
:1067E0000000E00800000000000000000000600061
:1067F0000000E0FF000000000000E0FF00000000DB
:106800000000100000000000100300000000000065
:106810000000FCFF000000000000FCFF0000000082
:106820000080000000000000000000000000600088
:106830000000000001000000000000000100000056
:10684000000000001F000000100300000000000016
:1068500000000000200000000000000020000000F8
:1068600000000000010000000000000000006000C7
:106870000000000000000000000000000000000018
:106880000000000000000000000000000000000008
:1068900000000000000000000000000000000000F8
:1068A00000000000000000000000000000000000E8
:1068B00000000000000000000000000000000000D8
:1068C00000000000000000000000000000000000C8
:1068D00000000000000000000000000000000000B8
:1068E00000000000000000000000000000000000A8
:1068F0000000000000000000000000000000000098
:106900000000000000000000000000000000000087
:106910000000000000000000000000000000000077
:106920000000000000000000FFFFFFFFFFFFFFFF6F
:106930000000020000000000000000000000000055
:1069400000000000000000003869E1FF00000000C6
:106950003869E1FF000000004869E1FF0000000025
:106960004869E1FF000000005869E1FF00000000F5
:106970005869E1FF000000006869E1FF00000000C5
:106980006869E1FF000000007869E1FF0000000095
:106990007869E1FF000000008869E1FF0000000065
:1069A0008869E1FF000000009869E1FF0000000035
:1069B0009869E1FF00000000A869E1FF0000000005
:1069C000A869E1FF00000000B869E1FF00000000D5
:1069D000B869E1FF00000000C869E1FF00000000A5
:1069E000C869E1FF00000000D869E1FF0000000075
:1069F000D869E1FF00000000E869E1FF0000000045
:106A0000E869E1FF00000000F869E1FF0000000014
:106A1000F869E1FF00000000086AE1FF00000000E3
:106A2000086AE1FF00000000186AE1FF00000000B2
:106A3000186AE1FF00000000286AE1FF0000000082
:106A4000286AE1FF00000000386AE1FF0000000052
:106A5000386AE1FF00000000486AE1FF0000000022
:106A6000486AE1FF00000000586AE1FF00000000F2
:106A7000586AE1FF00000000686AE1FF00000000C2
:106A8000686AE1FF00000000786AE1FF0000000092
:106A9000786AE1FF00000000886AE1FF0000000062
:106AA000886AE1FF00000000986AE1FF0000000032
:106AB000986AE1FF00000000A86AE1FF0000000002
:106AC000A86AE1FF00000000B86AE1FF00000000D2
:106AD000B86AE1FF00000000C86AE1FF00000000A2
:106AE000C86AE1FF00000000D86AE1FF0000000072
:106AF000D86AE1FF00000000E86AE1FF0000000042
:106B0000E86AE1FF00000000F86AE1FF0000000011
:106B1000F86AE1FF00000000086BE1FF00000000E0
:106B2000086BE1FF00000000186BE1FF00000000AF
:106B3000186BE1FF00000000286BE1FF000000007F
:106B4000286BE1FF00000000386BE1FF000000004F
:106B5000386BE1FF00000000486BE1FF000000001F
:106B6000486BE1FF00000000586BE1FF00000000EF
:106B7000586BE1FF00000000686BE1FF00000000BF
:106B8000686BE1FF00000000786BE1FF000000008F
:106B9000786BE1FF00000000886BE1FF000000005F
:106BA000886BE1FF00000000986BE1FF000000002F
:106BB000986BE1FF00000000A86BE1FF00000000FF
:106BC000A86BE1FF00000000B86BE1FF00000000CF
:106BD000B86BE1FF00000000C86BE1FF000000009F
:106BE000C86BE1FF00000000D86BE1FF000000006F
:106BF000D86BE1FF00000000E86BE1FF000000003F
:106C0000E86BE1FF00000000F86BE1FF000000000E
:106C1000F86BE1FF00000000086CE1FF00000000DD
:106C2000086CE1FF00000000186CE1FF00000000AC
:106C3000186CE1FF00000000286CE1FF000000007C
:106C4000286CE1FF00000000386CE1FF000000004C
:106C5000386CE1FF00000000486CE1FF000000001C
:106C6000486CE1FF00000000586CE1FF00000000EC
:106C7000586CE1FF00000000686CE1FF00000000BC
:106C8000686CE1FF00000000786CE1FF000000008C
:106C9000786CE1FF00000000886CE1FF000000005C
:106CA000886CE1FF00000000986CE1FF000000002C
:106CB000986CE1FF00000000A86CE1FF00000000FC
:106CC000A86CE1FF00000000B86CE1FF00000000CC
:106CD000B86CE1FF00000000C86CE1FF000000009C
:106CE000C86CE1FF00000000D86CE1FF000000006C
:106CF000D86CE1FF00000000E86CE1FF000000003C
:106D0000E86CE1FF00000000F86CE1FF000000000B
:106D1000F86CE1FF00000000086DE1FF00000000DA
:106D2000086DE1FF00000000186DE1FF00000000A9
:106D3000186DE1FF00000000286DE1FF0000000079
:106D4000286DE1FF00000000386DE1FF0000000049
:106D5000386DE1FF00000000486DE1FF0000000019
:106D6000486DE1FF00000000586DE1FF00000000E9
:106D7000586DE1FF00000000686DE1FF00000000B9
:106D8000686DE1FF00000000786DE1FF0000000089
:106D9000786DE1FF00000000886DE1FF0000000059
:106DA000886DE1FF00000000986DE1FF0000000029
:106DB000986DE1FF00000000A86DE1FF00000000F9
:106DC000A86DE1FF00000000B86DE1FF00000000C9
:106DD000B86DE1FF00000000C86DE1FF0000000099
:106DE000C86DE1FF00000000D86DE1FF0000000069
:106DF000D86DE1FF00000000E86DE1FF0000000039
:106E0000E86DE1FF00000000F86DE1FF0000000008
:106E1000F86DE1FF00000000086EE1FF00000000D7
:106E2000086EE1FF00000000186EE1FF00000000A6
:106E3000186EE1FF00000000286EE1FF0000000076
:106E4000286EE1FF00000000386EE1FF0000000046
:106E5000386EE1FF00000000486EE1FF0000000016
:106E6000486EE1FF00000000586EE1FF00000000E6
:106E7000586EE1FF00000000686EE1FF00000000B6
:106E8000686EE1FF00000000786EE1FF0000000086
:106E9000786EE1FF00000000886EE1FF0000000056
:106EA000886EE1FF00000000986EE1FF0000000026
:106EB000986EE1FF00000000A86EE1FF00000000F6
:106EC000A86EE1FF00000000B86EE1FF00000000C6
:106ED000B86EE1FF00000000C86EE1FF0000000096
:106EE000C86EE1FF00000000D86EE1FF0000000066
:106EF000D86EE1FF00000000E86EE1FF0000000036
:106F0000E86EE1FF00000000F86EE1FF0000000005
:106F1000F86EE1FF00000000086FE1FF00000000D4
:106F2000086FE1FF00000000186FE1FF00000000A3
:106F3000186FE1FF00000000286FE1FF0000000073
:106F4000286FE1FF00000000386FE1FF0000000043
:106F5000386FE1FF00000000486FE1FF0000000013
:106F6000486FE1FF00000000586FE1FF00000000E3
:106F7000586FE1FF00000000686FE1FF00000000B3
:106F8000686FE1FF00000000786FE1FF0000000083
:106F9000786FE1FF00000000886FE1FF0000000053
:106FA000886FE1FF00000000986FE1FF0000000023
:106FB000986FE1FF00000000A86FE1FF00000000F3
:106FC000A86FE1FF00000000B86FE1FF00000000C3
:106FD000B86FE1FF00000000C86FE1FF0000000093
:106FE000C86FE1FF00000000D86FE1FF0000000063
:106FF000D86FE1FF00000000E86FE1FF0000000033
:10700000E86FE1FF00000000F86FE1FF0000000002
:10701000F86FE1FF000000000870E1FF00000000D1
:107020000870E1FF000000001870E1FF00000000A0
:107030001870E1FF000000002870E1FF0000000070
:107040002870E1FF000000003870E1FF0000000040
:107050003870E1FF000000004870E1FF0000000010
:107060004870E1FF000000005870E1FF00000000E0
:107070005870E1FF000000006870E1FF00000000B0
:107080006870E1FF000000007870E1FF0000000080
:107090007870E1FF000000008870E1FF0000000050
:1070A0008870E1FF000000009870E1FF0000000020
:1070B0009870E1FF00000000A870E1FF00000000F0
:1070C000A870E1FF00000000B870E1FF00000000C0
:1070D000B870E1FF00000000C870E1FF0000000090
:1070E000C870E1FF00000000D870E1FF0000000060
:1070F000D870E1FF00000000E870E1FF0000000030
:10710000E870E1FF00000000F870E1FF00000000FF
:10711000F870E1FF000000000871E1FF00000000CE
:107120000871E1FF000000001871E1FF000000009D
:107130001871E1FF000000002871E1FF000000006D
:107140002871E1FF000000007064E1FF0000000012
:1071500000000000000000006CB4E0FF0000000030
:10716000000000000000000000000000000000001F
:10717000E80FE1FF000000000C0A03000D09030006
:107180000D0A03000E0903000E0A03000F0A030094
:107190000E0B03000F0B0300100A0300100B03007B
:1071A0000F0C03000E0A03010E0A04010F0A03016B
:1071B0000F0A0401100A0301100A0401110A030155
:1071C000110A04010000000000000000000000009F
:1071D00000000000000000000000000000000000AF
:1071E000000000000000000000000000000000009F
:1071F000000000000000000000000000000000008F
:10720000000000000000000000000000000000007E
:10721000000000000000000000000000000000006E
:10722000000000000000000000000000000000005E
:10723000000000000000000000000000000000004E
:10724000000000000000000000000000000000003E
:10725000000000000000000000000000000000002E
:10726000000000000000000000000000000000001E
:10727000000000000000000000000000000000000E
:1072800000000000000000000000000000000000FE
:1072900000000000000000000000000000000000EE
:1072A00000000000000000000000000000000000DE
:1072B00000000000000000000000000000000000CE
:1072C00000000000000000000000000000000000BE
:1072D00000000000000000000000000000000000AE
:1072E000000000000000000000000000000000009E
:1072F000000000000000000000000000000000008E
:10730000000000000000000000000000000000007D
:10731000000000000000000000000000000000006D
:10732000000000000000000000000000000000005D
:10733000000000000000000000000000000000004D
:10734000000000000000000000000000000000003D
:10735000000000000000000000000000000000002D
:10736000000000000000000000000000000000001D
:10737000000000000000000000000000000000000D
:1073800000000000000000000000000000000000FD
:1073900000000000000000000000000000000000ED
:1073A00000000000000000000000000000000000DD
:1073B00000000000000000000000000000000000CD
:1073C00000000000000000000000000000000000BD
:1073D00000000000000000000000000000000000AD
:1073E000000000000000000000000000000000009D
:1073F000000000000000000000000000000000008D
:10740000000000000000000000000000000000007C
:10741000000000000000000000000000000000006C
:10742000000000000000000000000000000000005C
:10743000000000000000000000000000000000004C
:10744000000000000000000000000000000000003C
:10745000000000000000000000000000000000002C
:10746000000000000000000000000000000000001C
:10747000000000000000000000000000000000000C
:1074800000000000000000000000000000000000FC
:1074900000000000000000000000000000000000EC
:1074A00000000000000000000000000000000000DC
:1074B00000000000000000000000000000000000CC
:1074C00000000000000000000000000000000000BC
:1074D00000000000000000000000000000000000AC
:1074E000000000000000000000000000000000009C
:1074F000000000000000000000000000000000008C
:10750000000000000000000000000000000000007B
:10751000000000000000000000000000000000006B
:10752000000000000000000000000000000000005B
:10753000000000000000000000000000000000004B
:10754000000000000000000000000000000000003B
:10755000000000000000000000000000000000002B
:10756000000000000000000000000000000000001B
:10757000000000000000000000000000000000000B
:1075800000000000000000000000000000000000FB
:1075900000000000000000000000000000000000EB
:1075A00000000000000000000000000000000000DB
:1075B00000000000000000000000000000000000CB
:1075C00000000000000000000000000000000000BB
:1075D00000000000000000000000000000000000AB
:1075E000000000000000000000000000000000009B
:1075F000000000000000000000000000000000008B
:10760000000000000000000000000000000000007A
:10761000000000000000000000000000000000006A
:10762000000000000000000000000000000000005A
:10763000000000000000000000000000000000004A
:10764000000000000000000000000000000000003A
:10765000000000000000000000000000000000002A
:10766000000000000000000000000000000000001A
:10767000000000000000000000000000000000000A
:1076800000000000000000000000000000000000FA
:1076900000000000000000000000000000000000EA
:1076A00000000000000000000000000000000000DA
:1076B00000000000000000000000000000000000CA
:1076C00000000000000000000000000000000000BA
:1076D00000000000000000000000000000000000AA
:1076E000000000000000000000000000000000009A
:1076F000000000000000000000000000000000008A
:107700000000000000000000000000000000000079
:107710000000000000000000000000000000000069
:107720000000000000000000000000000000000059
:107730000000000000000000000000000000000049
:107740000000000000000000000000000000000039
:107750000000000000000000000000000000000029
:107760000000000000000000000000000000000019
:107770000000000000000000000000000000000009
:1077800000000000000000000000000000000000F9
:1077900000000000000000000000000000000000E9
:1077A00000000000000000000000000000000000D9
:1077B00000000000000000000000000000000000C9
:1077C00000000000000000000000000000000000B9
:1077D00000000000000000000000000000000000A9
:1077E0000000000000000000000000000000000099
:1077F0000000000000000000000000000000000089
:107800000000000000000000000000000000000078
:107810000000000000000000000000000000000068
:107820000000000000000000000000000000000058
:107830000000000000000000000000000000000048
:107840000000000000000000000000000000000038
:107850000000000000000000000000000000000028
:107860000000000000000000000000000000000018
:107870000000000000000000000000000000000008
:1078800000000000000000000000000000000000F8
:1078900000000000000000000000000000000000E8
:1078A00000000000000000000000000000000000D8
:1078B00000000000000000000000000000000000C8
:1078C00000000000000000000000000000000000B8
:1078D00000000000000000000000000000000000A8
:1078E0000000000000000000000000000000000098
:1078F0000000000000000000000000000000000088
:107900000000000000000000000000000000000077
:107910000000000000000000000000000000000067
:107920000000000000000000000000000000000057
:107930000000000000000000000000000000000047
:107940000000000000000000000000000000000037
:107950000000000000000000000000000000000027
:107960000000000000000000000000000000000017
:107970000000000000000000000000000000000007
:1079800000000000000000000000000000000000F7
:1079900000000000000000000000000000000000E7
:1079A00000000000000000000000000000000000D7
:1079B00000000000000000000000000000000000C7
:1079C00000000000000000000000000000000000B7
:1079D00000000000000000000000000000000000A7
:1079E0000000000000000000000000000000000097
:1079F0000000000000000000000000000000000087
:107A00000000000000000000000000000000000076
:107A10000000000000000000000000000000000066
:107A20000000000000000000000000000000000056
:107A30000000000000000000000000000000000046
:107A40000000000000000000000000000000000036
:107A50000000000000000000000000000000000026
:107A60000000000000000000000000000000000016
:107A70000000000000000000000000000000000006
:107A800000000000000000000000000000000000F6
:107A900000000000000000000000000000000000E6
:107AA00000000000000000000000000000000000D6
:107AB00000000000000000000000000000000000C6
:107AC00000000000000000000000000000000000B6
:107AD00000000000000000000000000000000000A6
:107AE0000000000000000000000000000000000096
:107AF0000000000000000000000000000000000086
:107B00000000000000000000000000000000000075
:107B10000000000000000000000000000000000065
:107B20000000000000000000000000000000000055
:107B30000000000000000000000000000000000045
:107B40000000000000000000000000000000000035
:107B50000000000000000000000000000000000025
:107B60000000000000000000000000000000000015
:107B70000000000000000000000000000000000005
:107B800000000000000000000000000000000000F5
:107B900000000000000000000000000000000000E5
:107BA00000000000000000000000000000000000D5
:107BB00000000000000000000000000000000000C5
:107BC00000000000000000000000000000000000B5
:107BD00000000000000000000000000000000000A5
:107BE0000000000000000000000000000000000095
:107BF0000000000000000000000000000000000085
:107C00000000000000000000000000000000000074
:107C10000000000000000000000000000000000064
:107C2000CC66E1FF000000004A00000000000000F8
:107C30008036E1FF000000000000000000000000AE
:107C40009810E1FF000000000000000000000000AC
:107C500000000000000000001C10E1FF0000000018
:107C60000000000000000000000000000000000014
:107C700000000000000000002000000018000000CC
:107C800000000000000000007071E1FF0000000033
:107C900000000000000000004D65E1FF0000000052
:107CA0005700000000000000C036E1FF00000000A7
:107CB0000000000000000000F8F4E0FF00000000F9
:107CC000DCF4E0FF00000000000000000000000005
:107CD00058F3E0FF0000000000000000000000007A
:107CE0000000000000000000000000000000000094
:107CF00060000000500000000000000000000000D4
:107D00000837E1FF00000000000400000000000050
:107D10007565E1FF00000000570000000000000052
:107D20007838E1FF000000000000000000000000C3
:107D30007C0AE1FF00000000AC09E1FF0000000048
:107D400000000000000000004009E1FF000000000A
:107D50000000000000000000000000000000000023
:107D60000000000000000000A8000000100000005B
:107D70000000000000000000B039E1FF000000003A
:107D80000000000000000000CA64E1FF00000000E5
:107D90005800000000000000F03BE1FF0000000080
:107DA0000000000000000000DCDCE0FF000000003C
:107DB00044DCE0FF000000000000000000000000C4
:107DC00000000000000000000000000000000000B3
:107DD00000000000000000000000000000000000A3
:107DE0004802000000000000000000000000000049
:107DF000103CE1FF00000000000000000000000057
:107E0000C14DE1FF0000000015000000000000006F
:107E10000000000000000000000000000000000062
:107E20007CCBE0FF0000000000000000000000002C
:107E30000000000000000000000000000000000042
:107E40000000000000000000000000000000000032
:107E50000000000000000000000000000000000022
:107E60000000000000000000C03AE1FF0000000038
:107E70000000000000000000D864E1FF00000000E6
:107E80005200000000000000E03AE1FF00000000A6
:107E90000000000000000000D0EAE0FF0000000049
:107EA00000000000000000000000000000000000D2
:107EB0003CE7E0FF000000000000000000000000C0
:107EC00000000000000000000000000000000000B2
:107ED0002000000020000000000000000000000062
:107EE000403BE1FF00000000000000000000000037
:107EF0007064E1FF000000000000000000000000CE
:107F00000000000000000000000000000000000071
:107F10000000000000000000000000000000000061
:107F20000000000000000000000000000000000051
:107F30000000000000000000000000000000000041
:107F40000000000000000000000000000000000031
:107F50000000000000000000000000000000000021
:107F600000000000000000008064E1FF000000004D
:107F70005300000000000000903AE1FF0000000004
:107F800000000000000000000000000000000000F1
:107F900000000000000000000000000000000000E1
:107FA00000000000000000000000000000000000D1
:107FB00000000000000000000000000000000000C1
:107FC00000000000000000000000000000000000B1
:107FD000000000000000000004000000000000009D
:107FE000B264E1FF00000000350000000000000066
:107FF000803BE1FF0000000038DBE0FF00000000F4
:1080000064DAE0FF00000000000000000000000053
:10801000000000000000000074D9E0FF0000000034
:108020000000000000000000000000000000000050
:1080300000000000000000007000000018010000B7
:1080400000000000000000002838E1FF00000000F0
:1080500000000000000000001067E1FF00000000C9
:108060004D00000000000000A03BE1FF0000000008
:108070006820E1FF000000001020E1FF0000000088
:108080004C1FE1FF000000000000000000000000A5
:1080900000000000000000000000000000000000E0
:1080A00000000000000000000000000000000000D0
:1080B00008000000000000000000000000000000B8
:1080C000C03BE1FF000000000004000000000000D1
:1080D0003165E1FF000000005900000000000000D1
:1080E0000000000000000000000000000000000090
:1080F0000000000000000000000000000000000080
:10810000000000000000000000000000000000006F
:10811000000000000000000000000000000000005F
:10812000000000000000000000000000000000004F
:10813000000000000000000000000000000000003F
:108140000000000000000000A164E1FF000000004A
:108150005D000000000000000000000000000000C2
:10816000000000000000000000000000000000000F
:1081700000000000000000000000000000000000FF
:1081800000000000000000000000000000000000EF
:1081900000000000000000000000000000000000DF
:1081A00000000000000000000000000000000000CF
:1081B0005871E1FF00000000000000000000000016
:1081C0006764E1FF000000000200000008000000FA
:1081D000E09BE0FF00000000000000000000000045
:1081E0003899E0FF00000000E457E1FF00000000C4
:1081F00001000000000000004C3CE0FF0000000017
:10820000DF57E1FF00000000020000000000000056
:108210004C3CE0FF00000000D857E1FF00000000E8
:1082200003000000000000004C3CE0FF00000000E4
:10823000ED57E1FF0000000000000000000000001A
:108240000C42E0FF00000000E957E1FF00000000E1
:108250000800000000000000C840E0FF000000002F
:10826000C54DE1FF00000000150000000000000007
:1082700000000000000000000000000000000000FE
:108280000000000000000000A020E1FF000000004E
:1082900000000000000000000000000000000000DE
:1082A00000000000000000000000000000000000CE
:1082B00000000000000000000000000000000000BE
:1082C0000000000000000000880000000000000026
:1082D000000000000000000000000000000000009E
:1082E0000000000000000000B75CE1FF000000009B
:1082F0003500000000000000000000000000000049
:10830000000000000000000000000000000000006D
:10831000000000000000000000000000000000005D
:10832000000000000000000000000000000000004D
:10833000000000000000000000000000000000003D
:108340000000000000000000000000000800000025
:10835000000000000000000000000000000000001D
:10836000000000000000000001000000000000000C
:108370007C64E1FF00000000390000000000000004
:1083800000000000000000000000000000000000ED
:1083900000000000000000000000000000000000DD
:1083A00000000000000000000000000000000000CD
:1083B00000000000000000000000000000000000BD
:1083C00000000000000000000000000000000000AD
:1083D000000000000000000000000000000000009D
:1083E000000000000000000000000000000000008D
:1083F0000000000000000000E25AE1FF0000000061
:108400004A00000000000000000000000000000022
:10841000000000000000000000000000000000005C
:10842000000000000000000000000000000000004C
:10843000000000000000000000000000000000003C
:10844000000000000000000000000000000000002C
:10845000000000000000000000000000000000001C
:10846000000000000000000000000000000000000C
:1084700000000000000000000000000000000000FC
:108480001867E1FF000000004D0000000000000040
:1084900000000000000000000000000000000000DC
:1084A00000000000000000000000000000000000CC
:1084B00000000000000000000000000000000000BC
:1084C00000000000000000000000000000000000AC
:1084D000000000000000000000000000000000009C
:1084E000000000000000000000000000000000008C
:1084F000000000000000000000000000000000007C
:1085000000000000000000006B64E1FF00000000BC
:10851000000000000000000000000000000000005B
:10852000000000000000000000000000000000004B
:10853000000000000000000000000000000000003B
:10854000000000000000000000000000000000002B
:10855000000000000000000000000000000000001B
:10856000000000000000000000000000000000000B
:1085700000000000000000000000000000000000FB
:1085800000000000000000000000000000000000EB
:10859000E064E1FF00000000520000000000000065
:1085A00000000000000000000000000000000000CB
:1085B0000000000000000000CCE4E0FF000000002C
:1085C000F0E4E0FF000000000000000000000000F8
:1085D000000000000000000000000000000000009B
:1085E000000000000000000000000000000000008B
:1085F0000000000018000000000000000000000063
:10860000000000000000000000000000000000006A
:1086100001000000000000008064E1FF0000000095
:108620005300000000000000F0B0E0FF0000000078
:10863000000000000000000000000000000000003A
:10864000000000000000000000000000000000002A
:10865000000000000000000000000000000000001A
:10866000000000000000000000000000000000000A
:1086700000000000000000000000000000000000FA
:108680000C000000000000000000000000000000DE
:1086900000000000000000000000000000000000DA
:1086A0004B66E1FF000000005700000000000000E2
:1086B00094A8E0FF0000000000000000000000009F
:1086C0000000000000000000B4EBE0FF000000002C
:1086D0000000000000000000C4F1E0FF0000000006
:1086E00068EBE0FF00000000000000000000000058
:1086F000000000000000000000000000000000007A
:108700000000000004000000000000003000000035
:108710000C0000000000000000000000000000004D
:1087200001000000000000004165E1FF00000000C2
:1087300059000000000000000000000000000000E0
:108740000000000000000000000000000000000029
:108750000000000000000000000000000000000019
:108760000000000000000000000000000000000009
:1087700000000000000000000000000000000000F9
:1087800000000000000000000000000000000000E9
:1087900000000000000000000000000000000000D9
:1087A00000000000000000000000000000000000C9
:1087B000C064E1FF0000000058000000000000005D
:1087C00064DBE0FF0000000000000000000000008B
:1087D0000000000000000000000000000000000099
:1087E0000000000000000000000000000000000089
:1087F0000000000000000000000000000000000079
:108800000000000000000000000000000000000068
:10881000000000004802000000000000000000000E
:108820000000000000000000000000000000000048
:108830000000000000000000A964E1FF000000004B
:108840005D0000000000000064B4E0FF00000000D4
:108850000000000000000000000000000000000018
:108860000000000000000000000000000000000008
:1088700000000000000000000000000000000000F8
:1088800000000000000000000000000000000000E8
:1088900000000000000000000000000000000000D8
:1088A00000000000000000000000000000000000C8
:1088B00000000000000000000000000000000000B8
:1088C000D00DFEED00000972000000380000078C9A
:1088D000000000280000001100000002000000005D
:1088E000000001E600000754000000000000000046
:1088F0000000000000000000000000010000000077
:10890000000000030000001700000000616C74729A
:108910002C736F63667067612D737472617469780C
:108920003130000000000003000000040000000BD4
:108930000000000200000003000000040000001A14
:1089400000000002000000030000001900000026E3
:10895000536F4346504741205374726174697820C5
:10896000313020536F43444B0000000000000001F1
:10897000736F630000000003000000040000000BA0
:108980000000000100000003000000040000001AC5
:1089900000000001000000030000000B00000000C8
:1089A00073696D706C652D627573000000000003C3
:1089B000000000040000002C736F6300000000033F
:1089C000000000100000003800000000000000005F
:1089D00000000000FFFFFFFF00000001636C6B6DF3
:1089E000677240666664313030303000000000034A
:1089F0000000000D00000000616C74722C636C6B51
:108A00002D6D6772000000000000000300000008E8
:108A10000000003FFFD10000000010000000000235
:108A20000000000164776D6D633040666638303851
:108A30003030300000000003000000040000000B94
:108A40000000000100000003000000040000001A04
:108A500000000000000000030000001500000000FE
:108A6000616C74722C736F63667067612D64772D0F
:108A70006D73686300000000000000030000000840
:108A80000000003FFF808000000010000000000395
:108A90000000000400000043000004000000000388
:108AA000000000100000004E00000006000000273B
:108AB000000000060000002F000000030000000579
:108AC000000000556F6B617900000000000000039A
:108AD000000000000000005C000000030000000037
:108AE0000000006D00000003000000000000007F97
:108AF00000000003000000040000008900000004E2
:108B000000000003000000040000009300000003C8
:108B100000000003000000040000009A00000002B2
:108B20000000000300000004000000A20000000A92
:108B3000000000020000000173706940666638643E
:108B40003230303000000000000000030000000E52
:108B50000000000063646E732C717370692D6E6F7A
:108B60007200000000000003000000040000000B81
:108B70000000000100000003000000040000001AD3
:108B80000000000000000003000000100000003F93
:108B9000FF8D200000000100FF9000000010000089
:108BA0000000000300000004000000AA0000008094
:108BB0000000000300000004000000BA00000004F0
:108BC0000000000300000004000000CA00000000D4
:108BD0000000000300000005000000556F6B617984
:108BE0000000000000000001666C61736840300006
:108BF00000000003000000040000000B0000000162
:108C000000000003000000040000001A0000000142
:108C1000000000030000000E000000006A656465AB
:108C2000632C7370692D6E6F7200000000000003EA
:108C3000000000040000003F0000000000000003EE
:108C400000000004000000DF05F5E1000000000363
:108C500000000000000000F100000003000000041C
:108C600000000100000001000000000300000004FB
:108C70000000010F000000100000000300000004CD
:108C80000000011F000000010000000300000004BC
:108C90000000012F0000003200000003000000046B
:108CA0000000013D0000003200000003000000044D
:108CB0000000014B0000000400000003000000045D
:108CC000000001590000000400000003000000043F
:108CD0000000016700000004000000030000000421
:108CE0000000017800000004000000020000000203
:108CF000000000017273746D677240666664313102
:108D00003030300000000003000000040000018942
:108D100000000001000000030000000D0000000042
:108D2000616C74722C7273742D6D67720000000098
:108D300000000003000000080000003FFFD1100009
:108D40000000100000000003000000040000019675
:108D5000000000200000000300000004000000A24A
:108D60000000000600000002000000017364724071
:108D7000663830303034303000000000000000032E
:108D80000000001100000000616C74722C736472AA
:108D90002D63746C2D73313000000000000000035F
:108DA000000000180000003FF800040000000080F0
:108DB000F801000000000190F8011000000005001B
:108DC00000000003000000080000004E0000000644
:108DD0000000006600000002000000017379736D5E
:108DE0006772406666643132303030000000000344
:108DF0000000001400000000616C74722C73797321
:108E00002D6D677200737973636F6E00000000034D
:108E1000000000080000003FFFD12000000010000B
:108E20000000000300000004000000A20000000792
:108E3000000000020000000173657269616C30403F
:108E400066666330323030300000000000000003FE
:108E50000000001100000000736E70732C64772D09
:108E60006170622D756172740000000000000003E3
:108E7000000000080000003FFFC0200000000100CB
:108E80000000000300000004000001A9000000022F
:108E90000000000300000004000001B30000000413
:108EA00000000003000000080000004E0000000663
:108EB0000000005000000003000000050000005505
:108EC0006F6B6179000000000000000200000001EB
:108ED0007761746368646F6740666664303032300F
:108EE00030000000000000030000000C0000000043
:108EF000736E70732C64772D776474000000000328
:108F0000000000080000003FFFD002000000010048
:108F100000000003000000080000004E00000006F2
:108F200000000040000000030000000500000055A4
:108F30006F6B617900000000000000020000000279
:108F400000000001616C696173657300000000033B
:108F500000000016000001C02F736F632F7365724D
:108F600069616C304066666330323030300000003A
:108F70000000000300000012000001C82F736F639F
:108F80002F737069406666386432303030000000FC
:108F9000000000020000000163686F73656E00004E
:108FA0000000000300000011000001CD736572692C
:108FB000616C303A3131353230306E3800000000AB
:108FC0000000000300000004000001D90000000AB6
:108FD00000000002000000016D656D6F72790000F5
:108FE00000000003000000040000000B000000026D
:108FF00000000003000000040000001A000000024E
:1090000000000003000000070000002C6D656D6F7C
:109010007279000000000003000000200000003F03
:1090200000000000000000000000000080000000C0
:10903000000000018000000000000000800000002F
:10904000000000020000000200000009636F6D7064
:10905000617469626C650023616464726573732D69
:1090600063656C6C73002373697A652D63656C6C42
:1090700073006D6F64656C006465766963655F7429
:109080007970650072616E6765730072656700666E
:1090900069666F2D646570746800726573657473BA
:1090A00000737461747573006361702D73642D684F
:1090B0006967687370656564006361702D6D6D63C9
:1090C0002D6869676873706565640062726F6B65AF
:1090D0006E2D6364006275732D7769647468006433
:1090E000727673656C00736D706C73656C0070687C
:1090F000616E646C650063646E732C6669666F2DC7
:1091000064657074680063646E732C6669666F2DA5
:1091100077696474680063646E732C74726967673E
:1091200065722D61646472657373007370692D6D6F
:1091300061782D6672657175656E6379006D323583
:10914000702C666173742D726561640063646E7364
:109150002C706167652D73697A650063646E732C8A
:10916000626C6F636B2D73697A650063646E732C38
:10917000726561642D64656C61790063646E732C43
:10918000747368736C2D6E730063646E732C7473E8
:109190006432642D6E730063646E732C7463687341
:1091A000682D6E730063646E732C74736C63682D2A
:1091B0006E73007370692D74782D6275732D7769E5
:1091C000647468007370692D72782D6275732D77E1
:1091D00069647468002372657365742D63656C6CD3
:1091E0007300616C74722C6D6F647273742D6F6692
:1091F00066736574007265672D73686966740072C2
:1092000065672D696F2D776964746800736572698D
:10921000616C300073706930007374646F75742D05
:109220007061746800752D626F6F742C626F6F745B
:0292300030000C
:04000005FFE0000018
:00000001FF
