-- Catapult Ultra Synthesis: Report                                              
-- ------------------------- ---------------------------------------------------
-- Version:                  2025.1/1166825 Production Release                   
-- Build Date:               Sun Feb 16 14:04:49 PST 2025                        
                                                                                 
-- Generated by:             gtombesi@corsica                                    
-- Generated date:           Thu May 08 19:13:30 EDT 2025                        

Solution Settings: leakyrelu_com.v1
  Current state: extract
  Project: Catapult

Design Input Files Specified
  $PROJECT_HOME/../../tb/testbench.cpp
  $PROJECT_HOME/../../tb/testbench.hpp
  $PROJECT_HOME/../../tb/sc_main.cpp
  $PROJECT_HOME/../../tb/system.hpp
  $PROJECT_HOME/../../inc/leakyrelu_com.h
    $MGC_HOME/shared/include/systemc.h
      $MGC_HOME/shared/include/systemc
        $MGC_HOME/shared/include/sysc/kernel/sc_cmnhdr.h
        $MGC_HOME/shared/include/sysc/kernel/sc_externs.h
        $MGC_HOME/shared/include/sysc/kernel/sc_except.h
          $MGC_HOME/shared/include/sysc/kernel/sc_cmnhdr.h
        $MGC_HOME/shared/include/sysc/kernel/sc_module.h
          $MGC_HOME/shared/include/sysc/kernel/sc_kernel_ids.h
            $MGC_HOME/shared/include/sysc/utils/sc_report.h
              $MGC_HOME/shared/include/sysc/kernel/sc_cmnhdr.h
              $MGC_HOME/shared/include/sysc/utils/sc_report_handler.h
          $MGC_HOME/shared/include/sysc/kernel/sc_process.h
            $MGC_HOME/shared/include/sysc/kernel/sc_constants.h
            $MGC_HOME/shared/include/sysc/kernel/sc_object.h
              $MGC_HOME/shared/include/sysc/kernel/sc_attribute.h
                $MGC_HOME/shared/include/sysc/kernel/sc_cmnhdr.h
            $MGC_HOME/shared/include/sysc/communication/sc_export.h
              $MGC_HOME/shared/include/sysc/communication/sc_communication_ids.h
              $MGC_HOME/shared/include/sysc/communication/sc_interface.h
                $MGC_HOME/shared/include/sysc/kernel/sc_cmnhdr.h
              $MGC_HOME/shared/include/sysc/utils/sc_typeindex.h
                $MGC_HOME/shared/include/sysc/kernel/sc_cmnhdr.h
          $MGC_HOME/shared/include/sysc/kernel/sc_module_name.h
          $MGC_HOME/shared/include/sysc/kernel/sc_sensitive.h
          $MGC_HOME/shared/include/sysc/kernel/sc_time.h
            $MGC_HOME/shared/include/sysc/datatypes/int/sc_nbdefs.h
              $MGC_HOME/shared/include/sysc/kernel/sc_cmnhdr.h
            $MGC_HOME/shared/include/sysc/datatypes/fx/scfx_ieee.h
              $MGC_HOME/shared/include/sysc/datatypes/fx/sc_fxdefs.h
                $MGC_HOME/shared/include/sysc/kernel/sc_cmnhdr.h
                $MGC_HOME/shared/include/sysc/utils/sc_machine.h
                  $MGC_HOME/shared/include/sysc/packages/boost/detail/endian.hpp
                $MGC_HOME/shared/include/sysc/datatypes/fx/sc_fx_ids.h
                $MGC_HOME/shared/include/sysc/datatypes/int/sc_nbutils.h
                  $MGC_HOME/shared/include/sysc/datatypes/bit/sc_bit_ids.h
                  $MGC_HOME/shared/include/sysc/datatypes/int/sc_int_ids.h
          $MGC_HOME/shared/include/sysc/kernel/sc_wait.h
            $MGC_HOME/shared/include/sysc/kernel/sc_simcontext.h
              $MGC_HOME/shared/include/sysc/kernel/sc_cmnhdr.h
              $MGC_HOME/shared/include/sysc/kernel/sc_status.h
                $MGC_HOME/shared/include/sysc/kernel/sc_cmnhdr.h
              $MGC_HOME/shared/include/sysc/utils/sc_hash.h
                $MGC_HOME/shared/include/sysc/kernel/sc_simcontext.h
              $MGC_HOME/shared/include/sysc/utils/sc_pq.h
                $MGC_HOME/shared/include/sysc/kernel/sc_cmnhdr.h
          $MGC_HOME/shared/include/sysc/kernel/sc_wait_cthread.h
            $MGC_HOME/shared/include/sysc/datatypes/bit/sc_logic.h
              $MGC_HOME/shared/include/sysc/kernel/sc_cmnhdr.h
              $MGC_HOME/shared/include/sysc/kernel/sc_macros.h
                $MGC_HOME/shared/include/sysc/kernel/sc_cmnhdr.h
              $MGC_HOME/shared/include/sysc/utils/sc_mempool.h
              $MGC_HOME/shared/include/sysc/datatypes/bit/sc_bit.h
          $MGC_HOME/shared/include/sysc/kernel/sc_process_handle.h
            $MGC_HOME/shared/include/sysc/kernel/sc_module.h
          $MGC_HOME/shared/include/sysc/utils/sc_list.h
            $MGC_HOME/shared/include/sysc/kernel/sc_cmnhdr.h
        $MGC_HOME/shared/include/sysc/kernel/sc_ver.h
          $MGC_HOME/shared/include/sysc/kernel/sc_cmnhdr.h
          $MGC_HOME/shared/include/sysc/communication/sc_writer_policy.h
        $MGC_HOME/shared/include/sysc/communication/sc_buffer.h
          $MGC_HOME/shared/include/sysc/communication/sc_signal.h
            $MGC_HOME/shared/include/sysc/communication/sc_port.h
              $MGC_HOME/shared/include/sysc/kernel/sc_event.h
                $MGC_HOME/shared/include/sysc/kernel/sc_cmnhdr.h
            $MGC_HOME/shared/include/sysc/communication/sc_prim_channel.h
            $MGC_HOME/shared/include/sysc/communication/sc_signal_ifs.h
            $MGC_HOME/shared/include/sysc/tracing/sc_trace.h
        $MGC_HOME/shared/include/sysc/communication/sc_clock.h
        $MGC_HOME/shared/include/sysc/communication/sc_clock_ports.h
          $MGC_HOME/shared/include/sysc/communication/sc_signal_ports.h
            $MGC_HOME/shared/include/sysc/communication/sc_event_finder.h
        $MGC_HOME/shared/include/sysc/communication/sc_event_queue.h
        $MGC_HOME/shared/include/sysc/communication/sc_fifo.h
          $MGC_HOME/shared/include/sysc/communication/sc_fifo_ifs.h
        $MGC_HOME/shared/include/sysc/communication/sc_fifo_ports.h
        $MGC_HOME/shared/include/sysc/communication/sc_mutex.h
          $MGC_HOME/shared/include/sysc/communication/sc_mutex_if.h
        $MGC_HOME/shared/include/sysc/communication/sc_semaphore.h
          $MGC_HOME/shared/include/sysc/communication/sc_semaphore_if.h
        $MGC_HOME/shared/include/sysc/communication/sc_signal_resolved.h
        $MGC_HOME/shared/include/sysc/communication/sc_signal_resolved_ports.h
        $MGC_HOME/shared/include/sysc/communication/sc_signal_rv.h
          $MGC_HOME/shared/include/sysc/datatypes/bit/sc_lv.h
            $MGC_HOME/shared/include/sysc/datatypes/bit/sc_lv_base.h
              $MGC_HOME/shared/include/sysc/datatypes/bit/sc_bv_base.h
                $MGC_HOME/shared/include/sysc/datatypes/bit/sc_bit_proxies.h
                  $MGC_HOME/shared/include/sysc/datatypes/bit/sc_proxy.h
                    $MGC_HOME/shared/include/sysc/kernel/sc_cmnhdr.h
                    $MGC_HOME/shared/include/sysc/datatypes/int/sc_signed.h
                      $MGC_HOME/shared/include/sysc/datatypes/misc/sc_value_base.h
                      $MGC_HOME/shared/include/sysc/utils/sc_temporary.h
                        $MGC_HOME/shared/include/sysc/kernel/sc_cmnhdr.h
                      $MGC_HOME/shared/include/sysc/datatypes/int/sc_length_param.h
                        $MGC_HOME/shared/include/sysc/datatypes/fx/sc_context.h
                          $MGC_HOME/shared/include/sysc/kernel/sc_cmnhdr.h
                      $MGC_HOME/shared/include/sysc/datatypes/int/sc_nbexterns.h
                      $MGC_HOME/shared/include/sysc/datatypes/int/sc_unsigned.h
                    $MGC_HOME/shared/include/sysc/datatypes/int/sc_int_base.h
                      $MGC_HOME/shared/include/sysc/kernel/sc_cmnhdr.h
                      $MGC_HOME/shared/include/sysc/datatypes/int/sc_uint_base.h
        $MGC_HOME/shared/include/sysc/communication/sc_signal_rv_ports.h
        $MGC_HOME/shared/include/sysc/datatypes/bit/sc_bv.h
        $MGC_HOME/shared/include/sysc/datatypes/int/sc_bigint.h
        $MGC_HOME/shared/include/sysc/datatypes/int/sc_biguint.h
        $MGC_HOME/shared/include/sysc/datatypes/int/sc_int.h
        $MGC_HOME/shared/include/sysc/datatypes/int/sc_uint.h
        $MGC_HOME/shared/include/sysc/datatypes/misc/sc_concatref.h
        $MGC_HOME/shared/include/sysc/utils/sc_utils_ids.h
        $MGC_HOME/shared/include/sysc/utils/sc_pvector.h
        $MGC_HOME/shared/include/sysc/utils/sc_string_view.h
          $MGC_HOME/shared/include/sysc/kernel/sc_cmnhdr.h
          $MGC_HOME/shared/include/sysc/packages/boost/utility/string_view.hpp
            $MGC_HOME/shared/include/sysc/packages/boost/config.hpp
              $MGC_HOME/shared/include/sysc/packages/boost/config/user.hpp
              $MGC_HOME/shared/include/sysc/packages/boost/config/select_compiler_config.hpp
              $MGC_HOME/shared/include/sysc/packages/boost/config/compiler/gcc.hpp
              $MGC_HOME/shared/include/sysc/packages/boost/config/select_stdlib_config.hpp
              $MGC_HOME/shared/include/sysc/packages/boost/config/stdlib/libstdcpp3.hpp
              $MGC_HOME/shared/include/sysc/packages/boost/config/select_platform_config.hpp
              $MGC_HOME/shared/include/sysc/packages/boost/config/platform/linux.hpp
                $MGC_HOME/shared/include/sysc/packages/boost/config/posix_features.hpp
              $MGC_HOME/shared/include/sysc/packages/boost/config/suffix.hpp
            $MGC_HOME/shared/include/sysc/packages/boost/utility/string_view_fwd.hpp
        $MGC_HOME/shared/include/sysc/utils/sc_vector.h
    $PROJECT_HOME/../../../../common/matchlib_toolkit/examples/matchlib/cmod/include/nvhls_int.h
      $PROJECT_HOME/../../../../common/matchlib_toolkit/examples/matchlib/cmod/include/nvhls_marshaller.h
        $MGC_HOME/shared/include/connections/marshaller.h
          $MGC_HOME/shared/include/ccs_types.h
            $MGC_HOME/shared/include/tlm.h
              $MGC_HOME/shared/include/tlm
                $MGC_HOME/shared/include/systemc
                $MGC_HOME/shared/include/tlm_core/tlm_2/tlm_version.h
                $MGC_HOME/shared/include/tlm_core/tlm_1/tlm_analysis/tlm_analysis.h
                  $MGC_HOME/shared/include/tlm_core/tlm_1/tlm_analysis/tlm_write_if.h
                    $MGC_HOME/shared/include/systemc
                  $MGC_HOME/shared/include/tlm_core/tlm_1/tlm_analysis/tlm_analysis_if.h
                  $MGC_HOME/shared/include/tlm_core/tlm_1/tlm_analysis/tlm_analysis_triple.h
                  $MGC_HOME/shared/include/tlm_core/tlm_1/tlm_analysis/tlm_analysis_port.h
                  $MGC_HOME/shared/include/tlm_core/tlm_1/tlm_analysis/tlm_analysis_fifo.h
                    $MGC_HOME/shared/include/tlm_core/tlm_1/tlm_req_rsp/tlm_channels/tlm_fifo/tlm_fifo.h
                      $MGC_HOME/shared/include/tlm_core/tlm_1/tlm_req_rsp/tlm_1_interfaces/tlm_fifo_ifs.h
                        $MGC_HOME/shared/include/tlm_core/tlm_1/tlm_req_rsp/tlm_1_interfaces/tlm_core_ifs.h
                          $MGC_HOME/shared/include/tlm_core/tlm_1/tlm_req_rsp/tlm_1_interfaces/tlm_tag.h
                      $MGC_HOME/shared/include/tlm_core/tlm_1/tlm_req_rsp/tlm_channels/tlm_fifo/circular_buffer.h
                      $MGC_HOME/shared/include/tlm_core/tlm_1/tlm_req_rsp/tlm_channels/tlm_fifo/tlm_fifo_put_get.h
                      $MGC_HOME/shared/include/tlm_core/tlm_1/tlm_req_rsp/tlm_channels/tlm_fifo/tlm_fifo_peek.h
                      $MGC_HOME/shared/include/tlm_core/tlm_1/tlm_req_rsp/tlm_channels/tlm_fifo/tlm_fifo_resize.h
                $MGC_HOME/shared/include/tlm_core/tlm_1/tlm_req_rsp/tlm_req_rsp.h
                  $MGC_HOME/shared/include/tlm_core/tlm_1/tlm_req_rsp/tlm_1_interfaces/tlm_master_slave_ifs.h
                  $MGC_HOME/shared/include/tlm_core/tlm_1/tlm_req_rsp/tlm_channels/tlm_req_rsp_channels/tlm_req_rsp_channels.h
                    $MGC_HOME/shared/include/tlm_core/tlm_1/tlm_req_rsp/tlm_adapters/tlm_adapters.h
                    $MGC_HOME/shared/include/tlm_core/tlm_1/tlm_req_rsp/tlm_channels/tlm_req_rsp_channels/tlm_put_get_imp.h
                  $MGC_HOME/shared/include/tlm_core/tlm_1/tlm_req_rsp/tlm_ports/tlm_nonblocking_port.h
                    $MGC_HOME/shared/include/tlm_core/tlm_1/tlm_req_rsp/tlm_ports/tlm_event_finder.h
                $MGC_HOME/shared/include/tlm_core/tlm_2/tlm_2_interfaces/tlm_2_interfaces.h
                  $MGC_HOME/shared/include/tlm_core/tlm_2/tlm_2_interfaces/tlm_dmi.h
                    $MGC_HOME/shared/include/systemc
                  $MGC_HOME/shared/include/tlm_core/tlm_2/tlm_2_interfaces/tlm_fw_bw_ifs.h
                    $MGC_HOME/shared/include/systemc
                    $MGC_HOME/shared/include/tlm_core/tlm_2/tlm_generic_payload/tlm_generic_payload.h
                      $MGC_HOME/shared/include/tlm_core/tlm_2/tlm_generic_payload/tlm_helpers.h
                      $MGC_HOME/shared/include/tlm_core/tlm_2/tlm_generic_payload/tlm_phase.h
                        $MGC_HOME/shared/include/sysc/kernel/sc_cmnhdr.h
                      $MGC_HOME/shared/include/tlm_core/tlm_2/tlm_generic_payload/tlm_gp.h
                        $MGC_HOME/shared/include/sysc/kernel/sc_cmnhdr.h
                        $MGC_HOME/shared/include/tlm_core/tlm_2/tlm_generic_payload/tlm_array.h
                      $MGC_HOME/shared/include/tlm_core/tlm_2/tlm_generic_payload/tlm_endian_conv.h
                $MGC_HOME/shared/include/tlm_core/tlm_2/tlm_sockets/tlm_sockets.h
                  $MGC_HOME/shared/include/tlm_core/tlm_2/tlm_sockets/tlm_initiator_socket.h
                    $MGC_HOME/shared/include/tlm_core/tlm_2/tlm_sockets/tlm_base_socket_if.h
                  $MGC_HOME/shared/include/tlm_core/tlm_2/tlm_sockets/tlm_target_socket.h
                $MGC_HOME/shared/include/tlm_core/tlm_2/tlm_quantum/tlm_quantum.h
                  $MGC_HOME/shared/include/tlm_core/tlm_2/tlm_quantum/tlm_global_quantum.h
            $MGC_HOME/shared/include/ac_sc.h
              $MGC_HOME/shared/include/ac_complex.h
                $MGC_HOME/shared/include/ac_float.h
                  $MGC_HOME/shared/include/ac_fixed.h
                    $MGC_HOME/shared/include/ac_int.h
            $MGC_HOME/shared/include/mc_typeconv.h
              $MGC_HOME/shared/include/mc_container_types.h
          $MGC_HOME/shared/include/connections/connections_utils.h
            $MGC_HOME/shared/include/ac_assert.h
        $PROJECT_HOME/../../../../common/matchlib_toolkit/examples/matchlib/cmod/include/nvhls_assert.h
          $PROJECT_HOME/../../../../common/matchlib_toolkit/examples/matchlib/cmod/include/hls_globals.h
          $MGC_HOME/shared/include/ac_assert.h
    $PROJECT_HOME/../../../../common/matchlib_toolkit/examples/matchlib/cmod/include/nvhls_connections.h
      $MGC_HOME/shared/include/connections/connections.h
        $MGC_HOME/shared/include/connections/marshaller.h
          $MGC_HOME/shared/include/mc_typeconv.h
        $MGC_HOME/shared/include/connections/connections_trace.h
          $MGC_HOME/shared/include/systemc
        $MGC_HOME/shared/include/connections/message.h
      $PROJECT_HOME/../../../../common/matchlib_toolkit/examples/matchlib/cmod/include/nvhls_packet.h
        $PROJECT_HOME/../../../../common/matchlib_toolkit/examples/matchlib/cmod/include/nvhls_types.h
        $PROJECT_HOME/../../../../common/matchlib_toolkit/examples/matchlib/cmod/include/nvhls_message.h
          $PROJECT_HOME/../../../../common/matchlib_toolkit/examples/matchlib/cmod/include/nvhls_connections_utils.h
      $PROJECT_HOME/../../../../common/matchlib_toolkit/examples/matchlib/cmod/include/nvhls_module.h
        $PROJECT_HOME/../../../../common/matchlib_toolkit/examples/matchlib/cmod/include/nvhls_trace.h
      $PROJECT_HOME/../../../../common/matchlib_toolkit/examples/matchlib/cmod/include/fifo.h
        $PROJECT_HOME/../../../../common/matchlib_toolkit/examples/matchlib/cmod/include/mem_array.h
          $PROJECT_HOME/../../../../common/matchlib_toolkit/examples/matchlib/cmod/include/nvhls_array.h
            $MGC_HOME/shared/include/ac_assert.h
          $PROJECT_HOME/../../../../common/matchlib_toolkit/examples/matchlib/cmod/include/TypeToBits.h
      $PROJECT_HOME/../../../../common/matchlib_toolkit/examples/matchlib/cmod/include/nvhls_connections_buffered_ports.h
        $PROJECT_HOME/../../../../common/matchlib_toolkit/include/ccs_p2p.h
      $PROJECT_HOME/../../../../common/matchlib_toolkit/examples/matchlib/cmod/include/nvhls_connections_network.h
        $PROJECT_HOME/../../../../common/matchlib_toolkit/examples/matchlib/cmod/include/nvhls_connections.h
    $MGC_HOME/shared/include/mc_scverify.h
      $MGC_HOME/shared/include/ac_assert.h
    $PROJECT_HOME/../../inc/leakyrelu_data_types.h
      $MGC_HOME/shared/include/ac_std_float.h
      $MGC_HOME/shared/include/ac_math.h
        $MGC_HOME/shared/include/ac_math/ac_abs.h
          $MGC_HOME/shared/include/ac_math/ac_sqrt_pwl.h
            $MGC_HOME/shared/include/ac_math/ac_shift.h
            $MGC_HOME/shared/include/ac_math/ac_normalize.h
        $MGC_HOME/shared/include/ac_math/ac_arccos_cordic.h
        $MGC_HOME/shared/include/ac_math/ac_arcsin_cordic.h
        $MGC_HOME/shared/include/ac_math/ac_atan_pwl.h
          $MGC_HOME/shared/include/ac_math/ac_reciprocal_pwl.h
        $MGC_HOME/shared/include/ac_math/ac_atan_pwl_ha.h
          $MGC_HOME/shared/include/ac_math/ac_reciprocal_pwl_ha.h
        $MGC_HOME/shared/include/ac_math/ac_atan2_cordic.h
        $MGC_HOME/shared/include/ac_math/ac_barrel_shift.h
        $MGC_HOME/shared/include/ac_math/ac_div.h
        $MGC_HOME/shared/include/ac_math/ac_hcordic.h
        $MGC_HOME/shared/include/ac_math/ac_inverse_sqrt_pwl.h
        $MGC_HOME/shared/include/ac_math/ac_log_pwl.h
        $MGC_HOME/shared/include/ac_math/ac_pow_pwl.h
        $MGC_HOME/shared/include/ac_math/ac_sigmoid_pwl.h
        $MGC_HOME/shared/include/ac_math/ac_sincos_cordic.h
        $MGC_HOME/shared/include/ac_math/ac_sincos_lut.h
        $MGC_HOME/shared/include/ac_math/ac_sqrt.h
        $MGC_HOME/shared/include/ac_math/ac_tan_pwl.h
        $MGC_HOME/shared/include/ac_math/ac_tanh_pwl.h
        $MGC_HOME/shared/include/ac_math/ac_softmax_pwl.h
        $MGC_HOME/shared/include/ac_float_add_tree.h
      $PROJECT_HOME/../../inc/leakyrelu_specs.h
        $MGC_HOME/shared/include/mc_connections.h
          $MGC_HOME/shared/include/ac_sysc_macros.h
          $MGC_HOME/shared/include/ac_sysc_trace.h
          $MGC_HOME/shared/include/connections/connections_sync.h
          $MGC_HOME/shared/include/connections/connections_fifo.h
          $MGC_HOME/shared/include/connections/port_scanner.h
            $MGC_HOME/shared/include/systemc
        $PROJECT_HOME/../../../../common/matchlib_toolkit/examples/matchlib/cmod/include/nvhls_vector.h
          $PROJECT_HOME/../../../../common/matchlib_toolkit/examples/matchlib/cmod/include/hls_globals.h
          $PROJECT_HOME/../../../../common/matchlib_toolkit/include/ccs_p2p.h
        $PROJECT_HOME/../../../../common/inc/esp_dma_info_sysc.hpp
        $PROJECT_HOME/../../inc/leakyrelu_conf_info.h
          $PROJECT_HOME/../../inc/leakyrelu_specs.h
          $PROJECT_HOME/../../../../common/matchlib_toolkit/include/auto_gen_port_info.h
            $MGC_HOME/shared/include/connections/marshaller.h
              $MGC_HOME/shared/include/mc_typeconv.h
            $PROJECT_HOME/../../../../common/matchlib_toolkit/include/auto_gen_fields.h
              $MGC_HOME/shared/include/connections/marshaller.h
                $MGC_HOME/shared/include/mc_typeconv.h
              $PROJECT_HOME/../../../../common/matchlib_toolkit/examples/matchlib/cmod/include/UIntOrEmpty.h
                $MGC_HOME/shared/include/systemc
          $PROJECT_HOME/../../../../common/matchlib_toolkit/include/ac_enum.h
    $MGC_HOME/shared/include/ac_math/ac_leakyrelu.h
  $PROJECT_HOME/../../inc/leakyrelu_specs.h
    $MGC_HOME/shared/include/mc_connections.h
      $MGC_HOME/shared/include/systemc.h
        $MGC_HOME/shared/include/systemc
          $MGC_HOME/shared/include/sysc/kernel/sc_cmnhdr.h
          $MGC_HOME/shared/include/sysc/kernel/sc_externs.h
          $MGC_HOME/shared/include/sysc/kernel/sc_except.h
            $MGC_HOME/shared/include/sysc/kernel/sc_cmnhdr.h
          $MGC_HOME/shared/include/sysc/kernel/sc_module.h
            $MGC_HOME/shared/include/sysc/kernel/sc_kernel_ids.h
              $MGC_HOME/shared/include/sysc/utils/sc_report.h
                $MGC_HOME/shared/include/sysc/kernel/sc_cmnhdr.h
                $MGC_HOME/shared/include/sysc/utils/sc_report_handler.h
            $MGC_HOME/shared/include/sysc/kernel/sc_process.h
              $MGC_HOME/shared/include/sysc/kernel/sc_constants.h
              $MGC_HOME/shared/include/sysc/kernel/sc_object.h
                $MGC_HOME/shared/include/sysc/kernel/sc_attribute.h
                  $MGC_HOME/shared/include/sysc/kernel/sc_cmnhdr.h
              $MGC_HOME/shared/include/sysc/communication/sc_export.h
                $MGC_HOME/shared/include/sysc/communication/sc_communication_ids.h
                $MGC_HOME/shared/include/sysc/communication/sc_interface.h
                  $MGC_HOME/shared/include/sysc/kernel/sc_cmnhdr.h
                $MGC_HOME/shared/include/sysc/utils/sc_typeindex.h
                  $MGC_HOME/shared/include/sysc/kernel/sc_cmnhdr.h
            $MGC_HOME/shared/include/sysc/kernel/sc_module_name.h
            $MGC_HOME/shared/include/sysc/kernel/sc_sensitive.h
            $MGC_HOME/shared/include/sysc/kernel/sc_time.h
              $MGC_HOME/shared/include/sysc/datatypes/int/sc_nbdefs.h
                $MGC_HOME/shared/include/sysc/kernel/sc_cmnhdr.h
              $MGC_HOME/shared/include/sysc/datatypes/fx/scfx_ieee.h
                $MGC_HOME/shared/include/sysc/datatypes/fx/sc_fxdefs.h
                  $MGC_HOME/shared/include/sysc/kernel/sc_cmnhdr.h
                  $MGC_HOME/shared/include/sysc/utils/sc_machine.h
                    $MGC_HOME/shared/include/sysc/packages/boost/detail/endian.hpp
                  $MGC_HOME/shared/include/sysc/datatypes/fx/sc_fx_ids.h
                  $MGC_HOME/shared/include/sysc/datatypes/int/sc_nbutils.h
                    $MGC_HOME/shared/include/sysc/datatypes/bit/sc_bit_ids.h
                    $MGC_HOME/shared/include/sysc/datatypes/int/sc_int_ids.h
            $MGC_HOME/shared/include/sysc/kernel/sc_wait.h
              $MGC_HOME/shared/include/sysc/kernel/sc_simcontext.h
                $MGC_HOME/shared/include/sysc/kernel/sc_cmnhdr.h
                $MGC_HOME/shared/include/sysc/kernel/sc_status.h
                  $MGC_HOME/shared/include/sysc/kernel/sc_cmnhdr.h
                $MGC_HOME/shared/include/sysc/utils/sc_hash.h
                  $MGC_HOME/shared/include/sysc/kernel/sc_simcontext.h
                $MGC_HOME/shared/include/sysc/utils/sc_pq.h
                  $MGC_HOME/shared/include/sysc/kernel/sc_cmnhdr.h
            $MGC_HOME/shared/include/sysc/kernel/sc_wait_cthread.h
              $MGC_HOME/shared/include/sysc/datatypes/bit/sc_logic.h
                $MGC_HOME/shared/include/sysc/kernel/sc_cmnhdr.h
                $MGC_HOME/shared/include/sysc/kernel/sc_macros.h
                  $MGC_HOME/shared/include/sysc/kernel/sc_cmnhdr.h
                $MGC_HOME/shared/include/sysc/utils/sc_mempool.h
                $MGC_HOME/shared/include/sysc/datatypes/bit/sc_bit.h
            $MGC_HOME/shared/include/sysc/kernel/sc_process_handle.h
              $MGC_HOME/shared/include/sysc/kernel/sc_module.h
            $MGC_HOME/shared/include/sysc/utils/sc_list.h
              $MGC_HOME/shared/include/sysc/kernel/sc_cmnhdr.h
          $MGC_HOME/shared/include/sysc/kernel/sc_ver.h
            $MGC_HOME/shared/include/sysc/kernel/sc_cmnhdr.h
            $MGC_HOME/shared/include/sysc/communication/sc_writer_policy.h
          $MGC_HOME/shared/include/sysc/communication/sc_buffer.h
            $MGC_HOME/shared/include/sysc/communication/sc_signal.h
              $MGC_HOME/shared/include/sysc/communication/sc_port.h
                $MGC_HOME/shared/include/sysc/kernel/sc_event.h
                  $MGC_HOME/shared/include/sysc/kernel/sc_cmnhdr.h
              $MGC_HOME/shared/include/sysc/communication/sc_prim_channel.h
              $MGC_HOME/shared/include/sysc/communication/sc_signal_ifs.h
              $MGC_HOME/shared/include/sysc/tracing/sc_trace.h
          $MGC_HOME/shared/include/sysc/communication/sc_clock.h
          $MGC_HOME/shared/include/sysc/communication/sc_clock_ports.h
            $MGC_HOME/shared/include/sysc/communication/sc_signal_ports.h
              $MGC_HOME/shared/include/sysc/communication/sc_event_finder.h
          $MGC_HOME/shared/include/sysc/communication/sc_event_queue.h
          $MGC_HOME/shared/include/sysc/communication/sc_fifo.h
            $MGC_HOME/shared/include/sysc/communication/sc_fifo_ifs.h
          $MGC_HOME/shared/include/sysc/communication/sc_fifo_ports.h
          $MGC_HOME/shared/include/sysc/communication/sc_mutex.h
            $MGC_HOME/shared/include/sysc/communication/sc_mutex_if.h
          $MGC_HOME/shared/include/sysc/communication/sc_semaphore.h
            $MGC_HOME/shared/include/sysc/communication/sc_semaphore_if.h
          $MGC_HOME/shared/include/sysc/communication/sc_signal_resolved.h
          $MGC_HOME/shared/include/sysc/communication/sc_signal_resolved_ports.h
          $MGC_HOME/shared/include/sysc/communication/sc_signal_rv.h
            $MGC_HOME/shared/include/sysc/datatypes/bit/sc_lv.h
              $MGC_HOME/shared/include/sysc/datatypes/bit/sc_lv_base.h
                $MGC_HOME/shared/include/sysc/datatypes/bit/sc_bv_base.h
                  $MGC_HOME/shared/include/sysc/datatypes/bit/sc_bit_proxies.h
                    $MGC_HOME/shared/include/sysc/datatypes/bit/sc_proxy.h
                      $MGC_HOME/shared/include/sysc/kernel/sc_cmnhdr.h
                      $MGC_HOME/shared/include/sysc/datatypes/int/sc_signed.h
                        $MGC_HOME/shared/include/sysc/datatypes/misc/sc_value_base.h
                        $MGC_HOME/shared/include/sysc/utils/sc_temporary.h
                          $MGC_HOME/shared/include/sysc/kernel/sc_cmnhdr.h
                        $MGC_HOME/shared/include/sysc/datatypes/int/sc_length_param.h
                          $MGC_HOME/shared/include/sysc/datatypes/fx/sc_context.h
                            $MGC_HOME/shared/include/sysc/kernel/sc_cmnhdr.h
                        $MGC_HOME/shared/include/sysc/datatypes/int/sc_nbexterns.h
                        $MGC_HOME/shared/include/sysc/datatypes/int/sc_unsigned.h
                      $MGC_HOME/shared/include/sysc/datatypes/int/sc_int_base.h
                        $MGC_HOME/shared/include/sysc/kernel/sc_cmnhdr.h
                        $MGC_HOME/shared/include/sysc/datatypes/int/sc_uint_base.h
          $MGC_HOME/shared/include/sysc/communication/sc_signal_rv_ports.h
          $MGC_HOME/shared/include/sysc/datatypes/bit/sc_bv.h
          $MGC_HOME/shared/include/sysc/datatypes/int/sc_bigint.h
          $MGC_HOME/shared/include/sysc/datatypes/int/sc_biguint.h
          $MGC_HOME/shared/include/sysc/datatypes/int/sc_int.h
          $MGC_HOME/shared/include/sysc/datatypes/int/sc_uint.h
          $MGC_HOME/shared/include/sysc/datatypes/misc/sc_concatref.h
          $MGC_HOME/shared/include/sysc/utils/sc_utils_ids.h
          $MGC_HOME/shared/include/sysc/utils/sc_pvector.h
          $MGC_HOME/shared/include/sysc/utils/sc_string_view.h
            $MGC_HOME/shared/include/sysc/kernel/sc_cmnhdr.h
            $MGC_HOME/shared/include/sysc/packages/boost/utility/string_view.hpp
              $MGC_HOME/shared/include/sysc/packages/boost/config.hpp
                $MGC_HOME/shared/include/sysc/packages/boost/config/user.hpp
                $MGC_HOME/shared/include/sysc/packages/boost/config/select_compiler_config.hpp
                $MGC_HOME/shared/include/sysc/packages/boost/config/compiler/gcc.hpp
                $MGC_HOME/shared/include/sysc/packages/boost/config/select_stdlib_config.hpp
                $MGC_HOME/shared/include/sysc/packages/boost/config/stdlib/libstdcpp3.hpp
                $MGC_HOME/shared/include/sysc/packages/boost/config/select_platform_config.hpp
                $MGC_HOME/shared/include/sysc/packages/boost/config/platform/linux.hpp
                  $MGC_HOME/shared/include/sysc/packages/boost/config/posix_features.hpp
                $MGC_HOME/shared/include/sysc/packages/boost/config/suffix.hpp
              $MGC_HOME/shared/include/sysc/packages/boost/utility/string_view_fwd.hpp
          $MGC_HOME/shared/include/sysc/utils/sc_vector.h
      $MGC_HOME/shared/include/ac_sysc_macros.h
      $MGC_HOME/shared/include/ac_sysc_trace.h
      $MGC_HOME/shared/include/connections/connections.h
        $MGC_HOME/shared/include/connections/marshaller.h
          $MGC_HOME/shared/include/ccs_types.h
            $MGC_HOME/shared/include/tlm.h
              $MGC_HOME/shared/include/tlm
                $MGC_HOME/shared/include/systemc
                $MGC_HOME/shared/include/tlm_core/tlm_2/tlm_version.h
                $MGC_HOME/shared/include/tlm_core/tlm_1/tlm_analysis/tlm_analysis.h
                  $MGC_HOME/shared/include/tlm_core/tlm_1/tlm_analysis/tlm_write_if.h
                    $MGC_HOME/shared/include/systemc
                  $MGC_HOME/shared/include/tlm_core/tlm_1/tlm_analysis/tlm_analysis_if.h
                  $MGC_HOME/shared/include/tlm_core/tlm_1/tlm_analysis/tlm_analysis_triple.h
                  $MGC_HOME/shared/include/tlm_core/tlm_1/tlm_analysis/tlm_analysis_port.h
                  $MGC_HOME/shared/include/tlm_core/tlm_1/tlm_analysis/tlm_analysis_fifo.h
                    $MGC_HOME/shared/include/tlm_core/tlm_1/tlm_req_rsp/tlm_channels/tlm_fifo/tlm_fifo.h
                      $MGC_HOME/shared/include/tlm_core/tlm_1/tlm_req_rsp/tlm_1_interfaces/tlm_fifo_ifs.h
                        $MGC_HOME/shared/include/tlm_core/tlm_1/tlm_req_rsp/tlm_1_interfaces/tlm_core_ifs.h
                          $MGC_HOME/shared/include/tlm_core/tlm_1/tlm_req_rsp/tlm_1_interfaces/tlm_tag.h
                      $MGC_HOME/shared/include/tlm_core/tlm_1/tlm_req_rsp/tlm_channels/tlm_fifo/circular_buffer.h
                      $MGC_HOME/shared/include/tlm_core/tlm_1/tlm_req_rsp/tlm_channels/tlm_fifo/tlm_fifo_put_get.h
                      $MGC_HOME/shared/include/tlm_core/tlm_1/tlm_req_rsp/tlm_channels/tlm_fifo/tlm_fifo_peek.h
                      $MGC_HOME/shared/include/tlm_core/tlm_1/tlm_req_rsp/tlm_channels/tlm_fifo/tlm_fifo_resize.h
                $MGC_HOME/shared/include/tlm_core/tlm_1/tlm_req_rsp/tlm_req_rsp.h
                  $MGC_HOME/shared/include/tlm_core/tlm_1/tlm_req_rsp/tlm_1_interfaces/tlm_master_slave_ifs.h
                  $MGC_HOME/shared/include/tlm_core/tlm_1/tlm_req_rsp/tlm_channels/tlm_req_rsp_channels/tlm_req_rsp_channels.h
                    $MGC_HOME/shared/include/tlm_core/tlm_1/tlm_req_rsp/tlm_adapters/tlm_adapters.h
                    $MGC_HOME/shared/include/tlm_core/tlm_1/tlm_req_rsp/tlm_channels/tlm_req_rsp_channels/tlm_put_get_imp.h
                  $MGC_HOME/shared/include/tlm_core/tlm_1/tlm_req_rsp/tlm_ports/tlm_nonblocking_port.h
                    $MGC_HOME/shared/include/tlm_core/tlm_1/tlm_req_rsp/tlm_ports/tlm_event_finder.h
                $MGC_HOME/shared/include/tlm_core/tlm_2/tlm_2_interfaces/tlm_2_interfaces.h
                  $MGC_HOME/shared/include/tlm_core/tlm_2/tlm_2_interfaces/tlm_dmi.h
                    $MGC_HOME/shared/include/systemc
                  $MGC_HOME/shared/include/tlm_core/tlm_2/tlm_2_interfaces/tlm_fw_bw_ifs.h
                    $MGC_HOME/shared/include/systemc
                    $MGC_HOME/shared/include/tlm_core/tlm_2/tlm_generic_payload/tlm_generic_payload.h
                      $MGC_HOME/shared/include/tlm_core/tlm_2/tlm_generic_payload/tlm_helpers.h
                      $MGC_HOME/shared/include/tlm_core/tlm_2/tlm_generic_payload/tlm_phase.h
                        $MGC_HOME/shared/include/sysc/kernel/sc_cmnhdr.h
                      $MGC_HOME/shared/include/tlm_core/tlm_2/tlm_generic_payload/tlm_gp.h
                        $MGC_HOME/shared/include/sysc/kernel/sc_cmnhdr.h
                        $MGC_HOME/shared/include/tlm_core/tlm_2/tlm_generic_payload/tlm_array.h
                      $MGC_HOME/shared/include/tlm_core/tlm_2/tlm_generic_payload/tlm_endian_conv.h
                $MGC_HOME/shared/include/tlm_core/tlm_2/tlm_sockets/tlm_sockets.h
                  $MGC_HOME/shared/include/tlm_core/tlm_2/tlm_sockets/tlm_initiator_socket.h
                    $MGC_HOME/shared/include/tlm_core/tlm_2/tlm_sockets/tlm_base_socket_if.h
                  $MGC_HOME/shared/include/tlm_core/tlm_2/tlm_sockets/tlm_target_socket.h
                $MGC_HOME/shared/include/tlm_core/tlm_2/tlm_quantum/tlm_quantum.h
                  $MGC_HOME/shared/include/tlm_core/tlm_2/tlm_quantum/tlm_global_quantum.h
            $MGC_HOME/shared/include/ac_sc.h
              $MGC_HOME/shared/include/ac_complex.h
                $MGC_HOME/shared/include/ac_float.h
                  $MGC_HOME/shared/include/ac_fixed.h
                    $MGC_HOME/shared/include/ac_int.h
            $MGC_HOME/shared/include/mc_typeconv.h
              $MGC_HOME/shared/include/mc_container_types.h
          $MGC_HOME/shared/include/connections/connections_utils.h
            $MGC_HOME/shared/include/ac_assert.h
        $MGC_HOME/shared/include/connections/connections_trace.h
          $MGC_HOME/shared/include/systemc
        $MGC_HOME/shared/include/connections/message.h
      $MGC_HOME/shared/include/connections/connections_sync.h
      $MGC_HOME/shared/include/connections/connections_fifo.h
      $MGC_HOME/shared/include/connections/port_scanner.h
        $MGC_HOME/shared/include/systemc
    $PROJECT_HOME/../../../../common/matchlib_toolkit/examples/matchlib/cmod/include/nvhls_connections.h
      $PROJECT_HOME/../../../../common/matchlib_toolkit/examples/matchlib/cmod/include/nvhls_packet.h
        $PROJECT_HOME/../../../../common/matchlib_toolkit/examples/matchlib/cmod/include/nvhls_types.h
          $PROJECT_HOME/../../../../common/matchlib_toolkit/examples/matchlib/cmod/include/nvhls_int.h
            $PROJECT_HOME/../../../../common/matchlib_toolkit/examples/matchlib/cmod/include/nvhls_marshaller.h
              $MGC_HOME/shared/include/connections/marshaller.h
                $MGC_HOME/shared/include/mc_typeconv.h
              $PROJECT_HOME/../../../../common/matchlib_toolkit/examples/matchlib/cmod/include/nvhls_assert.h
                $PROJECT_HOME/../../../../common/matchlib_toolkit/examples/matchlib/cmod/include/hls_globals.h
                $MGC_HOME/shared/include/ac_assert.h
        $PROJECT_HOME/../../../../common/matchlib_toolkit/examples/matchlib/cmod/include/nvhls_message.h
          $PROJECT_HOME/../../../../common/matchlib_toolkit/examples/matchlib/cmod/include/nvhls_connections_utils.h
      $PROJECT_HOME/../../../../common/matchlib_toolkit/examples/matchlib/cmod/include/nvhls_module.h
        $PROJECT_HOME/../../../../common/matchlib_toolkit/examples/matchlib/cmod/include/nvhls_trace.h
      $PROJECT_HOME/../../../../common/matchlib_toolkit/examples/matchlib/cmod/include/fifo.h
        $PROJECT_HOME/../../../../common/matchlib_toolkit/examples/matchlib/cmod/include/mem_array.h
          $PROJECT_HOME/../../../../common/matchlib_toolkit/examples/matchlib/cmod/include/nvhls_array.h
            $MGC_HOME/shared/include/ac_assert.h
          $PROJECT_HOME/../../../../common/matchlib_toolkit/examples/matchlib/cmod/include/TypeToBits.h
      $PROJECT_HOME/../../../../common/matchlib_toolkit/examples/matchlib/cmod/include/nvhls_connections_buffered_ports.h
        $PROJECT_HOME/../../../../common/matchlib_toolkit/include/ccs_p2p.h
      $PROJECT_HOME/../../../../common/matchlib_toolkit/examples/matchlib/cmod/include/nvhls_connections_network.h
        $PROJECT_HOME/../../../../common/matchlib_toolkit/examples/matchlib/cmod/include/nvhls_connections.h
    $PROJECT_HOME/../../../../common/matchlib_toolkit/examples/matchlib/cmod/include/nvhls_vector.h
      $PROJECT_HOME/../../../../common/matchlib_toolkit/examples/matchlib/cmod/include/hls_globals.h
      $PROJECT_HOME/../../../../common/matchlib_toolkit/include/ccs_p2p.h
    $PROJECT_HOME/../../../../common/inc/esp_dma_info_sysc.hpp
    $PROJECT_HOME/../../inc/leakyrelu_conf_info.h
      $PROJECT_HOME/../../inc/leakyrelu_specs.h
      $PROJECT_HOME/../../../../common/matchlib_toolkit/include/auto_gen_port_info.h
        $MGC_HOME/shared/include/connections/marshaller.h
          $MGC_HOME/shared/include/mc_typeconv.h
        $PROJECT_HOME/../../../../common/matchlib_toolkit/include/auto_gen_fields.h
          $MGC_HOME/shared/include/connections/marshaller.h
            $MGC_HOME/shared/include/mc_typeconv.h
          $PROJECT_HOME/../../../../common/matchlib_toolkit/examples/matchlib/cmod/include/UIntOrEmpty.h
            $MGC_HOME/shared/include/systemc
      $PROJECT_HOME/../../../../common/matchlib_toolkit/include/ac_enum.h

Processes/Blocks in Design
  Process                  Real Operation(s) count Latency Throughput Reset Length II Comments 
  ------------------------ ----------------------- ------- ---------- ------------ -- --------
  /LeakyreluEngine/Compute                      67       1          2            1  0          
  Design Total:                                 67       1          2            1  0          
  
Bill Of Materials (Datapath)
  Component Name                           Area Score Area(LUTs) Area(MUX_CARRYs) Delay Post Alloc Post Assign 
  ---------------------------------------- ---------- ---------- ---------------- ----- ---------- -----------
  [Lib: ccs_connections]                                                                                       
  ccs_conn_ctrl_in_buf_wait(5,512,1,0,0,0)      0.000      0.000            0.000 0.000          1           1 
  ccs_conn_ctrl_in_buf_wait(6,512,1,0,0,0)      0.000      0.000            0.000 0.000          1           1 
  ccs_conn_out_buf_wait(7,512,1,0,0,0)          0.000      0.000            0.000 0.000          1           1 
  [Lib: mgc_Xilinx-VIRTEX-7-2_beh]                                                                             
  mgc_add(32,0,32,0,32)                        32.000     32.000           31.000 1.365         16          16 
  mgc_add(32,1,2,1,33)                         32.000     32.000           31.000 1.365         16          16 
  mgc_and(1,2)                                  1.000      1.000            0.000 0.550          0          40 
  mgc_and(1,3)                                  1.000      1.000            0.000 0.550          0           3 
  mgc_mux(1,1,2)                                1.000      1.000            0.000 0.080          0          18 
  mgc_mux(30,1,2)                              30.000     30.000            0.000 0.080          0          16 
  mgc_mux(32,1,2)                              32.000     32.000            0.000 0.080         16           0 
  mgc_mux(512,1,2)                            512.000    512.000            0.000 0.080          0           2 
  mgc_nor(1,2)                                  1.000      1.000            0.000 0.550          0           4 
  mgc_not(1)                                    0.000      0.000            0.000 0.000          0          28 
  mgc_not(32)                                   0.000      0.000            0.000 0.000          0          16 
  mgc_or(1,2)                                   1.000      1.000            0.000 0.550          0           1 
  mgc_or(1,3)                                   1.000      1.000            0.000 0.550          0           2 
  mgc_reg_pos(1,0,0,0,0,1,1)                    0.000      0.000            0.000 0.320          0          32 
  mgc_reg_pos(1,1,0,0,0,0,0)                    0.000      0.000            0.000 0.320          0           7 
  mgc_reg_pos(30,0,0,0,0,1,1)                   0.000      0.000            0.000 0.320          0          16 
  mgc_reg_pos(512,0,0,0,0,1,1)                  0.000      0.000            0.000 0.320          0           2 
                                                                                                               
  TOTAL AREA (After Assignment):             2596.000   2596.000          992.000                              
  
Area Scores
                    Post-Scheduling   Post-DP & FSM Post-Assignment 
  ----------------- --------------- --------------- ---------------
  Total Area Score:   1536.0          2612.0          2597.0        
  Total Reg:             0.0             0.0             0.0        
                                                                    
  DataPath:           1536.0 (100%)   2611.0 (100%)   2596.0 (100%) 
    MUX:               512.0  (33%)   1522.0  (58%)   1522.0  (59%) 
    FUNC:             1024.0  (67%)   1024.0  (39%)   1024.0  (39%) 
    LOGIC:               0.0            65.0   (2%)     50.0   (2%) 
    BUFFER:              0.0             0.0             0.0        
    MEM:                 0.0             0.0             0.0        
    ROM:                 0.0             0.0             0.0        
    REG:                 0.0             0.0             0.0        
                                                                    
  
  FSM:                   0.0             1.0   (0%)      1.0   (0%) 
    FSM-REG:             0.0             0.0             0.0        
    FSM-COMB:            0.0             1.0 (100%)      1.0 (100%) 
                                                                    
  
  
  (MUX = multiplexers; FUNC = datapath logic (e.g. add/mult); LOGIC = control logic)

Register-to-Variable Mappings
  Register                           Size(bits) Gated Register CG Opt Done Variables                                             
  ---------------------------------- ---------- -------------- ----------- -----------------------------------------------------
  vec_in_a.Pop():mioi.idat.bfwt             512         Y           Y      vec_in_a.Pop():mioi.idat.bfwt                         
  vec_in_b.Pop():mioi.idat.bfwt             512         Y           Y      vec_in_b.Pop():mioi.idat.bfwt                         
  vec_out.Push():mioi.idat(125:96)           30         Y           Y      vec_out.Push():mioi.idat(125:96)                      
  vec_out.Push():mioi.idat(157:128)          30         Y           Y      vec_out.Push():mioi.idat(157:128)                     
  vec_out.Push():mioi.idat(189:160)          30         Y           Y      vec_out.Push():mioi.idat(189:160)                     
  vec_out.Push():mioi.idat(221:192)          30         Y           Y      vec_out.Push():mioi.idat(221:192)                     
  vec_out.Push():mioi.idat(253:224)          30         Y           Y      vec_out.Push():mioi.idat(253:224)                     
  vec_out.Push():mioi.idat(285:256)          30         Y           Y      vec_out.Push():mioi.idat(285:256)                     
  vec_out.Push():mioi.idat(29:0)             30         Y           Y      vec_out.Push():mioi.idat(29:0)                        
  vec_out.Push():mioi.idat(317:288)          30         Y           Y      vec_out.Push():mioi.idat(317:288)                     
  vec_out.Push():mioi.idat(349:320)          30         Y           Y      vec_out.Push():mioi.idat(349:320)                     
  vec_out.Push():mioi.idat(381:352)          30         Y           Y      vec_out.Push():mioi.idat(381:352)                     
  vec_out.Push():mioi.idat(413:384)          30         Y           Y      vec_out.Push():mioi.idat(413:384)                     
  vec_out.Push():mioi.idat(445:416)          30         Y           Y      vec_out.Push():mioi.idat(445:416)                     
  vec_out.Push():mioi.idat(477:448)          30         Y           Y      vec_out.Push():mioi.idat(477:448)                     
  vec_out.Push():mioi.idat(509:480)          30         Y           Y      vec_out.Push():mioi.idat(509:480)                     
  vec_out.Push():mioi.idat(61:32)            30         Y           Y      vec_out.Push():mioi.idat(61:32)                       
  vec_out.Push():mioi.idat(93:64)            30         Y           Y      vec_out.Push():mioi.idat(93:64)                       
  Compute.wen                                 1                            Compute.wen                                           
  reg(vec_in_a.Pop():mioi.oswt).tmp           1                            reg(vec_in_a.Pop():mioi.oswt).tmp                     
  reg(vec_out.Push():mioi.oswt).tmp           1                            reg(vec_out.Push():mioi.oswt).tmp                     
  vec_in_a.Pop():mioi.bcwt.reg                1                            vec_in_a.Pop():mioi.bcwt.reg                          
  vec_in_a.Pop():mioi.ivld.oreg.rneg          1                            vec_in_a.Pop():mioi.ivld.oreg.rneg                    
  vec_in_b.Pop():mioi.bcwt.reg                1                            vec_in_b.Pop():mioi.bcwt.reg                          
  vec_in_b.Pop():mioi.ivld.oreg.rneg          1                            vec_in_b.Pop():mioi.ivld.oreg.rneg                    
  vec_out.Push():mioi.idat(126)               1         Y           Y      vec_out.Push():mioi.idat(126)                         
  vec_out.Push():mioi.idat(127)               1         Y           Y      vec_out.Push():mioi.idat(127)                         
  vec_out.Push():mioi.idat(158)               1         Y           Y      vec_out.Push():mioi.idat(158)                         
  vec_out.Push():mioi.idat(159)               1         Y           Y      vec_out.Push():mioi.idat(159)                         
  vec_out.Push():mioi.idat(190)               1         Y           Y      vec_out.Push():mioi.idat(190)                         
  vec_out.Push():mioi.idat(191)               1         Y           Y      vec_out.Push():mioi.idat(191)                         
  vec_out.Push():mioi.idat(222)               1         Y           Y      vec_out.Push():mioi.idat(222)                         
  vec_out.Push():mioi.idat(223)               1         Y           Y      vec_out.Push():mioi.idat(223)                         
  vec_out.Push():mioi.idat(254)               1         Y           Y      vec_out.Push():mioi.idat(254)                         
  vec_out.Push():mioi.idat(255)               1         Y           Y      vec_out.Push():mioi.idat(255)                         
  vec_out.Push():mioi.idat(286)               1         Y           Y      vec_out.Push():mioi.idat(286)                         
  vec_out.Push():mioi.idat(287)               1         Y           Y      vec_out.Push():mioi.idat(287)                         
  vec_out.Push():mioi.idat(30)                1         Y           Y      vec_out.Push():mioi.idat(30)                          
  vec_out.Push():mioi.idat(31)                1         Y           Y      vec_out.Push():mioi.idat(31)                          
  vec_out.Push():mioi.idat(318)               1         Y           Y      vec_out.Push():mioi.idat(318)                         
  vec_out.Push():mioi.idat(319)               1         Y           Y      vec_out.Push():mioi.idat(319)                         
  vec_out.Push():mioi.idat(350)               1         Y           Y      vec_out.Push():mioi.idat(350)                         
  vec_out.Push():mioi.idat(351)               1         Y           Y      vec_out.Push():mioi.idat(351)                         
  vec_out.Push():mioi.idat(382)               1         Y           Y      vec_out.Push():mioi.idat(382)                         
  vec_out.Push():mioi.idat(383)               1         Y           Y      vec_out.Push():mioi.idat(383)                         
  vec_out.Push():mioi.idat(414)               1         Y           Y      vec_out.Push():mioi.idat(414)                         
  vec_out.Push():mioi.idat(415)               1         Y           Y      vec_out.Push():mioi.idat(415)                         
  vec_out.Push():mioi.idat(446)               1         Y           Y      vec_out.Push():mioi.idat(446)                         
  vec_out.Push():mioi.idat(447)               1         Y           Y      vec_out.Push():mioi.idat(447)                         
  vec_out.Push():mioi.idat(478)               1         Y           Y      vec_out.Push():mioi.idat(478)                         
  vec_out.Push():mioi.idat(479)               1         Y           Y      vec_out.Push():mioi.idat(479)                         
  vec_out.Push():mioi.idat(510)               1         Y           Y      vec_out.Push():mioi.idat(510)                         
  vec_out.Push():mioi.idat(511)               1         Y           Y      vec_out.Push():mioi.idat(511)                         
  vec_out.Push():mioi.idat(62)                1         Y           Y      vec_out.Push():mioi.idat(62)                          
  vec_out.Push():mioi.idat(63)                1         Y           Y      vec_out.Push():mioi.idat(63)                          
  vec_out.Push():mioi.idat(94)                1         Y           Y      vec_out.Push():mioi.idat(94)                          
  vec_out.Push():mioi.idat(95)                1         Y           Y      vec_out.Push():mioi.idat(95)                          
                                                                                                                                 
  Total:                                   1543           1536        1536 (Total Gating Ratio: 1.00, CG Opt Gating Ratio: 1.00) 
  
Timing Report
  Critical Path
    Max Delay:  4.230002
    Slack:      0.7699980000000002
    
    Path                                                                                                                                                                                                                                                                                                                                                              Startpoint                                                                                                                                                                                   Endpoint                                                            Delay  Slack                       
    ----------------------------------------------------------------------------------------------------------------------------------------------------------------------------------------------------------------------------------------------------------------------------------------------------------------------------------------------------------------- -------------------------------------------------------------------------------------------------------------------------------------------------------------------------------------------- ------------------------------------------------------------------- ------ ------ --------------------
    1                                                                                                                                                                                                                                                                                                                                                                 LeakyreluEngine:Compute:inst/LeakyreluEngine:Compute:vec_in_a.Pop():mioi:inst/LeakyreluEngine:Compute:vec_in_a.Pop():mioi:vec_in_a.Pop():mio:wait_dp:inst/reg(vec_in_a.Pop():mioi.idat.bfwt) LeakyreluEngine:Compute:inst/reg(vec_out.Push():mioi.idat(287:256)) 4.2300 0.7700                      
                                                                                                                                                                                                                                                                                                                                                                                                                                                                                                                                                                                                                                                                          
      Instance                                                                                                                                                                                                                                                                                                                                                        Component                                                                                                                                                                                                                                                        Delta  Delay  [MIN, MAX]           
      --------                                                                                                                                                                                                                                                                                                                                                        ---------                                                                                                                                                                                                                                                        -----  -----  ------------------   
      LeakyreluEngine:Compute:inst/LeakyreluEngine:Compute:vec_in_a.Pop():mioi:inst/LeakyreluEngine:Compute:vec_in_a.Pop():mioi:vec_in_a.Pop():mio:wait_dp:inst/reg(vec_in_a.Pop():mioi.idat.bfwt)                                                                                                                                                                    mgc_reg_pos_512_0_0_0_0_1_1                                                                                                                                                                                                                                      0.3200 0.3200                      
      LeakyreluEngine:Compute:inst/LeakyreluEngine:Compute:vec_in_a.Pop():mioi:inst/LeakyreluEngine:Compute:vec_in_a.Pop():mioi:vec_in_a.Pop():mio:wait_dp:inst/vec_in_a.Pop():mioi.idat.bfwt                                                                                                                                                                                                                                                                                                                                                                                                                                          0.0000 0.3200                      
      LeakyreluEngine:Compute:inst/LeakyreluEngine:Compute:vec_in_a.Pop():mioi:inst/LeakyreluEngine:Compute:vec_in_a.Pop():mioi:vec_in_a.Pop():mio:wait_dp:inst/while:mux#1                                                                                                                                                                                           mgc_mux_512_1_2                                                                                                                                                                                                                                                  0.0800 0.4000                      
      LeakyreluEngine:Compute:inst/LeakyreluEngine:Compute:vec_in_a.Pop():mioi:inst/LeakyreluEngine:Compute:vec_in_a.Pop():mioi:vec_in_a.Pop():mio:wait_dp:inst/vec_in_a.Pop():mioi.idat.mxwt                                                                                                                                                                                                                                                                                                                                                                                                                                          0.0000 0.4000                      
      LeakyreluEngine:Compute:inst/LeakyreluEngine:Compute:vec_in_a.Pop():mioi:inst/vec_in_a.Pop():mioi.idat.mxwt                                                                                                                                                                                                                                                                                                                                                                                                                                                                                                                      0.0000 0.4000                      
      LeakyreluEngine:Compute:inst/vec_in_a.Pop():mioi.idat.mxwt                                                                                                                                                                                                                                                                                                                                                                                                                                                                                                                                                                       0.0000 0.4000                      
      LeakyreluEngine:Compute:inst/while:slc(vec_in_a.Pop():mioi.idat.mxwt)(287-256)                                                                                                                                                                                                                                                                                                                                                                                                                                                                                                                                                   0.0000 0.4000                      
      LeakyreluEngine:Compute:inst/while:slc(vec_in_a.Pop():mioi.idat.mxwt)(287-256).itm                                                                                                                                                                                                                                                                                                                                                                                                                                                                                                                                               0.0000 0.4000                      
      LeakyreluEngine:Compute:inst/while:for-9:acc#1                                                                                                                                                                                                                                                                                                                  mgc_addc_32_0_32_0_32                                                                                                                                                                                                                                            1.3650 1.7650 [1.300000, 1.765000] 
      LeakyreluEngine:Compute:inst/while:for:acc#1.cse#9.sva#1                                                                                                                                                                                                                                                                                                                                                                                                                                                                                                                                                                         0.0000 1.7650 [1.300000, 1.765000] 
      LeakyreluEngine:Compute:inst/while:for-9:operator><32,16,true,AC_TRN,AC_WRAP>:not                                                                                                                                                                                                                                                                               mgc_not_32                                                                                                                                                                                                                                                       0.0000 1.7650                      
      LeakyreluEngine:Compute:inst/while:for-9:operator><32,16,true,AC_TRN,AC_WRAP>:not.itm                                                                                                                                                                                                                                                                                                                                                                                                                                                                                                                                            0.0000 1.7650                      
      LeakyreluEngine:Compute:inst/while:for-9:operator><32,16,true,AC_TRN,AC_WRAP>:acc                                                                                                                                                                                                                                                                               mgc_addc_32_1_2_1_33                                                                                                                                                                                                                                             1.3650 3.1300 [2.665001, 3.130001] 
      LeakyreluEngine:Compute:inst/while:for-9:operator><32,16,true,AC_TRN,AC_WRAP>:acc.itm                                                                                                                                                                                                                                                                                                                                                                                                                                                                                                                                            0.0000 3.1300 [2.665001, 3.130001] 
      LeakyreluEngine:Compute:inst/operator><32,16,true,AC_TRN,AC_WRAP>:slc(while:for-9:operator><32,16,true,AC_TRN,AC_WRAP>:acc)(32)                                                                                                                                                                                                                                                                                                                                                                                                                                                                                                  0.0000 3.1300                      
      LeakyreluEngine:Compute:inst/operator><32,16,true,AC_TRN,AC_WRAP>:slc(while:for-9:operator><32,16,true,AC_TRN,AC_WRAP>:acc)(32).itm                                                                                                                                                                                                                                                                                                                                                                                                                                                                                              0.0000 3.1300                      
      LeakyreluEngine:Compute:inst/not#2                                                                                                                                                                                                                                                                                                                              mgc_not_1                                                                                                                                                                                                                                                        0.0000 3.1300                      
      LeakyreluEngine:Compute:inst/not#2.itm                                                                                                                                                                                                                                                                                                                                                                                                                                                                                                                                                                                           0.0000 3.1300                      
      LeakyreluEngine:Compute:inst/and#12                                                                                                                                                                                                                                                                                                                             mgc_and_1_2                                                                                                                                                                                                                                                      0.5500 3.6800                      
      LeakyreluEngine:Compute:inst/vec_out.Push():mioi.idat(287:256):mx0c1                                                                                                                                                                                                                                                                                                                                                                                                                                                                                                                                                             0.0000 3.6800                      
      LeakyreluEngine:Compute:inst/ac_math::ac_leakyrelu<32,16,true,AC_TRN,AC_WRAP,32,16,true,AC_TRN,AC_WRAP,32,16,true,AC_TRN,AC_WRAP>:if:ac_math::ac_leakyrelu<32,16,true,AC_TRN,AC_WRAP,32,16,true,AC_TRN,AC_WRAP,32,16,true,AC_TRN,AC_WRAP>:if:ac_math::ac_leakyrelu<32,16,true,AC_TRN,AC_WRAP,32,16,true,AC_TRN,AC_WRAP,32,16,true,AC_TRN,AC_WRAP>:if:and#7      mgc_and_1_2                                                                                                                                                                                                                                                      0.5500 4.2300                      
      LeakyreluEngine:Compute:inst/ac_math::ac_leakyrelu<32,16,true,AC_TRN,AC_WRAP,32,16,true,AC_TRN,AC_WRAP,32,16,true,AC_TRN,AC_WRAP>:if:ac_math::ac_leakyrelu<32,16,true,AC_TRN,AC_WRAP,32,16,true,AC_TRN,AC_WRAP,32,16,true,AC_TRN,AC_WRAP>:if:ac_math::ac_leakyrelu<32,16,true,AC_TRN,AC_WRAP,32,16,true,AC_TRN,AC_WRAP,32,16,true,AC_TRN,AC_WRAP>:if:and#7.itm                                                                                                                                                                                                                                                                   0.0000 4.2300                      
      LeakyreluEngine:Compute:inst/reg(vec_out.Push():mioi.idat(287:256))                                                                                                                                                                                                                                                                                             mgc_reg_pos_1_0_0_0_0_1_1                                                                                                                                                                                                                                        0.0000 4.2300                      
                                                                                                                                                                                                                                                                                                                                                                                                                                                                                                                                                                                                                                                                          
    2                                                                                                                                                                                                                                                                                                                                                                 LeakyreluEngine:Compute:inst/LeakyreluEngine:Compute:vec_in_a.Pop():mioi:inst/LeakyreluEngine:Compute:vec_in_a.Pop():mioi:vec_in_a.Pop():mio:wait_dp:inst/reg(vec_in_a.Pop():mioi.idat.bfwt) LeakyreluEngine:Compute:inst/reg(vec_out.Push():mioi.idat(95:64))   4.2300 0.7700                      
                                                                                                                                                                                                                                                                                                                                                                                                                                                                                                                                                                                                                                                                          
      Instance                                                                                                                                                                                                                                                                                                                                                        Component                                                                                                                                                                                                                                                        Delta  Delay  [MIN, MAX]           
      --------                                                                                                                                                                                                                                                                                                                                                        ---------                                                                                                                                                                                                                                                        -----  -----  ------------------   
      LeakyreluEngine:Compute:inst/LeakyreluEngine:Compute:vec_in_a.Pop():mioi:inst/LeakyreluEngine:Compute:vec_in_a.Pop():mioi:vec_in_a.Pop():mio:wait_dp:inst/reg(vec_in_a.Pop():mioi.idat.bfwt)                                                                                                                                                                    mgc_reg_pos_512_0_0_0_0_1_1                                                                                                                                                                                                                                      0.3200 0.3200                      
      LeakyreluEngine:Compute:inst/LeakyreluEngine:Compute:vec_in_a.Pop():mioi:inst/LeakyreluEngine:Compute:vec_in_a.Pop():mioi:vec_in_a.Pop():mio:wait_dp:inst/vec_in_a.Pop():mioi.idat.bfwt                                                                                                                                                                                                                                                                                                                                                                                                                                          0.0000 0.3200                      
      LeakyreluEngine:Compute:inst/LeakyreluEngine:Compute:vec_in_a.Pop():mioi:inst/LeakyreluEngine:Compute:vec_in_a.Pop():mioi:vec_in_a.Pop():mio:wait_dp:inst/while:mux#1                                                                                                                                                                                           mgc_mux_512_1_2                                                                                                                                                                                                                                                  0.0800 0.4000                      
      LeakyreluEngine:Compute:inst/LeakyreluEngine:Compute:vec_in_a.Pop():mioi:inst/LeakyreluEngine:Compute:vec_in_a.Pop():mioi:vec_in_a.Pop():mio:wait_dp:inst/vec_in_a.Pop():mioi.idat.mxwt                                                                                                                                                                                                                                                                                                                                                                                                                                          0.0000 0.4000                      
      LeakyreluEngine:Compute:inst/LeakyreluEngine:Compute:vec_in_a.Pop():mioi:inst/vec_in_a.Pop():mioi.idat.mxwt                                                                                                                                                                                                                                                                                                                                                                                                                                                                                                                      0.0000 0.4000                      
      LeakyreluEngine:Compute:inst/vec_in_a.Pop():mioi.idat.mxwt                                                                                                                                                                                                                                                                                                                                                                                                                                                                                                                                                                       0.0000 0.4000                      
      LeakyreluEngine:Compute:inst/while:slc(vec_in_a.Pop():mioi.idat.mxwt)(95-64)                                                                                                                                                                                                                                                                                                                                                                                                                                                                                                                                                     0.0000 0.4000                      
      LeakyreluEngine:Compute:inst/while:slc(vec_in_a.Pop():mioi.idat.mxwt)(95-64).itm                                                                                                                                                                                                                                                                                                                                                                                                                                                                                                                                                 0.0000 0.4000                      
      LeakyreluEngine:Compute:inst/while:for-3:acc#1                                                                                                                                                                                                                                                                                                                  mgc_addc_32_0_32_0_32                                                                                                                                                                                                                                            1.3650 1.7650 [1.300000, 1.765000] 
      LeakyreluEngine:Compute:inst/while:for:acc#1.cse#3.sva#1                                                                                                                                                                                                                                                                                                                                                                                                                                                                                                                                                                         0.0000 1.7650 [1.300000, 1.765000] 
      LeakyreluEngine:Compute:inst/while:for-3:operator><32,16,true,AC_TRN,AC_WRAP>:not                                                                                                                                                                                                                                                                               mgc_not_32                                                                                                                                                                                                                                                       0.0000 1.7650                      
      LeakyreluEngine:Compute:inst/while:for-3:operator><32,16,true,AC_TRN,AC_WRAP>:not.itm                                                                                                                                                                                                                                                                                                                                                                                                                                                                                                                                            0.0000 1.7650                      
      LeakyreluEngine:Compute:inst/while:for-3:operator><32,16,true,AC_TRN,AC_WRAP>:acc                                                                                                                                                                                                                                                                               mgc_addc_32_1_2_1_33                                                                                                                                                                                                                                             1.3650 3.1300 [2.665001, 3.130001] 
      LeakyreluEngine:Compute:inst/while:for-3:operator><32,16,true,AC_TRN,AC_WRAP>:acc.itm                                                                                                                                                                                                                                                                                                                                                                                                                                                                                                                                            0.0000 3.1300 [2.665001, 3.130001] 
      LeakyreluEngine:Compute:inst/operator><32,16,true,AC_TRN,AC_WRAP>:slc(while:for-3:operator><32,16,true,AC_TRN,AC_WRAP>:acc)(32)                                                                                                                                                                                                                                                                                                                                                                                                                                                                                                  0.0000 3.1300                      
      LeakyreluEngine:Compute:inst/operator><32,16,true,AC_TRN,AC_WRAP>:slc(while:for-3:operator><32,16,true,AC_TRN,AC_WRAP>:acc)(32).itm                                                                                                                                                                                                                                                                                                                                                                                                                                                                                              0.0000 3.1300                      
      LeakyreluEngine:Compute:inst/not#11                                                                                                                                                                                                                                                                                                                             mgc_not_1                                                                                                                                                                                                                                                        0.0000 3.1300                      
      LeakyreluEngine:Compute:inst/not#11.itm                                                                                                                                                                                                                                                                                                                                                                                                                                                                                                                                                                                          0.0000 3.1300                      
      LeakyreluEngine:Compute:inst/and#66                                                                                                                                                                                                                                                                                                                             mgc_and_1_2                                                                                                                                                                                                                                                      0.5500 3.6800                      
      LeakyreluEngine:Compute:inst/vec_out.Push():mioi.idat(95:64):mx0c1                                                                                                                                                                                                                                                                                                                                                                                                                                                                                                                                                               0.0000 3.6800                      
      LeakyreluEngine:Compute:inst/ac_math::ac_leakyrelu<32,16,true,AC_TRN,AC_WRAP,32,16,true,AC_TRN,AC_WRAP,32,16,true,AC_TRN,AC_WRAP>:if:ac_math::ac_leakyrelu<32,16,true,AC_TRN,AC_WRAP,32,16,true,AC_TRN,AC_WRAP,32,16,true,AC_TRN,AC_WRAP>:if:ac_math::ac_leakyrelu<32,16,true,AC_TRN,AC_WRAP,32,16,true,AC_TRN,AC_WRAP,32,16,true,AC_TRN,AC_WRAP>:if:and#13     mgc_and_1_2                                                                                                                                                                                                                                                      0.5500 4.2300                      
      LeakyreluEngine:Compute:inst/ac_math::ac_leakyrelu<32,16,true,AC_TRN,AC_WRAP,32,16,true,AC_TRN,AC_WRAP,32,16,true,AC_TRN,AC_WRAP>:if:ac_math::ac_leakyrelu<32,16,true,AC_TRN,AC_WRAP,32,16,true,AC_TRN,AC_WRAP,32,16,true,AC_TRN,AC_WRAP>:if:ac_math::ac_leakyrelu<32,16,true,AC_TRN,AC_WRAP,32,16,true,AC_TRN,AC_WRAP,32,16,true,AC_TRN,AC_WRAP>:if:and#13.itm                                                                                                                                                                                                                                                                  0.0000 4.2300                      
      LeakyreluEngine:Compute:inst/reg(vec_out.Push():mioi.idat(95:64))                                                                                                                                                                                                                                                                                               mgc_reg_pos_1_0_0_0_0_1_1                                                                                                                                                                                                                                        0.0000 4.2300                      
                                                                                                                                                                                                                                                                                                                                                                                                                                                                                                                                                                                                                                                                          
    3                                                                                                                                                                                                                                                                                                                                                                 LeakyreluEngine:Compute:inst/LeakyreluEngine:Compute:vec_in_b.Pop():mioi:inst/LeakyreluEngine:Compute:vec_in_b.Pop():mioi:vec_in_b.Pop():mio:wait_dp:inst/reg(vec_in_b.Pop():mioi.idat.bfwt) LeakyreluEngine:Compute:inst/reg(vec_out.Push():mioi.idat(287:256)) 4.2300 0.7700                      
                                                                                                                                                                                                                                                                                                                                                                                                                                                                                                                                                                                                                                                                          
      Instance                                                                                                                                                                                                                                                                                                                                                        Component                                                                                                                                                                                                                                                        Delta  Delay  [MIN, MAX]           
      --------                                                                                                                                                                                                                                                                                                                                                        ---------                                                                                                                                                                                                                                                        -----  -----  ------------------   
      LeakyreluEngine:Compute:inst/LeakyreluEngine:Compute:vec_in_b.Pop():mioi:inst/LeakyreluEngine:Compute:vec_in_b.Pop():mioi:vec_in_b.Pop():mio:wait_dp:inst/reg(vec_in_b.Pop():mioi.idat.bfwt)                                                                                                                                                                    mgc_reg_pos_512_0_0_0_0_1_1                                                                                                                                                                                                                                      0.3200 0.3200                      
      LeakyreluEngine:Compute:inst/LeakyreluEngine:Compute:vec_in_b.Pop():mioi:inst/LeakyreluEngine:Compute:vec_in_b.Pop():mioi:vec_in_b.Pop():mio:wait_dp:inst/vec_in_b.Pop():mioi.idat.bfwt                                                                                                                                                                                                                                                                                                                                                                                                                                          0.0000 0.3200                      
      LeakyreluEngine:Compute:inst/LeakyreluEngine:Compute:vec_in_b.Pop():mioi:inst/LeakyreluEngine:Compute:vec_in_b.Pop():mioi:vec_in_b.Pop():mio:wait_dp:inst/while:mux#4                                                                                                                                                                                           mgc_mux_512_1_2                                                                                                                                                                                                                                                  0.0800 0.4000                      
      LeakyreluEngine:Compute:inst/LeakyreluEngine:Compute:vec_in_b.Pop():mioi:inst/LeakyreluEngine:Compute:vec_in_b.Pop():mioi:vec_in_b.Pop():mio:wait_dp:inst/vec_in_b.Pop():mioi.idat.mxwt                                                                                                                                                                                                                                                                                                                                                                                                                                          0.0000 0.4000                      
      LeakyreluEngine:Compute:inst/LeakyreluEngine:Compute:vec_in_b.Pop():mioi:inst/vec_in_b.Pop():mioi.idat.mxwt                                                                                                                                                                                                                                                                                                                                                                                                                                                                                                                      0.0000 0.4000                      
      LeakyreluEngine:Compute:inst/vec_in_b.Pop():mioi.idat.mxwt                                                                                                                                                                                                                                                                                                                                                                                                                                                                                                                                                                       0.0000 0.4000                      
      LeakyreluEngine:Compute:inst/while:slc(vec_in_b.Pop():mioi.idat.mxwt)(287-256)                                                                                                                                                                                                                                                                                                                                                                                                                                                                                                                                                   0.0000 0.4000                      
      LeakyreluEngine:Compute:inst/while:slc(vec_in_b.Pop():mioi.idat.mxwt)(287-256).itm                                                                                                                                                                                                                                                                                                                                                                                                                                                                                                                                               0.0000 0.4000                      
      LeakyreluEngine:Compute:inst/while:for-9:acc#1                                                                                                                                                                                                                                                                                                                  mgc_addc_32_0_32_0_32                                                                                                                                                                                                                                            1.3650 1.7650 [1.300000, 1.765000] 
      LeakyreluEngine:Compute:inst/while:for:acc#1.cse#9.sva#1                                                                                                                                                                                                                                                                                                                                                                                                                                                                                                                                                                         0.0000 1.7650 [1.300000, 1.765000] 
      LeakyreluEngine:Compute:inst/while:for-9:operator><32,16,true,AC_TRN,AC_WRAP>:not                                                                                                                                                                                                                                                                               mgc_not_32                                                                                                                                                                                                                                                       0.0000 1.7650                      
      LeakyreluEngine:Compute:inst/while:for-9:operator><32,16,true,AC_TRN,AC_WRAP>:not.itm                                                                                                                                                                                                                                                                                                                                                                                                                                                                                                                                            0.0000 1.7650                      
      LeakyreluEngine:Compute:inst/while:for-9:operator><32,16,true,AC_TRN,AC_WRAP>:acc                                                                                                                                                                                                                                                                               mgc_addc_32_1_2_1_33                                                                                                                                                                                                                                             1.3650 3.1300 [2.665001, 3.130001] 
      LeakyreluEngine:Compute:inst/while:for-9:operator><32,16,true,AC_TRN,AC_WRAP>:acc.itm                                                                                                                                                                                                                                                                                                                                                                                                                                                                                                                                            0.0000 3.1300 [2.665001, 3.130001] 
      LeakyreluEngine:Compute:inst/operator><32,16,true,AC_TRN,AC_WRAP>:slc(while:for-9:operator><32,16,true,AC_TRN,AC_WRAP>:acc)(32)                                                                                                                                                                                                                                                                                                                                                                                                                                                                                                  0.0000 3.1300                      
      LeakyreluEngine:Compute:inst/operator><32,16,true,AC_TRN,AC_WRAP>:slc(while:for-9:operator><32,16,true,AC_TRN,AC_WRAP>:acc)(32).itm                                                                                                                                                                                                                                                                                                                                                                                                                                                                                              0.0000 3.1300                      
      LeakyreluEngine:Compute:inst/not#2                                                                                                                                                                                                                                                                                                                              mgc_not_1                                                                                                                                                                                                                                                        0.0000 3.1300                      
      LeakyreluEngine:Compute:inst/not#2.itm                                                                                                                                                                                                                                                                                                                                                                                                                                                                                                                                                                                           0.0000 3.1300                      
      LeakyreluEngine:Compute:inst/and#12                                                                                                                                                                                                                                                                                                                             mgc_and_1_2                                                                                                                                                                                                                                                      0.5500 3.6800                      
      LeakyreluEngine:Compute:inst/vec_out.Push():mioi.idat(287:256):mx0c1                                                                                                                                                                                                                                                                                                                                                                                                                                                                                                                                                             0.0000 3.6800                      
      LeakyreluEngine:Compute:inst/ac_math::ac_leakyrelu<32,16,true,AC_TRN,AC_WRAP,32,16,true,AC_TRN,AC_WRAP,32,16,true,AC_TRN,AC_WRAP>:if:ac_math::ac_leakyrelu<32,16,true,AC_TRN,AC_WRAP,32,16,true,AC_TRN,AC_WRAP,32,16,true,AC_TRN,AC_WRAP>:if:ac_math::ac_leakyrelu<32,16,true,AC_TRN,AC_WRAP,32,16,true,AC_TRN,AC_WRAP,32,16,true,AC_TRN,AC_WRAP>:if:and#7      mgc_and_1_2                                                                                                                                                                                                                                                      0.5500 4.2300                      
      LeakyreluEngine:Compute:inst/ac_math::ac_leakyrelu<32,16,true,AC_TRN,AC_WRAP,32,16,true,AC_TRN,AC_WRAP,32,16,true,AC_TRN,AC_WRAP>:if:ac_math::ac_leakyrelu<32,16,true,AC_TRN,AC_WRAP,32,16,true,AC_TRN,AC_WRAP,32,16,true,AC_TRN,AC_WRAP>:if:ac_math::ac_leakyrelu<32,16,true,AC_TRN,AC_WRAP,32,16,true,AC_TRN,AC_WRAP,32,16,true,AC_TRN,AC_WRAP>:if:and#7.itm                                                                                                                                                                                                                                                                   0.0000 4.2300                      
      LeakyreluEngine:Compute:inst/reg(vec_out.Push():mioi.idat(287:256))                                                                                                                                                                                                                                                                                             mgc_reg_pos_1_0_0_0_0_1_1                                                                                                                                                                                                                                        0.0000 4.2300                      
                                                                                                                                                                                                                                                                                                                                                                                                                                                                                                                                                                                                                                                                          
    4                                                                                                                                                                                                                                                                                                                                                                 LeakyreluEngine:Compute:inst/LeakyreluEngine:Compute:vec_in_a.Pop():mioi:inst/LeakyreluEngine:Compute:vec_in_a.Pop():mioi:vec_in_a.Pop():mio:wait_dp:inst/reg(vec_in_a.Pop():mioi.idat.bfwt) LeakyreluEngine:Compute:inst/reg(vec_out.Push():mioi.idat(447:416)) 4.2300 0.7700                      
                                                                                                                                                                                                                                                                                                                                                                                                                                                                                                                                                                                                                                                                          
      Instance                                                                                                                                                                                                                                                                                                                                                        Component                                                                                                                                                                                                                                                        Delta  Delay  [MIN, MAX]           
      --------                                                                                                                                                                                                                                                                                                                                                        ---------                                                                                                                                                                                                                                                        -----  -----  ------------------   
      LeakyreluEngine:Compute:inst/LeakyreluEngine:Compute:vec_in_a.Pop():mioi:inst/LeakyreluEngine:Compute:vec_in_a.Pop():mioi:vec_in_a.Pop():mio:wait_dp:inst/reg(vec_in_a.Pop():mioi.idat.bfwt)                                                                                                                                                                    mgc_reg_pos_512_0_0_0_0_1_1                                                                                                                                                                                                                                      0.3200 0.3200                      
      LeakyreluEngine:Compute:inst/LeakyreluEngine:Compute:vec_in_a.Pop():mioi:inst/LeakyreluEngine:Compute:vec_in_a.Pop():mioi:vec_in_a.Pop():mio:wait_dp:inst/vec_in_a.Pop():mioi.idat.bfwt                                                                                                                                                                                                                                                                                                                                                                                                                                          0.0000 0.3200                      
      LeakyreluEngine:Compute:inst/LeakyreluEngine:Compute:vec_in_a.Pop():mioi:inst/LeakyreluEngine:Compute:vec_in_a.Pop():mioi:vec_in_a.Pop():mio:wait_dp:inst/while:mux#1                                                                                                                                                                                           mgc_mux_512_1_2                                                                                                                                                                                                                                                  0.0800 0.4000                      
      LeakyreluEngine:Compute:inst/LeakyreluEngine:Compute:vec_in_a.Pop():mioi:inst/LeakyreluEngine:Compute:vec_in_a.Pop():mioi:vec_in_a.Pop():mio:wait_dp:inst/vec_in_a.Pop():mioi.idat.mxwt                                                                                                                                                                                                                                                                                                                                                                                                                                          0.0000 0.4000                      
      LeakyreluEngine:Compute:inst/LeakyreluEngine:Compute:vec_in_a.Pop():mioi:inst/vec_in_a.Pop():mioi.idat.mxwt                                                                                                                                                                                                                                                                                                                                                                                                                                                                                                                      0.0000 0.4000                      
      LeakyreluEngine:Compute:inst/vec_in_a.Pop():mioi.idat.mxwt                                                                                                                                                                                                                                                                                                                                                                                                                                                                                                                                                                       0.0000 0.4000                      
      LeakyreluEngine:Compute:inst/while:slc(vec_in_a.Pop():mioi.idat.mxwt)(447-416)                                                                                                                                                                                                                                                                                                                                                                                                                                                                                                                                                   0.0000 0.4000                      
      LeakyreluEngine:Compute:inst/while:slc(vec_in_a.Pop():mioi.idat.mxwt)(447-416).itm                                                                                                                                                                                                                                                                                                                                                                                                                                                                                                                                               0.0000 0.4000                      
      LeakyreluEngine:Compute:inst/while:for-14:acc#1                                                                                                                                                                                                                                                                                                                 mgc_addc_32_0_32_0_32                                                                                                                                                                                                                                            1.3650 1.7650 [1.300000, 1.765000] 
      LeakyreluEngine:Compute:inst/while:for:acc#1.cse#14.sva#1                                                                                                                                                                                                                                                                                                                                                                                                                                                                                                                                                                        0.0000 1.7650 [1.300000, 1.765000] 
      LeakyreluEngine:Compute:inst/while:for-14:operator><32,16,true,AC_TRN,AC_WRAP>:not                                                                                                                                                                                                                                                                              mgc_not_32                                                                                                                                                                                                                                                       0.0000 1.7650                      
      LeakyreluEngine:Compute:inst/while:for-14:operator><32,16,true,AC_TRN,AC_WRAP>:not.itm                                                                                                                                                                                                                                                                                                                                                                                                                                                                                                                                           0.0000 1.7650                      
      LeakyreluEngine:Compute:inst/while:for-14:operator><32,16,true,AC_TRN,AC_WRAP>:acc                                                                                                                                                                                                                                                                              mgc_addc_32_1_2_1_33                                                                                                                                                                                                                                             1.3650 3.1300 [2.665001, 3.130001] 
      LeakyreluEngine:Compute:inst/while:for-14:operator><32,16,true,AC_TRN,AC_WRAP>:acc.itm                                                                                                                                                                                                                                                                                                                                                                                                                                                                                                                                           0.0000 3.1300 [2.665001, 3.130001] 
      LeakyreluEngine:Compute:inst/operator><32,16,true,AC_TRN,AC_WRAP>:slc(while:for-14:operator><32,16,true,AC_TRN,AC_WRAP>:acc)(32)                                                                                                                                                                                                                                                                                                                                                                                                                                                                                                 0.0000 3.1300                      
      LeakyreluEngine:Compute:inst/operator><32,16,true,AC_TRN,AC_WRAP>:slc(while:for-14:operator><32,16,true,AC_TRN,AC_WRAP>:acc)(32).itm                                                                                                                                                                                                                                                                                                                                                                                                                                                                                             0.0000 3.1300                      
      LeakyreluEngine:Compute:inst/not#12                                                                                                                                                                                                                                                                                                                             mgc_not_1                                                                                                                                                                                                                                                        0.0000 3.1300                      
      LeakyreluEngine:Compute:inst/not#12.itm                                                                                                                                                                                                                                                                                                                                                                                                                                                                                                                                                                                          0.0000 3.1300                      
      LeakyreluEngine:Compute:inst/and#72                                                                                                                                                                                                                                                                                                                             mgc_and_1_2                                                                                                                                                                                                                                                      0.5500 3.6800                      
      LeakyreluEngine:Compute:inst/vec_out.Push():mioi.idat(447:416):mx0c1                                                                                                                                                                                                                                                                                                                                                                                                                                                                                                                                                             0.0000 3.6800                      
      LeakyreluEngine:Compute:inst/ac_math::ac_leakyrelu<32,16,true,AC_TRN,AC_WRAP,32,16,true,AC_TRN,AC_WRAP,32,16,true,AC_TRN,AC_WRAP>:if:ac_math::ac_leakyrelu<32,16,true,AC_TRN,AC_WRAP,32,16,true,AC_TRN,AC_WRAP,32,16,true,AC_TRN,AC_WRAP>:if:ac_math::ac_leakyrelu<32,16,true,AC_TRN,AC_WRAP,32,16,true,AC_TRN,AC_WRAP,32,16,true,AC_TRN,AC_WRAP>:if:and#2      mgc_and_1_2                                                                                                                                                                                                                                                      0.5500 4.2300                      
      LeakyreluEngine:Compute:inst/ac_math::ac_leakyrelu<32,16,true,AC_TRN,AC_WRAP,32,16,true,AC_TRN,AC_WRAP,32,16,true,AC_TRN,AC_WRAP>:if:ac_math::ac_leakyrelu<32,16,true,AC_TRN,AC_WRAP,32,16,true,AC_TRN,AC_WRAP,32,16,true,AC_TRN,AC_WRAP>:if:ac_math::ac_leakyrelu<32,16,true,AC_TRN,AC_WRAP,32,16,true,AC_TRN,AC_WRAP,32,16,true,AC_TRN,AC_WRAP>:if:and#2.itm                                                                                                                                                                                                                                                                   0.0000 4.2300                      
      LeakyreluEngine:Compute:inst/reg(vec_out.Push():mioi.idat(447:416))                                                                                                                                                                                                                                                                                             mgc_reg_pos_1_0_0_0_0_1_1                                                                                                                                                                                                                                        0.0000 4.2300                      
                                                                                                                                                                                                                                                                                                                                                                                                                                                                                                                                                                                                                                                                          
    5                                                                                                                                                                                                                                                                                                                                                                 LeakyreluEngine:Compute:inst/LeakyreluEngine:Compute:vec_in_a.Pop():mioi:inst/LeakyreluEngine:Compute:vec_in_a.Pop():mioi:vec_in_a.Pop():mio:wait_dp:inst/reg(vec_in_a.Pop():mioi.idat.bfwt) LeakyreluEngine:Compute:inst/reg(vec_out.Push():mioi.idat(383:352)) 4.2300 0.7700                      
                                                                                                                                                                                                                                                                                                                                                                                                                                                                                                                                                                                                                                                                          
      Instance                                                                                                                                                                                                                                                                                                                                                        Component                                                                                                                                                                                                                                                        Delta  Delay  [MIN, MAX]           
      --------                                                                                                                                                                                                                                                                                                                                                        ---------                                                                                                                                                                                                                                                        -----  -----  ------------------   
      LeakyreluEngine:Compute:inst/LeakyreluEngine:Compute:vec_in_a.Pop():mioi:inst/LeakyreluEngine:Compute:vec_in_a.Pop():mioi:vec_in_a.Pop():mio:wait_dp:inst/reg(vec_in_a.Pop():mioi.idat.bfwt)                                                                                                                                                                    mgc_reg_pos_512_0_0_0_0_1_1                                                                                                                                                                                                                                      0.3200 0.3200                      
      LeakyreluEngine:Compute:inst/LeakyreluEngine:Compute:vec_in_a.Pop():mioi:inst/LeakyreluEngine:Compute:vec_in_a.Pop():mioi:vec_in_a.Pop():mio:wait_dp:inst/vec_in_a.Pop():mioi.idat.bfwt                                                                                                                                                                                                                                                                                                                                                                                                                                          0.0000 0.3200                      
      LeakyreluEngine:Compute:inst/LeakyreluEngine:Compute:vec_in_a.Pop():mioi:inst/LeakyreluEngine:Compute:vec_in_a.Pop():mioi:vec_in_a.Pop():mio:wait_dp:inst/while:mux#1                                                                                                                                                                                           mgc_mux_512_1_2                                                                                                                                                                                                                                                  0.0800 0.4000                      
      LeakyreluEngine:Compute:inst/LeakyreluEngine:Compute:vec_in_a.Pop():mioi:inst/LeakyreluEngine:Compute:vec_in_a.Pop():mioi:vec_in_a.Pop():mio:wait_dp:inst/vec_in_a.Pop():mioi.idat.mxwt                                                                                                                                                                                                                                                                                                                                                                                                                                          0.0000 0.4000                      
      LeakyreluEngine:Compute:inst/LeakyreluEngine:Compute:vec_in_a.Pop():mioi:inst/vec_in_a.Pop():mioi.idat.mxwt                                                                                                                                                                                                                                                                                                                                                                                                                                                                                                                      0.0000 0.4000                      
      LeakyreluEngine:Compute:inst/vec_in_a.Pop():mioi.idat.mxwt                                                                                                                                                                                                                                                                                                                                                                                                                                                                                                                                                                       0.0000 0.4000                      
      LeakyreluEngine:Compute:inst/while:slc(vec_in_a.Pop():mioi.idat.mxwt)(383-352)                                                                                                                                                                                                                                                                                                                                                                                                                                                                                                                                                   0.0000 0.4000                      
      LeakyreluEngine:Compute:inst/while:slc(vec_in_a.Pop():mioi.idat.mxwt)(383-352).itm                                                                                                                                                                                                                                                                                                                                                                                                                                                                                                                                               0.0000 0.4000                      
      LeakyreluEngine:Compute:inst/while:for-12:acc#1                                                                                                                                                                                                                                                                                                                 mgc_addc_32_0_32_0_32                                                                                                                                                                                                                                            1.3650 1.7650 [1.300000, 1.765000] 
      LeakyreluEngine:Compute:inst/while:for:acc#1.cse#12.sva#1                                                                                                                                                                                                                                                                                                                                                                                                                                                                                                                                                                        0.0000 1.7650 [1.300000, 1.765000] 
      LeakyreluEngine:Compute:inst/while:for-12:operator><32,16,true,AC_TRN,AC_WRAP>:not                                                                                                                                                                                                                                                                              mgc_not_32                                                                                                                                                                                                                                                       0.0000 1.7650                      
      LeakyreluEngine:Compute:inst/while:for-12:operator><32,16,true,AC_TRN,AC_WRAP>:not.itm                                                                                                                                                                                                                                                                                                                                                                                                                                                                                                                                           0.0000 1.7650                      
      LeakyreluEngine:Compute:inst/while:for-12:operator><32,16,true,AC_TRN,AC_WRAP>:acc                                                                                                                                                                                                                                                                              mgc_addc_32_1_2_1_33                                                                                                                                                                                                                                             1.3650 3.1300 [2.665001, 3.130001] 
      LeakyreluEngine:Compute:inst/while:for-12:operator><32,16,true,AC_TRN,AC_WRAP>:acc.itm                                                                                                                                                                                                                                                                                                                                                                                                                                                                                                                                           0.0000 3.1300 [2.665001, 3.130001] 
      LeakyreluEngine:Compute:inst/operator><32,16,true,AC_TRN,AC_WRAP>:slc(while:for-12:operator><32,16,true,AC_TRN,AC_WRAP>:acc)(32)                                                                                                                                                                                                                                                                                                                                                                                                                                                                                                 0.0000 3.1300                      
      LeakyreluEngine:Compute:inst/operator><32,16,true,AC_TRN,AC_WRAP>:slc(while:for-12:operator><32,16,true,AC_TRN,AC_WRAP>:acc)(32).itm                                                                                                                                                                                                                                                                                                                                                                                                                                                                                             0.0000 3.1300                      
      LeakyreluEngine:Compute:inst/not#8                                                                                                                                                                                                                                                                                                                              mgc_not_1                                                                                                                                                                                                                                                        0.0000 3.1300                      
      LeakyreluEngine:Compute:inst/not#8.itm                                                                                                                                                                                                                                                                                                                                                                                                                                                                                                                                                                                           0.0000 3.1300                      
      LeakyreluEngine:Compute:inst/and#48                                                                                                                                                                                                                                                                                                                             mgc_and_1_2                                                                                                                                                                                                                                                      0.5500 3.6800                      
      LeakyreluEngine:Compute:inst/vec_out.Push():mioi.idat(383:352):mx0c1                                                                                                                                                                                                                                                                                                                                                                                                                                                                                                                                                             0.0000 3.6800                      
      LeakyreluEngine:Compute:inst/ac_math::ac_leakyrelu<32,16,true,AC_TRN,AC_WRAP,32,16,true,AC_TRN,AC_WRAP,32,16,true,AC_TRN,AC_WRAP>:if:ac_math::ac_leakyrelu<32,16,true,AC_TRN,AC_WRAP,32,16,true,AC_TRN,AC_WRAP,32,16,true,AC_TRN,AC_WRAP>:if:ac_math::ac_leakyrelu<32,16,true,AC_TRN,AC_WRAP,32,16,true,AC_TRN,AC_WRAP,32,16,true,AC_TRN,AC_WRAP>:if:and#4      mgc_and_1_2                                                                                                                                                                                                                                                      0.5500 4.2300                      
      LeakyreluEngine:Compute:inst/ac_math::ac_leakyrelu<32,16,true,AC_TRN,AC_WRAP,32,16,true,AC_TRN,AC_WRAP,32,16,true,AC_TRN,AC_WRAP>:if:ac_math::ac_leakyrelu<32,16,true,AC_TRN,AC_WRAP,32,16,true,AC_TRN,AC_WRAP,32,16,true,AC_TRN,AC_WRAP>:if:ac_math::ac_leakyrelu<32,16,true,AC_TRN,AC_WRAP,32,16,true,AC_TRN,AC_WRAP,32,16,true,AC_TRN,AC_WRAP>:if:and#4.itm                                                                                                                                                                                                                                                                   0.0000 4.2300                      
      LeakyreluEngine:Compute:inst/reg(vec_out.Push():mioi.idat(383:352))                                                                                                                                                                                                                                                                                             mgc_reg_pos_1_0_0_0_0_1_1                                                                                                                                                                                                                                        0.0000 4.2300                      
                                                                                                                                                                                                                                                                                                                                                                                                                                                                                                                                                                                                                                                                          
    6                                                                                                                                                                                                                                                                                                                                                                 LeakyreluEngine:Compute:inst/LeakyreluEngine:Compute:vec_in_a.Pop():mioi:inst/LeakyreluEngine:Compute:vec_in_a.Pop():mioi:vec_in_a.Pop():mio:wait_dp:inst/reg(vec_in_a.Pop():mioi.idat.bfwt) LeakyreluEngine:Compute:inst/reg(vec_out.Push():mioi.idat(159:128)) 4.2300 0.7700                      
                                                                                                                                                                                                                                                                                                                                                                                                                                                                                                                                                                                                                                                                          
      Instance                                                                                                                                                                                                                                                                                                                                                        Component                                                                                                                                                                                                                                                        Delta  Delay  [MIN, MAX]           
      --------                                                                                                                                                                                                                                                                                                                                                        ---------                                                                                                                                                                                                                                                        -----  -----  ------------------   
      LeakyreluEngine:Compute:inst/LeakyreluEngine:Compute:vec_in_a.Pop():mioi:inst/LeakyreluEngine:Compute:vec_in_a.Pop():mioi:vec_in_a.Pop():mio:wait_dp:inst/reg(vec_in_a.Pop():mioi.idat.bfwt)                                                                                                                                                                    mgc_reg_pos_512_0_0_0_0_1_1                                                                                                                                                                                                                                      0.3200 0.3200                      
      LeakyreluEngine:Compute:inst/LeakyreluEngine:Compute:vec_in_a.Pop():mioi:inst/LeakyreluEngine:Compute:vec_in_a.Pop():mioi:vec_in_a.Pop():mio:wait_dp:inst/vec_in_a.Pop():mioi.idat.bfwt                                                                                                                                                                                                                                                                                                                                                                                                                                          0.0000 0.3200                      
      LeakyreluEngine:Compute:inst/LeakyreluEngine:Compute:vec_in_a.Pop():mioi:inst/LeakyreluEngine:Compute:vec_in_a.Pop():mioi:vec_in_a.Pop():mio:wait_dp:inst/while:mux#1                                                                                                                                                                                           mgc_mux_512_1_2                                                                                                                                                                                                                                                  0.0800 0.4000                      
      LeakyreluEngine:Compute:inst/LeakyreluEngine:Compute:vec_in_a.Pop():mioi:inst/LeakyreluEngine:Compute:vec_in_a.Pop():mioi:vec_in_a.Pop():mio:wait_dp:inst/vec_in_a.Pop():mioi.idat.mxwt                                                                                                                                                                                                                                                                                                                                                                                                                                          0.0000 0.4000                      
      LeakyreluEngine:Compute:inst/LeakyreluEngine:Compute:vec_in_a.Pop():mioi:inst/vec_in_a.Pop():mioi.idat.mxwt                                                                                                                                                                                                                                                                                                                                                                                                                                                                                                                      0.0000 0.4000                      
      LeakyreluEngine:Compute:inst/vec_in_a.Pop():mioi.idat.mxwt                                                                                                                                                                                                                                                                                                                                                                                                                                                                                                                                                                       0.0000 0.4000                      
      LeakyreluEngine:Compute:inst/while:slc(vec_in_a.Pop():mioi.idat.mxwt)(159-128)                                                                                                                                                                                                                                                                                                                                                                                                                                                                                                                                                   0.0000 0.4000                      
      LeakyreluEngine:Compute:inst/while:slc(vec_in_a.Pop():mioi.idat.mxwt)(159-128).itm                                                                                                                                                                                                                                                                                                                                                                                                                                                                                                                                               0.0000 0.4000                      
      LeakyreluEngine:Compute:inst/while:for-5:acc#1                                                                                                                                                                                                                                                                                                                  mgc_addc_32_0_32_0_32                                                                                                                                                                                                                                            1.3650 1.7650 [1.300000, 1.765000] 
      LeakyreluEngine:Compute:inst/while:for:acc#1.cse#5.sva#1                                                                                                                                                                                                                                                                                                                                                                                                                                                                                                                                                                         0.0000 1.7650 [1.300000, 1.765000] 
      LeakyreluEngine:Compute:inst/while:for-5:operator><32,16,true,AC_TRN,AC_WRAP>:not                                                                                                                                                                                                                                                                               mgc_not_32                                                                                                                                                                                                                                                       0.0000 1.7650                      
      LeakyreluEngine:Compute:inst/while:for-5:operator><32,16,true,AC_TRN,AC_WRAP>:not.itm                                                                                                                                                                                                                                                                                                                                                                                                                                                                                                                                            0.0000 1.7650                      
      LeakyreluEngine:Compute:inst/while:for-5:operator><32,16,true,AC_TRN,AC_WRAP>:acc                                                                                                                                                                                                                                                                               mgc_addc_32_1_2_1_33                                                                                                                                                                                                                                             1.3650 3.1300 [2.665001, 3.130001] 
      LeakyreluEngine:Compute:inst/while:for-5:operator><32,16,true,AC_TRN,AC_WRAP>:acc.itm                                                                                                                                                                                                                                                                                                                                                                                                                                                                                                                                            0.0000 3.1300 [2.665001, 3.130001] 
      LeakyreluEngine:Compute:inst/operator><32,16,true,AC_TRN,AC_WRAP>:slc(while:for-5:operator><32,16,true,AC_TRN,AC_WRAP>:acc)(32)                                                                                                                                                                                                                                                                                                                                                                                                                                                                                                  0.0000 3.1300                      
      LeakyreluEngine:Compute:inst/operator><32,16,true,AC_TRN,AC_WRAP>:slc(while:for-5:operator><32,16,true,AC_TRN,AC_WRAP>:acc)(32).itm                                                                                                                                                                                                                                                                                                                                                                                                                                                                                              0.0000 3.1300                      
      LeakyreluEngine:Compute:inst/not#7                                                                                                                                                                                                                                                                                                                              mgc_not_1                                                                                                                                                                                                                                                        0.0000 3.1300                      
      LeakyreluEngine:Compute:inst/not#7.itm                                                                                                                                                                                                                                                                                                                                                                                                                                                                                                                                                                                           0.0000 3.1300                      
      LeakyreluEngine:Compute:inst/and#42                                                                                                                                                                                                                                                                                                                             mgc_and_1_2                                                                                                                                                                                                                                                      0.5500 3.6800                      
      LeakyreluEngine:Compute:inst/vec_out.Push():mioi.idat(159:128):mx0c1                                                                                                                                                                                                                                                                                                                                                                                                                                                                                                                                                             0.0000 3.6800                      
      LeakyreluEngine:Compute:inst/ac_math::ac_leakyrelu<32,16,true,AC_TRN,AC_WRAP,32,16,true,AC_TRN,AC_WRAP,32,16,true,AC_TRN,AC_WRAP>:if:ac_math::ac_leakyrelu<32,16,true,AC_TRN,AC_WRAP,32,16,true,AC_TRN,AC_WRAP,32,16,true,AC_TRN,AC_WRAP>:if:ac_math::ac_leakyrelu<32,16,true,AC_TRN,AC_WRAP,32,16,true,AC_TRN,AC_WRAP,32,16,true,AC_TRN,AC_WRAP>:if:and#11     mgc_and_1_2                                                                                                                                                                                                                                                      0.5500 4.2300                      
      LeakyreluEngine:Compute:inst/ac_math::ac_leakyrelu<32,16,true,AC_TRN,AC_WRAP,32,16,true,AC_TRN,AC_WRAP,32,16,true,AC_TRN,AC_WRAP>:if:ac_math::ac_leakyrelu<32,16,true,AC_TRN,AC_WRAP,32,16,true,AC_TRN,AC_WRAP,32,16,true,AC_TRN,AC_WRAP>:if:ac_math::ac_leakyrelu<32,16,true,AC_TRN,AC_WRAP,32,16,true,AC_TRN,AC_WRAP,32,16,true,AC_TRN,AC_WRAP>:if:and#11.itm                                                                                                                                                                                                                                                                  0.0000 4.2300                      
      LeakyreluEngine:Compute:inst/reg(vec_out.Push():mioi.idat(159:128))                                                                                                                                                                                                                                                                                             mgc_reg_pos_1_0_0_0_0_1_1                                                                                                                                                                                                                                        0.0000 4.2300                      
                                                                                                                                                                                                                                                                                                                                                                                                                                                                                                                                                                                                                                                                          
    7                                                                                                                                                                                                                                                                                                                                                                 LeakyreluEngine:Compute:inst/LeakyreluEngine:Compute:vec_in_a.Pop():mioi:inst/LeakyreluEngine:Compute:vec_in_a.Pop():mioi:vec_in_a.Pop():mio:wait_dp:inst/reg(vec_in_a.Pop():mioi.idat.bfwt) LeakyreluEngine:Compute:inst/reg(vec_out.Push():mioi.idat(511:480)) 4.2300 0.7700                      
                                                                                                                                                                                                                                                                                                                                                                                                                                                                                                                                                                                                                                                                          
      Instance                                                                                                                                                                                                                                                                                                                                                        Component                                                                                                                                                                                                                                                        Delta  Delay  [MIN, MAX]           
      --------                                                                                                                                                                                                                                                                                                                                                        ---------                                                                                                                                                                                                                                                        -----  -----  ------------------   
      LeakyreluEngine:Compute:inst/LeakyreluEngine:Compute:vec_in_a.Pop():mioi:inst/LeakyreluEngine:Compute:vec_in_a.Pop():mioi:vec_in_a.Pop():mio:wait_dp:inst/reg(vec_in_a.Pop():mioi.idat.bfwt)                                                                                                                                                                    mgc_reg_pos_512_0_0_0_0_1_1                                                                                                                                                                                                                                      0.3200 0.3200                      
      LeakyreluEngine:Compute:inst/LeakyreluEngine:Compute:vec_in_a.Pop():mioi:inst/LeakyreluEngine:Compute:vec_in_a.Pop():mioi:vec_in_a.Pop():mio:wait_dp:inst/vec_in_a.Pop():mioi.idat.bfwt                                                                                                                                                                                                                                                                                                                                                                                                                                          0.0000 0.3200                      
      LeakyreluEngine:Compute:inst/LeakyreluEngine:Compute:vec_in_a.Pop():mioi:inst/LeakyreluEngine:Compute:vec_in_a.Pop():mioi:vec_in_a.Pop():mio:wait_dp:inst/while:mux#1                                                                                                                                                                                           mgc_mux_512_1_2                                                                                                                                                                                                                                                  0.0800 0.4000                      
      LeakyreluEngine:Compute:inst/LeakyreluEngine:Compute:vec_in_a.Pop():mioi:inst/LeakyreluEngine:Compute:vec_in_a.Pop():mioi:vec_in_a.Pop():mio:wait_dp:inst/vec_in_a.Pop():mioi.idat.mxwt                                                                                                                                                                                                                                                                                                                                                                                                                                          0.0000 0.4000                      
      LeakyreluEngine:Compute:inst/LeakyreluEngine:Compute:vec_in_a.Pop():mioi:inst/vec_in_a.Pop():mioi.idat.mxwt                                                                                                                                                                                                                                                                                                                                                                                                                                                                                                                      0.0000 0.4000                      
      LeakyreluEngine:Compute:inst/vec_in_a.Pop():mioi.idat.mxwt                                                                                                                                                                                                                                                                                                                                                                                                                                                                                                                                                                       0.0000 0.4000                      
      LeakyreluEngine:Compute:inst/while:slc(vec_in_a.Pop():mioi.idat.mxwt)(511-480)                                                                                                                                                                                                                                                                                                                                                                                                                                                                                                                                                   0.0000 0.4000                      
      LeakyreluEngine:Compute:inst/while:slc(vec_in_a.Pop():mioi.idat.mxwt)(511-480).itm                                                                                                                                                                                                                                                                                                                                                                                                                                                                                                                                               0.0000 0.4000                      
      LeakyreluEngine:Compute:inst/while:for-16:acc#1                                                                                                                                                                                                                                                                                                                 mgc_addc_32_0_32_0_32                                                                                                                                                                                                                                            1.3650 1.7650 [1.300000, 1.765000] 
      LeakyreluEngine:Compute:inst/while:for:acc#1.cse.sva#1                                                                                                                                                                                                                                                                                                                                                                                                                                                                                                                                                                           0.0000 1.7650 [1.300000, 1.765000] 
      LeakyreluEngine:Compute:inst/while:for-16:operator><32,16,true,AC_TRN,AC_WRAP>:not                                                                                                                                                                                                                                                                              mgc_not_32                                                                                                                                                                                                                                                       0.0000 1.7650                      
      LeakyreluEngine:Compute:inst/while:for-16:operator><32,16,true,AC_TRN,AC_WRAP>:not.itm                                                                                                                                                                                                                                                                                                                                                                                                                                                                                                                                           0.0000 1.7650                      
      LeakyreluEngine:Compute:inst/while:for-16:operator><32,16,true,AC_TRN,AC_WRAP>:acc                                                                                                                                                                                                                                                                              mgc_addc_32_1_2_1_33                                                                                                                                                                                                                                             1.3650 3.1300 [2.665001, 3.130001] 
      LeakyreluEngine:Compute:inst/while:for-16:operator><32,16,true,AC_TRN,AC_WRAP>:acc.itm                                                                                                                                                                                                                                                                                                                                                                                                                                                                                                                                           0.0000 3.1300 [2.665001, 3.130001] 
      LeakyreluEngine:Compute:inst/operator><32,16,true,AC_TRN,AC_WRAP>:slc(while:for-16:operator><32,16,true,AC_TRN,AC_WRAP>:acc)(32)                                                                                                                                                                                                                                                                                                                                                                                                                                                                                                 0.0000 3.1300                      
      LeakyreluEngine:Compute:inst/operator><32,16,true,AC_TRN,AC_WRAP>:slc(while:for-16:operator><32,16,true,AC_TRN,AC_WRAP>:acc)(32).itm                                                                                                                                                                                                                                                                                                                                                                                                                                                                                             0.0000 3.1300                      
      LeakyreluEngine:Compute:inst/not#16                                                                                                                                                                                                                                                                                                                             mgc_not_1                                                                                                                                                                                                                                                        0.0000 3.1300                      
      LeakyreluEngine:Compute:inst/not#16.itm                                                                                                                                                                                                                                                                                                                                                                                                                                                                                                                                                                                          0.0000 3.1300                      
      LeakyreluEngine:Compute:inst/and#96                                                                                                                                                                                                                                                                                                                             mgc_and_1_2                                                                                                                                                                                                                                                      0.5500 3.6800                      
      LeakyreluEngine:Compute:inst/vec_out.Push():mioi.idat(511:480):mx0c1                                                                                                                                                                                                                                                                                                                                                                                                                                                                                                                                                             0.0000 3.6800                      
      LeakyreluEngine:Compute:inst/ac_math::ac_leakyrelu<32,16,true,AC_TRN,AC_WRAP,32,16,true,AC_TRN,AC_WRAP,32,16,true,AC_TRN,AC_WRAP>:if:ac_math::ac_leakyrelu<32,16,true,AC_TRN,AC_WRAP,32,16,true,AC_TRN,AC_WRAP,32,16,true,AC_TRN,AC_WRAP>:if:ac_math::ac_leakyrelu<32,16,true,AC_TRN,AC_WRAP,32,16,true,AC_TRN,AC_WRAP,32,16,true,AC_TRN,AC_WRAP>:if:and        mgc_and_1_2                                                                                                                                                                                                                                                      0.5500 4.2300                      
      LeakyreluEngine:Compute:inst/ac_math::ac_leakyrelu<32,16,true,AC_TRN,AC_WRAP,32,16,true,AC_TRN,AC_WRAP,32,16,true,AC_TRN,AC_WRAP>:if:ac_math::ac_leakyrelu<32,16,true,AC_TRN,AC_WRAP,32,16,true,AC_TRN,AC_WRAP,32,16,true,AC_TRN,AC_WRAP>:if:ac_math::ac_leakyrelu<32,16,true,AC_TRN,AC_WRAP,32,16,true,AC_TRN,AC_WRAP,32,16,true,AC_TRN,AC_WRAP>:if:and.itm                                                                                                                                                                                                                                                                     0.0000 4.2300                      
      LeakyreluEngine:Compute:inst/reg(vec_out.Push():mioi.idat(511:480))                                                                                                                                                                                                                                                                                             mgc_reg_pos_1_0_0_0_0_1_1                                                                                                                                                                                                                                        0.0000 4.2300                      
                                                                                                                                                                                                                                                                                                                                                                                                                                                                                                                                                                                                                                                                          
    8                                                                                                                                                                                                                                                                                                                                                                 LeakyreluEngine:Compute:inst/LeakyreluEngine:Compute:vec_in_a.Pop():mioi:inst/LeakyreluEngine:Compute:vec_in_a.Pop():mioi:vec_in_a.Pop():mio:wait_dp:inst/reg(vec_in_a.Pop():mioi.idat.bfwt) LeakyreluEngine:Compute:inst/reg(vec_out.Push():mioi.idat(479:448)) 4.2300 0.7700                      
                                                                                                                                                                                                                                                                                                                                                                                                                                                                                                                                                                                                                                                                          
      Instance                                                                                                                                                                                                                                                                                                                                                        Component                                                                                                                                                                                                                                                        Delta  Delay  [MIN, MAX]           
      --------                                                                                                                                                                                                                                                                                                                                                        ---------                                                                                                                                                                                                                                                        -----  -----  ------------------   
      LeakyreluEngine:Compute:inst/LeakyreluEngine:Compute:vec_in_a.Pop():mioi:inst/LeakyreluEngine:Compute:vec_in_a.Pop():mioi:vec_in_a.Pop():mio:wait_dp:inst/reg(vec_in_a.Pop():mioi.idat.bfwt)                                                                                                                                                                    mgc_reg_pos_512_0_0_0_0_1_1                                                                                                                                                                                                                                      0.3200 0.3200                      
      LeakyreluEngine:Compute:inst/LeakyreluEngine:Compute:vec_in_a.Pop():mioi:inst/LeakyreluEngine:Compute:vec_in_a.Pop():mioi:vec_in_a.Pop():mio:wait_dp:inst/vec_in_a.Pop():mioi.idat.bfwt                                                                                                                                                                                                                                                                                                                                                                                                                                          0.0000 0.3200                      
      LeakyreluEngine:Compute:inst/LeakyreluEngine:Compute:vec_in_a.Pop():mioi:inst/LeakyreluEngine:Compute:vec_in_a.Pop():mioi:vec_in_a.Pop():mio:wait_dp:inst/while:mux#1                                                                                                                                                                                           mgc_mux_512_1_2                                                                                                                                                                                                                                                  0.0800 0.4000                      
      LeakyreluEngine:Compute:inst/LeakyreluEngine:Compute:vec_in_a.Pop():mioi:inst/LeakyreluEngine:Compute:vec_in_a.Pop():mioi:vec_in_a.Pop():mio:wait_dp:inst/vec_in_a.Pop():mioi.idat.mxwt                                                                                                                                                                                                                                                                                                                                                                                                                                          0.0000 0.4000                      
      LeakyreluEngine:Compute:inst/LeakyreluEngine:Compute:vec_in_a.Pop():mioi:inst/vec_in_a.Pop():mioi.idat.mxwt                                                                                                                                                                                                                                                                                                                                                                                                                                                                                                                      0.0000 0.4000                      
      LeakyreluEngine:Compute:inst/vec_in_a.Pop():mioi.idat.mxwt                                                                                                                                                                                                                                                                                                                                                                                                                                                                                                                                                                       0.0000 0.4000                      
      LeakyreluEngine:Compute:inst/while:slc(vec_in_a.Pop():mioi.idat.mxwt)(479-448)                                                                                                                                                                                                                                                                                                                                                                                                                                                                                                                                                   0.0000 0.4000                      
      LeakyreluEngine:Compute:inst/while:slc(vec_in_a.Pop():mioi.idat.mxwt)(479-448).itm                                                                                                                                                                                                                                                                                                                                                                                                                                                                                                                                               0.0000 0.4000                      
      LeakyreluEngine:Compute:inst/while:for-15:acc#1                                                                                                                                                                                                                                                                                                                 mgc_addc_32_0_32_0_32                                                                                                                                                                                                                                            1.3650 1.7650 [1.300000, 1.765000] 
      LeakyreluEngine:Compute:inst/while:for:acc#1.cse#15.sva#1                                                                                                                                                                                                                                                                                                                                                                                                                                                                                                                                                                        0.0000 1.7650 [1.300000, 1.765000] 
      LeakyreluEngine:Compute:inst/while:for-15:operator><32,16,true,AC_TRN,AC_WRAP>:not                                                                                                                                                                                                                                                                              mgc_not_32                                                                                                                                                                                                                                                       0.0000 1.7650                      
      LeakyreluEngine:Compute:inst/while:for-15:operator><32,16,true,AC_TRN,AC_WRAP>:not.itm                                                                                                                                                                                                                                                                                                                                                                                                                                                                                                                                           0.0000 1.7650                      
      LeakyreluEngine:Compute:inst/while:for-15:operator><32,16,true,AC_TRN,AC_WRAP>:acc                                                                                                                                                                                                                                                                              mgc_addc_32_1_2_1_33                                                                                                                                                                                                                                             1.3650 3.1300 [2.665001, 3.130001] 
      LeakyreluEngine:Compute:inst/while:for-15:operator><32,16,true,AC_TRN,AC_WRAP>:acc.itm                                                                                                                                                                                                                                                                                                                                                                                                                                                                                                                                           0.0000 3.1300 [2.665001, 3.130001] 
      LeakyreluEngine:Compute:inst/operator><32,16,true,AC_TRN,AC_WRAP>:slc(while:for-15:operator><32,16,true,AC_TRN,AC_WRAP>:acc)(32)                                                                                                                                                                                                                                                                                                                                                                                                                                                                                                 0.0000 3.1300                      
      LeakyreluEngine:Compute:inst/operator><32,16,true,AC_TRN,AC_WRAP>:slc(while:for-15:operator><32,16,true,AC_TRN,AC_WRAP>:acc)(32).itm                                                                                                                                                                                                                                                                                                                                                                                                                                                                                             0.0000 3.1300                      
      LeakyreluEngine:Compute:inst/not#14                                                                                                                                                                                                                                                                                                                             mgc_not_1                                                                                                                                                                                                                                                        0.0000 3.1300                      
      LeakyreluEngine:Compute:inst/not#14.itm                                                                                                                                                                                                                                                                                                                                                                                                                                                                                                                                                                                          0.0000 3.1300                      
      LeakyreluEngine:Compute:inst/and#84                                                                                                                                                                                                                                                                                                                             mgc_and_1_2                                                                                                                                                                                                                                                      0.5500 3.6800                      
      LeakyreluEngine:Compute:inst/vec_out.Push():mioi.idat(479:448):mx0c1                                                                                                                                                                                                                                                                                                                                                                                                                                                                                                                                                             0.0000 3.6800                      
      LeakyreluEngine:Compute:inst/ac_math::ac_leakyrelu<32,16,true,AC_TRN,AC_WRAP,32,16,true,AC_TRN,AC_WRAP,32,16,true,AC_TRN,AC_WRAP>:if:ac_math::ac_leakyrelu<32,16,true,AC_TRN,AC_WRAP,32,16,true,AC_TRN,AC_WRAP,32,16,true,AC_TRN,AC_WRAP>:if:ac_math::ac_leakyrelu<32,16,true,AC_TRN,AC_WRAP,32,16,true,AC_TRN,AC_WRAP,32,16,true,AC_TRN,AC_WRAP>:if:and#1      mgc_and_1_2                                                                                                                                                                                                                                                      0.5500 4.2300                      
      LeakyreluEngine:Compute:inst/ac_math::ac_leakyrelu<32,16,true,AC_TRN,AC_WRAP,32,16,true,AC_TRN,AC_WRAP,32,16,true,AC_TRN,AC_WRAP>:if:ac_math::ac_leakyrelu<32,16,true,AC_TRN,AC_WRAP,32,16,true,AC_TRN,AC_WRAP,32,16,true,AC_TRN,AC_WRAP>:if:ac_math::ac_leakyrelu<32,16,true,AC_TRN,AC_WRAP,32,16,true,AC_TRN,AC_WRAP,32,16,true,AC_TRN,AC_WRAP>:if:and#1.itm                                                                                                                                                                                                                                                                   0.0000 4.2300                      
      LeakyreluEngine:Compute:inst/reg(vec_out.Push():mioi.idat(479:448))                                                                                                                                                                                                                                                                                             mgc_reg_pos_1_0_0_0_0_1_1                                                                                                                                                                                                                                        0.0000 4.2300                      
                                                                                                                                                                                                                                                                                                                                                                                                                                                                                                                                                                                                                                                                          
    9                                                                                                                                                                                                                                                                                                                                                                 LeakyreluEngine:Compute:inst/LeakyreluEngine:Compute:vec_in_a.Pop():mioi:inst/LeakyreluEngine:Compute:vec_in_a.Pop():mioi:vec_in_a.Pop():mio:wait_dp:inst/reg(vec_in_a.Pop():mioi.idat.bfwt) LeakyreluEngine:Compute:inst/reg(vec_out.Push():mioi.idat(191:160)) 4.2300 0.7700                      
                                                                                                                                                                                                                                                                                                                                                                                                                                                                                                                                                                                                                                                                          
      Instance                                                                                                                                                                                                                                                                                                                                                        Component                                                                                                                                                                                                                                                        Delta  Delay  [MIN, MAX]           
      --------                                                                                                                                                                                                                                                                                                                                                        ---------                                                                                                                                                                                                                                                        -----  -----  ------------------   
      LeakyreluEngine:Compute:inst/LeakyreluEngine:Compute:vec_in_a.Pop():mioi:inst/LeakyreluEngine:Compute:vec_in_a.Pop():mioi:vec_in_a.Pop():mio:wait_dp:inst/reg(vec_in_a.Pop():mioi.idat.bfwt)                                                                                                                                                                    mgc_reg_pos_512_0_0_0_0_1_1                                                                                                                                                                                                                                      0.3200 0.3200                      
      LeakyreluEngine:Compute:inst/LeakyreluEngine:Compute:vec_in_a.Pop():mioi:inst/LeakyreluEngine:Compute:vec_in_a.Pop():mioi:vec_in_a.Pop():mio:wait_dp:inst/vec_in_a.Pop():mioi.idat.bfwt                                                                                                                                                                                                                                                                                                                                                                                                                                          0.0000 0.3200                      
      LeakyreluEngine:Compute:inst/LeakyreluEngine:Compute:vec_in_a.Pop():mioi:inst/LeakyreluEngine:Compute:vec_in_a.Pop():mioi:vec_in_a.Pop():mio:wait_dp:inst/while:mux#1                                                                                                                                                                                           mgc_mux_512_1_2                                                                                                                                                                                                                                                  0.0800 0.4000                      
      LeakyreluEngine:Compute:inst/LeakyreluEngine:Compute:vec_in_a.Pop():mioi:inst/LeakyreluEngine:Compute:vec_in_a.Pop():mioi:vec_in_a.Pop():mio:wait_dp:inst/vec_in_a.Pop():mioi.idat.mxwt                                                                                                                                                                                                                                                                                                                                                                                                                                          0.0000 0.4000                      
      LeakyreluEngine:Compute:inst/LeakyreluEngine:Compute:vec_in_a.Pop():mioi:inst/vec_in_a.Pop():mioi.idat.mxwt                                                                                                                                                                                                                                                                                                                                                                                                                                                                                                                      0.0000 0.4000                      
      LeakyreluEngine:Compute:inst/vec_in_a.Pop():mioi.idat.mxwt                                                                                                                                                                                                                                                                                                                                                                                                                                                                                                                                                                       0.0000 0.4000                      
      LeakyreluEngine:Compute:inst/while:slc(vec_in_a.Pop():mioi.idat.mxwt)(191-160)                                                                                                                                                                                                                                                                                                                                                                                                                                                                                                                                                   0.0000 0.4000                      
      LeakyreluEngine:Compute:inst/while:slc(vec_in_a.Pop():mioi.idat.mxwt)(191-160).itm                                                                                                                                                                                                                                                                                                                                                                                                                                                                                                                                               0.0000 0.4000                      
      LeakyreluEngine:Compute:inst/while:for-6:acc#1                                                                                                                                                                                                                                                                                                                  mgc_addc_32_0_32_0_32                                                                                                                                                                                                                                            1.3650 1.7650 [1.300000, 1.765000] 
      LeakyreluEngine:Compute:inst/while:for:acc#1.cse#6.sva#1                                                                                                                                                                                                                                                                                                                                                                                                                                                                                                                                                                         0.0000 1.7650 [1.300000, 1.765000] 
      LeakyreluEngine:Compute:inst/while:for-6:operator><32,16,true,AC_TRN,AC_WRAP>:not                                                                                                                                                                                                                                                                               mgc_not_32                                                                                                                                                                                                                                                       0.0000 1.7650                      
      LeakyreluEngine:Compute:inst/while:for-6:operator><32,16,true,AC_TRN,AC_WRAP>:not.itm                                                                                                                                                                                                                                                                                                                                                                                                                                                                                                                                            0.0000 1.7650                      
      LeakyreluEngine:Compute:inst/while:for-6:operator><32,16,true,AC_TRN,AC_WRAP>:acc                                                                                                                                                                                                                                                                               mgc_addc_32_1_2_1_33                                                                                                                                                                                                                                             1.3650 3.1300 [2.665001, 3.130001] 
      LeakyreluEngine:Compute:inst/while:for-6:operator><32,16,true,AC_TRN,AC_WRAP>:acc.itm                                                                                                                                                                                                                                                                                                                                                                                                                                                                                                                                            0.0000 3.1300 [2.665001, 3.130001] 
      LeakyreluEngine:Compute:inst/operator><32,16,true,AC_TRN,AC_WRAP>:slc(while:for-6:operator><32,16,true,AC_TRN,AC_WRAP>:acc)(32)                                                                                                                                                                                                                                                                                                                                                                                                                                                                                                  0.0000 3.1300                      
      LeakyreluEngine:Compute:inst/operator><32,16,true,AC_TRN,AC_WRAP>:slc(while:for-6:operator><32,16,true,AC_TRN,AC_WRAP>:acc)(32).itm                                                                                                                                                                                                                                                                                                                                                                                                                                                                                              0.0000 3.1300                      
      LeakyreluEngine:Compute:inst/not#5                                                                                                                                                                                                                                                                                                                              mgc_not_1                                                                                                                                                                                                                                                        0.0000 3.1300                      
      LeakyreluEngine:Compute:inst/not#5.itm                                                                                                                                                                                                                                                                                                                                                                                                                                                                                                                                                                                           0.0000 3.1300                      
      LeakyreluEngine:Compute:inst/and#30                                                                                                                                                                                                                                                                                                                             mgc_and_1_2                                                                                                                                                                                                                                                      0.5500 3.6800                      
      LeakyreluEngine:Compute:inst/vec_out.Push():mioi.idat(191:160):mx0c1                                                                                                                                                                                                                                                                                                                                                                                                                                                                                                                                                             0.0000 3.6800                      
      LeakyreluEngine:Compute:inst/ac_math::ac_leakyrelu<32,16,true,AC_TRN,AC_WRAP,32,16,true,AC_TRN,AC_WRAP,32,16,true,AC_TRN,AC_WRAP>:if:ac_math::ac_leakyrelu<32,16,true,AC_TRN,AC_WRAP,32,16,true,AC_TRN,AC_WRAP,32,16,true,AC_TRN,AC_WRAP>:if:ac_math::ac_leakyrelu<32,16,true,AC_TRN,AC_WRAP,32,16,true,AC_TRN,AC_WRAP,32,16,true,AC_TRN,AC_WRAP>:if:and#10     mgc_and_1_2                                                                                                                                                                                                                                                      0.5500 4.2300                      
      LeakyreluEngine:Compute:inst/ac_math::ac_leakyrelu<32,16,true,AC_TRN,AC_WRAP,32,16,true,AC_TRN,AC_WRAP,32,16,true,AC_TRN,AC_WRAP>:if:ac_math::ac_leakyrelu<32,16,true,AC_TRN,AC_WRAP,32,16,true,AC_TRN,AC_WRAP,32,16,true,AC_TRN,AC_WRAP>:if:ac_math::ac_leakyrelu<32,16,true,AC_TRN,AC_WRAP,32,16,true,AC_TRN,AC_WRAP,32,16,true,AC_TRN,AC_WRAP>:if:and#10.itm                                                                                                                                                                                                                                                                  0.0000 4.2300                      
      LeakyreluEngine:Compute:inst/reg(vec_out.Push():mioi.idat(191:160))                                                                                                                                                                                                                                                                                             mgc_reg_pos_1_0_0_0_0_1_1                                                                                                                                                                                                                                        0.0000 4.2300                      
                                                                                                                                                                                                                                                                                                                                                                                                                                                                                                                                                                                                                                                                          
    10                                                                                                                                                                                                                                                                                                                                                                LeakyreluEngine:Compute:inst/LeakyreluEngine:Compute:vec_in_a.Pop():mioi:inst/LeakyreluEngine:Compute:vec_in_a.Pop():mioi:vec_in_a.Pop():mio:wait_dp:inst/reg(vec_in_a.Pop():mioi.idat.bfwt) LeakyreluEngine:Compute:inst/reg(vec_out.Push():mioi.idat(351:320)) 4.2300 0.7700                      
                                                                                                                                                                                                                                                                                                                                                                                                                                                                                                                                                                                                                                                                          
      Instance                                                                                                                                                                                                                                                                                                                                                        Component                                                                                                                                                                                                                                                        Delta  Delay  [MIN, MAX]           
      --------                                                                                                                                                                                                                                                                                                                                                        ---------                                                                                                                                                                                                                                                        -----  -----  ------------------   
      LeakyreluEngine:Compute:inst/LeakyreluEngine:Compute:vec_in_a.Pop():mioi:inst/LeakyreluEngine:Compute:vec_in_a.Pop():mioi:vec_in_a.Pop():mio:wait_dp:inst/reg(vec_in_a.Pop():mioi.idat.bfwt)                                                                                                                                                                    mgc_reg_pos_512_0_0_0_0_1_1                                                                                                                                                                                                                                      0.3200 0.3200                      
      LeakyreluEngine:Compute:inst/LeakyreluEngine:Compute:vec_in_a.Pop():mioi:inst/LeakyreluEngine:Compute:vec_in_a.Pop():mioi:vec_in_a.Pop():mio:wait_dp:inst/vec_in_a.Pop():mioi.idat.bfwt                                                                                                                                                                                                                                                                                                                                                                                                                                          0.0000 0.3200                      
      LeakyreluEngine:Compute:inst/LeakyreluEngine:Compute:vec_in_a.Pop():mioi:inst/LeakyreluEngine:Compute:vec_in_a.Pop():mioi:vec_in_a.Pop():mio:wait_dp:inst/while:mux#1                                                                                                                                                                                           mgc_mux_512_1_2                                                                                                                                                                                                                                                  0.0800 0.4000                      
      LeakyreluEngine:Compute:inst/LeakyreluEngine:Compute:vec_in_a.Pop():mioi:inst/LeakyreluEngine:Compute:vec_in_a.Pop():mioi:vec_in_a.Pop():mio:wait_dp:inst/vec_in_a.Pop():mioi.idat.mxwt                                                                                                                                                                                                                                                                                                                                                                                                                                          0.0000 0.4000                      
      LeakyreluEngine:Compute:inst/LeakyreluEngine:Compute:vec_in_a.Pop():mioi:inst/vec_in_a.Pop():mioi.idat.mxwt                                                                                                                                                                                                                                                                                                                                                                                                                                                                                                                      0.0000 0.4000                      
      LeakyreluEngine:Compute:inst/vec_in_a.Pop():mioi.idat.mxwt                                                                                                                                                                                                                                                                                                                                                                                                                                                                                                                                                                       0.0000 0.4000                      
      LeakyreluEngine:Compute:inst/while:slc(vec_in_a.Pop():mioi.idat.mxwt)(351-320)                                                                                                                                                                                                                                                                                                                                                                                                                                                                                                                                                   0.0000 0.4000                      
      LeakyreluEngine:Compute:inst/while:slc(vec_in_a.Pop():mioi.idat.mxwt)(351-320).itm                                                                                                                                                                                                                                                                                                                                                                                                                                                                                                                                               0.0000 0.4000                      
      LeakyreluEngine:Compute:inst/while:for-11:acc#1                                                                                                                                                                                                                                                                                                                 mgc_addc_32_0_32_0_32                                                                                                                                                                                                                                            1.3650 1.7650 [1.300000, 1.765000] 
      LeakyreluEngine:Compute:inst/while:for:acc#1.cse#11.sva#1                                                                                                                                                                                                                                                                                                                                                                                                                                                                                                                                                                        0.0000 1.7650 [1.300000, 1.765000] 
      LeakyreluEngine:Compute:inst/while:for-11:operator><32,16,true,AC_TRN,AC_WRAP>:not                                                                                                                                                                                                                                                                              mgc_not_32                                                                                                                                                                                                                                                       0.0000 1.7650                      
      LeakyreluEngine:Compute:inst/while:for-11:operator><32,16,true,AC_TRN,AC_WRAP>:not.itm                                                                                                                                                                                                                                                                                                                                                                                                                                                                                                                                           0.0000 1.7650                      
      LeakyreluEngine:Compute:inst/while:for-11:operator><32,16,true,AC_TRN,AC_WRAP>:acc                                                                                                                                                                                                                                                                              mgc_addc_32_1_2_1_33                                                                                                                                                                                                                                             1.3650 3.1300 [2.665001, 3.130001] 
      LeakyreluEngine:Compute:inst/while:for-11:operator><32,16,true,AC_TRN,AC_WRAP>:acc.itm                                                                                                                                                                                                                                                                                                                                                                                                                                                                                                                                           0.0000 3.1300 [2.665001, 3.130001] 
      LeakyreluEngine:Compute:inst/operator><32,16,true,AC_TRN,AC_WRAP>:slc(while:for-11:operator><32,16,true,AC_TRN,AC_WRAP>:acc)(32)                                                                                                                                                                                                                                                                                                                                                                                                                                                                                                 0.0000 3.1300                      
      LeakyreluEngine:Compute:inst/operator><32,16,true,AC_TRN,AC_WRAP>:slc(while:for-11:operator><32,16,true,AC_TRN,AC_WRAP>:acc)(32).itm                                                                                                                                                                                                                                                                                                                                                                                                                                                                                             0.0000 3.1300                      
      LeakyreluEngine:Compute:inst/not#6                                                                                                                                                                                                                                                                                                                              mgc_not_1                                                                                                                                                                                                                                                        0.0000 3.1300                      
      LeakyreluEngine:Compute:inst/not#6.itm                                                                                                                                                                                                                                                                                                                                                                                                                                                                                                                                                                                           0.0000 3.1300                      
      LeakyreluEngine:Compute:inst/and#36                                                                                                                                                                                                                                                                                                                             mgc_and_1_2                                                                                                                                                                                                                                                      0.5500 3.6800                      
      LeakyreluEngine:Compute:inst/vec_out.Push():mioi.idat(351:320):mx0c1                                                                                                                                                                                                                                                                                                                                                                                                                                                                                                                                                             0.0000 3.6800                      
      LeakyreluEngine:Compute:inst/ac_math::ac_leakyrelu<32,16,true,AC_TRN,AC_WRAP,32,16,true,AC_TRN,AC_WRAP,32,16,true,AC_TRN,AC_WRAP>:if:ac_math::ac_leakyrelu<32,16,true,AC_TRN,AC_WRAP,32,16,true,AC_TRN,AC_WRAP,32,16,true,AC_TRN,AC_WRAP>:if:ac_math::ac_leakyrelu<32,16,true,AC_TRN,AC_WRAP,32,16,true,AC_TRN,AC_WRAP,32,16,true,AC_TRN,AC_WRAP>:if:and#5      mgc_and_1_2                                                                                                                                                                                                                                                      0.5500 4.2300                      
      LeakyreluEngine:Compute:inst/ac_math::ac_leakyrelu<32,16,true,AC_TRN,AC_WRAP,32,16,true,AC_TRN,AC_WRAP,32,16,true,AC_TRN,AC_WRAP>:if:ac_math::ac_leakyrelu<32,16,true,AC_TRN,AC_WRAP,32,16,true,AC_TRN,AC_WRAP,32,16,true,AC_TRN,AC_WRAP>:if:ac_math::ac_leakyrelu<32,16,true,AC_TRN,AC_WRAP,32,16,true,AC_TRN,AC_WRAP,32,16,true,AC_TRN,AC_WRAP>:if:and#5.itm                                                                                                                                                                                                                                                                   0.0000 4.2300                      
      LeakyreluEngine:Compute:inst/reg(vec_out.Push():mioi.idat(351:320))                                                                                                                                                                                                                                                                                             mgc_reg_pos_1_0_0_0_0_1_1                                                                                                                                                                                                                                        0.0000 4.2300                      
                                                                                                                                                                                                                                                                                                                                                                                                                                                                                                                                                                                                                                                                          
    
  Register Input and Register-to-Output Slack
    Clock period or pin-to-reg delay constraint (clk): 5.0
    Clock uncertainty constraint (clk)               : 0.0
    
    Instance                                                                                                  Port                                                                                                                                                                                                                                                                                                                                Slack (Delay) Messages 
    --------------------------------------------------------------------------------------------------------- ---------------------------------------------------------------------------------------------------------------------------------------------------------------------------------------------------------------------------------------------------------------------------------------------------------------------------------- ------ ------- --------
    LeakyreluEngine:Compute/reg(vec_in_a.Pop():mioi.oswt)                                                     while:mux.rmff                                                                                                                                                                                                                                                                                                                     2.9500  2.0500          
    LeakyreluEngine:Compute/reg(vec_out.Push():mioi.oswt)                                                     while:mux#1.rmff                                                                                                                                                                                                                                                                                                                   2.9500  2.0500          
    LeakyreluEngine:Compute/reg(vec_out.Push():mioi.idat(255:224))                                            ac_math::ac_leakyrelu<32,16,true,AC_TRN,AC_WRAP,32,16,true,AC_TRN,AC_WRAP,32,16,true,AC_TRN,AC_WRAP>:if:ac_math::ac_leakyrelu<32,16,true,AC_TRN,AC_WRAP,32,16,true,AC_TRN,AC_WRAP,32,16,true,AC_TRN,AC_WRAP>:if:ac_math::ac_leakyrelu<32,16,true,AC_TRN,AC_WRAP,32,16,true,AC_TRN,AC_WRAP,32,16,true,AC_TRN,AC_WRAP>:if:and#8.itm  0.7700  4.2300          
    LeakyreluEngine:Compute/reg(vec_out.Push():mioi.idat(255:224))#1                                          ac_math::ac_leakyrelu<32,16,true,AC_TRN,AC_WRAP,32,16,true,AC_TRN,AC_WRAP,32,16,true,AC_TRN,AC_WRAP>:if:ac_math::ac_leakyrelu<32,16,true,AC_TRN,AC_WRAP,32,16,true,AC_TRN,AC_WRAP,32,16,true,AC_TRN,AC_WRAP>:if:mux.itm                                                                                                            1.2400  3.7600          
    LeakyreluEngine:Compute/reg(vec_out.Push():mioi.idat(255:224))#2                                          ac_math::ac_leakyrelu<32,16,true,AC_TRN,AC_WRAP,32,16,true,AC_TRN,AC_WRAP,32,16,true,AC_TRN,AC_WRAP>:if:ac_math::ac_leakyrelu<32,16,true,AC_TRN,AC_WRAP,32,16,true,AC_TRN,AC_WRAP,32,16,true,AC_TRN,AC_WRAP>:if:mux#24.itm                                                                                                         1.2400  3.7600          
    LeakyreluEngine:Compute/reg(vec_out.Push():mioi.idat(287:256))                                            ac_math::ac_leakyrelu<32,16,true,AC_TRN,AC_WRAP,32,16,true,AC_TRN,AC_WRAP,32,16,true,AC_TRN,AC_WRAP>:if:ac_math::ac_leakyrelu<32,16,true,AC_TRN,AC_WRAP,32,16,true,AC_TRN,AC_WRAP,32,16,true,AC_TRN,AC_WRAP>:if:ac_math::ac_leakyrelu<32,16,true,AC_TRN,AC_WRAP,32,16,true,AC_TRN,AC_WRAP,32,16,true,AC_TRN,AC_WRAP>:if:and#7.itm  0.7700  4.2300          
    LeakyreluEngine:Compute/reg(vec_out.Push():mioi.idat(287:256))#1                                          ac_math::ac_leakyrelu<32,16,true,AC_TRN,AC_WRAP,32,16,true,AC_TRN,AC_WRAP,32,16,true,AC_TRN,AC_WRAP>:if:ac_math::ac_leakyrelu<32,16,true,AC_TRN,AC_WRAP,32,16,true,AC_TRN,AC_WRAP,32,16,true,AC_TRN,AC_WRAP>:if:mux#1.itm                                                                                                          1.2400  3.7600          
    LeakyreluEngine:Compute/reg(vec_out.Push():mioi.idat(287:256))#2                                          ac_math::ac_leakyrelu<32,16,true,AC_TRN,AC_WRAP,32,16,true,AC_TRN,AC_WRAP,32,16,true,AC_TRN,AC_WRAP>:if:ac_math::ac_leakyrelu<32,16,true,AC_TRN,AC_WRAP,32,16,true,AC_TRN,AC_WRAP,32,16,true,AC_TRN,AC_WRAP>:if:mux#23.itm                                                                                                         1.2400  3.7600          
    LeakyreluEngine:Compute/reg(vec_out.Push():mioi.idat(223:192))                                            ac_math::ac_leakyrelu<32,16,true,AC_TRN,AC_WRAP,32,16,true,AC_TRN,AC_WRAP,32,16,true,AC_TRN,AC_WRAP>:if:ac_math::ac_leakyrelu<32,16,true,AC_TRN,AC_WRAP,32,16,true,AC_TRN,AC_WRAP,32,16,true,AC_TRN,AC_WRAP>:if:ac_math::ac_leakyrelu<32,16,true,AC_TRN,AC_WRAP,32,16,true,AC_TRN,AC_WRAP,32,16,true,AC_TRN,AC_WRAP>:if:and#9.itm  0.7700  4.2300          
    LeakyreluEngine:Compute/reg(vec_out.Push():mioi.idat(223:192))#1                                          ac_math::ac_leakyrelu<32,16,true,AC_TRN,AC_WRAP,32,16,true,AC_TRN,AC_WRAP,32,16,true,AC_TRN,AC_WRAP>:if:ac_math::ac_leakyrelu<32,16,true,AC_TRN,AC_WRAP,32,16,true,AC_TRN,AC_WRAP,32,16,true,AC_TRN,AC_WRAP>:if:mux#2.itm                                                                                                          1.2400  3.7600          
    LeakyreluEngine:Compute/reg(vec_out.Push():mioi.idat(223:192))#2                                          ac_math::ac_leakyrelu<32,16,true,AC_TRN,AC_WRAP,32,16,true,AC_TRN,AC_WRAP,32,16,true,AC_TRN,AC_WRAP>:if:ac_math::ac_leakyrelu<32,16,true,AC_TRN,AC_WRAP,32,16,true,AC_TRN,AC_WRAP,32,16,true,AC_TRN,AC_WRAP>:if:mux#25.itm                                                                                                         1.2400  3.7600          
    LeakyreluEngine:Compute/reg(vec_out.Push():mioi.idat(319:288))                                            ac_math::ac_leakyrelu<32,16,true,AC_TRN,AC_WRAP,32,16,true,AC_TRN,AC_WRAP,32,16,true,AC_TRN,AC_WRAP>:if:ac_math::ac_leakyrelu<32,16,true,AC_TRN,AC_WRAP,32,16,true,AC_TRN,AC_WRAP,32,16,true,AC_TRN,AC_WRAP>:if:ac_math::ac_leakyrelu<32,16,true,AC_TRN,AC_WRAP,32,16,true,AC_TRN,AC_WRAP,32,16,true,AC_TRN,AC_WRAP>:if:and#6.itm  0.7700  4.2300          
    LeakyreluEngine:Compute/reg(vec_out.Push():mioi.idat(319:288))#1                                          ac_math::ac_leakyrelu<32,16,true,AC_TRN,AC_WRAP,32,16,true,AC_TRN,AC_WRAP,32,16,true,AC_TRN,AC_WRAP>:if:ac_math::ac_leakyrelu<32,16,true,AC_TRN,AC_WRAP,32,16,true,AC_TRN,AC_WRAP,32,16,true,AC_TRN,AC_WRAP>:if:mux#3.itm                                                                                                          1.2400  3.7600          
    LeakyreluEngine:Compute/reg(vec_out.Push():mioi.idat(319:288))#2                                          ac_math::ac_leakyrelu<32,16,true,AC_TRN,AC_WRAP,32,16,true,AC_TRN,AC_WRAP,32,16,true,AC_TRN,AC_WRAP>:if:ac_math::ac_leakyrelu<32,16,true,AC_TRN,AC_WRAP,32,16,true,AC_TRN,AC_WRAP,32,16,true,AC_TRN,AC_WRAP>:if:mux#22.itm                                                                                                         1.2400  3.7600          
    LeakyreluEngine:Compute/reg(vec_out.Push():mioi.idat(191:160))                                            ac_math::ac_leakyrelu<32,16,true,AC_TRN,AC_WRAP,32,16,true,AC_TRN,AC_WRAP,32,16,true,AC_TRN,AC_WRAP>:if:ac_math::ac_leakyrelu<32,16,true,AC_TRN,AC_WRAP,32,16,true,AC_TRN,AC_WRAP,32,16,true,AC_TRN,AC_WRAP>:if:ac_math::ac_leakyrelu<32,16,true,AC_TRN,AC_WRAP,32,16,true,AC_TRN,AC_WRAP,32,16,true,AC_TRN,AC_WRAP>:if:and#10.itm 0.7700  4.2300          
    LeakyreluEngine:Compute/reg(vec_out.Push():mioi.idat(191:160))#1                                          ac_math::ac_leakyrelu<32,16,true,AC_TRN,AC_WRAP,32,16,true,AC_TRN,AC_WRAP,32,16,true,AC_TRN,AC_WRAP>:if:ac_math::ac_leakyrelu<32,16,true,AC_TRN,AC_WRAP,32,16,true,AC_TRN,AC_WRAP,32,16,true,AC_TRN,AC_WRAP>:if:mux#4.itm                                                                                                          1.2400  3.7600          
    LeakyreluEngine:Compute/reg(vec_out.Push():mioi.idat(191:160))#2                                          ac_math::ac_leakyrelu<32,16,true,AC_TRN,AC_WRAP,32,16,true,AC_TRN,AC_WRAP,32,16,true,AC_TRN,AC_WRAP>:if:ac_math::ac_leakyrelu<32,16,true,AC_TRN,AC_WRAP,32,16,true,AC_TRN,AC_WRAP,32,16,true,AC_TRN,AC_WRAP>:if:mux#26.itm                                                                                                         1.2400  3.7600          
    LeakyreluEngine:Compute/reg(vec_out.Push():mioi.idat(351:320))                                            ac_math::ac_leakyrelu<32,16,true,AC_TRN,AC_WRAP,32,16,true,AC_TRN,AC_WRAP,32,16,true,AC_TRN,AC_WRAP>:if:ac_math::ac_leakyrelu<32,16,true,AC_TRN,AC_WRAP,32,16,true,AC_TRN,AC_WRAP,32,16,true,AC_TRN,AC_WRAP>:if:ac_math::ac_leakyrelu<32,16,true,AC_TRN,AC_WRAP,32,16,true,AC_TRN,AC_WRAP,32,16,true,AC_TRN,AC_WRAP>:if:and#5.itm  0.7700  4.2300          
    LeakyreluEngine:Compute/reg(vec_out.Push():mioi.idat(351:320))#1                                          ac_math::ac_leakyrelu<32,16,true,AC_TRN,AC_WRAP,32,16,true,AC_TRN,AC_WRAP,32,16,true,AC_TRN,AC_WRAP>:if:ac_math::ac_leakyrelu<32,16,true,AC_TRN,AC_WRAP,32,16,true,AC_TRN,AC_WRAP,32,16,true,AC_TRN,AC_WRAP>:if:mux#5.itm                                                                                                          1.2400  3.7600          
    LeakyreluEngine:Compute/reg(vec_out.Push():mioi.idat(351:320))#2                                          ac_math::ac_leakyrelu<32,16,true,AC_TRN,AC_WRAP,32,16,true,AC_TRN,AC_WRAP,32,16,true,AC_TRN,AC_WRAP>:if:ac_math::ac_leakyrelu<32,16,true,AC_TRN,AC_WRAP,32,16,true,AC_TRN,AC_WRAP,32,16,true,AC_TRN,AC_WRAP>:if:mux#21.itm                                                                                                         1.2400  3.7600          
    LeakyreluEngine:Compute/reg(vec_out.Push():mioi.idat(159:128))                                            ac_math::ac_leakyrelu<32,16,true,AC_TRN,AC_WRAP,32,16,true,AC_TRN,AC_WRAP,32,16,true,AC_TRN,AC_WRAP>:if:ac_math::ac_leakyrelu<32,16,true,AC_TRN,AC_WRAP,32,16,true,AC_TRN,AC_WRAP,32,16,true,AC_TRN,AC_WRAP>:if:ac_math::ac_leakyrelu<32,16,true,AC_TRN,AC_WRAP,32,16,true,AC_TRN,AC_WRAP,32,16,true,AC_TRN,AC_WRAP>:if:and#11.itm 0.7700  4.2300          
    LeakyreluEngine:Compute/reg(vec_out.Push():mioi.idat(159:128))#1                                          ac_math::ac_leakyrelu<32,16,true,AC_TRN,AC_WRAP,32,16,true,AC_TRN,AC_WRAP,32,16,true,AC_TRN,AC_WRAP>:if:ac_math::ac_leakyrelu<32,16,true,AC_TRN,AC_WRAP,32,16,true,AC_TRN,AC_WRAP,32,16,true,AC_TRN,AC_WRAP>:if:mux#6.itm                                                                                                          1.2400  3.7600          
    LeakyreluEngine:Compute/reg(vec_out.Push():mioi.idat(159:128))#2                                          ac_math::ac_leakyrelu<32,16,true,AC_TRN,AC_WRAP,32,16,true,AC_TRN,AC_WRAP,32,16,true,AC_TRN,AC_WRAP>:if:ac_math::ac_leakyrelu<32,16,true,AC_TRN,AC_WRAP,32,16,true,AC_TRN,AC_WRAP,32,16,true,AC_TRN,AC_WRAP>:if:mux#27.itm                                                                                                         1.2400  3.7600          
    LeakyreluEngine:Compute/reg(vec_out.Push():mioi.idat(383:352))                                            ac_math::ac_leakyrelu<32,16,true,AC_TRN,AC_WRAP,32,16,true,AC_TRN,AC_WRAP,32,16,true,AC_TRN,AC_WRAP>:if:ac_math::ac_leakyrelu<32,16,true,AC_TRN,AC_WRAP,32,16,true,AC_TRN,AC_WRAP,32,16,true,AC_TRN,AC_WRAP>:if:ac_math::ac_leakyrelu<32,16,true,AC_TRN,AC_WRAP,32,16,true,AC_TRN,AC_WRAP,32,16,true,AC_TRN,AC_WRAP>:if:and#4.itm  0.7700  4.2300          
    LeakyreluEngine:Compute/reg(vec_out.Push():mioi.idat(383:352))#1                                          ac_math::ac_leakyrelu<32,16,true,AC_TRN,AC_WRAP,32,16,true,AC_TRN,AC_WRAP,32,16,true,AC_TRN,AC_WRAP>:if:ac_math::ac_leakyrelu<32,16,true,AC_TRN,AC_WRAP,32,16,true,AC_TRN,AC_WRAP,32,16,true,AC_TRN,AC_WRAP>:if:mux#7.itm                                                                                                          1.2400  3.7600          
    LeakyreluEngine:Compute/reg(vec_out.Push():mioi.idat(383:352))#2                                          ac_math::ac_leakyrelu<32,16,true,AC_TRN,AC_WRAP,32,16,true,AC_TRN,AC_WRAP,32,16,true,AC_TRN,AC_WRAP>:if:ac_math::ac_leakyrelu<32,16,true,AC_TRN,AC_WRAP,32,16,true,AC_TRN,AC_WRAP,32,16,true,AC_TRN,AC_WRAP>:if:mux#20.itm                                                                                                         1.2400  3.7600          
    LeakyreluEngine:Compute/reg(vec_out.Push():mioi.idat(127:96))                                             ac_math::ac_leakyrelu<32,16,true,AC_TRN,AC_WRAP,32,16,true,AC_TRN,AC_WRAP,32,16,true,AC_TRN,AC_WRAP>:if:ac_math::ac_leakyrelu<32,16,true,AC_TRN,AC_WRAP,32,16,true,AC_TRN,AC_WRAP,32,16,true,AC_TRN,AC_WRAP>:if:ac_math::ac_leakyrelu<32,16,true,AC_TRN,AC_WRAP,32,16,true,AC_TRN,AC_WRAP,32,16,true,AC_TRN,AC_WRAP>:if:and#12.itm 0.7700  4.2300          
    LeakyreluEngine:Compute/reg(vec_out.Push():mioi.idat(127:96))#1                                           ac_math::ac_leakyrelu<32,16,true,AC_TRN,AC_WRAP,32,16,true,AC_TRN,AC_WRAP,32,16,true,AC_TRN,AC_WRAP>:if:ac_math::ac_leakyrelu<32,16,true,AC_TRN,AC_WRAP,32,16,true,AC_TRN,AC_WRAP,32,16,true,AC_TRN,AC_WRAP>:if:mux#8.itm                                                                                                          1.2400  3.7600          
    LeakyreluEngine:Compute/reg(vec_out.Push():mioi.idat(127:96))#2                                           ac_math::ac_leakyrelu<32,16,true,AC_TRN,AC_WRAP,32,16,true,AC_TRN,AC_WRAP,32,16,true,AC_TRN,AC_WRAP>:if:ac_math::ac_leakyrelu<32,16,true,AC_TRN,AC_WRAP,32,16,true,AC_TRN,AC_WRAP,32,16,true,AC_TRN,AC_WRAP>:if:mux#28.itm                                                                                                         1.2400  3.7600          
    LeakyreluEngine:Compute/reg(vec_out.Push():mioi.idat(415:384))                                            ac_math::ac_leakyrelu<32,16,true,AC_TRN,AC_WRAP,32,16,true,AC_TRN,AC_WRAP,32,16,true,AC_TRN,AC_WRAP>:if:ac_math::ac_leakyrelu<32,16,true,AC_TRN,AC_WRAP,32,16,true,AC_TRN,AC_WRAP,32,16,true,AC_TRN,AC_WRAP>:if:ac_math::ac_leakyrelu<32,16,true,AC_TRN,AC_WRAP,32,16,true,AC_TRN,AC_WRAP,32,16,true,AC_TRN,AC_WRAP>:if:and#3.itm  0.7700  4.2300          
    LeakyreluEngine:Compute/reg(vec_out.Push():mioi.idat(415:384))#1                                          ac_math::ac_leakyrelu<32,16,true,AC_TRN,AC_WRAP,32,16,true,AC_TRN,AC_WRAP,32,16,true,AC_TRN,AC_WRAP>:if:ac_math::ac_leakyrelu<32,16,true,AC_TRN,AC_WRAP,32,16,true,AC_TRN,AC_WRAP,32,16,true,AC_TRN,AC_WRAP>:if:mux#9.itm                                                                                                          1.2400  3.7600          
    LeakyreluEngine:Compute/reg(vec_out.Push():mioi.idat(415:384))#2                                          ac_math::ac_leakyrelu<32,16,true,AC_TRN,AC_WRAP,32,16,true,AC_TRN,AC_WRAP,32,16,true,AC_TRN,AC_WRAP>:if:ac_math::ac_leakyrelu<32,16,true,AC_TRN,AC_WRAP,32,16,true,AC_TRN,AC_WRAP,32,16,true,AC_TRN,AC_WRAP>:if:mux#19.itm                                                                                                         1.2400  3.7600          
    LeakyreluEngine:Compute/reg(vec_out.Push():mioi.idat(95:64))                                              ac_math::ac_leakyrelu<32,16,true,AC_TRN,AC_WRAP,32,16,true,AC_TRN,AC_WRAP,32,16,true,AC_TRN,AC_WRAP>:if:ac_math::ac_leakyrelu<32,16,true,AC_TRN,AC_WRAP,32,16,true,AC_TRN,AC_WRAP,32,16,true,AC_TRN,AC_WRAP>:if:ac_math::ac_leakyrelu<32,16,true,AC_TRN,AC_WRAP,32,16,true,AC_TRN,AC_WRAP,32,16,true,AC_TRN,AC_WRAP>:if:and#13.itm 0.7700  4.2300          
    LeakyreluEngine:Compute/reg(vec_out.Push():mioi.idat(95:64))#1                                            ac_math::ac_leakyrelu<32,16,true,AC_TRN,AC_WRAP,32,16,true,AC_TRN,AC_WRAP,32,16,true,AC_TRN,AC_WRAP>:if:ac_math::ac_leakyrelu<32,16,true,AC_TRN,AC_WRAP,32,16,true,AC_TRN,AC_WRAP,32,16,true,AC_TRN,AC_WRAP>:if:mux#10.itm                                                                                                         1.2400  3.7600          
    LeakyreluEngine:Compute/reg(vec_out.Push():mioi.idat(95:64))#2                                            ac_math::ac_leakyrelu<32,16,true,AC_TRN,AC_WRAP,32,16,true,AC_TRN,AC_WRAP,32,16,true,AC_TRN,AC_WRAP>:if:ac_math::ac_leakyrelu<32,16,true,AC_TRN,AC_WRAP,32,16,true,AC_TRN,AC_WRAP,32,16,true,AC_TRN,AC_WRAP>:if:mux#29.itm                                                                                                         1.2400  3.7600          
    LeakyreluEngine:Compute/reg(vec_out.Push():mioi.idat(447:416))                                            ac_math::ac_leakyrelu<32,16,true,AC_TRN,AC_WRAP,32,16,true,AC_TRN,AC_WRAP,32,16,true,AC_TRN,AC_WRAP>:if:ac_math::ac_leakyrelu<32,16,true,AC_TRN,AC_WRAP,32,16,true,AC_TRN,AC_WRAP,32,16,true,AC_TRN,AC_WRAP>:if:ac_math::ac_leakyrelu<32,16,true,AC_TRN,AC_WRAP,32,16,true,AC_TRN,AC_WRAP,32,16,true,AC_TRN,AC_WRAP>:if:and#2.itm  0.7700  4.2300          
    LeakyreluEngine:Compute/reg(vec_out.Push():mioi.idat(447:416))#1                                          ac_math::ac_leakyrelu<32,16,true,AC_TRN,AC_WRAP,32,16,true,AC_TRN,AC_WRAP,32,16,true,AC_TRN,AC_WRAP>:if:ac_math::ac_leakyrelu<32,16,true,AC_TRN,AC_WRAP,32,16,true,AC_TRN,AC_WRAP,32,16,true,AC_TRN,AC_WRAP>:if:mux#11.itm                                                                                                         1.2400  3.7600          
    LeakyreluEngine:Compute/reg(vec_out.Push():mioi.idat(447:416))#2                                          ac_math::ac_leakyrelu<32,16,true,AC_TRN,AC_WRAP,32,16,true,AC_TRN,AC_WRAP,32,16,true,AC_TRN,AC_WRAP>:if:ac_math::ac_leakyrelu<32,16,true,AC_TRN,AC_WRAP,32,16,true,AC_TRN,AC_WRAP,32,16,true,AC_TRN,AC_WRAP>:if:mux#18.itm                                                                                                         1.2400  3.7600          
    LeakyreluEngine:Compute/reg(vec_out.Push():mioi.idat(63:32))                                              ac_math::ac_leakyrelu<32,16,true,AC_TRN,AC_WRAP,32,16,true,AC_TRN,AC_WRAP,32,16,true,AC_TRN,AC_WRAP>:if:ac_math::ac_leakyrelu<32,16,true,AC_TRN,AC_WRAP,32,16,true,AC_TRN,AC_WRAP,32,16,true,AC_TRN,AC_WRAP>:if:ac_math::ac_leakyrelu<32,16,true,AC_TRN,AC_WRAP,32,16,true,AC_TRN,AC_WRAP,32,16,true,AC_TRN,AC_WRAP>:if:and#14.itm 0.7700  4.2300          
    LeakyreluEngine:Compute/reg(vec_out.Push():mioi.idat(63:32))#1                                            ac_math::ac_leakyrelu<32,16,true,AC_TRN,AC_WRAP,32,16,true,AC_TRN,AC_WRAP,32,16,true,AC_TRN,AC_WRAP>:if:ac_math::ac_leakyrelu<32,16,true,AC_TRN,AC_WRAP,32,16,true,AC_TRN,AC_WRAP,32,16,true,AC_TRN,AC_WRAP>:if:mux#12.itm                                                                                                         1.2400  3.7600          
    LeakyreluEngine:Compute/reg(vec_out.Push():mioi.idat(63:32))#2                                            ac_math::ac_leakyrelu<32,16,true,AC_TRN,AC_WRAP,32,16,true,AC_TRN,AC_WRAP,32,16,true,AC_TRN,AC_WRAP>:if:ac_math::ac_leakyrelu<32,16,true,AC_TRN,AC_WRAP,32,16,true,AC_TRN,AC_WRAP,32,16,true,AC_TRN,AC_WRAP>:if:mux#30.itm                                                                                                         1.2400  3.7600          
    LeakyreluEngine:Compute/reg(vec_out.Push():mioi.idat(479:448))                                            ac_math::ac_leakyrelu<32,16,true,AC_TRN,AC_WRAP,32,16,true,AC_TRN,AC_WRAP,32,16,true,AC_TRN,AC_WRAP>:if:ac_math::ac_leakyrelu<32,16,true,AC_TRN,AC_WRAP,32,16,true,AC_TRN,AC_WRAP,32,16,true,AC_TRN,AC_WRAP>:if:ac_math::ac_leakyrelu<32,16,true,AC_TRN,AC_WRAP,32,16,true,AC_TRN,AC_WRAP,32,16,true,AC_TRN,AC_WRAP>:if:and#1.itm  0.7700  4.2300          
    LeakyreluEngine:Compute/reg(vec_out.Push():mioi.idat(479:448))#1                                          ac_math::ac_leakyrelu<32,16,true,AC_TRN,AC_WRAP,32,16,true,AC_TRN,AC_WRAP,32,16,true,AC_TRN,AC_WRAP>:if:ac_math::ac_leakyrelu<32,16,true,AC_TRN,AC_WRAP,32,16,true,AC_TRN,AC_WRAP,32,16,true,AC_TRN,AC_WRAP>:if:mux#13.itm                                                                                                         1.2400  3.7600          
    LeakyreluEngine:Compute/reg(vec_out.Push():mioi.idat(479:448))#2                                          ac_math::ac_leakyrelu<32,16,true,AC_TRN,AC_WRAP,32,16,true,AC_TRN,AC_WRAP,32,16,true,AC_TRN,AC_WRAP>:if:ac_math::ac_leakyrelu<32,16,true,AC_TRN,AC_WRAP,32,16,true,AC_TRN,AC_WRAP,32,16,true,AC_TRN,AC_WRAP>:if:mux#17.itm                                                                                                         1.2400  3.7600          
    LeakyreluEngine:Compute/reg(vec_out.Push():mioi.idat(31:0))                                               ac_math::ac_leakyrelu<32,16,true,AC_TRN,AC_WRAP,32,16,true,AC_TRN,AC_WRAP,32,16,true,AC_TRN,AC_WRAP>:if:ac_math::ac_leakyrelu<32,16,true,AC_TRN,AC_WRAP,32,16,true,AC_TRN,AC_WRAP,32,16,true,AC_TRN,AC_WRAP>:if:ac_math::ac_leakyrelu<32,16,true,AC_TRN,AC_WRAP,32,16,true,AC_TRN,AC_WRAP,32,16,true,AC_TRN,AC_WRAP>:if:and#15.itm 0.7700  4.2300          
    LeakyreluEngine:Compute/reg(vec_out.Push():mioi.idat(31:0))#1                                             ac_math::ac_leakyrelu<32,16,true,AC_TRN,AC_WRAP,32,16,true,AC_TRN,AC_WRAP,32,16,true,AC_TRN,AC_WRAP>:if:ac_math::ac_leakyrelu<32,16,true,AC_TRN,AC_WRAP,32,16,true,AC_TRN,AC_WRAP,32,16,true,AC_TRN,AC_WRAP>:if:mux#14.itm                                                                                                         1.2400  3.7600          
    LeakyreluEngine:Compute/reg(vec_out.Push():mioi.idat(31:0))#2                                             ac_math::ac_leakyrelu<32,16,true,AC_TRN,AC_WRAP,32,16,true,AC_TRN,AC_WRAP,32,16,true,AC_TRN,AC_WRAP>:if:ac_math::ac_leakyrelu<32,16,true,AC_TRN,AC_WRAP,32,16,true,AC_TRN,AC_WRAP,32,16,true,AC_TRN,AC_WRAP>:if:mux#31.itm                                                                                                         1.2400  3.7600          
    LeakyreluEngine:Compute/reg(vec_out.Push():mioi.idat(511:480))                                            ac_math::ac_leakyrelu<32,16,true,AC_TRN,AC_WRAP,32,16,true,AC_TRN,AC_WRAP,32,16,true,AC_TRN,AC_WRAP>:if:ac_math::ac_leakyrelu<32,16,true,AC_TRN,AC_WRAP,32,16,true,AC_TRN,AC_WRAP,32,16,true,AC_TRN,AC_WRAP>:if:ac_math::ac_leakyrelu<32,16,true,AC_TRN,AC_WRAP,32,16,true,AC_TRN,AC_WRAP,32,16,true,AC_TRN,AC_WRAP>:if:and.itm    0.7700  4.2300          
    LeakyreluEngine:Compute/reg(vec_out.Push():mioi.idat(511:480))#1                                          ac_math::ac_leakyrelu<32,16,true,AC_TRN,AC_WRAP,32,16,true,AC_TRN,AC_WRAP,32,16,true,AC_TRN,AC_WRAP>:if:ac_math::ac_leakyrelu<32,16,true,AC_TRN,AC_WRAP,32,16,true,AC_TRN,AC_WRAP,32,16,true,AC_TRN,AC_WRAP>:if:mux#15.itm                                                                                                         1.2400  3.7600          
    LeakyreluEngine:Compute/reg(vec_out.Push():mioi.idat(511:480))#2                                          ac_math::ac_leakyrelu<32,16,true,AC_TRN,AC_WRAP,32,16,true,AC_TRN,AC_WRAP,32,16,true,AC_TRN,AC_WRAP>:if:ac_math::ac_leakyrelu<32,16,true,AC_TRN,AC_WRAP,32,16,true,AC_TRN,AC_WRAP,32,16,true,AC_TRN,AC_WRAP>:if:mux#16.itm                                                                                                         1.2400  3.7600          
    LeakyreluEngine:Compute/reg(Compute.wen)                                                                  Compute.wen:rtff                                                                                                                                                                                                                                                                                                                   1.3800  3.6200          
    LeakyreluEngine:Compute:vec_in_a.Pop():mioi:vec_in_a.Pop():mio:wait_dp/reg(vec_in_a.Pop():mioi.bcwt)      while:nor.rmff                                                                                                                                                                                                                                                                                                                     0.8300  4.1700          
    LeakyreluEngine:Compute:vec_in_a.Pop():mioi:vec_in_a.Pop():mio:wait_dp/reg(vec_in_a.Pop():mioi.idat.bfwt) vec_in_a.Pop():mioi.idat                                                                                                                                                                                                                                                                                                           4.9200  0.0800          
    LeakyreluEngine:Compute:wait_dp/reg(vec_in_a.Pop():mioi.ivld.oreg.rneg)                                   while:not#17.itm                                                                                                                                                                                                                                                                                                                   5.0000  0.0000          
    LeakyreluEngine:Compute:wait_dp/reg(vec_in_b.Pop():mioi.ivld.oreg.rneg)                                   while:not#18.itm                                                                                                                                                                                                                                                                                                                   5.0000  0.0000          
    LeakyreluEngine:Compute:vec_in_b.Pop():mioi:vec_in_b.Pop():mio:wait_dp/reg(vec_in_b.Pop():mioi.bcwt)      while:nor#2.rmff                                                                                                                                                                                                                                                                                                                   0.8300  4.1700          
    LeakyreluEngine:Compute:vec_in_b.Pop():mioi:vec_in_b.Pop():mio:wait_dp/reg(vec_in_b.Pop():mioi.idat.bfwt) vec_in_b.Pop():mioi.idat                                                                                                                                                                                                                                                                                                           4.9200  0.0800          
    LeakyreluEngine                                                                                           vec_in_a.rdy                                                                                                                                                                                                                                                                                                                       4.1300  0.8700          
    LeakyreluEngine                                                                                           vec_in_b.rdy                                                                                                                                                                                                                                                                                                                       4.1300  0.8700          
    LeakyreluEngine                                                                                           vec_out.val                                                                                                                                                                                                                                                                                                                        4.6800  0.3200          
    LeakyreluEngine                                                                                           vec_out.msg                                                                                                                                                                                                                                                                                                                        4.6800  0.3200          
    
Operator Bitwidth Summary
  Operation     Size (bits) Count 
  ------------- ----------- -----
  add                             
  -                      33    16 
  -                      32    16 
  and                             
  -                       1    43 
  mio_in_read                     
  -                       0     2 
  mio_out_write                   
  -                       0     1 
  mux                             
  -                     512     2 
  -                      30    16 
  -                       1    18 
  nor                             
  -                       1     4 
  not                             
  -                      32    16 
  -                       1    28 
  or                              
  -                       1     3 
  reg                             
  -                     512     2 
  -                      30    16 
  -                       1    39 
  
End of Report
