-- Catapult Ultra Synthesis: Report                                              
-- ------------------------- ---------------------------------------------------
-- Version:                  2025.1/1166825 Production Release                   
-- Build Date:               Sun Feb 16 14:04:49 PST 2025                        
                                                                                 
-- Generated by:             gtombesi@corsica                                    
-- Generated date:           Thu May 08 18:59:14 EDT 2025                        

Solution Settings: leakyrelu_cfg.v1
  Current state: extract
  Project: Catapult

Design Input Files Specified
  $PROJECT_HOME/../../tb/testbench.cpp
  $PROJECT_HOME/../../tb/testbench.hpp
  $PROJECT_HOME/../../tb/sc_main.cpp
  $PROJECT_HOME/../../tb/system.hpp
  $PROJECT_HOME/../../inc/leakyrelu_cfg.h
    $MGC_HOME/shared/include/systemc.h
      $MGC_HOME/shared/include/systemc
        $MGC_HOME/shared/include/sysc/kernel/sc_cmnhdr.h
        $MGC_HOME/shared/include/sysc/kernel/sc_externs.h
        $MGC_HOME/shared/include/sysc/kernel/sc_except.h
          $MGC_HOME/shared/include/sysc/kernel/sc_cmnhdr.h
        $MGC_HOME/shared/include/sysc/kernel/sc_module.h
          $MGC_HOME/shared/include/sysc/kernel/sc_kernel_ids.h
            $MGC_HOME/shared/include/sysc/utils/sc_report.h
              $MGC_HOME/shared/include/sysc/kernel/sc_cmnhdr.h
              $MGC_HOME/shared/include/sysc/utils/sc_report_handler.h
          $MGC_HOME/shared/include/sysc/kernel/sc_process.h
            $MGC_HOME/shared/include/sysc/kernel/sc_constants.h
            $MGC_HOME/shared/include/sysc/kernel/sc_object.h
              $MGC_HOME/shared/include/sysc/kernel/sc_attribute.h
                $MGC_HOME/shared/include/sysc/kernel/sc_cmnhdr.h
            $MGC_HOME/shared/include/sysc/communication/sc_export.h
              $MGC_HOME/shared/include/sysc/communication/sc_communication_ids.h
              $MGC_HOME/shared/include/sysc/communication/sc_interface.h
                $MGC_HOME/shared/include/sysc/kernel/sc_cmnhdr.h
              $MGC_HOME/shared/include/sysc/utils/sc_typeindex.h
                $MGC_HOME/shared/include/sysc/kernel/sc_cmnhdr.h
          $MGC_HOME/shared/include/sysc/kernel/sc_module_name.h
          $MGC_HOME/shared/include/sysc/kernel/sc_sensitive.h
          $MGC_HOME/shared/include/sysc/kernel/sc_time.h
            $MGC_HOME/shared/include/sysc/datatypes/int/sc_nbdefs.h
              $MGC_HOME/shared/include/sysc/kernel/sc_cmnhdr.h
            $MGC_HOME/shared/include/sysc/datatypes/fx/scfx_ieee.h
              $MGC_HOME/shared/include/sysc/datatypes/fx/sc_fxdefs.h
                $MGC_HOME/shared/include/sysc/kernel/sc_cmnhdr.h
                $MGC_HOME/shared/include/sysc/utils/sc_machine.h
                  $MGC_HOME/shared/include/sysc/packages/boost/detail/endian.hpp
                $MGC_HOME/shared/include/sysc/datatypes/fx/sc_fx_ids.h
                $MGC_HOME/shared/include/sysc/datatypes/int/sc_nbutils.h
                  $MGC_HOME/shared/include/sysc/datatypes/bit/sc_bit_ids.h
                  $MGC_HOME/shared/include/sysc/datatypes/int/sc_int_ids.h
          $MGC_HOME/shared/include/sysc/kernel/sc_wait.h
            $MGC_HOME/shared/include/sysc/kernel/sc_simcontext.h
              $MGC_HOME/shared/include/sysc/kernel/sc_cmnhdr.h
              $MGC_HOME/shared/include/sysc/kernel/sc_status.h
                $MGC_HOME/shared/include/sysc/kernel/sc_cmnhdr.h
              $MGC_HOME/shared/include/sysc/utils/sc_hash.h
                $MGC_HOME/shared/include/sysc/kernel/sc_simcontext.h
              $MGC_HOME/shared/include/sysc/utils/sc_pq.h
                $MGC_HOME/shared/include/sysc/kernel/sc_cmnhdr.h
          $MGC_HOME/shared/include/sysc/kernel/sc_wait_cthread.h
            $MGC_HOME/shared/include/sysc/datatypes/bit/sc_logic.h
              $MGC_HOME/shared/include/sysc/kernel/sc_cmnhdr.h
              $MGC_HOME/shared/include/sysc/kernel/sc_macros.h
                $MGC_HOME/shared/include/sysc/kernel/sc_cmnhdr.h
              $MGC_HOME/shared/include/sysc/utils/sc_mempool.h
              $MGC_HOME/shared/include/sysc/datatypes/bit/sc_bit.h
          $MGC_HOME/shared/include/sysc/kernel/sc_process_handle.h
            $MGC_HOME/shared/include/sysc/kernel/sc_module.h
          $MGC_HOME/shared/include/sysc/utils/sc_list.h
            $MGC_HOME/shared/include/sysc/kernel/sc_cmnhdr.h
        $MGC_HOME/shared/include/sysc/kernel/sc_ver.h
          $MGC_HOME/shared/include/sysc/kernel/sc_cmnhdr.h
          $MGC_HOME/shared/include/sysc/communication/sc_writer_policy.h
        $MGC_HOME/shared/include/sysc/communication/sc_buffer.h
          $MGC_HOME/shared/include/sysc/communication/sc_signal.h
            $MGC_HOME/shared/include/sysc/communication/sc_port.h
              $MGC_HOME/shared/include/sysc/kernel/sc_event.h
                $MGC_HOME/shared/include/sysc/kernel/sc_cmnhdr.h
            $MGC_HOME/shared/include/sysc/communication/sc_prim_channel.h
            $MGC_HOME/shared/include/sysc/communication/sc_signal_ifs.h
            $MGC_HOME/shared/include/sysc/tracing/sc_trace.h
        $MGC_HOME/shared/include/sysc/communication/sc_clock.h
        $MGC_HOME/shared/include/sysc/communication/sc_clock_ports.h
          $MGC_HOME/shared/include/sysc/communication/sc_signal_ports.h
            $MGC_HOME/shared/include/sysc/communication/sc_event_finder.h
        $MGC_HOME/shared/include/sysc/communication/sc_event_queue.h
        $MGC_HOME/shared/include/sysc/communication/sc_fifo.h
          $MGC_HOME/shared/include/sysc/communication/sc_fifo_ifs.h
        $MGC_HOME/shared/include/sysc/communication/sc_fifo_ports.h
        $MGC_HOME/shared/include/sysc/communication/sc_mutex.h
          $MGC_HOME/shared/include/sysc/communication/sc_mutex_if.h
        $MGC_HOME/shared/include/sysc/communication/sc_semaphore.h
          $MGC_HOME/shared/include/sysc/communication/sc_semaphore_if.h
        $MGC_HOME/shared/include/sysc/communication/sc_signal_resolved.h
        $MGC_HOME/shared/include/sysc/communication/sc_signal_resolved_ports.h
        $MGC_HOME/shared/include/sysc/communication/sc_signal_rv.h
          $MGC_HOME/shared/include/sysc/datatypes/bit/sc_lv.h
            $MGC_HOME/shared/include/sysc/datatypes/bit/sc_lv_base.h
              $MGC_HOME/shared/include/sysc/datatypes/bit/sc_bv_base.h
                $MGC_HOME/shared/include/sysc/datatypes/bit/sc_bit_proxies.h
                  $MGC_HOME/shared/include/sysc/datatypes/bit/sc_proxy.h
                    $MGC_HOME/shared/include/sysc/kernel/sc_cmnhdr.h
                    $MGC_HOME/shared/include/sysc/datatypes/int/sc_signed.h
                      $MGC_HOME/shared/include/sysc/datatypes/misc/sc_value_base.h
                      $MGC_HOME/shared/include/sysc/utils/sc_temporary.h
                        $MGC_HOME/shared/include/sysc/kernel/sc_cmnhdr.h
                      $MGC_HOME/shared/include/sysc/datatypes/int/sc_length_param.h
                        $MGC_HOME/shared/include/sysc/datatypes/fx/sc_context.h
                          $MGC_HOME/shared/include/sysc/kernel/sc_cmnhdr.h
                      $MGC_HOME/shared/include/sysc/datatypes/int/sc_nbexterns.h
                      $MGC_HOME/shared/include/sysc/datatypes/int/sc_unsigned.h
                    $MGC_HOME/shared/include/sysc/datatypes/int/sc_int_base.h
                      $MGC_HOME/shared/include/sysc/kernel/sc_cmnhdr.h
                      $MGC_HOME/shared/include/sysc/datatypes/int/sc_uint_base.h
        $MGC_HOME/shared/include/sysc/communication/sc_signal_rv_ports.h
        $MGC_HOME/shared/include/sysc/datatypes/bit/sc_bv.h
        $MGC_HOME/shared/include/sysc/datatypes/int/sc_bigint.h
        $MGC_HOME/shared/include/sysc/datatypes/int/sc_biguint.h
        $MGC_HOME/shared/include/sysc/datatypes/int/sc_int.h
        $MGC_HOME/shared/include/sysc/datatypes/int/sc_uint.h
        $MGC_HOME/shared/include/sysc/datatypes/misc/sc_concatref.h
        $MGC_HOME/shared/include/sysc/utils/sc_utils_ids.h
        $MGC_HOME/shared/include/sysc/utils/sc_pvector.h
        $MGC_HOME/shared/include/sysc/utils/sc_string_view.h
          $MGC_HOME/shared/include/sysc/kernel/sc_cmnhdr.h
          $MGC_HOME/shared/include/sysc/packages/boost/utility/string_view.hpp
            $MGC_HOME/shared/include/sysc/packages/boost/config.hpp
              $MGC_HOME/shared/include/sysc/packages/boost/config/user.hpp
              $MGC_HOME/shared/include/sysc/packages/boost/config/select_compiler_config.hpp
              $MGC_HOME/shared/include/sysc/packages/boost/config/compiler/gcc.hpp
              $MGC_HOME/shared/include/sysc/packages/boost/config/select_stdlib_config.hpp
              $MGC_HOME/shared/include/sysc/packages/boost/config/stdlib/libstdcpp3.hpp
              $MGC_HOME/shared/include/sysc/packages/boost/config/select_platform_config.hpp
              $MGC_HOME/shared/include/sysc/packages/boost/config/platform/linux.hpp
                $MGC_HOME/shared/include/sysc/packages/boost/config/posix_features.hpp
              $MGC_HOME/shared/include/sysc/packages/boost/config/suffix.hpp
            $MGC_HOME/shared/include/sysc/packages/boost/utility/string_view_fwd.hpp
        $MGC_HOME/shared/include/sysc/utils/sc_vector.h
    $PROJECT_HOME/../../../../common/matchlib_toolkit/examples/matchlib/cmod/include/nvhls_int.h
      $PROJECT_HOME/../../../../common/matchlib_toolkit/examples/matchlib/cmod/include/nvhls_marshaller.h
        $MGC_HOME/shared/include/connections/marshaller.h
          $MGC_HOME/shared/include/ccs_types.h
            $MGC_HOME/shared/include/tlm.h
              $MGC_HOME/shared/include/tlm
                $MGC_HOME/shared/include/systemc
                $MGC_HOME/shared/include/tlm_core/tlm_2/tlm_version.h
                $MGC_HOME/shared/include/tlm_core/tlm_1/tlm_analysis/tlm_analysis.h
                  $MGC_HOME/shared/include/tlm_core/tlm_1/tlm_analysis/tlm_write_if.h
                    $MGC_HOME/shared/include/systemc
                  $MGC_HOME/shared/include/tlm_core/tlm_1/tlm_analysis/tlm_analysis_if.h
                  $MGC_HOME/shared/include/tlm_core/tlm_1/tlm_analysis/tlm_analysis_triple.h
                  $MGC_HOME/shared/include/tlm_core/tlm_1/tlm_analysis/tlm_analysis_port.h
                  $MGC_HOME/shared/include/tlm_core/tlm_1/tlm_analysis/tlm_analysis_fifo.h
                    $MGC_HOME/shared/include/tlm_core/tlm_1/tlm_req_rsp/tlm_channels/tlm_fifo/tlm_fifo.h
                      $MGC_HOME/shared/include/tlm_core/tlm_1/tlm_req_rsp/tlm_1_interfaces/tlm_fifo_ifs.h
                        $MGC_HOME/shared/include/tlm_core/tlm_1/tlm_req_rsp/tlm_1_interfaces/tlm_core_ifs.h
                          $MGC_HOME/shared/include/tlm_core/tlm_1/tlm_req_rsp/tlm_1_interfaces/tlm_tag.h
                      $MGC_HOME/shared/include/tlm_core/tlm_1/tlm_req_rsp/tlm_channels/tlm_fifo/circular_buffer.h
                      $MGC_HOME/shared/include/tlm_core/tlm_1/tlm_req_rsp/tlm_channels/tlm_fifo/tlm_fifo_put_get.h
                      $MGC_HOME/shared/include/tlm_core/tlm_1/tlm_req_rsp/tlm_channels/tlm_fifo/tlm_fifo_peek.h
                      $MGC_HOME/shared/include/tlm_core/tlm_1/tlm_req_rsp/tlm_channels/tlm_fifo/tlm_fifo_resize.h
                $MGC_HOME/shared/include/tlm_core/tlm_1/tlm_req_rsp/tlm_req_rsp.h
                  $MGC_HOME/shared/include/tlm_core/tlm_1/tlm_req_rsp/tlm_1_interfaces/tlm_master_slave_ifs.h
                  $MGC_HOME/shared/include/tlm_core/tlm_1/tlm_req_rsp/tlm_channels/tlm_req_rsp_channels/tlm_req_rsp_channels.h
                    $MGC_HOME/shared/include/tlm_core/tlm_1/tlm_req_rsp/tlm_adapters/tlm_adapters.h
                    $MGC_HOME/shared/include/tlm_core/tlm_1/tlm_req_rsp/tlm_channels/tlm_req_rsp_channels/tlm_put_get_imp.h
                  $MGC_HOME/shared/include/tlm_core/tlm_1/tlm_req_rsp/tlm_ports/tlm_nonblocking_port.h
                    $MGC_HOME/shared/include/tlm_core/tlm_1/tlm_req_rsp/tlm_ports/tlm_event_finder.h
                $MGC_HOME/shared/include/tlm_core/tlm_2/tlm_2_interfaces/tlm_2_interfaces.h
                  $MGC_HOME/shared/include/tlm_core/tlm_2/tlm_2_interfaces/tlm_dmi.h
                    $MGC_HOME/shared/include/systemc
                  $MGC_HOME/shared/include/tlm_core/tlm_2/tlm_2_interfaces/tlm_fw_bw_ifs.h
                    $MGC_HOME/shared/include/systemc
                    $MGC_HOME/shared/include/tlm_core/tlm_2/tlm_generic_payload/tlm_generic_payload.h
                      $MGC_HOME/shared/include/tlm_core/tlm_2/tlm_generic_payload/tlm_helpers.h
                      $MGC_HOME/shared/include/tlm_core/tlm_2/tlm_generic_payload/tlm_phase.h
                        $MGC_HOME/shared/include/sysc/kernel/sc_cmnhdr.h
                      $MGC_HOME/shared/include/tlm_core/tlm_2/tlm_generic_payload/tlm_gp.h
                        $MGC_HOME/shared/include/sysc/kernel/sc_cmnhdr.h
                        $MGC_HOME/shared/include/tlm_core/tlm_2/tlm_generic_payload/tlm_array.h
                      $MGC_HOME/shared/include/tlm_core/tlm_2/tlm_generic_payload/tlm_endian_conv.h
                $MGC_HOME/shared/include/tlm_core/tlm_2/tlm_sockets/tlm_sockets.h
                  $MGC_HOME/shared/include/tlm_core/tlm_2/tlm_sockets/tlm_initiator_socket.h
                    $MGC_HOME/shared/include/tlm_core/tlm_2/tlm_sockets/tlm_base_socket_if.h
                  $MGC_HOME/shared/include/tlm_core/tlm_2/tlm_sockets/tlm_target_socket.h
                $MGC_HOME/shared/include/tlm_core/tlm_2/tlm_quantum/tlm_quantum.h
                  $MGC_HOME/shared/include/tlm_core/tlm_2/tlm_quantum/tlm_global_quantum.h
            $MGC_HOME/shared/include/ac_sc.h
              $MGC_HOME/shared/include/ac_complex.h
                $MGC_HOME/shared/include/ac_float.h
                  $MGC_HOME/shared/include/ac_fixed.h
                    $MGC_HOME/shared/include/ac_int.h
            $MGC_HOME/shared/include/mc_typeconv.h
              $MGC_HOME/shared/include/mc_container_types.h
          $MGC_HOME/shared/include/connections/connections_utils.h
            $MGC_HOME/shared/include/ac_assert.h
        $PROJECT_HOME/../../../../common/matchlib_toolkit/examples/matchlib/cmod/include/nvhls_assert.h
          $PROJECT_HOME/../../../../common/matchlib_toolkit/examples/matchlib/cmod/include/hls_globals.h
          $MGC_HOME/shared/include/ac_assert.h
    $PROJECT_HOME/../../../../common/matchlib_toolkit/examples/matchlib/cmod/include/nvhls_connections.h
      $MGC_HOME/shared/include/connections/connections.h
        $MGC_HOME/shared/include/connections/marshaller.h
          $MGC_HOME/shared/include/mc_typeconv.h
        $MGC_HOME/shared/include/connections/connections_trace.h
          $MGC_HOME/shared/include/systemc
        $MGC_HOME/shared/include/connections/message.h
      $PROJECT_HOME/../../../../common/matchlib_toolkit/examples/matchlib/cmod/include/nvhls_packet.h
        $PROJECT_HOME/../../../../common/matchlib_toolkit/examples/matchlib/cmod/include/nvhls_types.h
        $PROJECT_HOME/../../../../common/matchlib_toolkit/examples/matchlib/cmod/include/nvhls_message.h
          $PROJECT_HOME/../../../../common/matchlib_toolkit/examples/matchlib/cmod/include/nvhls_connections_utils.h
      $PROJECT_HOME/../../../../common/matchlib_toolkit/examples/matchlib/cmod/include/nvhls_module.h
        $PROJECT_HOME/../../../../common/matchlib_toolkit/examples/matchlib/cmod/include/nvhls_trace.h
      $PROJECT_HOME/../../../../common/matchlib_toolkit/examples/matchlib/cmod/include/fifo.h
        $PROJECT_HOME/../../../../common/matchlib_toolkit/examples/matchlib/cmod/include/mem_array.h
          $PROJECT_HOME/../../../../common/matchlib_toolkit/examples/matchlib/cmod/include/nvhls_array.h
            $MGC_HOME/shared/include/ac_assert.h
          $PROJECT_HOME/../../../../common/matchlib_toolkit/examples/matchlib/cmod/include/TypeToBits.h
      $PROJECT_HOME/../../../../common/matchlib_toolkit/examples/matchlib/cmod/include/nvhls_connections_buffered_ports.h
        $PROJECT_HOME/../../../../common/matchlib_toolkit/include/ccs_p2p.h
      $PROJECT_HOME/../../../../common/matchlib_toolkit/examples/matchlib/cmod/include/nvhls_connections_network.h
        $PROJECT_HOME/../../../../common/matchlib_toolkit/examples/matchlib/cmod/include/nvhls_connections.h
    $MGC_HOME/shared/include/mc_scverify.h
      $MGC_HOME/shared/include/ac_assert.h
    $PROJECT_HOME/../../inc/leakyrelu_data_types.h
      $MGC_HOME/shared/include/ac_std_float.h
      $MGC_HOME/shared/include/ac_math.h
        $MGC_HOME/shared/include/ac_math/ac_abs.h
          $MGC_HOME/shared/include/ac_math/ac_sqrt_pwl.h
            $MGC_HOME/shared/include/ac_math/ac_shift.h
            $MGC_HOME/shared/include/ac_math/ac_normalize.h
        $MGC_HOME/shared/include/ac_math/ac_arccos_cordic.h
        $MGC_HOME/shared/include/ac_math/ac_arcsin_cordic.h
        $MGC_HOME/shared/include/ac_math/ac_atan_pwl.h
          $MGC_HOME/shared/include/ac_math/ac_reciprocal_pwl.h
        $MGC_HOME/shared/include/ac_math/ac_atan_pwl_ha.h
          $MGC_HOME/shared/include/ac_math/ac_reciprocal_pwl_ha.h
        $MGC_HOME/shared/include/ac_math/ac_atan2_cordic.h
        $MGC_HOME/shared/include/ac_math/ac_barrel_shift.h
        $MGC_HOME/shared/include/ac_math/ac_div.h
        $MGC_HOME/shared/include/ac_math/ac_hcordic.h
        $MGC_HOME/shared/include/ac_math/ac_inverse_sqrt_pwl.h
        $MGC_HOME/shared/include/ac_math/ac_log_pwl.h
        $MGC_HOME/shared/include/ac_math/ac_pow_pwl.h
        $MGC_HOME/shared/include/ac_math/ac_sigmoid_pwl.h
        $MGC_HOME/shared/include/ac_math/ac_sincos_cordic.h
        $MGC_HOME/shared/include/ac_math/ac_sincos_lut.h
        $MGC_HOME/shared/include/ac_math/ac_sqrt.h
        $MGC_HOME/shared/include/ac_math/ac_tan_pwl.h
        $MGC_HOME/shared/include/ac_math/ac_tanh_pwl.h
        $MGC_HOME/shared/include/ac_math/ac_softmax_pwl.h
        $MGC_HOME/shared/include/ac_float_add_tree.h
      $PROJECT_HOME/../../inc/leakyrelu_specs.h
        $MGC_HOME/shared/include/mc_connections.h
          $MGC_HOME/shared/include/ac_sysc_macros.h
          $MGC_HOME/shared/include/ac_sysc_trace.h
          $MGC_HOME/shared/include/connections/connections_sync.h
          $MGC_HOME/shared/include/connections/connections_fifo.h
          $MGC_HOME/shared/include/connections/port_scanner.h
            $MGC_HOME/shared/include/systemc
        $PROJECT_HOME/../../../../common/matchlib_toolkit/examples/matchlib/cmod/include/nvhls_vector.h
          $PROJECT_HOME/../../../../common/matchlib_toolkit/examples/matchlib/cmod/include/hls_globals.h
          $PROJECT_HOME/../../../../common/matchlib_toolkit/include/ccs_p2p.h
        $PROJECT_HOME/../../../../common/inc/esp_dma_info_sysc.hpp
        $PROJECT_HOME/../../inc/leakyrelu_conf_info.h
          $PROJECT_HOME/../../inc/leakyrelu_specs.h
          $PROJECT_HOME/../../../../common/matchlib_toolkit/include/auto_gen_port_info.h
            $MGC_HOME/shared/include/connections/marshaller.h
              $MGC_HOME/shared/include/mc_typeconv.h
            $PROJECT_HOME/../../../../common/matchlib_toolkit/include/auto_gen_fields.h
              $MGC_HOME/shared/include/connections/marshaller.h
                $MGC_HOME/shared/include/mc_typeconv.h
              $PROJECT_HOME/../../../../common/matchlib_toolkit/examples/matchlib/cmod/include/UIntOrEmpty.h
                $MGC_HOME/shared/include/systemc
          $PROJECT_HOME/../../../../common/matchlib_toolkit/include/ac_enum.h
  $PROJECT_HOME/../../inc/leakyrelu_specs.h
    $MGC_HOME/shared/include/mc_connections.h
      $MGC_HOME/shared/include/systemc.h
        $MGC_HOME/shared/include/systemc
          $MGC_HOME/shared/include/sysc/kernel/sc_cmnhdr.h
          $MGC_HOME/shared/include/sysc/kernel/sc_externs.h
          $MGC_HOME/shared/include/sysc/kernel/sc_except.h
            $MGC_HOME/shared/include/sysc/kernel/sc_cmnhdr.h
          $MGC_HOME/shared/include/sysc/kernel/sc_module.h
            $MGC_HOME/shared/include/sysc/kernel/sc_kernel_ids.h
              $MGC_HOME/shared/include/sysc/utils/sc_report.h
                $MGC_HOME/shared/include/sysc/kernel/sc_cmnhdr.h
                $MGC_HOME/shared/include/sysc/utils/sc_report_handler.h
            $MGC_HOME/shared/include/sysc/kernel/sc_process.h
              $MGC_HOME/shared/include/sysc/kernel/sc_constants.h
              $MGC_HOME/shared/include/sysc/kernel/sc_object.h
                $MGC_HOME/shared/include/sysc/kernel/sc_attribute.h
                  $MGC_HOME/shared/include/sysc/kernel/sc_cmnhdr.h
              $MGC_HOME/shared/include/sysc/communication/sc_export.h
                $MGC_HOME/shared/include/sysc/communication/sc_communication_ids.h
                $MGC_HOME/shared/include/sysc/communication/sc_interface.h
                  $MGC_HOME/shared/include/sysc/kernel/sc_cmnhdr.h
                $MGC_HOME/shared/include/sysc/utils/sc_typeindex.h
                  $MGC_HOME/shared/include/sysc/kernel/sc_cmnhdr.h
            $MGC_HOME/shared/include/sysc/kernel/sc_module_name.h
            $MGC_HOME/shared/include/sysc/kernel/sc_sensitive.h
            $MGC_HOME/shared/include/sysc/kernel/sc_time.h
              $MGC_HOME/shared/include/sysc/datatypes/int/sc_nbdefs.h
                $MGC_HOME/shared/include/sysc/kernel/sc_cmnhdr.h
              $MGC_HOME/shared/include/sysc/datatypes/fx/scfx_ieee.h
                $MGC_HOME/shared/include/sysc/datatypes/fx/sc_fxdefs.h
                  $MGC_HOME/shared/include/sysc/kernel/sc_cmnhdr.h
                  $MGC_HOME/shared/include/sysc/utils/sc_machine.h
                    $MGC_HOME/shared/include/sysc/packages/boost/detail/endian.hpp
                  $MGC_HOME/shared/include/sysc/datatypes/fx/sc_fx_ids.h
                  $MGC_HOME/shared/include/sysc/datatypes/int/sc_nbutils.h
                    $MGC_HOME/shared/include/sysc/datatypes/bit/sc_bit_ids.h
                    $MGC_HOME/shared/include/sysc/datatypes/int/sc_int_ids.h
            $MGC_HOME/shared/include/sysc/kernel/sc_wait.h
              $MGC_HOME/shared/include/sysc/kernel/sc_simcontext.h
                $MGC_HOME/shared/include/sysc/kernel/sc_cmnhdr.h
                $MGC_HOME/shared/include/sysc/kernel/sc_status.h
                  $MGC_HOME/shared/include/sysc/kernel/sc_cmnhdr.h
                $MGC_HOME/shared/include/sysc/utils/sc_hash.h
                  $MGC_HOME/shared/include/sysc/kernel/sc_simcontext.h
                $MGC_HOME/shared/include/sysc/utils/sc_pq.h
                  $MGC_HOME/shared/include/sysc/kernel/sc_cmnhdr.h
            $MGC_HOME/shared/include/sysc/kernel/sc_wait_cthread.h
              $MGC_HOME/shared/include/sysc/datatypes/bit/sc_logic.h
                $MGC_HOME/shared/include/sysc/kernel/sc_cmnhdr.h
                $MGC_HOME/shared/include/sysc/kernel/sc_macros.h
                  $MGC_HOME/shared/include/sysc/kernel/sc_cmnhdr.h
                $MGC_HOME/shared/include/sysc/utils/sc_mempool.h
                $MGC_HOME/shared/include/sysc/datatypes/bit/sc_bit.h
            $MGC_HOME/shared/include/sysc/kernel/sc_process_handle.h
              $MGC_HOME/shared/include/sysc/kernel/sc_module.h
            $MGC_HOME/shared/include/sysc/utils/sc_list.h
              $MGC_HOME/shared/include/sysc/kernel/sc_cmnhdr.h
          $MGC_HOME/shared/include/sysc/kernel/sc_ver.h
            $MGC_HOME/shared/include/sysc/kernel/sc_cmnhdr.h
            $MGC_HOME/shared/include/sysc/communication/sc_writer_policy.h
          $MGC_HOME/shared/include/sysc/communication/sc_buffer.h
            $MGC_HOME/shared/include/sysc/communication/sc_signal.h
              $MGC_HOME/shared/include/sysc/communication/sc_port.h
                $MGC_HOME/shared/include/sysc/kernel/sc_event.h
                  $MGC_HOME/shared/include/sysc/kernel/sc_cmnhdr.h
              $MGC_HOME/shared/include/sysc/communication/sc_prim_channel.h
              $MGC_HOME/shared/include/sysc/communication/sc_signal_ifs.h
              $MGC_HOME/shared/include/sysc/tracing/sc_trace.h
          $MGC_HOME/shared/include/sysc/communication/sc_clock.h
          $MGC_HOME/shared/include/sysc/communication/sc_clock_ports.h
            $MGC_HOME/shared/include/sysc/communication/sc_signal_ports.h
              $MGC_HOME/shared/include/sysc/communication/sc_event_finder.h
          $MGC_HOME/shared/include/sysc/communication/sc_event_queue.h
          $MGC_HOME/shared/include/sysc/communication/sc_fifo.h
            $MGC_HOME/shared/include/sysc/communication/sc_fifo_ifs.h
          $MGC_HOME/shared/include/sysc/communication/sc_fifo_ports.h
          $MGC_HOME/shared/include/sysc/communication/sc_mutex.h
            $MGC_HOME/shared/include/sysc/communication/sc_mutex_if.h
          $MGC_HOME/shared/include/sysc/communication/sc_semaphore.h
            $MGC_HOME/shared/include/sysc/communication/sc_semaphore_if.h
          $MGC_HOME/shared/include/sysc/communication/sc_signal_resolved.h
          $MGC_HOME/shared/include/sysc/communication/sc_signal_resolved_ports.h
          $MGC_HOME/shared/include/sysc/communication/sc_signal_rv.h
            $MGC_HOME/shared/include/sysc/datatypes/bit/sc_lv.h
              $MGC_HOME/shared/include/sysc/datatypes/bit/sc_lv_base.h
                $MGC_HOME/shared/include/sysc/datatypes/bit/sc_bv_base.h
                  $MGC_HOME/shared/include/sysc/datatypes/bit/sc_bit_proxies.h
                    $MGC_HOME/shared/include/sysc/datatypes/bit/sc_proxy.h
                      $MGC_HOME/shared/include/sysc/kernel/sc_cmnhdr.h
                      $MGC_HOME/shared/include/sysc/datatypes/int/sc_signed.h
                        $MGC_HOME/shared/include/sysc/datatypes/misc/sc_value_base.h
                        $MGC_HOME/shared/include/sysc/utils/sc_temporary.h
                          $MGC_HOME/shared/include/sysc/kernel/sc_cmnhdr.h
                        $MGC_HOME/shared/include/sysc/datatypes/int/sc_length_param.h
                          $MGC_HOME/shared/include/sysc/datatypes/fx/sc_context.h
                            $MGC_HOME/shared/include/sysc/kernel/sc_cmnhdr.h
                        $MGC_HOME/shared/include/sysc/datatypes/int/sc_nbexterns.h
                        $MGC_HOME/shared/include/sysc/datatypes/int/sc_unsigned.h
                      $MGC_HOME/shared/include/sysc/datatypes/int/sc_int_base.h
                        $MGC_HOME/shared/include/sysc/kernel/sc_cmnhdr.h
                        $MGC_HOME/shared/include/sysc/datatypes/int/sc_uint_base.h
          $MGC_HOME/shared/include/sysc/communication/sc_signal_rv_ports.h
          $MGC_HOME/shared/include/sysc/datatypes/bit/sc_bv.h
          $MGC_HOME/shared/include/sysc/datatypes/int/sc_bigint.h
          $MGC_HOME/shared/include/sysc/datatypes/int/sc_biguint.h
          $MGC_HOME/shared/include/sysc/datatypes/int/sc_int.h
          $MGC_HOME/shared/include/sysc/datatypes/int/sc_uint.h
          $MGC_HOME/shared/include/sysc/datatypes/misc/sc_concatref.h
          $MGC_HOME/shared/include/sysc/utils/sc_utils_ids.h
          $MGC_HOME/shared/include/sysc/utils/sc_pvector.h
          $MGC_HOME/shared/include/sysc/utils/sc_string_view.h
            $MGC_HOME/shared/include/sysc/kernel/sc_cmnhdr.h
            $MGC_HOME/shared/include/sysc/packages/boost/utility/string_view.hpp
              $MGC_HOME/shared/include/sysc/packages/boost/config.hpp
                $MGC_HOME/shared/include/sysc/packages/boost/config/user.hpp
                $MGC_HOME/shared/include/sysc/packages/boost/config/select_compiler_config.hpp
                $MGC_HOME/shared/include/sysc/packages/boost/config/compiler/gcc.hpp
                $MGC_HOME/shared/include/sysc/packages/boost/config/select_stdlib_config.hpp
                $MGC_HOME/shared/include/sysc/packages/boost/config/stdlib/libstdcpp3.hpp
                $MGC_HOME/shared/include/sysc/packages/boost/config/select_platform_config.hpp
                $MGC_HOME/shared/include/sysc/packages/boost/config/platform/linux.hpp
                  $MGC_HOME/shared/include/sysc/packages/boost/config/posix_features.hpp
                $MGC_HOME/shared/include/sysc/packages/boost/config/suffix.hpp
              $MGC_HOME/shared/include/sysc/packages/boost/utility/string_view_fwd.hpp
          $MGC_HOME/shared/include/sysc/utils/sc_vector.h
      $MGC_HOME/shared/include/ac_sysc_macros.h
      $MGC_HOME/shared/include/ac_sysc_trace.h
      $MGC_HOME/shared/include/connections/connections.h
        $MGC_HOME/shared/include/connections/marshaller.h
          $MGC_HOME/shared/include/ccs_types.h
            $MGC_HOME/shared/include/tlm.h
              $MGC_HOME/shared/include/tlm
                $MGC_HOME/shared/include/systemc
                $MGC_HOME/shared/include/tlm_core/tlm_2/tlm_version.h
                $MGC_HOME/shared/include/tlm_core/tlm_1/tlm_analysis/tlm_analysis.h
                  $MGC_HOME/shared/include/tlm_core/tlm_1/tlm_analysis/tlm_write_if.h
                    $MGC_HOME/shared/include/systemc
                  $MGC_HOME/shared/include/tlm_core/tlm_1/tlm_analysis/tlm_analysis_if.h
                  $MGC_HOME/shared/include/tlm_core/tlm_1/tlm_analysis/tlm_analysis_triple.h
                  $MGC_HOME/shared/include/tlm_core/tlm_1/tlm_analysis/tlm_analysis_port.h
                  $MGC_HOME/shared/include/tlm_core/tlm_1/tlm_analysis/tlm_analysis_fifo.h
                    $MGC_HOME/shared/include/tlm_core/tlm_1/tlm_req_rsp/tlm_channels/tlm_fifo/tlm_fifo.h
                      $MGC_HOME/shared/include/tlm_core/tlm_1/tlm_req_rsp/tlm_1_interfaces/tlm_fifo_ifs.h
                        $MGC_HOME/shared/include/tlm_core/tlm_1/tlm_req_rsp/tlm_1_interfaces/tlm_core_ifs.h
                          $MGC_HOME/shared/include/tlm_core/tlm_1/tlm_req_rsp/tlm_1_interfaces/tlm_tag.h
                      $MGC_HOME/shared/include/tlm_core/tlm_1/tlm_req_rsp/tlm_channels/tlm_fifo/circular_buffer.h
                      $MGC_HOME/shared/include/tlm_core/tlm_1/tlm_req_rsp/tlm_channels/tlm_fifo/tlm_fifo_put_get.h
                      $MGC_HOME/shared/include/tlm_core/tlm_1/tlm_req_rsp/tlm_channels/tlm_fifo/tlm_fifo_peek.h
                      $MGC_HOME/shared/include/tlm_core/tlm_1/tlm_req_rsp/tlm_channels/tlm_fifo/tlm_fifo_resize.h
                $MGC_HOME/shared/include/tlm_core/tlm_1/tlm_req_rsp/tlm_req_rsp.h
                  $MGC_HOME/shared/include/tlm_core/tlm_1/tlm_req_rsp/tlm_1_interfaces/tlm_master_slave_ifs.h
                  $MGC_HOME/shared/include/tlm_core/tlm_1/tlm_req_rsp/tlm_channels/tlm_req_rsp_channels/tlm_req_rsp_channels.h
                    $MGC_HOME/shared/include/tlm_core/tlm_1/tlm_req_rsp/tlm_adapters/tlm_adapters.h
                    $MGC_HOME/shared/include/tlm_core/tlm_1/tlm_req_rsp/tlm_channels/tlm_req_rsp_channels/tlm_put_get_imp.h
                  $MGC_HOME/shared/include/tlm_core/tlm_1/tlm_req_rsp/tlm_ports/tlm_nonblocking_port.h
                    $MGC_HOME/shared/include/tlm_core/tlm_1/tlm_req_rsp/tlm_ports/tlm_event_finder.h
                $MGC_HOME/shared/include/tlm_core/tlm_2/tlm_2_interfaces/tlm_2_interfaces.h
                  $MGC_HOME/shared/include/tlm_core/tlm_2/tlm_2_interfaces/tlm_dmi.h
                    $MGC_HOME/shared/include/systemc
                  $MGC_HOME/shared/include/tlm_core/tlm_2/tlm_2_interfaces/tlm_fw_bw_ifs.h
                    $MGC_HOME/shared/include/systemc
                    $MGC_HOME/shared/include/tlm_core/tlm_2/tlm_generic_payload/tlm_generic_payload.h
                      $MGC_HOME/shared/include/tlm_core/tlm_2/tlm_generic_payload/tlm_helpers.h
                      $MGC_HOME/shared/include/tlm_core/tlm_2/tlm_generic_payload/tlm_phase.h
                        $MGC_HOME/shared/include/sysc/kernel/sc_cmnhdr.h
                      $MGC_HOME/shared/include/tlm_core/tlm_2/tlm_generic_payload/tlm_gp.h
                        $MGC_HOME/shared/include/sysc/kernel/sc_cmnhdr.h
                        $MGC_HOME/shared/include/tlm_core/tlm_2/tlm_generic_payload/tlm_array.h
                      $MGC_HOME/shared/include/tlm_core/tlm_2/tlm_generic_payload/tlm_endian_conv.h
                $MGC_HOME/shared/include/tlm_core/tlm_2/tlm_sockets/tlm_sockets.h
                  $MGC_HOME/shared/include/tlm_core/tlm_2/tlm_sockets/tlm_initiator_socket.h
                    $MGC_HOME/shared/include/tlm_core/tlm_2/tlm_sockets/tlm_base_socket_if.h
                  $MGC_HOME/shared/include/tlm_core/tlm_2/tlm_sockets/tlm_target_socket.h
                $MGC_HOME/shared/include/tlm_core/tlm_2/tlm_quantum/tlm_quantum.h
                  $MGC_HOME/shared/include/tlm_core/tlm_2/tlm_quantum/tlm_global_quantum.h
            $MGC_HOME/shared/include/ac_sc.h
              $MGC_HOME/shared/include/ac_complex.h
                $MGC_HOME/shared/include/ac_float.h
                  $MGC_HOME/shared/include/ac_fixed.h
                    $MGC_HOME/shared/include/ac_int.h
            $MGC_HOME/shared/include/mc_typeconv.h
              $MGC_HOME/shared/include/mc_container_types.h
          $MGC_HOME/shared/include/connections/connections_utils.h
            $MGC_HOME/shared/include/ac_assert.h
        $MGC_HOME/shared/include/connections/connections_trace.h
          $MGC_HOME/shared/include/systemc
        $MGC_HOME/shared/include/connections/message.h
      $MGC_HOME/shared/include/connections/connections_sync.h
      $MGC_HOME/shared/include/connections/connections_fifo.h
      $MGC_HOME/shared/include/connections/port_scanner.h
        $MGC_HOME/shared/include/systemc
    $PROJECT_HOME/../../../../common/matchlib_toolkit/examples/matchlib/cmod/include/nvhls_connections.h
      $PROJECT_HOME/../../../../common/matchlib_toolkit/examples/matchlib/cmod/include/nvhls_packet.h
        $PROJECT_HOME/../../../../common/matchlib_toolkit/examples/matchlib/cmod/include/nvhls_types.h
          $PROJECT_HOME/../../../../common/matchlib_toolkit/examples/matchlib/cmod/include/nvhls_int.h
            $PROJECT_HOME/../../../../common/matchlib_toolkit/examples/matchlib/cmod/include/nvhls_marshaller.h
              $MGC_HOME/shared/include/connections/marshaller.h
                $MGC_HOME/shared/include/mc_typeconv.h
              $PROJECT_HOME/../../../../common/matchlib_toolkit/examples/matchlib/cmod/include/nvhls_assert.h
                $PROJECT_HOME/../../../../common/matchlib_toolkit/examples/matchlib/cmod/include/hls_globals.h
                $MGC_HOME/shared/include/ac_assert.h
        $PROJECT_HOME/../../../../common/matchlib_toolkit/examples/matchlib/cmod/include/nvhls_message.h
          $PROJECT_HOME/../../../../common/matchlib_toolkit/examples/matchlib/cmod/include/nvhls_connections_utils.h
      $PROJECT_HOME/../../../../common/matchlib_toolkit/examples/matchlib/cmod/include/nvhls_module.h
        $PROJECT_HOME/../../../../common/matchlib_toolkit/examples/matchlib/cmod/include/nvhls_trace.h
      $PROJECT_HOME/../../../../common/matchlib_toolkit/examples/matchlib/cmod/include/fifo.h
        $PROJECT_HOME/../../../../common/matchlib_toolkit/examples/matchlib/cmod/include/mem_array.h
          $PROJECT_HOME/../../../../common/matchlib_toolkit/examples/matchlib/cmod/include/nvhls_array.h
            $MGC_HOME/shared/include/ac_assert.h
          $PROJECT_HOME/../../../../common/matchlib_toolkit/examples/matchlib/cmod/include/TypeToBits.h
      $PROJECT_HOME/../../../../common/matchlib_toolkit/examples/matchlib/cmod/include/nvhls_connections_buffered_ports.h
        $PROJECT_HOME/../../../../common/matchlib_toolkit/include/ccs_p2p.h
      $PROJECT_HOME/../../../../common/matchlib_toolkit/examples/matchlib/cmod/include/nvhls_connections_network.h
        $PROJECT_HOME/../../../../common/matchlib_toolkit/examples/matchlib/cmod/include/nvhls_connections.h
    $PROJECT_HOME/../../../../common/matchlib_toolkit/examples/matchlib/cmod/include/nvhls_vector.h
      $PROJECT_HOME/../../../../common/matchlib_toolkit/examples/matchlib/cmod/include/hls_globals.h
      $PROJECT_HOME/../../../../common/matchlib_toolkit/include/ccs_p2p.h
    $PROJECT_HOME/../../../../common/inc/esp_dma_info_sysc.hpp
    $PROJECT_HOME/../../inc/leakyrelu_conf_info.h
      $PROJECT_HOME/../../inc/leakyrelu_specs.h
      $PROJECT_HOME/../../../../common/matchlib_toolkit/include/auto_gen_port_info.h
        $MGC_HOME/shared/include/connections/marshaller.h
          $MGC_HOME/shared/include/mc_typeconv.h
        $PROJECT_HOME/../../../../common/matchlib_toolkit/include/auto_gen_fields.h
          $MGC_HOME/shared/include/connections/marshaller.h
            $MGC_HOME/shared/include/mc_typeconv.h
          $PROJECT_HOME/../../../../common/matchlib_toolkit/examples/matchlib/cmod/include/UIntOrEmpty.h
            $MGC_HOME/shared/include/systemc
      $PROJECT_HOME/../../../../common/matchlib_toolkit/include/ac_enum.h

Processes/Blocks in Design
  Process                     Real Operation(s) count Latency Throughput Reset Length II Comments 
  --------------------------- ----------------------- ------- ---------- ------------ -- --------
  /LeakyreluConfig/ConfigRead                       4       1          2            1  0          
  Design Total:                                     4       1          2            1  0          
  
Bill Of Materials (Datapath)
  Component Name                            Area Score Area(LUTs) Delay Post Alloc Post Assign 
  ----------------------------------------- ---------- ---------- ----- ---------- -----------
  [Lib: ccs_connections]                                                                       
  ccs_conn_ctrl_in_buf_wait(11,160,1,0,0,0)      0.000      0.000 0.000          1           1 
  ccs_conn_out_buf_wait(12,160,1,0,0,0)          0.000      0.000 0.000          1           1 
  ccs_conn_out_buf_wait(13,160,1,0,0,0)          0.000      0.000 0.000          1           1 
  ccs_conn_out_buf_wait(14,160,1,0,0,0)          0.000      0.000 0.000          1           1 
  [Lib: mgc_Xilinx-VIRTEX-7-2_beh]                                                             
  mgc_and(1,2)                                   1.000      1.000 0.550          0          11 
  mgc_and(1,3)                                   1.000      1.000 0.550          0           3 
  mgc_and(1,4)                                   1.000      1.000 0.550          0           1 
  mgc_mux(1,1,2)                                 1.000      1.000 0.080          0           2 
  mgc_nor(1,2)                                   1.000      1.000 0.550          0           6 
  mgc_not(1)                                     0.000      0.000 0.000          0          17 
  mgc_or(1,2)                                    1.000      1.000 0.550          0           1 
  mgc_or(1,3)                                    1.000      1.000 0.550          0           3 
  mgc_reg_pos(1,1,0,0,0,0,0)                     0.000      0.000 0.320          0           9 
  mgc_reg_pos(160,0,0,0,0,1,1)                   0.000      0.000 0.320          0           1 
                                                                                               
  TOTAL AREA (After Assignment):                27.000     27.000                              
  
Area Scores
                    Post-Scheduling Post-DP & FSM Post-Assignment 
  ----------------- --------------- ------------- ---------------
  Total Area Score:      0.0          28.0            28.0        
  Total Reg:             0.0           0.0             0.0        
                                                                  
  DataPath:              0.0          27.0  (96%)     27.0  (96%) 
    MUX:                 0.0           2.0   (7%)      2.0   (7%) 
    FUNC:                0.0           0.0             0.0        
    LOGIC:               0.0          25.0  (93%)     25.0  (93%) 
    BUFFER:              0.0           0.0             0.0        
    MEM:                 0.0           0.0             0.0        
    ROM:                 0.0           0.0             0.0        
    REG:                 0.0           0.0             0.0        
                                                                  
  
  FSM:                   0.0           1.0   (4%)      1.0   (4%) 
    FSM-REG:             0.0           0.0             0.0        
    FSM-COMB:            0.0           1.0 (100%)      1.0 (100%) 
                                                                  
  
  
  (MUX = multiplexers; FUNC = datapath logic (e.g. add/mult); LOGIC = control logic)

Register-to-Variable Mappings
  Register                                          Size(bits) Gated Register CG Opt Done Variables                                             
  ------------------------------------------------- ---------- -------------- ----------- -----------------------------------------------------
  reg(conf_info_ctrl_dma2acc.Push():mioi.idat).cse         160         Y           Y      reg(conf_info_ctrl_dma2acc.Push():mioi.idat).cse      
  ConfigRead.wen                                             1                            ConfigRead.wen                                        
  conf_info_ctrl_acc2dma.Push():mioi.bcwt.reg                1                            conf_info_ctrl_acc2dma.Push():mioi.bcwt.reg           
  conf_info_ctrl_acc2dma.Push():mioi.irdy.oreg.rneg          1                            conf_info_ctrl_acc2dma.Push():mioi.irdy.oreg.rneg     
  conf_info_ctrl_dma2acc.Push():mioi.bcwt.reg                1                            conf_info_ctrl_dma2acc.Push():mioi.bcwt.reg           
  conf_info_ctrl_dma2acc.Push():mioi.irdy.oreg.rneg          1                            conf_info_ctrl_dma2acc.Push():mioi.irdy.oreg.rneg     
  conf_info_ctrl_plm2vec.Push():mioi.bcwt.reg                1                            conf_info_ctrl_plm2vec.Push():mioi.bcwt.reg           
  conf_info_ctrl_plm2vec.Push():mioi.irdy.oreg.rneg          1                            conf_info_ctrl_plm2vec.Push():mioi.irdy.oreg.rneg     
  reg(conf_info.Pop():mioi.oswt).tmp                         1                            reg(conf_info.Pop():mioi.oswt).tmp                    
  reg(conf_info_ctrl_dma2acc.Push():mioi.oswt).tmp           1                            reg(conf_info_ctrl_dma2acc.Push():mioi.oswt).tmp      
                                                                                                                                                
  Total:                                                   169            160         160 (Total Gating Ratio: 0.95, CG Opt Gating Ratio: 0.95) 
  
Timing Report
  Critical Path
    Max Delay:  3.6200029999999996
    Slack:      1.3799970000000004
    
    Path                                                                                                                                                                                                                                                                     Startpoint                                                                                                                                                                                                                                                   Endpoint                                            Delay  Slack                     
    ------------------------------------------------------------------------------------------------------------------------------------------------------------------------------------------------------------------------------------------------------------------------ ------------------------------------------------------------------------------------------------------------------------------------------------------------------------------------------------------------------------------------------------------------ --------------------------------------------------- ------ ------ ------------------
    1                                                                                                                                                                                                                                                                        LeakyreluConfig:ConfigRead:inst/LeakyreluConfig:ConfigRead:conf_info_ctrl_dma2acc.Push():mioi:inst/LeakyreluConfig:ConfigRead:conf_info_ctrl_dma2acc.Push():mioi:conf_info_ctrl_dma2acc.Push():mio:wait_dp:inst/reg(conf_info_ctrl_dma2acc.Push():mioi.bcwt) LeakyreluConfig:ConfigRead:inst/reg(ConfigRead.wen) 3.6200 1.3800                    
                                                                                                                                                                                                                                                                                                                                                                                                                                                                                                                                                                                                                               
      Instance                                                                                                                                                                                                                                                               Component                                                                                                                                                                                                                                                                                                        Delta  Delay  [MIN, MAX]         
      --------                                                                                                                                                                                                                                                               ---------                                                                                                                                                                                                                                                                                                        -----  -----  ------------------ 
      LeakyreluConfig:ConfigRead:inst/LeakyreluConfig:ConfigRead:conf_info_ctrl_dma2acc.Push():mioi:inst/LeakyreluConfig:ConfigRead:conf_info_ctrl_dma2acc.Push():mioi:conf_info_ctrl_dma2acc.Push():mio:wait_dp:inst/reg(conf_info_ctrl_dma2acc.Push():mioi.bcwt)           mgc_reg_pos_1_1_0_0_0_0_0                                                                                                                                                                                                                                                                                        0.3200 0.3200                    
      LeakyreluConfig:ConfigRead:inst/LeakyreluConfig:ConfigRead:conf_info_ctrl_dma2acc.Push():mioi:inst/LeakyreluConfig:ConfigRead:conf_info_ctrl_dma2acc.Push():mioi:conf_info_ctrl_dma2acc.Push():mio:wait_dp:inst/conf_info_ctrl_dma2acc.Push():mioi.bcwt.reg                                                                                                                                                                                                                                                                                                                             0.0000 0.3200                    
      LeakyreluConfig:ConfigRead:inst/LeakyreluConfig:ConfigRead:conf_info_ctrl_dma2acc.Push():mioi:inst/LeakyreluConfig:ConfigRead:conf_info_ctrl_dma2acc.Push():mioi:conf_info_ctrl_dma2acc.Push():mio:wait_dp:inst/while:asn(conf_info_ctrl_dma2acc.Push():mioi.bcwt)                                                                                                                                                                                                                                                                                                                      0.0000 0.3200                    
      LeakyreluConfig:ConfigRead:inst/LeakyreluConfig:ConfigRead:conf_info_ctrl_dma2acc.Push():mioi:inst/LeakyreluConfig:ConfigRead:conf_info_ctrl_dma2acc.Push():mioi:conf_info_ctrl_dma2acc.Push():mio:wait_dp:inst/conf_info_ctrl_dma2acc.Push():mioi.bcwt                                                                                                                                                                                                                                                                                                                                 0.0000 0.3200                    
      LeakyreluConfig:ConfigRead:inst/LeakyreluConfig:ConfigRead:conf_info_ctrl_dma2acc.Push():mioi:inst/conf_info_ctrl_dma2acc.Push():mioi.bcwt                                                                                                                                                                                                                                                                                                                                                                                                                                              0.0000 0.3200                    
      LeakyreluConfig:ConfigRead:inst/LeakyreluConfig:ConfigRead:conf_info_ctrl_dma2acc.Push():mioi:inst/LeakyreluConfig:ConfigRead:conf_info_ctrl_dma2acc.Push():mioi:conf_info_ctrl_dma2acc.Push():mio:wait_ctrl:inst/conf_info_ctrl_dma2acc.Push():mioi.bcwt                                                                                                                                                                                                                                                                                                                               0.0000 0.3200                    
      LeakyreluConfig:ConfigRead:inst/LeakyreluConfig:ConfigRead:conf_info_ctrl_dma2acc.Push():mioi:inst/LeakyreluConfig:ConfigRead:conf_info_ctrl_dma2acc.Push():mioi:conf_info_ctrl_dma2acc.Push():mio:wait_ctrl:inst/while:not#6                                          mgc_not_1                                                                                                                                                                                                                                                                                                        0.0000 0.3200                    
      LeakyreluConfig:ConfigRead:inst/LeakyreluConfig:ConfigRead:conf_info_ctrl_dma2acc.Push():mioi:inst/LeakyreluConfig:ConfigRead:conf_info_ctrl_dma2acc.Push():mioi:conf_info_ctrl_dma2acc.Push():mio:wait_ctrl:inst/while:not#6.itm                                                                                                                                                                                                                                                                                                                                                       0.0000 0.3200                    
      LeakyreluConfig:ConfigRead:inst/LeakyreluConfig:ConfigRead:conf_info_ctrl_dma2acc.Push():mioi:inst/LeakyreluConfig:ConfigRead:conf_info_ctrl_dma2acc.Push():mioi:conf_info_ctrl_dma2acc.Push():mio:wait_ctrl:inst/while:and#6                                          mgc_and_1_2                                                                                                                                                                                                                                                                                                      0.5500 0.8700                    
      LeakyreluConfig:ConfigRead:inst/LeakyreluConfig:ConfigRead:conf_info_ctrl_dma2acc.Push():mioi:inst/LeakyreluConfig:ConfigRead:conf_info_ctrl_dma2acc.Push():mioi:conf_info_ctrl_dma2acc.Push():mio:wait_ctrl:inst/conf_info_ctrl_dma2acc.Push():mioi.ogwt                                                                                                                                                                                                                                                                                                                               0.0000 0.8700                    
      LeakyreluConfig:ConfigRead:inst/LeakyreluConfig:ConfigRead:conf_info_ctrl_dma2acc.Push():mioi:inst/LeakyreluConfig:ConfigRead:conf_info_ctrl_dma2acc.Push():mioi:conf_info_ctrl_dma2acc.Push():mio:wait_ctrl:inst/while:and#4                                          mgc_and_1_2                                                                                                                                                                                                                                                                                                      0.5500 1.4200                    
      LeakyreluConfig:ConfigRead:inst/LeakyreluConfig:ConfigRead:conf_info_ctrl_dma2acc.Push():mioi:inst/LeakyreluConfig:ConfigRead:conf_info_ctrl_dma2acc.Push():mioi:conf_info_ctrl_dma2acc.Push():mio:wait_ctrl:inst/conf_info_ctrl_dma2acc.Push():mioi.biwt                                                                                                                                                                                                                                                                                                                               0.0000 1.4200                    
      LeakyreluConfig:ConfigRead:inst/LeakyreluConfig:ConfigRead:conf_info_ctrl_dma2acc.Push():mioi:inst/conf_info_ctrl_dma2acc.Push():mioi.biwt                                                                                                                                                                                                                                                                                                                                                                                                                                              0.0000 1.4200                    
      LeakyreluConfig:ConfigRead:inst/LeakyreluConfig:ConfigRead:conf_info_ctrl_dma2acc.Push():mioi:inst/LeakyreluConfig:ConfigRead:conf_info_ctrl_dma2acc.Push():mioi:conf_info_ctrl_dma2acc.Push():mio:wait_dp:inst/conf_info_ctrl_dma2acc.Push():mioi.biwt                                                                                                                                                                                                                                                                                                                                 0.0000 1.4200                    
      LeakyreluConfig:ConfigRead:inst/LeakyreluConfig:ConfigRead:conf_info_ctrl_dma2acc.Push():mioi:inst/LeakyreluConfig:ConfigRead:conf_info_ctrl_dma2acc.Push():mioi:conf_info_ctrl_dma2acc.Push():mio:wait_dp:inst/while:nor#1                                            mgc_nor_1_2                                                                                                                                                                                                                                                                                                      0.0000 1.4200                    
      LeakyreluConfig:ConfigRead:inst/LeakyreluConfig:ConfigRead:conf_info_ctrl_dma2acc.Push():mioi:inst/LeakyreluConfig:ConfigRead:conf_info_ctrl_dma2acc.Push():mioi:conf_info_ctrl_dma2acc.Push():mio:wait_dp:inst/while:nor#1.itm                                                                                                                                                                                                                                                                                                                                                         0.0000 1.4200                    
      LeakyreluConfig:ConfigRead:inst/LeakyreluConfig:ConfigRead:conf_info_ctrl_dma2acc.Push():mioi:inst/LeakyreluConfig:ConfigRead:conf_info_ctrl_dma2acc.Push():mioi:conf_info_ctrl_dma2acc.Push():mio:wait_dp:inst/while:nor                                              mgc_nor_1_2                                                                                                                                                                                                                                                                                                      0.5500 1.9700                    
      LeakyreluConfig:ConfigRead:inst/LeakyreluConfig:ConfigRead:conf_info_ctrl_dma2acc.Push():mioi:inst/LeakyreluConfig:ConfigRead:conf_info_ctrl_dma2acc.Push():mioi:conf_info_ctrl_dma2acc.Push():mio:wait_dp:inst/while:nor.rmff                                                                                                                                                                                                                                                                                                                                                          0.0000 1.9700                    
      LeakyreluConfig:ConfigRead:inst/LeakyreluConfig:ConfigRead:conf_info_ctrl_dma2acc.Push():mioi:inst/LeakyreluConfig:ConfigRead:conf_info_ctrl_dma2acc.Push():mioi:conf_info_ctrl_dma2acc.Push():mio:wait_dp:inst/while:asn(conf_info_ctrl_dma2acc.Push():mioi.bcwt.pff)                                                                                                                                                                                                                                                                                                                  0.0000 1.9700                    
      LeakyreluConfig:ConfigRead:inst/LeakyreluConfig:ConfigRead:conf_info_ctrl_dma2acc.Push():mioi:inst/LeakyreluConfig:ConfigRead:conf_info_ctrl_dma2acc.Push():mioi:conf_info_ctrl_dma2acc.Push():mio:wait_dp:inst/conf_info_ctrl_dma2acc.Push():mioi.bcwt.pff                                                                                                                                                                                                                                                                                                                             0.0000 1.9700                    
      LeakyreluConfig:ConfigRead:inst/LeakyreluConfig:ConfigRead:conf_info_ctrl_dma2acc.Push():mioi:inst/conf_info_ctrl_dma2acc.Push():mioi.bcwt.iff                                                                                                                                                                                                                                                                                                                                                                                                                                          0.0000 1.9700                    
      LeakyreluConfig:ConfigRead:inst/LeakyreluConfig:ConfigRead:conf_info_ctrl_dma2acc.Push():mioi:inst/LeakyreluConfig:ConfigRead:conf_info_ctrl_dma2acc.Push():mioi:conf_info_ctrl_dma2acc.Push():mio:wait_ctrl:inst/conf_info_ctrl_dma2acc.Push():mioi.bcwt.pff                                                                                                                                                                                                                                                                                                                           0.0000 1.9700                    
      LeakyreluConfig:ConfigRead:inst/LeakyreluConfig:ConfigRead:conf_info_ctrl_dma2acc.Push():mioi:inst/LeakyreluConfig:ConfigRead:conf_info_ctrl_dma2acc.Push():mioi:conf_info_ctrl_dma2acc.Push():mio:wait_ctrl:inst/while:not#7                                          mgc_not_1                                                                                                                                                                                                                                                                                                        0.0000 1.9700                    
      LeakyreluConfig:ConfigRead:inst/LeakyreluConfig:ConfigRead:conf_info_ctrl_dma2acc.Push():mioi:inst/LeakyreluConfig:ConfigRead:conf_info_ctrl_dma2acc.Push():mioi:conf_info_ctrl_dma2acc.Push():mio:wait_ctrl:inst/while:not#7.itm                                                                                                                                                                                                                                                                                                                                                       0.0000 1.9700                    
      LeakyreluConfig:ConfigRead:inst/LeakyreluConfig:ConfigRead:conf_info_ctrl_dma2acc.Push():mioi:inst/LeakyreluConfig:ConfigRead:conf_info_ctrl_dma2acc.Push():mioi:conf_info_ctrl_dma2acc.Push():mio:wait_ctrl:inst/while:and#8                                          mgc_and_1_3                                                                                                                                                                                                                                                                                                      0.5500 2.5200                    
      LeakyreluConfig:ConfigRead:inst/LeakyreluConfig:ConfigRead:conf_info_ctrl_dma2acc.Push():mioi:inst/LeakyreluConfig:ConfigRead:conf_info_ctrl_dma2acc.Push():mioi:conf_info_ctrl_dma2acc.Push():mio:wait_ctrl:inst/conf_info_ctrl_dma2acc.Push():mioi.biwt.pff                                                                                                                                                                                                                                                                                                                           0.0000 2.5200                    
      LeakyreluConfig:ConfigRead:inst/LeakyreluConfig:ConfigRead:conf_info_ctrl_dma2acc.Push():mioi:inst/conf_info_ctrl_dma2acc.Push():mioi.biwt.iff                                                                                                                                                                                                                                                                                                                                                                                                                                          0.0000 2.5200                    
      LeakyreluConfig:ConfigRead:inst/LeakyreluConfig:ConfigRead:conf_info_ctrl_dma2acc.Push():mioi:inst/LeakyreluConfig:ConfigRead:conf_info_ctrl_dma2acc.Push():mioi:conf_info_ctrl_dma2acc.Push():mio:wait_dp:inst/conf_info_ctrl_dma2acc.Push():mioi.biwt.pff                                                                                                                                                                                                                                                                                                                             0.0000 2.5200                    
      LeakyreluConfig:ConfigRead:inst/LeakyreluConfig:ConfigRead:conf_info_ctrl_dma2acc.Push():mioi:inst/LeakyreluConfig:ConfigRead:conf_info_ctrl_dma2acc.Push():mioi:conf_info_ctrl_dma2acc.Push():mio:wait_dp:inst/while:or#2                                             mgc_or_1_3                                                                                                                                                                                                                                                                                                       0.5500 3.0700                    
      LeakyreluConfig:ConfigRead:inst/LeakyreluConfig:ConfigRead:conf_info_ctrl_dma2acc.Push():mioi:inst/LeakyreluConfig:ConfigRead:conf_info_ctrl_dma2acc.Push():mioi:conf_info_ctrl_dma2acc.Push():mio:wait_dp:inst/conf_info_ctrl_dma2acc.Push():mioi.wen_comp                                                                                                                                                                                                                                                                                                                             0.0000 3.0700                    
      LeakyreluConfig:ConfigRead:inst/LeakyreluConfig:ConfigRead:conf_info_ctrl_dma2acc.Push():mioi:inst/conf_info_ctrl_dma2acc.Push():mioi.wen_comp.reg                                                                                                                                                                                                                                                                                                                                                                                                                                      0.0000 3.0700                    
      LeakyreluConfig:ConfigRead:inst/LeakyreluConfig:ConfigRead:conf_info_ctrl_dma2acc.Push():mioi:inst/asn(conf_info_ctrl_dma2acc.Push():mioi.wen_comp)                                                                                                                                                                                                                                                                                                                                                                                                                                     0.0000 3.0700                    
      LeakyreluConfig:ConfigRead:inst/LeakyreluConfig:ConfigRead:conf_info_ctrl_dma2acc.Push():mioi:inst/conf_info_ctrl_dma2acc.Push():mioi.wen_comp                                                                                                                                                                                                                                                                                                                                                                                                                                          0.0000 3.0700                    
      LeakyreluConfig:ConfigRead:inst/conf_info_ctrl_dma2acc.Push():mioi.wen_comp                                                                                                                                                                                                                                                                                                                                                                                                                                                                                                             0.0000 3.0700                    
      LeakyreluConfig:ConfigRead:inst/LeakyreluConfig:ConfigRead:staller:inst/conf_info_ctrl_dma2acc.Push():mioi.wen_comp                                                                                                                                                                                                                                                                                                                                                                                                                                                                     0.0000 3.0700                    
      LeakyreluConfig:ConfigRead:inst/LeakyreluConfig:ConfigRead:staller:inst/and                                                                                                                                                                                            mgc_and_1_4                                                                                                                                                                                                                                                                                                      0.5500 3.6200                    
      LeakyreluConfig:ConfigRead:inst/LeakyreluConfig:ConfigRead:staller:inst/ConfigRead.wen                                                                                                                                                                                                                                                                                                                                                                                                                                                                                                  0.0000 3.6200                    
      LeakyreluConfig:ConfigRead:inst/ConfigRead.wen:rtff                                                                                                                                                                                                                                                                                                                                                                                                                                                                                                                                     0.0000 3.6200                    
      LeakyreluConfig:ConfigRead:inst/reg(ConfigRead.wen)                                                                                                                                                                                                                    mgc_reg_pos_1_1_0_0_0_0_0                                                                                                                                                                                                                                                                                        0.0000 3.6200                    
                                                                                                                                                                                                                                                                                                                                                                                                                                                                                                                                                                                                                               
    2                                                                                                                                                                                                                                                                        LeakyreluConfig:ConfigRead:inst/LeakyreluConfig:ConfigRead:conf_info_ctrl_plm2vec.Push():mioi:inst/LeakyreluConfig:ConfigRead:conf_info_ctrl_plm2vec.Push():mioi:conf_info_ctrl_plm2vec.Push():mio:wait_dp:inst/reg(conf_info_ctrl_plm2vec.Push():mioi.bcwt) LeakyreluConfig:ConfigRead:inst/reg(ConfigRead.wen) 3.6200 1.3800                    
                                                                                                                                                                                                                                                                                                                                                                                                                                                                                                                                                                                                                               
      Instance                                                                                                                                                                                                                                                               Component                                                                                                                                                                                                                                                                                                        Delta  Delay  [MIN, MAX]         
      --------                                                                                                                                                                                                                                                               ---------                                                                                                                                                                                                                                                                                                        -----  -----  ------------------ 
      LeakyreluConfig:ConfigRead:inst/LeakyreluConfig:ConfigRead:conf_info_ctrl_plm2vec.Push():mioi:inst/LeakyreluConfig:ConfigRead:conf_info_ctrl_plm2vec.Push():mioi:conf_info_ctrl_plm2vec.Push():mio:wait_dp:inst/reg(conf_info_ctrl_plm2vec.Push():mioi.bcwt)           mgc_reg_pos_1_1_0_0_0_0_0                                                                                                                                                                                                                                                                                        0.3200 0.3200                    
      LeakyreluConfig:ConfigRead:inst/LeakyreluConfig:ConfigRead:conf_info_ctrl_plm2vec.Push():mioi:inst/LeakyreluConfig:ConfigRead:conf_info_ctrl_plm2vec.Push():mioi:conf_info_ctrl_plm2vec.Push():mio:wait_dp:inst/conf_info_ctrl_plm2vec.Push():mioi.bcwt.reg                                                                                                                                                                                                                                                                                                                             0.0000 0.3200                    
      LeakyreluConfig:ConfigRead:inst/LeakyreluConfig:ConfigRead:conf_info_ctrl_plm2vec.Push():mioi:inst/LeakyreluConfig:ConfigRead:conf_info_ctrl_plm2vec.Push():mioi:conf_info_ctrl_plm2vec.Push():mio:wait_dp:inst/while:asn(conf_info_ctrl_plm2vec.Push():mioi.bcwt)                                                                                                                                                                                                                                                                                                                      0.0000 0.3200                    
      LeakyreluConfig:ConfigRead:inst/LeakyreluConfig:ConfigRead:conf_info_ctrl_plm2vec.Push():mioi:inst/LeakyreluConfig:ConfigRead:conf_info_ctrl_plm2vec.Push():mioi:conf_info_ctrl_plm2vec.Push():mio:wait_dp:inst/conf_info_ctrl_plm2vec.Push():mioi.bcwt                                                                                                                                                                                                                                                                                                                                 0.0000 0.3200                    
      LeakyreluConfig:ConfigRead:inst/LeakyreluConfig:ConfigRead:conf_info_ctrl_plm2vec.Push():mioi:inst/conf_info_ctrl_plm2vec.Push():mioi.bcwt                                                                                                                                                                                                                                                                                                                                                                                                                                              0.0000 0.3200                    
      LeakyreluConfig:ConfigRead:inst/LeakyreluConfig:ConfigRead:conf_info_ctrl_plm2vec.Push():mioi:inst/LeakyreluConfig:ConfigRead:conf_info_ctrl_plm2vec.Push():mioi:conf_info_ctrl_plm2vec.Push():mio:wait_ctrl:inst/conf_info_ctrl_plm2vec.Push():mioi.bcwt                                                                                                                                                                                                                                                                                                                               0.0000 0.3200                    
      LeakyreluConfig:ConfigRead:inst/LeakyreluConfig:ConfigRead:conf_info_ctrl_plm2vec.Push():mioi:inst/LeakyreluConfig:ConfigRead:conf_info_ctrl_plm2vec.Push():mioi:conf_info_ctrl_plm2vec.Push():mio:wait_ctrl:inst/while:not#11                                         mgc_not_1                                                                                                                                                                                                                                                                                                        0.0000 0.3200                    
      LeakyreluConfig:ConfigRead:inst/LeakyreluConfig:ConfigRead:conf_info_ctrl_plm2vec.Push():mioi:inst/LeakyreluConfig:ConfigRead:conf_info_ctrl_plm2vec.Push():mioi:conf_info_ctrl_plm2vec.Push():mio:wait_ctrl:inst/while:not#11.itm                                                                                                                                                                                                                                                                                                                                                      0.0000 0.3200                    
      LeakyreluConfig:ConfigRead:inst/LeakyreluConfig:ConfigRead:conf_info_ctrl_plm2vec.Push():mioi:inst/LeakyreluConfig:ConfigRead:conf_info_ctrl_plm2vec.Push():mioi:conf_info_ctrl_plm2vec.Push():mio:wait_ctrl:inst/while:and#10                                         mgc_and_1_2                                                                                                                                                                                                                                                                                                      0.5500 0.8700                    
      LeakyreluConfig:ConfigRead:inst/LeakyreluConfig:ConfigRead:conf_info_ctrl_plm2vec.Push():mioi:inst/LeakyreluConfig:ConfigRead:conf_info_ctrl_plm2vec.Push():mioi:conf_info_ctrl_plm2vec.Push():mio:wait_ctrl:inst/conf_info_ctrl_plm2vec.Push():mioi.ogwt                                                                                                                                                                                                                                                                                                                               0.0000 0.8700                    
      LeakyreluConfig:ConfigRead:inst/LeakyreluConfig:ConfigRead:conf_info_ctrl_plm2vec.Push():mioi:inst/LeakyreluConfig:ConfigRead:conf_info_ctrl_plm2vec.Push():mioi:conf_info_ctrl_plm2vec.Push():mio:wait_ctrl:inst/while:and#8                                          mgc_and_1_2                                                                                                                                                                                                                                                                                                      0.5500 1.4200                    
      LeakyreluConfig:ConfigRead:inst/LeakyreluConfig:ConfigRead:conf_info_ctrl_plm2vec.Push():mioi:inst/LeakyreluConfig:ConfigRead:conf_info_ctrl_plm2vec.Push():mioi:conf_info_ctrl_plm2vec.Push():mio:wait_ctrl:inst/conf_info_ctrl_plm2vec.Push():mioi.biwt                                                                                                                                                                                                                                                                                                                               0.0000 1.4200                    
      LeakyreluConfig:ConfigRead:inst/LeakyreluConfig:ConfigRead:conf_info_ctrl_plm2vec.Push():mioi:inst/conf_info_ctrl_plm2vec.Push():mioi.biwt                                                                                                                                                                                                                                                                                                                                                                                                                                              0.0000 1.4200                    
      LeakyreluConfig:ConfigRead:inst/LeakyreluConfig:ConfigRead:conf_info_ctrl_plm2vec.Push():mioi:inst/LeakyreluConfig:ConfigRead:conf_info_ctrl_plm2vec.Push():mioi:conf_info_ctrl_plm2vec.Push():mio:wait_dp:inst/conf_info_ctrl_plm2vec.Push():mioi.biwt                                                                                                                                                                                                                                                                                                                                 0.0000 1.4200                    
      LeakyreluConfig:ConfigRead:inst/LeakyreluConfig:ConfigRead:conf_info_ctrl_plm2vec.Push():mioi:inst/LeakyreluConfig:ConfigRead:conf_info_ctrl_plm2vec.Push():mioi:conf_info_ctrl_plm2vec.Push():mio:wait_dp:inst/while:nor#3                                            mgc_nor_1_2                                                                                                                                                                                                                                                                                                      0.0000 1.4200                    
      LeakyreluConfig:ConfigRead:inst/LeakyreluConfig:ConfigRead:conf_info_ctrl_plm2vec.Push():mioi:inst/LeakyreluConfig:ConfigRead:conf_info_ctrl_plm2vec.Push():mioi:conf_info_ctrl_plm2vec.Push():mio:wait_dp:inst/while:nor#3.itm                                                                                                                                                                                                                                                                                                                                                         0.0000 1.4200                    
      LeakyreluConfig:ConfigRead:inst/LeakyreluConfig:ConfigRead:conf_info_ctrl_plm2vec.Push():mioi:inst/LeakyreluConfig:ConfigRead:conf_info_ctrl_plm2vec.Push():mioi:conf_info_ctrl_plm2vec.Push():mio:wait_dp:inst/while:nor#2                                            mgc_nor_1_2                                                                                                                                                                                                                                                                                                      0.5500 1.9700                    
      LeakyreluConfig:ConfigRead:inst/LeakyreluConfig:ConfigRead:conf_info_ctrl_plm2vec.Push():mioi:inst/LeakyreluConfig:ConfigRead:conf_info_ctrl_plm2vec.Push():mioi:conf_info_ctrl_plm2vec.Push():mio:wait_dp:inst/while:nor#2.rmff                                                                                                                                                                                                                                                                                                                                                        0.0000 1.9700                    
      LeakyreluConfig:ConfigRead:inst/LeakyreluConfig:ConfigRead:conf_info_ctrl_plm2vec.Push():mioi:inst/LeakyreluConfig:ConfigRead:conf_info_ctrl_plm2vec.Push():mioi:conf_info_ctrl_plm2vec.Push():mio:wait_dp:inst/while:asn(conf_info_ctrl_plm2vec.Push():mioi.bcwt.pff)                                                                                                                                                                                                                                                                                                                  0.0000 1.9700                    
      LeakyreluConfig:ConfigRead:inst/LeakyreluConfig:ConfigRead:conf_info_ctrl_plm2vec.Push():mioi:inst/LeakyreluConfig:ConfigRead:conf_info_ctrl_plm2vec.Push():mioi:conf_info_ctrl_plm2vec.Push():mio:wait_dp:inst/conf_info_ctrl_plm2vec.Push():mioi.bcwt.pff                                                                                                                                                                                                                                                                                                                             0.0000 1.9700                    
      LeakyreluConfig:ConfigRead:inst/LeakyreluConfig:ConfigRead:conf_info_ctrl_plm2vec.Push():mioi:inst/conf_info_ctrl_plm2vec.Push():mioi.bcwt.iff                                                                                                                                                                                                                                                                                                                                                                                                                                          0.0000 1.9700                    
      LeakyreluConfig:ConfigRead:inst/LeakyreluConfig:ConfigRead:conf_info_ctrl_plm2vec.Push():mioi:inst/LeakyreluConfig:ConfigRead:conf_info_ctrl_plm2vec.Push():mioi:conf_info_ctrl_plm2vec.Push():mio:wait_ctrl:inst/conf_info_ctrl_plm2vec.Push():mioi.bcwt.pff                                                                                                                                                                                                                                                                                                                           0.0000 1.9700                    
      LeakyreluConfig:ConfigRead:inst/LeakyreluConfig:ConfigRead:conf_info_ctrl_plm2vec.Push():mioi:inst/LeakyreluConfig:ConfigRead:conf_info_ctrl_plm2vec.Push():mioi:conf_info_ctrl_plm2vec.Push():mio:wait_ctrl:inst/while:not#12                                         mgc_not_1                                                                                                                                                                                                                                                                                                        0.0000 1.9700                    
      LeakyreluConfig:ConfigRead:inst/LeakyreluConfig:ConfigRead:conf_info_ctrl_plm2vec.Push():mioi:inst/LeakyreluConfig:ConfigRead:conf_info_ctrl_plm2vec.Push():mioi:conf_info_ctrl_plm2vec.Push():mio:wait_ctrl:inst/while:not#12.itm                                                                                                                                                                                                                                                                                                                                                      0.0000 1.9700                    
      LeakyreluConfig:ConfigRead:inst/LeakyreluConfig:ConfigRead:conf_info_ctrl_plm2vec.Push():mioi:inst/LeakyreluConfig:ConfigRead:conf_info_ctrl_plm2vec.Push():mioi:conf_info_ctrl_plm2vec.Push():mio:wait_ctrl:inst/while:and#12                                         mgc_and_1_3                                                                                                                                                                                                                                                                                                      0.5500 2.5200                    
      LeakyreluConfig:ConfigRead:inst/LeakyreluConfig:ConfigRead:conf_info_ctrl_plm2vec.Push():mioi:inst/LeakyreluConfig:ConfigRead:conf_info_ctrl_plm2vec.Push():mioi:conf_info_ctrl_plm2vec.Push():mio:wait_ctrl:inst/conf_info_ctrl_plm2vec.Push():mioi.biwt.pff                                                                                                                                                                                                                                                                                                                           0.0000 2.5200                    
      LeakyreluConfig:ConfigRead:inst/LeakyreluConfig:ConfigRead:conf_info_ctrl_plm2vec.Push():mioi:inst/conf_info_ctrl_plm2vec.Push():mioi.biwt.iff                                                                                                                                                                                                                                                                                                                                                                                                                                          0.0000 2.5200                    
      LeakyreluConfig:ConfigRead:inst/LeakyreluConfig:ConfigRead:conf_info_ctrl_plm2vec.Push():mioi:inst/LeakyreluConfig:ConfigRead:conf_info_ctrl_plm2vec.Push():mioi:conf_info_ctrl_plm2vec.Push():mio:wait_dp:inst/conf_info_ctrl_plm2vec.Push():mioi.biwt.pff                                                                                                                                                                                                                                                                                                                             0.0000 2.5200                    
      LeakyreluConfig:ConfigRead:inst/LeakyreluConfig:ConfigRead:conf_info_ctrl_plm2vec.Push():mioi:inst/LeakyreluConfig:ConfigRead:conf_info_ctrl_plm2vec.Push():mioi:conf_info_ctrl_plm2vec.Push():mio:wait_dp:inst/while:or#4                                             mgc_or_1_3                                                                                                                                                                                                                                                                                                       0.5500 3.0700                    
      LeakyreluConfig:ConfigRead:inst/LeakyreluConfig:ConfigRead:conf_info_ctrl_plm2vec.Push():mioi:inst/LeakyreluConfig:ConfigRead:conf_info_ctrl_plm2vec.Push():mioi:conf_info_ctrl_plm2vec.Push():mio:wait_dp:inst/conf_info_ctrl_plm2vec.Push():mioi.wen_comp                                                                                                                                                                                                                                                                                                                             0.0000 3.0700                    
      LeakyreluConfig:ConfigRead:inst/LeakyreluConfig:ConfigRead:conf_info_ctrl_plm2vec.Push():mioi:inst/conf_info_ctrl_plm2vec.Push():mioi.wen_comp.reg                                                                                                                                                                                                                                                                                                                                                                                                                                      0.0000 3.0700                    
      LeakyreluConfig:ConfigRead:inst/LeakyreluConfig:ConfigRead:conf_info_ctrl_plm2vec.Push():mioi:inst/asn(conf_info_ctrl_plm2vec.Push():mioi.wen_comp)                                                                                                                                                                                                                                                                                                                                                                                                                                     0.0000 3.0700                    
      LeakyreluConfig:ConfigRead:inst/LeakyreluConfig:ConfigRead:conf_info_ctrl_plm2vec.Push():mioi:inst/conf_info_ctrl_plm2vec.Push():mioi.wen_comp                                                                                                                                                                                                                                                                                                                                                                                                                                          0.0000 3.0700                    
      LeakyreluConfig:ConfigRead:inst/conf_info_ctrl_plm2vec.Push():mioi.wen_comp                                                                                                                                                                                                                                                                                                                                                                                                                                                                                                             0.0000 3.0700                    
      LeakyreluConfig:ConfigRead:inst/LeakyreluConfig:ConfigRead:staller:inst/conf_info_ctrl_plm2vec.Push():mioi.wen_comp                                                                                                                                                                                                                                                                                                                                                                                                                                                                     0.0000 3.0700                    
      LeakyreluConfig:ConfigRead:inst/LeakyreluConfig:ConfigRead:staller:inst/and                                                                                                                                                                                            mgc_and_1_4                                                                                                                                                                                                                                                                                                      0.5500 3.6200                    
      LeakyreluConfig:ConfigRead:inst/LeakyreluConfig:ConfigRead:staller:inst/ConfigRead.wen                                                                                                                                                                                                                                                                                                                                                                                                                                                                                                  0.0000 3.6200                    
      LeakyreluConfig:ConfigRead:inst/ConfigRead.wen:rtff                                                                                                                                                                                                                                                                                                                                                                                                                                                                                                                                     0.0000 3.6200                    
      LeakyreluConfig:ConfigRead:inst/reg(ConfigRead.wen)                                                                                                                                                                                                                    mgc_reg_pos_1_1_0_0_0_0_0                                                                                                                                                                                                                                                                                        0.0000 3.6200                    
                                                                                                                                                                                                                                                                                                                                                                                                                                                                                                                                                                                                                               
    3                                                                                                                                                                                                                                                                        LeakyreluConfig:ConfigRead:inst/LeakyreluConfig:ConfigRead:conf_info_ctrl_acc2dma.Push():mioi:inst/LeakyreluConfig:ConfigRead:conf_info_ctrl_acc2dma.Push():mioi:conf_info_ctrl_acc2dma.Push():mio:wait_dp:inst/reg(conf_info_ctrl_acc2dma.Push():mioi.bcwt) LeakyreluConfig:ConfigRead:inst/reg(ConfigRead.wen) 3.6200 1.3800                    
                                                                                                                                                                                                                                                                                                                                                                                                                                                                                                                                                                                                                               
      Instance                                                                                                                                                                                                                                                               Component                                                                                                                                                                                                                                                                                                        Delta  Delay  [MIN, MAX]         
      --------                                                                                                                                                                                                                                                               ---------                                                                                                                                                                                                                                                                                                        -----  -----  ------------------ 
      LeakyreluConfig:ConfigRead:inst/LeakyreluConfig:ConfigRead:conf_info_ctrl_acc2dma.Push():mioi:inst/LeakyreluConfig:ConfigRead:conf_info_ctrl_acc2dma.Push():mioi:conf_info_ctrl_acc2dma.Push():mio:wait_dp:inst/reg(conf_info_ctrl_acc2dma.Push():mioi.bcwt)           mgc_reg_pos_1_1_0_0_0_0_0                                                                                                                                                                                                                                                                                        0.3200 0.3200                    
      LeakyreluConfig:ConfigRead:inst/LeakyreluConfig:ConfigRead:conf_info_ctrl_acc2dma.Push():mioi:inst/LeakyreluConfig:ConfigRead:conf_info_ctrl_acc2dma.Push():mioi:conf_info_ctrl_acc2dma.Push():mio:wait_dp:inst/conf_info_ctrl_acc2dma.Push():mioi.bcwt.reg                                                                                                                                                                                                                                                                                                                             0.0000 0.3200                    
      LeakyreluConfig:ConfigRead:inst/LeakyreluConfig:ConfigRead:conf_info_ctrl_acc2dma.Push():mioi:inst/LeakyreluConfig:ConfigRead:conf_info_ctrl_acc2dma.Push():mioi:conf_info_ctrl_acc2dma.Push():mio:wait_dp:inst/while:asn(conf_info_ctrl_acc2dma.Push():mioi.bcwt)                                                                                                                                                                                                                                                                                                                      0.0000 0.3200                    
      LeakyreluConfig:ConfigRead:inst/LeakyreluConfig:ConfigRead:conf_info_ctrl_acc2dma.Push():mioi:inst/LeakyreluConfig:ConfigRead:conf_info_ctrl_acc2dma.Push():mioi:conf_info_ctrl_acc2dma.Push():mio:wait_dp:inst/conf_info_ctrl_acc2dma.Push():mioi.bcwt                                                                                                                                                                                                                                                                                                                                 0.0000 0.3200                    
      LeakyreluConfig:ConfigRead:inst/LeakyreluConfig:ConfigRead:conf_info_ctrl_acc2dma.Push():mioi:inst/conf_info_ctrl_acc2dma.Push():mioi.bcwt                                                                                                                                                                                                                                                                                                                                                                                                                                              0.0000 0.3200                    
      LeakyreluConfig:ConfigRead:inst/LeakyreluConfig:ConfigRead:conf_info_ctrl_acc2dma.Push():mioi:inst/LeakyreluConfig:ConfigRead:conf_info_ctrl_acc2dma.Push():mioi:conf_info_ctrl_acc2dma.Push():mio:wait_ctrl:inst/conf_info_ctrl_acc2dma.Push():mioi.bcwt                                                                                                                                                                                                                                                                                                                               0.0000 0.3200                    
      LeakyreluConfig:ConfigRead:inst/LeakyreluConfig:ConfigRead:conf_info_ctrl_acc2dma.Push():mioi:inst/LeakyreluConfig:ConfigRead:conf_info_ctrl_acc2dma.Push():mioi:conf_info_ctrl_acc2dma.Push():mio:wait_ctrl:inst/while:not#16                                         mgc_not_1                                                                                                                                                                                                                                                                                                        0.0000 0.3200                    
      LeakyreluConfig:ConfigRead:inst/LeakyreluConfig:ConfigRead:conf_info_ctrl_acc2dma.Push():mioi:inst/LeakyreluConfig:ConfigRead:conf_info_ctrl_acc2dma.Push():mioi:conf_info_ctrl_acc2dma.Push():mio:wait_ctrl:inst/while:not#16.itm                                                                                                                                                                                                                                                                                                                                                      0.0000 0.3200                    
      LeakyreluConfig:ConfigRead:inst/LeakyreluConfig:ConfigRead:conf_info_ctrl_acc2dma.Push():mioi:inst/LeakyreluConfig:ConfigRead:conf_info_ctrl_acc2dma.Push():mioi:conf_info_ctrl_acc2dma.Push():mio:wait_ctrl:inst/while:and#14                                         mgc_and_1_2                                                                                                                                                                                                                                                                                                      0.5500 0.8700                    
      LeakyreluConfig:ConfigRead:inst/LeakyreluConfig:ConfigRead:conf_info_ctrl_acc2dma.Push():mioi:inst/LeakyreluConfig:ConfigRead:conf_info_ctrl_acc2dma.Push():mioi:conf_info_ctrl_acc2dma.Push():mio:wait_ctrl:inst/conf_info_ctrl_acc2dma.Push():mioi.ogwt                                                                                                                                                                                                                                                                                                                               0.0000 0.8700                    
      LeakyreluConfig:ConfigRead:inst/LeakyreluConfig:ConfigRead:conf_info_ctrl_acc2dma.Push():mioi:inst/LeakyreluConfig:ConfigRead:conf_info_ctrl_acc2dma.Push():mioi:conf_info_ctrl_acc2dma.Push():mio:wait_ctrl:inst/while:and#12                                         mgc_and_1_2                                                                                                                                                                                                                                                                                                      0.5500 1.4200                    
      LeakyreluConfig:ConfigRead:inst/LeakyreluConfig:ConfigRead:conf_info_ctrl_acc2dma.Push():mioi:inst/LeakyreluConfig:ConfigRead:conf_info_ctrl_acc2dma.Push():mioi:conf_info_ctrl_acc2dma.Push():mio:wait_ctrl:inst/conf_info_ctrl_acc2dma.Push():mioi.biwt                                                                                                                                                                                                                                                                                                                               0.0000 1.4200                    
      LeakyreluConfig:ConfigRead:inst/LeakyreluConfig:ConfigRead:conf_info_ctrl_acc2dma.Push():mioi:inst/conf_info_ctrl_acc2dma.Push():mioi.biwt                                                                                                                                                                                                                                                                                                                                                                                                                                              0.0000 1.4200                    
      LeakyreluConfig:ConfigRead:inst/LeakyreluConfig:ConfigRead:conf_info_ctrl_acc2dma.Push():mioi:inst/LeakyreluConfig:ConfigRead:conf_info_ctrl_acc2dma.Push():mioi:conf_info_ctrl_acc2dma.Push():mio:wait_dp:inst/conf_info_ctrl_acc2dma.Push():mioi.biwt                                                                                                                                                                                                                                                                                                                                 0.0000 1.4200                    
      LeakyreluConfig:ConfigRead:inst/LeakyreluConfig:ConfigRead:conf_info_ctrl_acc2dma.Push():mioi:inst/LeakyreluConfig:ConfigRead:conf_info_ctrl_acc2dma.Push():mioi:conf_info_ctrl_acc2dma.Push():mio:wait_dp:inst/while:nor#5                                            mgc_nor_1_2                                                                                                                                                                                                                                                                                                      0.0000 1.4200                    
      LeakyreluConfig:ConfigRead:inst/LeakyreluConfig:ConfigRead:conf_info_ctrl_acc2dma.Push():mioi:inst/LeakyreluConfig:ConfigRead:conf_info_ctrl_acc2dma.Push():mioi:conf_info_ctrl_acc2dma.Push():mio:wait_dp:inst/while:nor#5.itm                                                                                                                                                                                                                                                                                                                                                         0.0000 1.4200                    
      LeakyreluConfig:ConfigRead:inst/LeakyreluConfig:ConfigRead:conf_info_ctrl_acc2dma.Push():mioi:inst/LeakyreluConfig:ConfigRead:conf_info_ctrl_acc2dma.Push():mioi:conf_info_ctrl_acc2dma.Push():mio:wait_dp:inst/while:nor#4                                            mgc_nor_1_2                                                                                                                                                                                                                                                                                                      0.5500 1.9700                    
      LeakyreluConfig:ConfigRead:inst/LeakyreluConfig:ConfigRead:conf_info_ctrl_acc2dma.Push():mioi:inst/LeakyreluConfig:ConfigRead:conf_info_ctrl_acc2dma.Push():mioi:conf_info_ctrl_acc2dma.Push():mio:wait_dp:inst/while:nor#4.rmff                                                                                                                                                                                                                                                                                                                                                        0.0000 1.9700                    
      LeakyreluConfig:ConfigRead:inst/LeakyreluConfig:ConfigRead:conf_info_ctrl_acc2dma.Push():mioi:inst/LeakyreluConfig:ConfigRead:conf_info_ctrl_acc2dma.Push():mioi:conf_info_ctrl_acc2dma.Push():mio:wait_dp:inst/while:asn(conf_info_ctrl_acc2dma.Push():mioi.bcwt.pff)                                                                                                                                                                                                                                                                                                                  0.0000 1.9700                    
      LeakyreluConfig:ConfigRead:inst/LeakyreluConfig:ConfigRead:conf_info_ctrl_acc2dma.Push():mioi:inst/LeakyreluConfig:ConfigRead:conf_info_ctrl_acc2dma.Push():mioi:conf_info_ctrl_acc2dma.Push():mio:wait_dp:inst/conf_info_ctrl_acc2dma.Push():mioi.bcwt.pff                                                                                                                                                                                                                                                                                                                             0.0000 1.9700                    
      LeakyreluConfig:ConfigRead:inst/LeakyreluConfig:ConfigRead:conf_info_ctrl_acc2dma.Push():mioi:inst/conf_info_ctrl_acc2dma.Push():mioi.bcwt.iff                                                                                                                                                                                                                                                                                                                                                                                                                                          0.0000 1.9700                    
      LeakyreluConfig:ConfigRead:inst/LeakyreluConfig:ConfigRead:conf_info_ctrl_acc2dma.Push():mioi:inst/LeakyreluConfig:ConfigRead:conf_info_ctrl_acc2dma.Push():mioi:conf_info_ctrl_acc2dma.Push():mio:wait_ctrl:inst/conf_info_ctrl_acc2dma.Push():mioi.bcwt.pff                                                                                                                                                                                                                                                                                                                           0.0000 1.9700                    
      LeakyreluConfig:ConfigRead:inst/LeakyreluConfig:ConfigRead:conf_info_ctrl_acc2dma.Push():mioi:inst/LeakyreluConfig:ConfigRead:conf_info_ctrl_acc2dma.Push():mioi:conf_info_ctrl_acc2dma.Push():mio:wait_ctrl:inst/while:not#17                                         mgc_not_1                                                                                                                                                                                                                                                                                                        0.0000 1.9700                    
      LeakyreluConfig:ConfigRead:inst/LeakyreluConfig:ConfigRead:conf_info_ctrl_acc2dma.Push():mioi:inst/LeakyreluConfig:ConfigRead:conf_info_ctrl_acc2dma.Push():mioi:conf_info_ctrl_acc2dma.Push():mio:wait_ctrl:inst/while:not#17.itm                                                                                                                                                                                                                                                                                                                                                      0.0000 1.9700                    
      LeakyreluConfig:ConfigRead:inst/LeakyreluConfig:ConfigRead:conf_info_ctrl_acc2dma.Push():mioi:inst/LeakyreluConfig:ConfigRead:conf_info_ctrl_acc2dma.Push():mioi:conf_info_ctrl_acc2dma.Push():mio:wait_ctrl:inst/while:and#16                                         mgc_and_1_3                                                                                                                                                                                                                                                                                                      0.5500 2.5200                    
      LeakyreluConfig:ConfigRead:inst/LeakyreluConfig:ConfigRead:conf_info_ctrl_acc2dma.Push():mioi:inst/LeakyreluConfig:ConfigRead:conf_info_ctrl_acc2dma.Push():mioi:conf_info_ctrl_acc2dma.Push():mio:wait_ctrl:inst/conf_info_ctrl_acc2dma.Push():mioi.biwt.pff                                                                                                                                                                                                                                                                                                                           0.0000 2.5200                    
      LeakyreluConfig:ConfigRead:inst/LeakyreluConfig:ConfigRead:conf_info_ctrl_acc2dma.Push():mioi:inst/conf_info_ctrl_acc2dma.Push():mioi.biwt.iff                                                                                                                                                                                                                                                                                                                                                                                                                                          0.0000 2.5200                    
      LeakyreluConfig:ConfigRead:inst/LeakyreluConfig:ConfigRead:conf_info_ctrl_acc2dma.Push():mioi:inst/LeakyreluConfig:ConfigRead:conf_info_ctrl_acc2dma.Push():mioi:conf_info_ctrl_acc2dma.Push():mio:wait_dp:inst/conf_info_ctrl_acc2dma.Push():mioi.biwt.pff                                                                                                                                                                                                                                                                                                                             0.0000 2.5200                    
      LeakyreluConfig:ConfigRead:inst/LeakyreluConfig:ConfigRead:conf_info_ctrl_acc2dma.Push():mioi:inst/LeakyreluConfig:ConfigRead:conf_info_ctrl_acc2dma.Push():mioi:conf_info_ctrl_acc2dma.Push():mio:wait_dp:inst/while:or#6                                             mgc_or_1_3                                                                                                                                                                                                                                                                                                       0.5500 3.0700                    
      LeakyreluConfig:ConfigRead:inst/LeakyreluConfig:ConfigRead:conf_info_ctrl_acc2dma.Push():mioi:inst/LeakyreluConfig:ConfigRead:conf_info_ctrl_acc2dma.Push():mioi:conf_info_ctrl_acc2dma.Push():mio:wait_dp:inst/conf_info_ctrl_acc2dma.Push():mioi.wen_comp                                                                                                                                                                                                                                                                                                                             0.0000 3.0700                    
      LeakyreluConfig:ConfigRead:inst/LeakyreluConfig:ConfigRead:conf_info_ctrl_acc2dma.Push():mioi:inst/conf_info_ctrl_acc2dma.Push():mioi.wen_comp.reg                                                                                                                                                                                                                                                                                                                                                                                                                                      0.0000 3.0700                    
      LeakyreluConfig:ConfigRead:inst/LeakyreluConfig:ConfigRead:conf_info_ctrl_acc2dma.Push():mioi:inst/asn(conf_info_ctrl_acc2dma.Push():mioi.wen_comp)                                                                                                                                                                                                                                                                                                                                                                                                                                     0.0000 3.0700                    
      LeakyreluConfig:ConfigRead:inst/LeakyreluConfig:ConfigRead:conf_info_ctrl_acc2dma.Push():mioi:inst/conf_info_ctrl_acc2dma.Push():mioi.wen_comp                                                                                                                                                                                                                                                                                                                                                                                                                                          0.0000 3.0700                    
      LeakyreluConfig:ConfigRead:inst/conf_info_ctrl_acc2dma.Push():mioi.wen_comp                                                                                                                                                                                                                                                                                                                                                                                                                                                                                                             0.0000 3.0700                    
      LeakyreluConfig:ConfigRead:inst/LeakyreluConfig:ConfigRead:staller:inst/conf_info_ctrl_acc2dma.Push():mioi.wen_comp                                                                                                                                                                                                                                                                                                                                                                                                                                                                     0.0000 3.0700                    
      LeakyreluConfig:ConfigRead:inst/LeakyreluConfig:ConfigRead:staller:inst/and                                                                                                                                                                                            mgc_and_1_4                                                                                                                                                                                                                                                                                                      0.5500 3.6200                    
      LeakyreluConfig:ConfigRead:inst/LeakyreluConfig:ConfigRead:staller:inst/ConfigRead.wen                                                                                                                                                                                                                                                                                                                                                                                                                                                                                                  0.0000 3.6200                    
      LeakyreluConfig:ConfigRead:inst/ConfigRead.wen:rtff                                                                                                                                                                                                                                                                                                                                                                                                                                                                                                                                     0.0000 3.6200                    
      LeakyreluConfig:ConfigRead:inst/reg(ConfigRead.wen)                                                                                                                                                                                                                    mgc_reg_pos_1_1_0_0_0_0_0                                                                                                                                                                                                                                                                                        0.0000 3.6200                    
                                                                                                                                                                                                                                                                                                                                                                                                                                                                                                                                                                                                                               
    4                                                                                                                                                                                                                                                                        LeakyreluConfig:ConfigRead:inst/reg(conf_info_ctrl_dma2acc.Push():mioi.oswt)                                                                                                                                                                                 LeakyreluConfig:ConfigRead:inst/reg(ConfigRead.wen) 3.6200 1.3800                    
                                                                                                                                                                                                                                                                                                                                                                                                                                                                                                                                                                                                                               
      Instance                                                                                                                                                                                                                                                               Component                                                                                                                                                                                                                                                                                                        Delta  Delay  [MIN, MAX]         
      --------                                                                                                                                                                                                                                                               ---------                                                                                                                                                                                                                                                                                                        -----  -----  ------------------ 
      LeakyreluConfig:ConfigRead:inst/reg(conf_info_ctrl_dma2acc.Push():mioi.oswt)                                                                                                                                                                                           mgc_reg_pos_1_1_0_0_0_0_0                                                                                                                                                                                                                                                                                        0.3200 0.3200                    
      LeakyreluConfig:ConfigRead:inst/reg(conf_info_ctrl_dma2acc.Push():mioi.oswt).tmp                                                                                                                                                                                                                                                                                                                                                                                                                                                                                                        0.0000 0.3200                    
      LeakyreluConfig:ConfigRead:inst/LeakyreluConfig:ConfigRead:conf_info_ctrl_dma2acc.Push():mioi:inst/conf_info_ctrl_dma2acc.Push():mioi.oswt                                                                                                                                                                                                                                                                                                                                                                                                                                              0.0000 0.3200                    
      LeakyreluConfig:ConfigRead:inst/LeakyreluConfig:ConfigRead:conf_info_ctrl_dma2acc.Push():mioi:inst/LeakyreluConfig:ConfigRead:conf_info_ctrl_dma2acc.Push():mioi:conf_info_ctrl_dma2acc.Push():mio:wait_ctrl:inst/conf_info_ctrl_dma2acc.Push():mioi.oswt                                                                                                                                                                                                                                                                                                                               0.0000 0.3200                    
      LeakyreluConfig:ConfigRead:inst/LeakyreluConfig:ConfigRead:conf_info_ctrl_dma2acc.Push():mioi:inst/LeakyreluConfig:ConfigRead:conf_info_ctrl_dma2acc.Push():mioi:conf_info_ctrl_dma2acc.Push():mio:wait_ctrl:inst/while:and#6                                          mgc_and_1_2                                                                                                                                                                                                                                                                                                      0.5500 0.8700                    
      LeakyreluConfig:ConfigRead:inst/LeakyreluConfig:ConfigRead:conf_info_ctrl_dma2acc.Push():mioi:inst/LeakyreluConfig:ConfigRead:conf_info_ctrl_dma2acc.Push():mioi:conf_info_ctrl_dma2acc.Push():mio:wait_ctrl:inst/conf_info_ctrl_dma2acc.Push():mioi.ogwt                                                                                                                                                                                                                                                                                                                               0.0000 0.8700                    
      LeakyreluConfig:ConfigRead:inst/LeakyreluConfig:ConfigRead:conf_info_ctrl_dma2acc.Push():mioi:inst/LeakyreluConfig:ConfigRead:conf_info_ctrl_dma2acc.Push():mioi:conf_info_ctrl_dma2acc.Push():mio:wait_ctrl:inst/while:and#4                                          mgc_and_1_2                                                                                                                                                                                                                                                                                                      0.5500 1.4200                    
      LeakyreluConfig:ConfigRead:inst/LeakyreluConfig:ConfigRead:conf_info_ctrl_dma2acc.Push():mioi:inst/LeakyreluConfig:ConfigRead:conf_info_ctrl_dma2acc.Push():mioi:conf_info_ctrl_dma2acc.Push():mio:wait_ctrl:inst/conf_info_ctrl_dma2acc.Push():mioi.biwt                                                                                                                                                                                                                                                                                                                               0.0000 1.4200                    
      LeakyreluConfig:ConfigRead:inst/LeakyreluConfig:ConfigRead:conf_info_ctrl_dma2acc.Push():mioi:inst/conf_info_ctrl_dma2acc.Push():mioi.biwt                                                                                                                                                                                                                                                                                                                                                                                                                                              0.0000 1.4200                    
      LeakyreluConfig:ConfigRead:inst/LeakyreluConfig:ConfigRead:conf_info_ctrl_dma2acc.Push():mioi:inst/LeakyreluConfig:ConfigRead:conf_info_ctrl_dma2acc.Push():mioi:conf_info_ctrl_dma2acc.Push():mio:wait_dp:inst/conf_info_ctrl_dma2acc.Push():mioi.biwt                                                                                                                                                                                                                                                                                                                                 0.0000 1.4200                    
      LeakyreluConfig:ConfigRead:inst/LeakyreluConfig:ConfigRead:conf_info_ctrl_dma2acc.Push():mioi:inst/LeakyreluConfig:ConfigRead:conf_info_ctrl_dma2acc.Push():mioi:conf_info_ctrl_dma2acc.Push():mio:wait_dp:inst/while:nor#1                                            mgc_nor_1_2                                                                                                                                                                                                                                                                                                      0.0000 1.4200                    
      LeakyreluConfig:ConfigRead:inst/LeakyreluConfig:ConfigRead:conf_info_ctrl_dma2acc.Push():mioi:inst/LeakyreluConfig:ConfigRead:conf_info_ctrl_dma2acc.Push():mioi:conf_info_ctrl_dma2acc.Push():mio:wait_dp:inst/while:nor#1.itm                                                                                                                                                                                                                                                                                                                                                         0.0000 1.4200                    
      LeakyreluConfig:ConfigRead:inst/LeakyreluConfig:ConfigRead:conf_info_ctrl_dma2acc.Push():mioi:inst/LeakyreluConfig:ConfigRead:conf_info_ctrl_dma2acc.Push():mioi:conf_info_ctrl_dma2acc.Push():mio:wait_dp:inst/while:nor                                              mgc_nor_1_2                                                                                                                                                                                                                                                                                                      0.5500 1.9700                    
      LeakyreluConfig:ConfigRead:inst/LeakyreluConfig:ConfigRead:conf_info_ctrl_dma2acc.Push():mioi:inst/LeakyreluConfig:ConfigRead:conf_info_ctrl_dma2acc.Push():mioi:conf_info_ctrl_dma2acc.Push():mio:wait_dp:inst/while:nor.rmff                                                                                                                                                                                                                                                                                                                                                          0.0000 1.9700                    
      LeakyreluConfig:ConfigRead:inst/LeakyreluConfig:ConfigRead:conf_info_ctrl_dma2acc.Push():mioi:inst/LeakyreluConfig:ConfigRead:conf_info_ctrl_dma2acc.Push():mioi:conf_info_ctrl_dma2acc.Push():mio:wait_dp:inst/while:asn(conf_info_ctrl_dma2acc.Push():mioi.bcwt.pff)                                                                                                                                                                                                                                                                                                                  0.0000 1.9700                    
      LeakyreluConfig:ConfigRead:inst/LeakyreluConfig:ConfigRead:conf_info_ctrl_dma2acc.Push():mioi:inst/LeakyreluConfig:ConfigRead:conf_info_ctrl_dma2acc.Push():mioi:conf_info_ctrl_dma2acc.Push():mio:wait_dp:inst/conf_info_ctrl_dma2acc.Push():mioi.bcwt.pff                                                                                                                                                                                                                                                                                                                             0.0000 1.9700                    
      LeakyreluConfig:ConfigRead:inst/LeakyreluConfig:ConfigRead:conf_info_ctrl_dma2acc.Push():mioi:inst/conf_info_ctrl_dma2acc.Push():mioi.bcwt.iff                                                                                                                                                                                                                                                                                                                                                                                                                                          0.0000 1.9700                    
      LeakyreluConfig:ConfigRead:inst/LeakyreluConfig:ConfigRead:conf_info_ctrl_dma2acc.Push():mioi:inst/LeakyreluConfig:ConfigRead:conf_info_ctrl_dma2acc.Push():mioi:conf_info_ctrl_dma2acc.Push():mio:wait_ctrl:inst/conf_info_ctrl_dma2acc.Push():mioi.bcwt.pff                                                                                                                                                                                                                                                                                                                           0.0000 1.9700                    
      LeakyreluConfig:ConfigRead:inst/LeakyreluConfig:ConfigRead:conf_info_ctrl_dma2acc.Push():mioi:inst/LeakyreluConfig:ConfigRead:conf_info_ctrl_dma2acc.Push():mioi:conf_info_ctrl_dma2acc.Push():mio:wait_ctrl:inst/while:not#7                                          mgc_not_1                                                                                                                                                                                                                                                                                                        0.0000 1.9700                    
      LeakyreluConfig:ConfigRead:inst/LeakyreluConfig:ConfigRead:conf_info_ctrl_dma2acc.Push():mioi:inst/LeakyreluConfig:ConfigRead:conf_info_ctrl_dma2acc.Push():mioi:conf_info_ctrl_dma2acc.Push():mio:wait_ctrl:inst/while:not#7.itm                                                                                                                                                                                                                                                                                                                                                       0.0000 1.9700                    
      LeakyreluConfig:ConfigRead:inst/LeakyreluConfig:ConfigRead:conf_info_ctrl_dma2acc.Push():mioi:inst/LeakyreluConfig:ConfigRead:conf_info_ctrl_dma2acc.Push():mioi:conf_info_ctrl_dma2acc.Push():mio:wait_ctrl:inst/while:and#8                                          mgc_and_1_3                                                                                                                                                                                                                                                                                                      0.5500 2.5200                    
      LeakyreluConfig:ConfigRead:inst/LeakyreluConfig:ConfigRead:conf_info_ctrl_dma2acc.Push():mioi:inst/LeakyreluConfig:ConfigRead:conf_info_ctrl_dma2acc.Push():mioi:conf_info_ctrl_dma2acc.Push():mio:wait_ctrl:inst/conf_info_ctrl_dma2acc.Push():mioi.biwt.pff                                                                                                                                                                                                                                                                                                                           0.0000 2.5200                    
      LeakyreluConfig:ConfigRead:inst/LeakyreluConfig:ConfigRead:conf_info_ctrl_dma2acc.Push():mioi:inst/conf_info_ctrl_dma2acc.Push():mioi.biwt.iff                                                                                                                                                                                                                                                                                                                                                                                                                                          0.0000 2.5200                    
      LeakyreluConfig:ConfigRead:inst/LeakyreluConfig:ConfigRead:conf_info_ctrl_dma2acc.Push():mioi:inst/LeakyreluConfig:ConfigRead:conf_info_ctrl_dma2acc.Push():mioi:conf_info_ctrl_dma2acc.Push():mio:wait_dp:inst/conf_info_ctrl_dma2acc.Push():mioi.biwt.pff                                                                                                                                                                                                                                                                                                                             0.0000 2.5200                    
      LeakyreluConfig:ConfigRead:inst/LeakyreluConfig:ConfigRead:conf_info_ctrl_dma2acc.Push():mioi:inst/LeakyreluConfig:ConfigRead:conf_info_ctrl_dma2acc.Push():mioi:conf_info_ctrl_dma2acc.Push():mio:wait_dp:inst/while:or#2                                             mgc_or_1_3                                                                                                                                                                                                                                                                                                       0.5500 3.0700                    
      LeakyreluConfig:ConfigRead:inst/LeakyreluConfig:ConfigRead:conf_info_ctrl_dma2acc.Push():mioi:inst/LeakyreluConfig:ConfigRead:conf_info_ctrl_dma2acc.Push():mioi:conf_info_ctrl_dma2acc.Push():mio:wait_dp:inst/conf_info_ctrl_dma2acc.Push():mioi.wen_comp                                                                                                                                                                                                                                                                                                                             0.0000 3.0700                    
      LeakyreluConfig:ConfigRead:inst/LeakyreluConfig:ConfigRead:conf_info_ctrl_dma2acc.Push():mioi:inst/conf_info_ctrl_dma2acc.Push():mioi.wen_comp.reg                                                                                                                                                                                                                                                                                                                                                                                                                                      0.0000 3.0700                    
      LeakyreluConfig:ConfigRead:inst/LeakyreluConfig:ConfigRead:conf_info_ctrl_dma2acc.Push():mioi:inst/asn(conf_info_ctrl_dma2acc.Push():mioi.wen_comp)                                                                                                                                                                                                                                                                                                                                                                                                                                     0.0000 3.0700                    
      LeakyreluConfig:ConfigRead:inst/LeakyreluConfig:ConfigRead:conf_info_ctrl_dma2acc.Push():mioi:inst/conf_info_ctrl_dma2acc.Push():mioi.wen_comp                                                                                                                                                                                                                                                                                                                                                                                                                                          0.0000 3.0700                    
      LeakyreluConfig:ConfigRead:inst/conf_info_ctrl_dma2acc.Push():mioi.wen_comp                                                                                                                                                                                                                                                                                                                                                                                                                                                                                                             0.0000 3.0700                    
      LeakyreluConfig:ConfigRead:inst/LeakyreluConfig:ConfigRead:staller:inst/conf_info_ctrl_dma2acc.Push():mioi.wen_comp                                                                                                                                                                                                                                                                                                                                                                                                                                                                     0.0000 3.0700                    
      LeakyreluConfig:ConfigRead:inst/LeakyreluConfig:ConfigRead:staller:inst/and                                                                                                                                                                                            mgc_and_1_4                                                                                                                                                                                                                                                                                                      0.5500 3.6200                    
      LeakyreluConfig:ConfigRead:inst/LeakyreluConfig:ConfigRead:staller:inst/ConfigRead.wen                                                                                                                                                                                                                                                                                                                                                                                                                                                                                                  0.0000 3.6200                    
      LeakyreluConfig:ConfigRead:inst/ConfigRead.wen:rtff                                                                                                                                                                                                                                                                                                                                                                                                                                                                                                                                     0.0000 3.6200                    
      LeakyreluConfig:ConfigRead:inst/reg(ConfigRead.wen)                                                                                                                                                                                                                    mgc_reg_pos_1_1_0_0_0_0_0                                                                                                                                                                                                                                                                                        0.0000 3.6200                    
                                                                                                                                                                                                                                                                                                                                                                                                                                                                                                                                                                                                                               
    5                                                                                                                                                                                                                                                                        LeakyreluConfig:ConfigRead:inst/reg(conf_info_ctrl_dma2acc.Push():mioi.oswt)                                                                                                                                                                                 LeakyreluConfig:ConfigRead:inst/reg(ConfigRead.wen) 3.6200 1.3800                    
                                                                                                                                                                                                                                                                                                                                                                                                                                                                                                                                                                                                                               
      Instance                                                                                                                                                                                                                                                               Component                                                                                                                                                                                                                                                                                                        Delta  Delay  [MIN, MAX]         
      --------                                                                                                                                                                                                                                                               ---------                                                                                                                                                                                                                                                                                                        -----  -----  ------------------ 
      LeakyreluConfig:ConfigRead:inst/reg(conf_info_ctrl_dma2acc.Push():mioi.oswt)                                                                                                                                                                                           mgc_reg_pos_1_1_0_0_0_0_0                                                                                                                                                                                                                                                                                        0.3200 0.3200                    
      LeakyreluConfig:ConfigRead:inst/reg(conf_info_ctrl_dma2acc.Push():mioi.oswt).tmp                                                                                                                                                                                                                                                                                                                                                                                                                                                                                                        0.0000 0.3200                    
      LeakyreluConfig:ConfigRead:inst/LeakyreluConfig:ConfigRead:conf_info_ctrl_plm2vec.Push():mioi:inst/conf_info_ctrl_plm2vec.Push():mioi.oswt                                                                                                                                                                                                                                                                                                                                                                                                                                              0.0000 0.3200                    
      LeakyreluConfig:ConfigRead:inst/LeakyreluConfig:ConfigRead:conf_info_ctrl_plm2vec.Push():mioi:inst/LeakyreluConfig:ConfigRead:conf_info_ctrl_plm2vec.Push():mioi:conf_info_ctrl_plm2vec.Push():mio:wait_ctrl:inst/conf_info_ctrl_plm2vec.Push():mioi.oswt                                                                                                                                                                                                                                                                                                                               0.0000 0.3200                    
      LeakyreluConfig:ConfigRead:inst/LeakyreluConfig:ConfigRead:conf_info_ctrl_plm2vec.Push():mioi:inst/LeakyreluConfig:ConfigRead:conf_info_ctrl_plm2vec.Push():mioi:conf_info_ctrl_plm2vec.Push():mio:wait_ctrl:inst/while:and#10                                         mgc_and_1_2                                                                                                                                                                                                                                                                                                      0.5500 0.8700                    
      LeakyreluConfig:ConfigRead:inst/LeakyreluConfig:ConfigRead:conf_info_ctrl_plm2vec.Push():mioi:inst/LeakyreluConfig:ConfigRead:conf_info_ctrl_plm2vec.Push():mioi:conf_info_ctrl_plm2vec.Push():mio:wait_ctrl:inst/conf_info_ctrl_plm2vec.Push():mioi.ogwt                                                                                                                                                                                                                                                                                                                               0.0000 0.8700                    
      LeakyreluConfig:ConfigRead:inst/LeakyreluConfig:ConfigRead:conf_info_ctrl_plm2vec.Push():mioi:inst/LeakyreluConfig:ConfigRead:conf_info_ctrl_plm2vec.Push():mioi:conf_info_ctrl_plm2vec.Push():mio:wait_ctrl:inst/while:and#8                                          mgc_and_1_2                                                                                                                                                                                                                                                                                                      0.5500 1.4200                    
      LeakyreluConfig:ConfigRead:inst/LeakyreluConfig:ConfigRead:conf_info_ctrl_plm2vec.Push():mioi:inst/LeakyreluConfig:ConfigRead:conf_info_ctrl_plm2vec.Push():mioi:conf_info_ctrl_plm2vec.Push():mio:wait_ctrl:inst/conf_info_ctrl_plm2vec.Push():mioi.biwt                                                                                                                                                                                                                                                                                                                               0.0000 1.4200                    
      LeakyreluConfig:ConfigRead:inst/LeakyreluConfig:ConfigRead:conf_info_ctrl_plm2vec.Push():mioi:inst/conf_info_ctrl_plm2vec.Push():mioi.biwt                                                                                                                                                                                                                                                                                                                                                                                                                                              0.0000 1.4200                    
      LeakyreluConfig:ConfigRead:inst/LeakyreluConfig:ConfigRead:conf_info_ctrl_plm2vec.Push():mioi:inst/LeakyreluConfig:ConfigRead:conf_info_ctrl_plm2vec.Push():mioi:conf_info_ctrl_plm2vec.Push():mio:wait_dp:inst/conf_info_ctrl_plm2vec.Push():mioi.biwt                                                                                                                                                                                                                                                                                                                                 0.0000 1.4200                    
      LeakyreluConfig:ConfigRead:inst/LeakyreluConfig:ConfigRead:conf_info_ctrl_plm2vec.Push():mioi:inst/LeakyreluConfig:ConfigRead:conf_info_ctrl_plm2vec.Push():mioi:conf_info_ctrl_plm2vec.Push():mio:wait_dp:inst/while:nor#3                                            mgc_nor_1_2                                                                                                                                                                                                                                                                                                      0.0000 1.4200                    
      LeakyreluConfig:ConfigRead:inst/LeakyreluConfig:ConfigRead:conf_info_ctrl_plm2vec.Push():mioi:inst/LeakyreluConfig:ConfigRead:conf_info_ctrl_plm2vec.Push():mioi:conf_info_ctrl_plm2vec.Push():mio:wait_dp:inst/while:nor#3.itm                                                                                                                                                                                                                                                                                                                                                         0.0000 1.4200                    
      LeakyreluConfig:ConfigRead:inst/LeakyreluConfig:ConfigRead:conf_info_ctrl_plm2vec.Push():mioi:inst/LeakyreluConfig:ConfigRead:conf_info_ctrl_plm2vec.Push():mioi:conf_info_ctrl_plm2vec.Push():mio:wait_dp:inst/while:nor#2                                            mgc_nor_1_2                                                                                                                                                                                                                                                                                                      0.5500 1.9700                    
      LeakyreluConfig:ConfigRead:inst/LeakyreluConfig:ConfigRead:conf_info_ctrl_plm2vec.Push():mioi:inst/LeakyreluConfig:ConfigRead:conf_info_ctrl_plm2vec.Push():mioi:conf_info_ctrl_plm2vec.Push():mio:wait_dp:inst/while:nor#2.rmff                                                                                                                                                                                                                                                                                                                                                        0.0000 1.9700                    
      LeakyreluConfig:ConfigRead:inst/LeakyreluConfig:ConfigRead:conf_info_ctrl_plm2vec.Push():mioi:inst/LeakyreluConfig:ConfigRead:conf_info_ctrl_plm2vec.Push():mioi:conf_info_ctrl_plm2vec.Push():mio:wait_dp:inst/while:asn(conf_info_ctrl_plm2vec.Push():mioi.bcwt.pff)                                                                                                                                                                                                                                                                                                                  0.0000 1.9700                    
      LeakyreluConfig:ConfigRead:inst/LeakyreluConfig:ConfigRead:conf_info_ctrl_plm2vec.Push():mioi:inst/LeakyreluConfig:ConfigRead:conf_info_ctrl_plm2vec.Push():mioi:conf_info_ctrl_plm2vec.Push():mio:wait_dp:inst/conf_info_ctrl_plm2vec.Push():mioi.bcwt.pff                                                                                                                                                                                                                                                                                                                             0.0000 1.9700                    
      LeakyreluConfig:ConfigRead:inst/LeakyreluConfig:ConfigRead:conf_info_ctrl_plm2vec.Push():mioi:inst/conf_info_ctrl_plm2vec.Push():mioi.bcwt.iff                                                                                                                                                                                                                                                                                                                                                                                                                                          0.0000 1.9700                    
      LeakyreluConfig:ConfigRead:inst/LeakyreluConfig:ConfigRead:conf_info_ctrl_plm2vec.Push():mioi:inst/LeakyreluConfig:ConfigRead:conf_info_ctrl_plm2vec.Push():mioi:conf_info_ctrl_plm2vec.Push():mio:wait_ctrl:inst/conf_info_ctrl_plm2vec.Push():mioi.bcwt.pff                                                                                                                                                                                                                                                                                                                           0.0000 1.9700                    
      LeakyreluConfig:ConfigRead:inst/LeakyreluConfig:ConfigRead:conf_info_ctrl_plm2vec.Push():mioi:inst/LeakyreluConfig:ConfigRead:conf_info_ctrl_plm2vec.Push():mioi:conf_info_ctrl_plm2vec.Push():mio:wait_ctrl:inst/while:not#12                                         mgc_not_1                                                                                                                                                                                                                                                                                                        0.0000 1.9700                    
      LeakyreluConfig:ConfigRead:inst/LeakyreluConfig:ConfigRead:conf_info_ctrl_plm2vec.Push():mioi:inst/LeakyreluConfig:ConfigRead:conf_info_ctrl_plm2vec.Push():mioi:conf_info_ctrl_plm2vec.Push():mio:wait_ctrl:inst/while:not#12.itm                                                                                                                                                                                                                                                                                                                                                      0.0000 1.9700                    
      LeakyreluConfig:ConfigRead:inst/LeakyreluConfig:ConfigRead:conf_info_ctrl_plm2vec.Push():mioi:inst/LeakyreluConfig:ConfigRead:conf_info_ctrl_plm2vec.Push():mioi:conf_info_ctrl_plm2vec.Push():mio:wait_ctrl:inst/while:and#12                                         mgc_and_1_3                                                                                                                                                                                                                                                                                                      0.5500 2.5200                    
      LeakyreluConfig:ConfigRead:inst/LeakyreluConfig:ConfigRead:conf_info_ctrl_plm2vec.Push():mioi:inst/LeakyreluConfig:ConfigRead:conf_info_ctrl_plm2vec.Push():mioi:conf_info_ctrl_plm2vec.Push():mio:wait_ctrl:inst/conf_info_ctrl_plm2vec.Push():mioi.biwt.pff                                                                                                                                                                                                                                                                                                                           0.0000 2.5200                    
      LeakyreluConfig:ConfigRead:inst/LeakyreluConfig:ConfigRead:conf_info_ctrl_plm2vec.Push():mioi:inst/conf_info_ctrl_plm2vec.Push():mioi.biwt.iff                                                                                                                                                                                                                                                                                                                                                                                                                                          0.0000 2.5200                    
      LeakyreluConfig:ConfigRead:inst/LeakyreluConfig:ConfigRead:conf_info_ctrl_plm2vec.Push():mioi:inst/LeakyreluConfig:ConfigRead:conf_info_ctrl_plm2vec.Push():mioi:conf_info_ctrl_plm2vec.Push():mio:wait_dp:inst/conf_info_ctrl_plm2vec.Push():mioi.biwt.pff                                                                                                                                                                                                                                                                                                                             0.0000 2.5200                    
      LeakyreluConfig:ConfigRead:inst/LeakyreluConfig:ConfigRead:conf_info_ctrl_plm2vec.Push():mioi:inst/LeakyreluConfig:ConfigRead:conf_info_ctrl_plm2vec.Push():mioi:conf_info_ctrl_plm2vec.Push():mio:wait_dp:inst/while:or#4                                             mgc_or_1_3                                                                                                                                                                                                                                                                                                       0.5500 3.0700                    
      LeakyreluConfig:ConfigRead:inst/LeakyreluConfig:ConfigRead:conf_info_ctrl_plm2vec.Push():mioi:inst/LeakyreluConfig:ConfigRead:conf_info_ctrl_plm2vec.Push():mioi:conf_info_ctrl_plm2vec.Push():mio:wait_dp:inst/conf_info_ctrl_plm2vec.Push():mioi.wen_comp                                                                                                                                                                                                                                                                                                                             0.0000 3.0700                    
      LeakyreluConfig:ConfigRead:inst/LeakyreluConfig:ConfigRead:conf_info_ctrl_plm2vec.Push():mioi:inst/conf_info_ctrl_plm2vec.Push():mioi.wen_comp.reg                                                                                                                                                                                                                                                                                                                                                                                                                                      0.0000 3.0700                    
      LeakyreluConfig:ConfigRead:inst/LeakyreluConfig:ConfigRead:conf_info_ctrl_plm2vec.Push():mioi:inst/asn(conf_info_ctrl_plm2vec.Push():mioi.wen_comp)                                                                                                                                                                                                                                                                                                                                                                                                                                     0.0000 3.0700                    
      LeakyreluConfig:ConfigRead:inst/LeakyreluConfig:ConfigRead:conf_info_ctrl_plm2vec.Push():mioi:inst/conf_info_ctrl_plm2vec.Push():mioi.wen_comp                                                                                                                                                                                                                                                                                                                                                                                                                                          0.0000 3.0700                    
      LeakyreluConfig:ConfigRead:inst/conf_info_ctrl_plm2vec.Push():mioi.wen_comp                                                                                                                                                                                                                                                                                                                                                                                                                                                                                                             0.0000 3.0700                    
      LeakyreluConfig:ConfigRead:inst/LeakyreluConfig:ConfigRead:staller:inst/conf_info_ctrl_plm2vec.Push():mioi.wen_comp                                                                                                                                                                                                                                                                                                                                                                                                                                                                     0.0000 3.0700                    
      LeakyreluConfig:ConfigRead:inst/LeakyreluConfig:ConfigRead:staller:inst/and                                                                                                                                                                                            mgc_and_1_4                                                                                                                                                                                                                                                                                                      0.5500 3.6200                    
      LeakyreluConfig:ConfigRead:inst/LeakyreluConfig:ConfigRead:staller:inst/ConfigRead.wen                                                                                                                                                                                                                                                                                                                                                                                                                                                                                                  0.0000 3.6200                    
      LeakyreluConfig:ConfigRead:inst/ConfigRead.wen:rtff                                                                                                                                                                                                                                                                                                                                                                                                                                                                                                                                     0.0000 3.6200                    
      LeakyreluConfig:ConfigRead:inst/reg(ConfigRead.wen)                                                                                                                                                                                                                    mgc_reg_pos_1_1_0_0_0_0_0                                                                                                                                                                                                                                                                                        0.0000 3.6200                    
                                                                                                                                                                                                                                                                                                                                                                                                                                                                                                                                                                                                                               
    6                                                                                                                                                                                                                                                                        LeakyreluConfig:ConfigRead:inst/reg(conf_info_ctrl_dma2acc.Push():mioi.oswt)                                                                                                                                                                                 LeakyreluConfig:ConfigRead:inst/reg(ConfigRead.wen) 3.6200 1.3800                    
                                                                                                                                                                                                                                                                                                                                                                                                                                                                                                                                                                                                                               
      Instance                                                                                                                                                                                                                                                               Component                                                                                                                                                                                                                                                                                                        Delta  Delay  [MIN, MAX]         
      --------                                                                                                                                                                                                                                                               ---------                                                                                                                                                                                                                                                                                                        -----  -----  ------------------ 
      LeakyreluConfig:ConfigRead:inst/reg(conf_info_ctrl_dma2acc.Push():mioi.oswt)                                                                                                                                                                                           mgc_reg_pos_1_1_0_0_0_0_0                                                                                                                                                                                                                                                                                        0.3200 0.3200                    
      LeakyreluConfig:ConfigRead:inst/reg(conf_info_ctrl_dma2acc.Push():mioi.oswt).tmp                                                                                                                                                                                                                                                                                                                                                                                                                                                                                                        0.0000 0.3200                    
      LeakyreluConfig:ConfigRead:inst/LeakyreluConfig:ConfigRead:conf_info_ctrl_acc2dma.Push():mioi:inst/conf_info_ctrl_acc2dma.Push():mioi.oswt                                                                                                                                                                                                                                                                                                                                                                                                                                              0.0000 0.3200                    
      LeakyreluConfig:ConfigRead:inst/LeakyreluConfig:ConfigRead:conf_info_ctrl_acc2dma.Push():mioi:inst/LeakyreluConfig:ConfigRead:conf_info_ctrl_acc2dma.Push():mioi:conf_info_ctrl_acc2dma.Push():mio:wait_ctrl:inst/conf_info_ctrl_acc2dma.Push():mioi.oswt                                                                                                                                                                                                                                                                                                                               0.0000 0.3200                    
      LeakyreluConfig:ConfigRead:inst/LeakyreluConfig:ConfigRead:conf_info_ctrl_acc2dma.Push():mioi:inst/LeakyreluConfig:ConfigRead:conf_info_ctrl_acc2dma.Push():mioi:conf_info_ctrl_acc2dma.Push():mio:wait_ctrl:inst/while:and#14                                         mgc_and_1_2                                                                                                                                                                                                                                                                                                      0.5500 0.8700                    
      LeakyreluConfig:ConfigRead:inst/LeakyreluConfig:ConfigRead:conf_info_ctrl_acc2dma.Push():mioi:inst/LeakyreluConfig:ConfigRead:conf_info_ctrl_acc2dma.Push():mioi:conf_info_ctrl_acc2dma.Push():mio:wait_ctrl:inst/conf_info_ctrl_acc2dma.Push():mioi.ogwt                                                                                                                                                                                                                                                                                                                               0.0000 0.8700                    
      LeakyreluConfig:ConfigRead:inst/LeakyreluConfig:ConfigRead:conf_info_ctrl_acc2dma.Push():mioi:inst/LeakyreluConfig:ConfigRead:conf_info_ctrl_acc2dma.Push():mioi:conf_info_ctrl_acc2dma.Push():mio:wait_ctrl:inst/while:and#12                                         mgc_and_1_2                                                                                                                                                                                                                                                                                                      0.5500 1.4200                    
      LeakyreluConfig:ConfigRead:inst/LeakyreluConfig:ConfigRead:conf_info_ctrl_acc2dma.Push():mioi:inst/LeakyreluConfig:ConfigRead:conf_info_ctrl_acc2dma.Push():mioi:conf_info_ctrl_acc2dma.Push():mio:wait_ctrl:inst/conf_info_ctrl_acc2dma.Push():mioi.biwt                                                                                                                                                                                                                                                                                                                               0.0000 1.4200                    
      LeakyreluConfig:ConfigRead:inst/LeakyreluConfig:ConfigRead:conf_info_ctrl_acc2dma.Push():mioi:inst/conf_info_ctrl_acc2dma.Push():mioi.biwt                                                                                                                                                                                                                                                                                                                                                                                                                                              0.0000 1.4200                    
      LeakyreluConfig:ConfigRead:inst/LeakyreluConfig:ConfigRead:conf_info_ctrl_acc2dma.Push():mioi:inst/LeakyreluConfig:ConfigRead:conf_info_ctrl_acc2dma.Push():mioi:conf_info_ctrl_acc2dma.Push():mio:wait_dp:inst/conf_info_ctrl_acc2dma.Push():mioi.biwt                                                                                                                                                                                                                                                                                                                                 0.0000 1.4200                    
      LeakyreluConfig:ConfigRead:inst/LeakyreluConfig:ConfigRead:conf_info_ctrl_acc2dma.Push():mioi:inst/LeakyreluConfig:ConfigRead:conf_info_ctrl_acc2dma.Push():mioi:conf_info_ctrl_acc2dma.Push():mio:wait_dp:inst/while:nor#5                                            mgc_nor_1_2                                                                                                                                                                                                                                                                                                      0.0000 1.4200                    
      LeakyreluConfig:ConfigRead:inst/LeakyreluConfig:ConfigRead:conf_info_ctrl_acc2dma.Push():mioi:inst/LeakyreluConfig:ConfigRead:conf_info_ctrl_acc2dma.Push():mioi:conf_info_ctrl_acc2dma.Push():mio:wait_dp:inst/while:nor#5.itm                                                                                                                                                                                                                                                                                                                                                         0.0000 1.4200                    
      LeakyreluConfig:ConfigRead:inst/LeakyreluConfig:ConfigRead:conf_info_ctrl_acc2dma.Push():mioi:inst/LeakyreluConfig:ConfigRead:conf_info_ctrl_acc2dma.Push():mioi:conf_info_ctrl_acc2dma.Push():mio:wait_dp:inst/while:nor#4                                            mgc_nor_1_2                                                                                                                                                                                                                                                                                                      0.5500 1.9700                    
      LeakyreluConfig:ConfigRead:inst/LeakyreluConfig:ConfigRead:conf_info_ctrl_acc2dma.Push():mioi:inst/LeakyreluConfig:ConfigRead:conf_info_ctrl_acc2dma.Push():mioi:conf_info_ctrl_acc2dma.Push():mio:wait_dp:inst/while:nor#4.rmff                                                                                                                                                                                                                                                                                                                                                        0.0000 1.9700                    
      LeakyreluConfig:ConfigRead:inst/LeakyreluConfig:ConfigRead:conf_info_ctrl_acc2dma.Push():mioi:inst/LeakyreluConfig:ConfigRead:conf_info_ctrl_acc2dma.Push():mioi:conf_info_ctrl_acc2dma.Push():mio:wait_dp:inst/while:asn(conf_info_ctrl_acc2dma.Push():mioi.bcwt.pff)                                                                                                                                                                                                                                                                                                                  0.0000 1.9700                    
      LeakyreluConfig:ConfigRead:inst/LeakyreluConfig:ConfigRead:conf_info_ctrl_acc2dma.Push():mioi:inst/LeakyreluConfig:ConfigRead:conf_info_ctrl_acc2dma.Push():mioi:conf_info_ctrl_acc2dma.Push():mio:wait_dp:inst/conf_info_ctrl_acc2dma.Push():mioi.bcwt.pff                                                                                                                                                                                                                                                                                                                             0.0000 1.9700                    
      LeakyreluConfig:ConfigRead:inst/LeakyreluConfig:ConfigRead:conf_info_ctrl_acc2dma.Push():mioi:inst/conf_info_ctrl_acc2dma.Push():mioi.bcwt.iff                                                                                                                                                                                                                                                                                                                                                                                                                                          0.0000 1.9700                    
      LeakyreluConfig:ConfigRead:inst/LeakyreluConfig:ConfigRead:conf_info_ctrl_acc2dma.Push():mioi:inst/LeakyreluConfig:ConfigRead:conf_info_ctrl_acc2dma.Push():mioi:conf_info_ctrl_acc2dma.Push():mio:wait_ctrl:inst/conf_info_ctrl_acc2dma.Push():mioi.bcwt.pff                                                                                                                                                                                                                                                                                                                           0.0000 1.9700                    
      LeakyreluConfig:ConfigRead:inst/LeakyreluConfig:ConfigRead:conf_info_ctrl_acc2dma.Push():mioi:inst/LeakyreluConfig:ConfigRead:conf_info_ctrl_acc2dma.Push():mioi:conf_info_ctrl_acc2dma.Push():mio:wait_ctrl:inst/while:not#17                                         mgc_not_1                                                                                                                                                                                                                                                                                                        0.0000 1.9700                    
      LeakyreluConfig:ConfigRead:inst/LeakyreluConfig:ConfigRead:conf_info_ctrl_acc2dma.Push():mioi:inst/LeakyreluConfig:ConfigRead:conf_info_ctrl_acc2dma.Push():mioi:conf_info_ctrl_acc2dma.Push():mio:wait_ctrl:inst/while:not#17.itm                                                                                                                                                                                                                                                                                                                                                      0.0000 1.9700                    
      LeakyreluConfig:ConfigRead:inst/LeakyreluConfig:ConfigRead:conf_info_ctrl_acc2dma.Push():mioi:inst/LeakyreluConfig:ConfigRead:conf_info_ctrl_acc2dma.Push():mioi:conf_info_ctrl_acc2dma.Push():mio:wait_ctrl:inst/while:and#16                                         mgc_and_1_3                                                                                                                                                                                                                                                                                                      0.5500 2.5200                    
      LeakyreluConfig:ConfigRead:inst/LeakyreluConfig:ConfigRead:conf_info_ctrl_acc2dma.Push():mioi:inst/LeakyreluConfig:ConfigRead:conf_info_ctrl_acc2dma.Push():mioi:conf_info_ctrl_acc2dma.Push():mio:wait_ctrl:inst/conf_info_ctrl_acc2dma.Push():mioi.biwt.pff                                                                                                                                                                                                                                                                                                                           0.0000 2.5200                    
      LeakyreluConfig:ConfigRead:inst/LeakyreluConfig:ConfigRead:conf_info_ctrl_acc2dma.Push():mioi:inst/conf_info_ctrl_acc2dma.Push():mioi.biwt.iff                                                                                                                                                                                                                                                                                                                                                                                                                                          0.0000 2.5200                    
      LeakyreluConfig:ConfigRead:inst/LeakyreluConfig:ConfigRead:conf_info_ctrl_acc2dma.Push():mioi:inst/LeakyreluConfig:ConfigRead:conf_info_ctrl_acc2dma.Push():mioi:conf_info_ctrl_acc2dma.Push():mio:wait_dp:inst/conf_info_ctrl_acc2dma.Push():mioi.biwt.pff                                                                                                                                                                                                                                                                                                                             0.0000 2.5200                    
      LeakyreluConfig:ConfigRead:inst/LeakyreluConfig:ConfigRead:conf_info_ctrl_acc2dma.Push():mioi:inst/LeakyreluConfig:ConfigRead:conf_info_ctrl_acc2dma.Push():mioi:conf_info_ctrl_acc2dma.Push():mio:wait_dp:inst/while:or#6                                             mgc_or_1_3                                                                                                                                                                                                                                                                                                       0.5500 3.0700                    
      LeakyreluConfig:ConfigRead:inst/LeakyreluConfig:ConfigRead:conf_info_ctrl_acc2dma.Push():mioi:inst/LeakyreluConfig:ConfigRead:conf_info_ctrl_acc2dma.Push():mioi:conf_info_ctrl_acc2dma.Push():mio:wait_dp:inst/conf_info_ctrl_acc2dma.Push():mioi.wen_comp                                                                                                                                                                                                                                                                                                                             0.0000 3.0700                    
      LeakyreluConfig:ConfigRead:inst/LeakyreluConfig:ConfigRead:conf_info_ctrl_acc2dma.Push():mioi:inst/conf_info_ctrl_acc2dma.Push():mioi.wen_comp.reg                                                                                                                                                                                                                                                                                                                                                                                                                                      0.0000 3.0700                    
      LeakyreluConfig:ConfigRead:inst/LeakyreluConfig:ConfigRead:conf_info_ctrl_acc2dma.Push():mioi:inst/asn(conf_info_ctrl_acc2dma.Push():mioi.wen_comp)                                                                                                                                                                                                                                                                                                                                                                                                                                     0.0000 3.0700                    
      LeakyreluConfig:ConfigRead:inst/LeakyreluConfig:ConfigRead:conf_info_ctrl_acc2dma.Push():mioi:inst/conf_info_ctrl_acc2dma.Push():mioi.wen_comp                                                                                                                                                                                                                                                                                                                                                                                                                                          0.0000 3.0700                    
      LeakyreluConfig:ConfigRead:inst/conf_info_ctrl_acc2dma.Push():mioi.wen_comp                                                                                                                                                                                                                                                                                                                                                                                                                                                                                                             0.0000 3.0700                    
      LeakyreluConfig:ConfigRead:inst/LeakyreluConfig:ConfigRead:staller:inst/conf_info_ctrl_acc2dma.Push():mioi.wen_comp                                                                                                                                                                                                                                                                                                                                                                                                                                                                     0.0000 3.0700                    
      LeakyreluConfig:ConfigRead:inst/LeakyreluConfig:ConfigRead:staller:inst/and                                                                                                                                                                                            mgc_and_1_4                                                                                                                                                                                                                                                                                                      0.5500 3.6200                    
      LeakyreluConfig:ConfigRead:inst/LeakyreluConfig:ConfigRead:staller:inst/ConfigRead.wen                                                                                                                                                                                                                                                                                                                                                                                                                                                                                                  0.0000 3.6200                    
      LeakyreluConfig:ConfigRead:inst/ConfigRead.wen:rtff                                                                                                                                                                                                                                                                                                                                                                                                                                                                                                                                     0.0000 3.6200                    
      LeakyreluConfig:ConfigRead:inst/reg(ConfigRead.wen)                                                                                                                                                                                                                    mgc_reg_pos_1_1_0_0_0_0_0                                                                                                                                                                                                                                                                                        0.0000 3.6200                    
                                                                                                                                                                                                                                                                                                                                                                                                                                                                                                                                                                                                                               
    7                                                                                                                                                                                                                                                                        LeakyreluConfig:ConfigRead:inst/LeakyreluConfig:ConfigRead:wait_dp:inst/reg(conf_info_ctrl_dma2acc.Push():mioi.irdy.oreg.rneg)                                                                                                                               LeakyreluConfig:ConfigRead:inst/reg(ConfigRead.wen) 3.0700 1.9300                    
                                                                                                                                                                                                                                                                                                                                                                                                                                                                                                                                                                                                                               
      Instance                                                                                                                                                                                                                                                               Component                                                                                                                                                                                                                                                                                                        Delta  Delay  [MIN, MAX]         
      --------                                                                                                                                                                                                                                                               ---------                                                                                                                                                                                                                                                                                                        -----  -----  ------------------ 
      LeakyreluConfig:ConfigRead:inst/LeakyreluConfig:ConfigRead:wait_dp:inst/reg(conf_info_ctrl_dma2acc.Push():mioi.irdy.oreg.rneg)                                                                                                                                         mgc_reg_pos_1_1_0_0_0_0_0                                                                                                                                                                                                                                                                                        0.3200 0.3200                    
      LeakyreluConfig:ConfigRead:inst/LeakyreluConfig:ConfigRead:wait_dp:inst/conf_info_ctrl_dma2acc.Push():mioi.irdy.oreg.rneg                                                                                                                                                                                                                                                                                                                                                                                                                                                               0.0000 0.3200                    
      LeakyreluConfig:ConfigRead:inst/LeakyreluConfig:ConfigRead:wait_dp:inst/while:not#8                                                                                                                                                                                    mgc_not_1                                                                                                                                                                                                                                                                                                        0.0000 0.3200                    
      LeakyreluConfig:ConfigRead:inst/LeakyreluConfig:ConfigRead:wait_dp:inst/conf_info_ctrl_dma2acc.Push():mioi.irdy.oreg                                                                                                                                                                                                                                                                                                                                                                                                                                                                    0.0000 0.3200                    
      LeakyreluConfig:ConfigRead:inst/conf_info_ctrl_dma2acc.Push():mioi.irdy.oreg                                                                                                                                                                                                                                                                                                                                                                                                                                                                                                            0.0000 0.3200                    
      LeakyreluConfig:ConfigRead:inst/LeakyreluConfig:ConfigRead:conf_info_ctrl_dma2acc.Push():mioi:inst/conf_info_ctrl_dma2acc.Push():mioi.irdy.oreg                                                                                                                                                                                                                                                                                                                                                                                                                                         0.0000 0.3200                    
      LeakyreluConfig:ConfigRead:inst/LeakyreluConfig:ConfigRead:conf_info_ctrl_dma2acc.Push():mioi:inst/LeakyreluConfig:ConfigRead:conf_info_ctrl_dma2acc.Push():mioi:conf_info_ctrl_dma2acc.Push():mio:wait_ctrl:inst/conf_info_ctrl_dma2acc.Push():mioi.irdy.oreg                                                                                                                                                                                                                                                                                                                          0.0000 0.3200                    
      LeakyreluConfig:ConfigRead:inst/LeakyreluConfig:ConfigRead:conf_info_ctrl_dma2acc.Push():mioi:inst/LeakyreluConfig:ConfigRead:conf_info_ctrl_dma2acc.Push():mioi:conf_info_ctrl_dma2acc.Push():mio:wait_ctrl:inst/while:and#4                                          mgc_and_1_2                                                                                                                                                                                                                                                                                                      0.5500 0.8700                    
      LeakyreluConfig:ConfigRead:inst/LeakyreluConfig:ConfigRead:conf_info_ctrl_dma2acc.Push():mioi:inst/LeakyreluConfig:ConfigRead:conf_info_ctrl_dma2acc.Push():mioi:conf_info_ctrl_dma2acc.Push():mio:wait_ctrl:inst/conf_info_ctrl_dma2acc.Push():mioi.biwt                                                                                                                                                                                                                                                                                                                               0.0000 0.8700                    
      LeakyreluConfig:ConfigRead:inst/LeakyreluConfig:ConfigRead:conf_info_ctrl_dma2acc.Push():mioi:inst/conf_info_ctrl_dma2acc.Push():mioi.biwt                                                                                                                                                                                                                                                                                                                                                                                                                                              0.0000 0.8700                    
      LeakyreluConfig:ConfigRead:inst/LeakyreluConfig:ConfigRead:conf_info_ctrl_dma2acc.Push():mioi:inst/LeakyreluConfig:ConfigRead:conf_info_ctrl_dma2acc.Push():mioi:conf_info_ctrl_dma2acc.Push():mio:wait_dp:inst/conf_info_ctrl_dma2acc.Push():mioi.biwt                                                                                                                                                                                                                                                                                                                                 0.0000 0.8700                    
      LeakyreluConfig:ConfigRead:inst/LeakyreluConfig:ConfigRead:conf_info_ctrl_dma2acc.Push():mioi:inst/LeakyreluConfig:ConfigRead:conf_info_ctrl_dma2acc.Push():mioi:conf_info_ctrl_dma2acc.Push():mio:wait_dp:inst/while:nor#1                                            mgc_nor_1_2                                                                                                                                                                                                                                                                                                      0.0000 0.8700                    
      LeakyreluConfig:ConfigRead:inst/LeakyreluConfig:ConfigRead:conf_info_ctrl_dma2acc.Push():mioi:inst/LeakyreluConfig:ConfigRead:conf_info_ctrl_dma2acc.Push():mioi:conf_info_ctrl_dma2acc.Push():mio:wait_dp:inst/while:nor#1.itm                                                                                                                                                                                                                                                                                                                                                         0.0000 0.8700                    
      LeakyreluConfig:ConfigRead:inst/LeakyreluConfig:ConfigRead:conf_info_ctrl_dma2acc.Push():mioi:inst/LeakyreluConfig:ConfigRead:conf_info_ctrl_dma2acc.Push():mioi:conf_info_ctrl_dma2acc.Push():mio:wait_dp:inst/while:nor                                              mgc_nor_1_2                                                                                                                                                                                                                                                                                                      0.5500 1.4200                    
      LeakyreluConfig:ConfigRead:inst/LeakyreluConfig:ConfigRead:conf_info_ctrl_dma2acc.Push():mioi:inst/LeakyreluConfig:ConfigRead:conf_info_ctrl_dma2acc.Push():mioi:conf_info_ctrl_dma2acc.Push():mio:wait_dp:inst/while:nor.rmff                                                                                                                                                                                                                                                                                                                                                          0.0000 1.4200                    
      LeakyreluConfig:ConfigRead:inst/LeakyreluConfig:ConfigRead:conf_info_ctrl_dma2acc.Push():mioi:inst/LeakyreluConfig:ConfigRead:conf_info_ctrl_dma2acc.Push():mioi:conf_info_ctrl_dma2acc.Push():mio:wait_dp:inst/while:asn(conf_info_ctrl_dma2acc.Push():mioi.bcwt.pff)                                                                                                                                                                                                                                                                                                                  0.0000 1.4200                    
      LeakyreluConfig:ConfigRead:inst/LeakyreluConfig:ConfigRead:conf_info_ctrl_dma2acc.Push():mioi:inst/LeakyreluConfig:ConfigRead:conf_info_ctrl_dma2acc.Push():mioi:conf_info_ctrl_dma2acc.Push():mio:wait_dp:inst/conf_info_ctrl_dma2acc.Push():mioi.bcwt.pff                                                                                                                                                                                                                                                                                                                             0.0000 1.4200                    
      LeakyreluConfig:ConfigRead:inst/LeakyreluConfig:ConfigRead:conf_info_ctrl_dma2acc.Push():mioi:inst/conf_info_ctrl_dma2acc.Push():mioi.bcwt.iff                                                                                                                                                                                                                                                                                                                                                                                                                                          0.0000 1.4200                    
      LeakyreluConfig:ConfigRead:inst/LeakyreluConfig:ConfigRead:conf_info_ctrl_dma2acc.Push():mioi:inst/LeakyreluConfig:ConfigRead:conf_info_ctrl_dma2acc.Push():mioi:conf_info_ctrl_dma2acc.Push():mio:wait_ctrl:inst/conf_info_ctrl_dma2acc.Push():mioi.bcwt.pff                                                                                                                                                                                                                                                                                                                           0.0000 1.4200                    
      LeakyreluConfig:ConfigRead:inst/LeakyreluConfig:ConfigRead:conf_info_ctrl_dma2acc.Push():mioi:inst/LeakyreluConfig:ConfigRead:conf_info_ctrl_dma2acc.Push():mioi:conf_info_ctrl_dma2acc.Push():mio:wait_ctrl:inst/while:not#7                                          mgc_not_1                                                                                                                                                                                                                                                                                                        0.0000 1.4200                    
      LeakyreluConfig:ConfigRead:inst/LeakyreluConfig:ConfigRead:conf_info_ctrl_dma2acc.Push():mioi:inst/LeakyreluConfig:ConfigRead:conf_info_ctrl_dma2acc.Push():mioi:conf_info_ctrl_dma2acc.Push():mio:wait_ctrl:inst/while:not#7.itm                                                                                                                                                                                                                                                                                                                                                       0.0000 1.4200                    
      LeakyreluConfig:ConfigRead:inst/LeakyreluConfig:ConfigRead:conf_info_ctrl_dma2acc.Push():mioi:inst/LeakyreluConfig:ConfigRead:conf_info_ctrl_dma2acc.Push():mioi:conf_info_ctrl_dma2acc.Push():mio:wait_ctrl:inst/while:and#8                                          mgc_and_1_3                                                                                                                                                                                                                                                                                                      0.5500 1.9700                    
      LeakyreluConfig:ConfigRead:inst/LeakyreluConfig:ConfigRead:conf_info_ctrl_dma2acc.Push():mioi:inst/LeakyreluConfig:ConfigRead:conf_info_ctrl_dma2acc.Push():mioi:conf_info_ctrl_dma2acc.Push():mio:wait_ctrl:inst/conf_info_ctrl_dma2acc.Push():mioi.biwt.pff                                                                                                                                                                                                                                                                                                                           0.0000 1.9700                    
      LeakyreluConfig:ConfigRead:inst/LeakyreluConfig:ConfigRead:conf_info_ctrl_dma2acc.Push():mioi:inst/conf_info_ctrl_dma2acc.Push():mioi.biwt.iff                                                                                                                                                                                                                                                                                                                                                                                                                                          0.0000 1.9700                    
      LeakyreluConfig:ConfigRead:inst/LeakyreluConfig:ConfigRead:conf_info_ctrl_dma2acc.Push():mioi:inst/LeakyreluConfig:ConfigRead:conf_info_ctrl_dma2acc.Push():mioi:conf_info_ctrl_dma2acc.Push():mio:wait_dp:inst/conf_info_ctrl_dma2acc.Push():mioi.biwt.pff                                                                                                                                                                                                                                                                                                                             0.0000 1.9700                    
      LeakyreluConfig:ConfigRead:inst/LeakyreluConfig:ConfigRead:conf_info_ctrl_dma2acc.Push():mioi:inst/LeakyreluConfig:ConfigRead:conf_info_ctrl_dma2acc.Push():mioi:conf_info_ctrl_dma2acc.Push():mio:wait_dp:inst/while:or#2                                             mgc_or_1_3                                                                                                                                                                                                                                                                                                       0.5500 2.5200                    
      LeakyreluConfig:ConfigRead:inst/LeakyreluConfig:ConfigRead:conf_info_ctrl_dma2acc.Push():mioi:inst/LeakyreluConfig:ConfigRead:conf_info_ctrl_dma2acc.Push():mioi:conf_info_ctrl_dma2acc.Push():mio:wait_dp:inst/conf_info_ctrl_dma2acc.Push():mioi.wen_comp                                                                                                                                                                                                                                                                                                                             0.0000 2.5200                    
      LeakyreluConfig:ConfigRead:inst/LeakyreluConfig:ConfigRead:conf_info_ctrl_dma2acc.Push():mioi:inst/conf_info_ctrl_dma2acc.Push():mioi.wen_comp.reg                                                                                                                                                                                                                                                                                                                                                                                                                                      0.0000 2.5200                    
      LeakyreluConfig:ConfigRead:inst/LeakyreluConfig:ConfigRead:conf_info_ctrl_dma2acc.Push():mioi:inst/asn(conf_info_ctrl_dma2acc.Push():mioi.wen_comp)                                                                                                                                                                                                                                                                                                                                                                                                                                     0.0000 2.5200                    
      LeakyreluConfig:ConfigRead:inst/LeakyreluConfig:ConfigRead:conf_info_ctrl_dma2acc.Push():mioi:inst/conf_info_ctrl_dma2acc.Push():mioi.wen_comp                                                                                                                                                                                                                                                                                                                                                                                                                                          0.0000 2.5200                    
      LeakyreluConfig:ConfigRead:inst/conf_info_ctrl_dma2acc.Push():mioi.wen_comp                                                                                                                                                                                                                                                                                                                                                                                                                                                                                                             0.0000 2.5200                    
      LeakyreluConfig:ConfigRead:inst/LeakyreluConfig:ConfigRead:staller:inst/conf_info_ctrl_dma2acc.Push():mioi.wen_comp                                                                                                                                                                                                                                                                                                                                                                                                                                                                     0.0000 2.5200                    
      LeakyreluConfig:ConfigRead:inst/LeakyreluConfig:ConfigRead:staller:inst/and                                                                                                                                                                                            mgc_and_1_4                                                                                                                                                                                                                                                                                                      0.5500 3.0700                    
      LeakyreluConfig:ConfigRead:inst/LeakyreluConfig:ConfigRead:staller:inst/ConfigRead.wen                                                                                                                                                                                                                                                                                                                                                                                                                                                                                                  0.0000 3.0700                    
      LeakyreluConfig:ConfigRead:inst/ConfigRead.wen:rtff                                                                                                                                                                                                                                                                                                                                                                                                                                                                                                                                     0.0000 3.0700                    
      LeakyreluConfig:ConfigRead:inst/reg(ConfigRead.wen)                                                                                                                                                                                                                    mgc_reg_pos_1_1_0_0_0_0_0                                                                                                                                                                                                                                                                                        0.0000 3.0700                    
                                                                                                                                                                                                                                                                                                                                                                                                                                                                                                                                                                                                                               
    8                                                                                                                                                                                                                                                                        LeakyreluConfig:ConfigRead:inst/LeakyreluConfig:ConfigRead:wait_dp:inst/reg(conf_info_ctrl_acc2dma.Push():mioi.irdy.oreg.rneg)                                                                                                                               LeakyreluConfig:ConfigRead:inst/reg(ConfigRead.wen) 3.0700 1.9300                    
                                                                                                                                                                                                                                                                                                                                                                                                                                                                                                                                                                                                                               
      Instance                                                                                                                                                                                                                                                               Component                                                                                                                                                                                                                                                                                                        Delta  Delay  [MIN, MAX]         
      --------                                                                                                                                                                                                                                                               ---------                                                                                                                                                                                                                                                                                                        -----  -----  ------------------ 
      LeakyreluConfig:ConfigRead:inst/LeakyreluConfig:ConfigRead:wait_dp:inst/reg(conf_info_ctrl_acc2dma.Push():mioi.irdy.oreg.rneg)                                                                                                                                         mgc_reg_pos_1_1_0_0_0_0_0                                                                                                                                                                                                                                                                                        0.3200 0.3200                    
      LeakyreluConfig:ConfigRead:inst/LeakyreluConfig:ConfigRead:wait_dp:inst/conf_info_ctrl_acc2dma.Push():mioi.irdy.oreg.rneg                                                                                                                                                                                                                                                                                                                                                                                                                                                               0.0000 0.3200                    
      LeakyreluConfig:ConfigRead:inst/LeakyreluConfig:ConfigRead:wait_dp:inst/while:not#18                                                                                                                                                                                   mgc_not_1                                                                                                                                                                                                                                                                                                        0.0000 0.3200                    
      LeakyreluConfig:ConfigRead:inst/LeakyreluConfig:ConfigRead:wait_dp:inst/conf_info_ctrl_acc2dma.Push():mioi.irdy.oreg                                                                                                                                                                                                                                                                                                                                                                                                                                                                    0.0000 0.3200                    
      LeakyreluConfig:ConfigRead:inst/conf_info_ctrl_acc2dma.Push():mioi.irdy.oreg                                                                                                                                                                                                                                                                                                                                                                                                                                                                                                            0.0000 0.3200                    
      LeakyreluConfig:ConfigRead:inst/LeakyreluConfig:ConfigRead:conf_info_ctrl_acc2dma.Push():mioi:inst/conf_info_ctrl_acc2dma.Push():mioi.irdy.oreg                                                                                                                                                                                                                                                                                                                                                                                                                                         0.0000 0.3200                    
      LeakyreluConfig:ConfigRead:inst/LeakyreluConfig:ConfigRead:conf_info_ctrl_acc2dma.Push():mioi:inst/LeakyreluConfig:ConfigRead:conf_info_ctrl_acc2dma.Push():mioi:conf_info_ctrl_acc2dma.Push():mio:wait_ctrl:inst/conf_info_ctrl_acc2dma.Push():mioi.irdy.oreg                                                                                                                                                                                                                                                                                                                          0.0000 0.3200                    
      LeakyreluConfig:ConfigRead:inst/LeakyreluConfig:ConfigRead:conf_info_ctrl_acc2dma.Push():mioi:inst/LeakyreluConfig:ConfigRead:conf_info_ctrl_acc2dma.Push():mioi:conf_info_ctrl_acc2dma.Push():mio:wait_ctrl:inst/while:and#12                                         mgc_and_1_2                                                                                                                                                                                                                                                                                                      0.5500 0.8700                    
      LeakyreluConfig:ConfigRead:inst/LeakyreluConfig:ConfigRead:conf_info_ctrl_acc2dma.Push():mioi:inst/LeakyreluConfig:ConfigRead:conf_info_ctrl_acc2dma.Push():mioi:conf_info_ctrl_acc2dma.Push():mio:wait_ctrl:inst/conf_info_ctrl_acc2dma.Push():mioi.biwt                                                                                                                                                                                                                                                                                                                               0.0000 0.8700                    
      LeakyreluConfig:ConfigRead:inst/LeakyreluConfig:ConfigRead:conf_info_ctrl_acc2dma.Push():mioi:inst/conf_info_ctrl_acc2dma.Push():mioi.biwt                                                                                                                                                                                                                                                                                                                                                                                                                                              0.0000 0.8700                    
      LeakyreluConfig:ConfigRead:inst/LeakyreluConfig:ConfigRead:conf_info_ctrl_acc2dma.Push():mioi:inst/LeakyreluConfig:ConfigRead:conf_info_ctrl_acc2dma.Push():mioi:conf_info_ctrl_acc2dma.Push():mio:wait_dp:inst/conf_info_ctrl_acc2dma.Push():mioi.biwt                                                                                                                                                                                                                                                                                                                                 0.0000 0.8700                    
      LeakyreluConfig:ConfigRead:inst/LeakyreluConfig:ConfigRead:conf_info_ctrl_acc2dma.Push():mioi:inst/LeakyreluConfig:ConfigRead:conf_info_ctrl_acc2dma.Push():mioi:conf_info_ctrl_acc2dma.Push():mio:wait_dp:inst/while:nor#5                                            mgc_nor_1_2                                                                                                                                                                                                                                                                                                      0.0000 0.8700                    
      LeakyreluConfig:ConfigRead:inst/LeakyreluConfig:ConfigRead:conf_info_ctrl_acc2dma.Push():mioi:inst/LeakyreluConfig:ConfigRead:conf_info_ctrl_acc2dma.Push():mioi:conf_info_ctrl_acc2dma.Push():mio:wait_dp:inst/while:nor#5.itm                                                                                                                                                                                                                                                                                                                                                         0.0000 0.8700                    
      LeakyreluConfig:ConfigRead:inst/LeakyreluConfig:ConfigRead:conf_info_ctrl_acc2dma.Push():mioi:inst/LeakyreluConfig:ConfigRead:conf_info_ctrl_acc2dma.Push():mioi:conf_info_ctrl_acc2dma.Push():mio:wait_dp:inst/while:nor#4                                            mgc_nor_1_2                                                                                                                                                                                                                                                                                                      0.5500 1.4200                    
      LeakyreluConfig:ConfigRead:inst/LeakyreluConfig:ConfigRead:conf_info_ctrl_acc2dma.Push():mioi:inst/LeakyreluConfig:ConfigRead:conf_info_ctrl_acc2dma.Push():mioi:conf_info_ctrl_acc2dma.Push():mio:wait_dp:inst/while:nor#4.rmff                                                                                                                                                                                                                                                                                                                                                        0.0000 1.4200                    
      LeakyreluConfig:ConfigRead:inst/LeakyreluConfig:ConfigRead:conf_info_ctrl_acc2dma.Push():mioi:inst/LeakyreluConfig:ConfigRead:conf_info_ctrl_acc2dma.Push():mioi:conf_info_ctrl_acc2dma.Push():mio:wait_dp:inst/while:asn(conf_info_ctrl_acc2dma.Push():mioi.bcwt.pff)                                                                                                                                                                                                                                                                                                                  0.0000 1.4200                    
      LeakyreluConfig:ConfigRead:inst/LeakyreluConfig:ConfigRead:conf_info_ctrl_acc2dma.Push():mioi:inst/LeakyreluConfig:ConfigRead:conf_info_ctrl_acc2dma.Push():mioi:conf_info_ctrl_acc2dma.Push():mio:wait_dp:inst/conf_info_ctrl_acc2dma.Push():mioi.bcwt.pff                                                                                                                                                                                                                                                                                                                             0.0000 1.4200                    
      LeakyreluConfig:ConfigRead:inst/LeakyreluConfig:ConfigRead:conf_info_ctrl_acc2dma.Push():mioi:inst/conf_info_ctrl_acc2dma.Push():mioi.bcwt.iff                                                                                                                                                                                                                                                                                                                                                                                                                                          0.0000 1.4200                    
      LeakyreluConfig:ConfigRead:inst/LeakyreluConfig:ConfigRead:conf_info_ctrl_acc2dma.Push():mioi:inst/LeakyreluConfig:ConfigRead:conf_info_ctrl_acc2dma.Push():mioi:conf_info_ctrl_acc2dma.Push():mio:wait_ctrl:inst/conf_info_ctrl_acc2dma.Push():mioi.bcwt.pff                                                                                                                                                                                                                                                                                                                           0.0000 1.4200                    
      LeakyreluConfig:ConfigRead:inst/LeakyreluConfig:ConfigRead:conf_info_ctrl_acc2dma.Push():mioi:inst/LeakyreluConfig:ConfigRead:conf_info_ctrl_acc2dma.Push():mioi:conf_info_ctrl_acc2dma.Push():mio:wait_ctrl:inst/while:not#17                                         mgc_not_1                                                                                                                                                                                                                                                                                                        0.0000 1.4200                    
      LeakyreluConfig:ConfigRead:inst/LeakyreluConfig:ConfigRead:conf_info_ctrl_acc2dma.Push():mioi:inst/LeakyreluConfig:ConfigRead:conf_info_ctrl_acc2dma.Push():mioi:conf_info_ctrl_acc2dma.Push():mio:wait_ctrl:inst/while:not#17.itm                                                                                                                                                                                                                                                                                                                                                      0.0000 1.4200                    
      LeakyreluConfig:ConfigRead:inst/LeakyreluConfig:ConfigRead:conf_info_ctrl_acc2dma.Push():mioi:inst/LeakyreluConfig:ConfigRead:conf_info_ctrl_acc2dma.Push():mioi:conf_info_ctrl_acc2dma.Push():mio:wait_ctrl:inst/while:and#16                                         mgc_and_1_3                                                                                                                                                                                                                                                                                                      0.5500 1.9700                    
      LeakyreluConfig:ConfigRead:inst/LeakyreluConfig:ConfigRead:conf_info_ctrl_acc2dma.Push():mioi:inst/LeakyreluConfig:ConfigRead:conf_info_ctrl_acc2dma.Push():mioi:conf_info_ctrl_acc2dma.Push():mio:wait_ctrl:inst/conf_info_ctrl_acc2dma.Push():mioi.biwt.pff                                                                                                                                                                                                                                                                                                                           0.0000 1.9700                    
      LeakyreluConfig:ConfigRead:inst/LeakyreluConfig:ConfigRead:conf_info_ctrl_acc2dma.Push():mioi:inst/conf_info_ctrl_acc2dma.Push():mioi.biwt.iff                                                                                                                                                                                                                                                                                                                                                                                                                                          0.0000 1.9700                    
      LeakyreluConfig:ConfigRead:inst/LeakyreluConfig:ConfigRead:conf_info_ctrl_acc2dma.Push():mioi:inst/LeakyreluConfig:ConfigRead:conf_info_ctrl_acc2dma.Push():mioi:conf_info_ctrl_acc2dma.Push():mio:wait_dp:inst/conf_info_ctrl_acc2dma.Push():mioi.biwt.pff                                                                                                                                                                                                                                                                                                                             0.0000 1.9700                    
      LeakyreluConfig:ConfigRead:inst/LeakyreluConfig:ConfigRead:conf_info_ctrl_acc2dma.Push():mioi:inst/LeakyreluConfig:ConfigRead:conf_info_ctrl_acc2dma.Push():mioi:conf_info_ctrl_acc2dma.Push():mio:wait_dp:inst/while:or#6                                             mgc_or_1_3                                                                                                                                                                                                                                                                                                       0.5500 2.5200                    
      LeakyreluConfig:ConfigRead:inst/LeakyreluConfig:ConfigRead:conf_info_ctrl_acc2dma.Push():mioi:inst/LeakyreluConfig:ConfigRead:conf_info_ctrl_acc2dma.Push():mioi:conf_info_ctrl_acc2dma.Push():mio:wait_dp:inst/conf_info_ctrl_acc2dma.Push():mioi.wen_comp                                                                                                                                                                                                                                                                                                                             0.0000 2.5200                    
      LeakyreluConfig:ConfigRead:inst/LeakyreluConfig:ConfigRead:conf_info_ctrl_acc2dma.Push():mioi:inst/conf_info_ctrl_acc2dma.Push():mioi.wen_comp.reg                                                                                                                                                                                                                                                                                                                                                                                                                                      0.0000 2.5200                    
      LeakyreluConfig:ConfigRead:inst/LeakyreluConfig:ConfigRead:conf_info_ctrl_acc2dma.Push():mioi:inst/asn(conf_info_ctrl_acc2dma.Push():mioi.wen_comp)                                                                                                                                                                                                                                                                                                                                                                                                                                     0.0000 2.5200                    
      LeakyreluConfig:ConfigRead:inst/LeakyreluConfig:ConfigRead:conf_info_ctrl_acc2dma.Push():mioi:inst/conf_info_ctrl_acc2dma.Push():mioi.wen_comp                                                                                                                                                                                                                                                                                                                                                                                                                                          0.0000 2.5200                    
      LeakyreluConfig:ConfigRead:inst/conf_info_ctrl_acc2dma.Push():mioi.wen_comp                                                                                                                                                                                                                                                                                                                                                                                                                                                                                                             0.0000 2.5200                    
      LeakyreluConfig:ConfigRead:inst/LeakyreluConfig:ConfigRead:staller:inst/conf_info_ctrl_acc2dma.Push():mioi.wen_comp                                                                                                                                                                                                                                                                                                                                                                                                                                                                     0.0000 2.5200                    
      LeakyreluConfig:ConfigRead:inst/LeakyreluConfig:ConfigRead:staller:inst/and                                                                                                                                                                                            mgc_and_1_4                                                                                                                                                                                                                                                                                                      0.5500 3.0700                    
      LeakyreluConfig:ConfigRead:inst/LeakyreluConfig:ConfigRead:staller:inst/ConfigRead.wen                                                                                                                                                                                                                                                                                                                                                                                                                                                                                                  0.0000 3.0700                    
      LeakyreluConfig:ConfigRead:inst/ConfigRead.wen:rtff                                                                                                                                                                                                                                                                                                                                                                                                                                                                                                                                     0.0000 3.0700                    
      LeakyreluConfig:ConfigRead:inst/reg(ConfigRead.wen)                                                                                                                                                                                                                    mgc_reg_pos_1_1_0_0_0_0_0                                                                                                                                                                                                                                                                                        0.0000 3.0700                    
                                                                                                                                                                                                                                                                                                                                                                                                                                                                                                                                                                                                                               
    9                                                                                                                                                                                                                                                                        LeakyreluConfig:ConfigRead:inst/LeakyreluConfig:ConfigRead:wait_dp:inst/reg(conf_info_ctrl_plm2vec.Push():mioi.irdy.oreg.rneg)                                                                                                                               LeakyreluConfig:ConfigRead:inst/reg(ConfigRead.wen) 3.0700 1.9300                    
                                                                                                                                                                                                                                                                                                                                                                                                                                                                                                                                                                                                                               
      Instance                                                                                                                                                                                                                                                               Component                                                                                                                                                                                                                                                                                                        Delta  Delay  [MIN, MAX]         
      --------                                                                                                                                                                                                                                                               ---------                                                                                                                                                                                                                                                                                                        -----  -----  ------------------ 
      LeakyreluConfig:ConfigRead:inst/LeakyreluConfig:ConfigRead:wait_dp:inst/reg(conf_info_ctrl_plm2vec.Push():mioi.irdy.oreg.rneg)                                                                                                                                         mgc_reg_pos_1_1_0_0_0_0_0                                                                                                                                                                                                                                                                                        0.3200 0.3200                    
      LeakyreluConfig:ConfigRead:inst/LeakyreluConfig:ConfigRead:wait_dp:inst/conf_info_ctrl_plm2vec.Push():mioi.irdy.oreg.rneg                                                                                                                                                                                                                                                                                                                                                                                                                                                               0.0000 0.3200                    
      LeakyreluConfig:ConfigRead:inst/LeakyreluConfig:ConfigRead:wait_dp:inst/while:not#13                                                                                                                                                                                   mgc_not_1                                                                                                                                                                                                                                                                                                        0.0000 0.3200                    
      LeakyreluConfig:ConfigRead:inst/LeakyreluConfig:ConfigRead:wait_dp:inst/conf_info_ctrl_plm2vec.Push():mioi.irdy.oreg                                                                                                                                                                                                                                                                                                                                                                                                                                                                    0.0000 0.3200                    
      LeakyreluConfig:ConfigRead:inst/conf_info_ctrl_plm2vec.Push():mioi.irdy.oreg                                                                                                                                                                                                                                                                                                                                                                                                                                                                                                            0.0000 0.3200                    
      LeakyreluConfig:ConfigRead:inst/LeakyreluConfig:ConfigRead:conf_info_ctrl_plm2vec.Push():mioi:inst/conf_info_ctrl_plm2vec.Push():mioi.irdy.oreg                                                                                                                                                                                                                                                                                                                                                                                                                                         0.0000 0.3200                    
      LeakyreluConfig:ConfigRead:inst/LeakyreluConfig:ConfigRead:conf_info_ctrl_plm2vec.Push():mioi:inst/LeakyreluConfig:ConfigRead:conf_info_ctrl_plm2vec.Push():mioi:conf_info_ctrl_plm2vec.Push():mio:wait_ctrl:inst/conf_info_ctrl_plm2vec.Push():mioi.irdy.oreg                                                                                                                                                                                                                                                                                                                          0.0000 0.3200                    
      LeakyreluConfig:ConfigRead:inst/LeakyreluConfig:ConfigRead:conf_info_ctrl_plm2vec.Push():mioi:inst/LeakyreluConfig:ConfigRead:conf_info_ctrl_plm2vec.Push():mioi:conf_info_ctrl_plm2vec.Push():mio:wait_ctrl:inst/while:and#8                                          mgc_and_1_2                                                                                                                                                                                                                                                                                                      0.5500 0.8700                    
      LeakyreluConfig:ConfigRead:inst/LeakyreluConfig:ConfigRead:conf_info_ctrl_plm2vec.Push():mioi:inst/LeakyreluConfig:ConfigRead:conf_info_ctrl_plm2vec.Push():mioi:conf_info_ctrl_plm2vec.Push():mio:wait_ctrl:inst/conf_info_ctrl_plm2vec.Push():mioi.biwt                                                                                                                                                                                                                                                                                                                               0.0000 0.8700                    
      LeakyreluConfig:ConfigRead:inst/LeakyreluConfig:ConfigRead:conf_info_ctrl_plm2vec.Push():mioi:inst/conf_info_ctrl_plm2vec.Push():mioi.biwt                                                                                                                                                                                                                                                                                                                                                                                                                                              0.0000 0.8700                    
      LeakyreluConfig:ConfigRead:inst/LeakyreluConfig:ConfigRead:conf_info_ctrl_plm2vec.Push():mioi:inst/LeakyreluConfig:ConfigRead:conf_info_ctrl_plm2vec.Push():mioi:conf_info_ctrl_plm2vec.Push():mio:wait_dp:inst/conf_info_ctrl_plm2vec.Push():mioi.biwt                                                                                                                                                                                                                                                                                                                                 0.0000 0.8700                    
      LeakyreluConfig:ConfigRead:inst/LeakyreluConfig:ConfigRead:conf_info_ctrl_plm2vec.Push():mioi:inst/LeakyreluConfig:ConfigRead:conf_info_ctrl_plm2vec.Push():mioi:conf_info_ctrl_plm2vec.Push():mio:wait_dp:inst/while:nor#3                                            mgc_nor_1_2                                                                                                                                                                                                                                                                                                      0.0000 0.8700                    
      LeakyreluConfig:ConfigRead:inst/LeakyreluConfig:ConfigRead:conf_info_ctrl_plm2vec.Push():mioi:inst/LeakyreluConfig:ConfigRead:conf_info_ctrl_plm2vec.Push():mioi:conf_info_ctrl_plm2vec.Push():mio:wait_dp:inst/while:nor#3.itm                                                                                                                                                                                                                                                                                                                                                         0.0000 0.8700                    
      LeakyreluConfig:ConfigRead:inst/LeakyreluConfig:ConfigRead:conf_info_ctrl_plm2vec.Push():mioi:inst/LeakyreluConfig:ConfigRead:conf_info_ctrl_plm2vec.Push():mioi:conf_info_ctrl_plm2vec.Push():mio:wait_dp:inst/while:nor#2                                            mgc_nor_1_2                                                                                                                                                                                                                                                                                                      0.5500 1.4200                    
      LeakyreluConfig:ConfigRead:inst/LeakyreluConfig:ConfigRead:conf_info_ctrl_plm2vec.Push():mioi:inst/LeakyreluConfig:ConfigRead:conf_info_ctrl_plm2vec.Push():mioi:conf_info_ctrl_plm2vec.Push():mio:wait_dp:inst/while:nor#2.rmff                                                                                                                                                                                                                                                                                                                                                        0.0000 1.4200                    
      LeakyreluConfig:ConfigRead:inst/LeakyreluConfig:ConfigRead:conf_info_ctrl_plm2vec.Push():mioi:inst/LeakyreluConfig:ConfigRead:conf_info_ctrl_plm2vec.Push():mioi:conf_info_ctrl_plm2vec.Push():mio:wait_dp:inst/while:asn(conf_info_ctrl_plm2vec.Push():mioi.bcwt.pff)                                                                                                                                                                                                                                                                                                                  0.0000 1.4200                    
      LeakyreluConfig:ConfigRead:inst/LeakyreluConfig:ConfigRead:conf_info_ctrl_plm2vec.Push():mioi:inst/LeakyreluConfig:ConfigRead:conf_info_ctrl_plm2vec.Push():mioi:conf_info_ctrl_plm2vec.Push():mio:wait_dp:inst/conf_info_ctrl_plm2vec.Push():mioi.bcwt.pff                                                                                                                                                                                                                                                                                                                             0.0000 1.4200                    
      LeakyreluConfig:ConfigRead:inst/LeakyreluConfig:ConfigRead:conf_info_ctrl_plm2vec.Push():mioi:inst/conf_info_ctrl_plm2vec.Push():mioi.bcwt.iff                                                                                                                                                                                                                                                                                                                                                                                                                                          0.0000 1.4200                    
      LeakyreluConfig:ConfigRead:inst/LeakyreluConfig:ConfigRead:conf_info_ctrl_plm2vec.Push():mioi:inst/LeakyreluConfig:ConfigRead:conf_info_ctrl_plm2vec.Push():mioi:conf_info_ctrl_plm2vec.Push():mio:wait_ctrl:inst/conf_info_ctrl_plm2vec.Push():mioi.bcwt.pff                                                                                                                                                                                                                                                                                                                           0.0000 1.4200                    
      LeakyreluConfig:ConfigRead:inst/LeakyreluConfig:ConfigRead:conf_info_ctrl_plm2vec.Push():mioi:inst/LeakyreluConfig:ConfigRead:conf_info_ctrl_plm2vec.Push():mioi:conf_info_ctrl_plm2vec.Push():mio:wait_ctrl:inst/while:not#12                                         mgc_not_1                                                                                                                                                                                                                                                                                                        0.0000 1.4200                    
      LeakyreluConfig:ConfigRead:inst/LeakyreluConfig:ConfigRead:conf_info_ctrl_plm2vec.Push():mioi:inst/LeakyreluConfig:ConfigRead:conf_info_ctrl_plm2vec.Push():mioi:conf_info_ctrl_plm2vec.Push():mio:wait_ctrl:inst/while:not#12.itm                                                                                                                                                                                                                                                                                                                                                      0.0000 1.4200                    
      LeakyreluConfig:ConfigRead:inst/LeakyreluConfig:ConfigRead:conf_info_ctrl_plm2vec.Push():mioi:inst/LeakyreluConfig:ConfigRead:conf_info_ctrl_plm2vec.Push():mioi:conf_info_ctrl_plm2vec.Push():mio:wait_ctrl:inst/while:and#12                                         mgc_and_1_3                                                                                                                                                                                                                                                                                                      0.5500 1.9700                    
      LeakyreluConfig:ConfigRead:inst/LeakyreluConfig:ConfigRead:conf_info_ctrl_plm2vec.Push():mioi:inst/LeakyreluConfig:ConfigRead:conf_info_ctrl_plm2vec.Push():mioi:conf_info_ctrl_plm2vec.Push():mio:wait_ctrl:inst/conf_info_ctrl_plm2vec.Push():mioi.biwt.pff                                                                                                                                                                                                                                                                                                                           0.0000 1.9700                    
      LeakyreluConfig:ConfigRead:inst/LeakyreluConfig:ConfigRead:conf_info_ctrl_plm2vec.Push():mioi:inst/conf_info_ctrl_plm2vec.Push():mioi.biwt.iff                                                                                                                                                                                                                                                                                                                                                                                                                                          0.0000 1.9700                    
      LeakyreluConfig:ConfigRead:inst/LeakyreluConfig:ConfigRead:conf_info_ctrl_plm2vec.Push():mioi:inst/LeakyreluConfig:ConfigRead:conf_info_ctrl_plm2vec.Push():mioi:conf_info_ctrl_plm2vec.Push():mio:wait_dp:inst/conf_info_ctrl_plm2vec.Push():mioi.biwt.pff                                                                                                                                                                                                                                                                                                                             0.0000 1.9700                    
      LeakyreluConfig:ConfigRead:inst/LeakyreluConfig:ConfigRead:conf_info_ctrl_plm2vec.Push():mioi:inst/LeakyreluConfig:ConfigRead:conf_info_ctrl_plm2vec.Push():mioi:conf_info_ctrl_plm2vec.Push():mio:wait_dp:inst/while:or#4                                             mgc_or_1_3                                                                                                                                                                                                                                                                                                       0.5500 2.5200                    
      LeakyreluConfig:ConfigRead:inst/LeakyreluConfig:ConfigRead:conf_info_ctrl_plm2vec.Push():mioi:inst/LeakyreluConfig:ConfigRead:conf_info_ctrl_plm2vec.Push():mioi:conf_info_ctrl_plm2vec.Push():mio:wait_dp:inst/conf_info_ctrl_plm2vec.Push():mioi.wen_comp                                                                                                                                                                                                                                                                                                                             0.0000 2.5200                    
      LeakyreluConfig:ConfigRead:inst/LeakyreluConfig:ConfigRead:conf_info_ctrl_plm2vec.Push():mioi:inst/conf_info_ctrl_plm2vec.Push():mioi.wen_comp.reg                                                                                                                                                                                                                                                                                                                                                                                                                                      0.0000 2.5200                    
      LeakyreluConfig:ConfigRead:inst/LeakyreluConfig:ConfigRead:conf_info_ctrl_plm2vec.Push():mioi:inst/asn(conf_info_ctrl_plm2vec.Push():mioi.wen_comp)                                                                                                                                                                                                                                                                                                                                                                                                                                     0.0000 2.5200                    
      LeakyreluConfig:ConfigRead:inst/LeakyreluConfig:ConfigRead:conf_info_ctrl_plm2vec.Push():mioi:inst/conf_info_ctrl_plm2vec.Push():mioi.wen_comp                                                                                                                                                                                                                                                                                                                                                                                                                                          0.0000 2.5200                    
      LeakyreluConfig:ConfigRead:inst/conf_info_ctrl_plm2vec.Push():mioi.wen_comp                                                                                                                                                                                                                                                                                                                                                                                                                                                                                                             0.0000 2.5200                    
      LeakyreluConfig:ConfigRead:inst/LeakyreluConfig:ConfigRead:staller:inst/conf_info_ctrl_plm2vec.Push():mioi.wen_comp                                                                                                                                                                                                                                                                                                                                                                                                                                                                     0.0000 2.5200                    
      LeakyreluConfig:ConfigRead:inst/LeakyreluConfig:ConfigRead:staller:inst/and                                                                                                                                                                                            mgc_and_1_4                                                                                                                                                                                                                                                                                                      0.5500 3.0700                    
      LeakyreluConfig:ConfigRead:inst/LeakyreluConfig:ConfigRead:staller:inst/ConfigRead.wen                                                                                                                                                                                                                                                                                                                                                                                                                                                                                                  0.0000 3.0700                    
      LeakyreluConfig:ConfigRead:inst/ConfigRead.wen:rtff                                                                                                                                                                                                                                                                                                                                                                                                                                                                                                                                     0.0000 3.0700                    
      LeakyreluConfig:ConfigRead:inst/reg(ConfigRead.wen)                                                                                                                                                                                                                    mgc_reg_pos_1_1_0_0_0_0_0                                                                                                                                                                                                                                                                                        0.0000 3.0700                    
                                                                                                                                                                                                                                                                                                                                                                                                                                                                                                                                                                                                                               
    10                                                                                                                                                                                                                                                                       LeakyreluConfig:ConfigRead:inst/LeakyreluConfig:ConfigRead:conf_info_ctrl_dma2acc.Push():mioi:inst/LeakyreluConfig:ConfigRead:conf_info_ctrl_dma2acc.Push():mioi:conf_info_ctrl_dma2acc.Push():mio:wait_dp:inst/reg(conf_info_ctrl_dma2acc.Push():mioi.bcwt) LeakyreluConfig:ConfigRead:inst/reg(ConfigRead.wen) 3.0700 1.9300                    
                                                                                                                                                                                                                                                                                                                                                                                                                                                                                                                                                                                                                               
      Instance                                                                                                                                                                                                                                                               Component                                                                                                                                                                                                                                                                                                        Delta  Delay  [MIN, MAX]         
      --------                                                                                                                                                                                                                                                               ---------                                                                                                                                                                                                                                                                                                        -----  -----  ------------------ 
      LeakyreluConfig:ConfigRead:inst/LeakyreluConfig:ConfigRead:conf_info_ctrl_dma2acc.Push():mioi:inst/LeakyreluConfig:ConfigRead:conf_info_ctrl_dma2acc.Push():mioi:conf_info_ctrl_dma2acc.Push():mio:wait_dp:inst/reg(conf_info_ctrl_dma2acc.Push():mioi.bcwt)           mgc_reg_pos_1_1_0_0_0_0_0                                                                                                                                                                                                                                                                                        0.3200 0.3200                    
      LeakyreluConfig:ConfigRead:inst/LeakyreluConfig:ConfigRead:conf_info_ctrl_dma2acc.Push():mioi:inst/LeakyreluConfig:ConfigRead:conf_info_ctrl_dma2acc.Push():mioi:conf_info_ctrl_dma2acc.Push():mio:wait_dp:inst/conf_info_ctrl_dma2acc.Push():mioi.bcwt.reg                                                                                                                                                                                                                                                                                                                             0.0000 0.3200                    
      LeakyreluConfig:ConfigRead:inst/LeakyreluConfig:ConfigRead:conf_info_ctrl_dma2acc.Push():mioi:inst/LeakyreluConfig:ConfigRead:conf_info_ctrl_dma2acc.Push():mioi:conf_info_ctrl_dma2acc.Push():mio:wait_dp:inst/while:asn(conf_info_ctrl_dma2acc.Push():mioi.bcwt)                                                                                                                                                                                                                                                                                                                      0.0000 0.3200                    
      LeakyreluConfig:ConfigRead:inst/LeakyreluConfig:ConfigRead:conf_info_ctrl_dma2acc.Push():mioi:inst/LeakyreluConfig:ConfigRead:conf_info_ctrl_dma2acc.Push():mioi:conf_info_ctrl_dma2acc.Push():mio:wait_dp:inst/conf_info_ctrl_dma2acc.Push():mioi.bcwt                                                                                                                                                                                                                                                                                                                                 0.0000 0.3200                    
      LeakyreluConfig:ConfigRead:inst/LeakyreluConfig:ConfigRead:conf_info_ctrl_dma2acc.Push():mioi:inst/conf_info_ctrl_dma2acc.Push():mioi.bcwt                                                                                                                                                                                                                                                                                                                                                                                                                                              0.0000 0.3200                    
      LeakyreluConfig:ConfigRead:inst/LeakyreluConfig:ConfigRead:conf_info_ctrl_dma2acc.Push():mioi:inst/LeakyreluConfig:ConfigRead:conf_info_ctrl_dma2acc.Push():mioi:conf_info_ctrl_dma2acc.Push():mio:wait_ctrl:inst/conf_info_ctrl_dma2acc.Push():mioi.bcwt                                                                                                                                                                                                                                                                                                                               0.0000 0.3200                    
      LeakyreluConfig:ConfigRead:inst/LeakyreluConfig:ConfigRead:conf_info_ctrl_dma2acc.Push():mioi:inst/LeakyreluConfig:ConfigRead:conf_info_ctrl_dma2acc.Push():mioi:conf_info_ctrl_dma2acc.Push():mio:wait_ctrl:inst/while:not#6                                          mgc_not_1                                                                                                                                                                                                                                                                                                        0.0000 0.3200                    
      LeakyreluConfig:ConfigRead:inst/LeakyreluConfig:ConfigRead:conf_info_ctrl_dma2acc.Push():mioi:inst/LeakyreluConfig:ConfigRead:conf_info_ctrl_dma2acc.Push():mioi:conf_info_ctrl_dma2acc.Push():mio:wait_ctrl:inst/while:not#6.itm                                                                                                                                                                                                                                                                                                                                                       0.0000 0.3200                    
      LeakyreluConfig:ConfigRead:inst/LeakyreluConfig:ConfigRead:conf_info_ctrl_dma2acc.Push():mioi:inst/LeakyreluConfig:ConfigRead:conf_info_ctrl_dma2acc.Push():mioi:conf_info_ctrl_dma2acc.Push():mio:wait_ctrl:inst/while:and#6                                          mgc_and_1_2                                                                                                                                                                                                                                                                                                      0.5500 0.8700                    
      LeakyreluConfig:ConfigRead:inst/LeakyreluConfig:ConfigRead:conf_info_ctrl_dma2acc.Push():mioi:inst/LeakyreluConfig:ConfigRead:conf_info_ctrl_dma2acc.Push():mioi:conf_info_ctrl_dma2acc.Push():mio:wait_ctrl:inst/conf_info_ctrl_dma2acc.Push():mioi.ogwt                                                                                                                                                                                                                                                                                                                               0.0000 0.8700                    
      LeakyreluConfig:ConfigRead:inst/LeakyreluConfig:ConfigRead:conf_info_ctrl_dma2acc.Push():mioi:inst/LeakyreluConfig:ConfigRead:conf_info_ctrl_dma2acc.Push():mioi:conf_info_ctrl_dma2acc.Push():mio:wait_ctrl:inst/while:and#4                                          mgc_and_1_2                                                                                                                                                                                                                                                                                                      0.5500 1.4200                    
      LeakyreluConfig:ConfigRead:inst/LeakyreluConfig:ConfigRead:conf_info_ctrl_dma2acc.Push():mioi:inst/LeakyreluConfig:ConfigRead:conf_info_ctrl_dma2acc.Push():mioi:conf_info_ctrl_dma2acc.Push():mio:wait_ctrl:inst/conf_info_ctrl_dma2acc.Push():mioi.biwt                                                                                                                                                                                                                                                                                                                               0.0000 1.4200                    
      LeakyreluConfig:ConfigRead:inst/LeakyreluConfig:ConfigRead:conf_info_ctrl_dma2acc.Push():mioi:inst/conf_info_ctrl_dma2acc.Push():mioi.biwt                                                                                                                                                                                                                                                                                                                                                                                                                                              0.0000 1.4200                    
      LeakyreluConfig:ConfigRead:inst/LeakyreluConfig:ConfigRead:conf_info_ctrl_dma2acc.Push():mioi:inst/LeakyreluConfig:ConfigRead:conf_info_ctrl_dma2acc.Push():mioi:conf_info_ctrl_dma2acc.Push():mio:wait_dp:inst/conf_info_ctrl_dma2acc.Push():mioi.biwt                                                                                                                                                                                                                                                                                                                                 0.0000 1.4200                    
      LeakyreluConfig:ConfigRead:inst/LeakyreluConfig:ConfigRead:conf_info_ctrl_dma2acc.Push():mioi:inst/LeakyreluConfig:ConfigRead:conf_info_ctrl_dma2acc.Push():mioi:conf_info_ctrl_dma2acc.Push():mio:wait_dp:inst/while:nor#1                                            mgc_nor_1_2                                                                                                                                                                                                                                                                                                      0.0000 1.4200                    
      LeakyreluConfig:ConfigRead:inst/LeakyreluConfig:ConfigRead:conf_info_ctrl_dma2acc.Push():mioi:inst/LeakyreluConfig:ConfigRead:conf_info_ctrl_dma2acc.Push():mioi:conf_info_ctrl_dma2acc.Push():mio:wait_dp:inst/while:nor#1.itm                                                                                                                                                                                                                                                                                                                                                         0.0000 1.4200                    
      LeakyreluConfig:ConfigRead:inst/LeakyreluConfig:ConfigRead:conf_info_ctrl_dma2acc.Push():mioi:inst/LeakyreluConfig:ConfigRead:conf_info_ctrl_dma2acc.Push():mioi:conf_info_ctrl_dma2acc.Push():mio:wait_dp:inst/while:nor                                              mgc_nor_1_2                                                                                                                                                                                                                                                                                                      0.5500 1.9700                    
      LeakyreluConfig:ConfigRead:inst/LeakyreluConfig:ConfigRead:conf_info_ctrl_dma2acc.Push():mioi:inst/LeakyreluConfig:ConfigRead:conf_info_ctrl_dma2acc.Push():mioi:conf_info_ctrl_dma2acc.Push():mio:wait_dp:inst/while:nor.rmff                                                                                                                                                                                                                                                                                                                                                          0.0000 1.9700                    
      LeakyreluConfig:ConfigRead:inst/LeakyreluConfig:ConfigRead:conf_info_ctrl_dma2acc.Push():mioi:inst/LeakyreluConfig:ConfigRead:conf_info_ctrl_dma2acc.Push():mioi:conf_info_ctrl_dma2acc.Push():mio:wait_dp:inst/while:asn(conf_info_ctrl_dma2acc.Push():mioi.bcwt.pff)                                                                                                                                                                                                                                                                                                                  0.0000 1.9700                    
      LeakyreluConfig:ConfigRead:inst/LeakyreluConfig:ConfigRead:conf_info_ctrl_dma2acc.Push():mioi:inst/LeakyreluConfig:ConfigRead:conf_info_ctrl_dma2acc.Push():mioi:conf_info_ctrl_dma2acc.Push():mio:wait_dp:inst/conf_info_ctrl_dma2acc.Push():mioi.bcwt.pff                                                                                                                                                                                                                                                                                                                             0.0000 1.9700                    
      LeakyreluConfig:ConfigRead:inst/LeakyreluConfig:ConfigRead:conf_info_ctrl_dma2acc.Push():mioi:inst/LeakyreluConfig:ConfigRead:conf_info_ctrl_dma2acc.Push():mioi:conf_info_ctrl_dma2acc.Push():mio:wait_dp:inst/while:or#2                                             mgc_or_1_3                                                                                                                                                                                                                                                                                                       0.5500 2.5200                    
      LeakyreluConfig:ConfigRead:inst/LeakyreluConfig:ConfigRead:conf_info_ctrl_dma2acc.Push():mioi:inst/LeakyreluConfig:ConfigRead:conf_info_ctrl_dma2acc.Push():mioi:conf_info_ctrl_dma2acc.Push():mio:wait_dp:inst/conf_info_ctrl_dma2acc.Push():mioi.wen_comp                                                                                                                                                                                                                                                                                                                             0.0000 2.5200                    
      LeakyreluConfig:ConfigRead:inst/LeakyreluConfig:ConfigRead:conf_info_ctrl_dma2acc.Push():mioi:inst/conf_info_ctrl_dma2acc.Push():mioi.wen_comp.reg                                                                                                                                                                                                                                                                                                                                                                                                                                      0.0000 2.5200                    
      LeakyreluConfig:ConfigRead:inst/LeakyreluConfig:ConfigRead:conf_info_ctrl_dma2acc.Push():mioi:inst/asn(conf_info_ctrl_dma2acc.Push():mioi.wen_comp)                                                                                                                                                                                                                                                                                                                                                                                                                                     0.0000 2.5200                    
      LeakyreluConfig:ConfigRead:inst/LeakyreluConfig:ConfigRead:conf_info_ctrl_dma2acc.Push():mioi:inst/conf_info_ctrl_dma2acc.Push():mioi.wen_comp                                                                                                                                                                                                                                                                                                                                                                                                                                          0.0000 2.5200                    
      LeakyreluConfig:ConfigRead:inst/conf_info_ctrl_dma2acc.Push():mioi.wen_comp                                                                                                                                                                                                                                                                                                                                                                                                                                                                                                             0.0000 2.5200                    
      LeakyreluConfig:ConfigRead:inst/LeakyreluConfig:ConfigRead:staller:inst/conf_info_ctrl_dma2acc.Push():mioi.wen_comp                                                                                                                                                                                                                                                                                                                                                                                                                                                                     0.0000 2.5200                    
      LeakyreluConfig:ConfigRead:inst/LeakyreluConfig:ConfigRead:staller:inst/and                                                                                                                                                                                            mgc_and_1_4                                                                                                                                                                                                                                                                                                      0.5500 3.0700                    
      LeakyreluConfig:ConfigRead:inst/LeakyreluConfig:ConfigRead:staller:inst/ConfigRead.wen                                                                                                                                                                                                                                                                                                                                                                                                                                                                                                  0.0000 3.0700                    
      LeakyreluConfig:ConfigRead:inst/ConfigRead.wen:rtff                                                                                                                                                                                                                                                                                                                                                                                                                                                                                                                                     0.0000 3.0700                    
      LeakyreluConfig:ConfigRead:inst/reg(ConfigRead.wen)                                                                                                                                                                                                                    mgc_reg_pos_1_1_0_0_0_0_0                                                                                                                                                                                                                                                                                        0.0000 3.0700                    
                                                                                                                                                                                                                                                                                                                                                                                                                                                                                                                                                                                                                               
    
  Register Input and Register-to-Output Slack
    Clock period or pin-to-reg delay constraint (clk): 5.0
    Clock uncertainty constraint (clk)               : 0.0
    
    Instance                                                                                                                                             Port                            Slack (Delay) Messages 
    ---------------------------------------------------------------------------------------------------------------------------------------------------- ------------------------------ ------ ------- --------
    LeakyreluConfig:ConfigRead/reg(conf_info.Pop():mioi.oswt)                                                                                            while:mux.rmff                 2.9500  2.0500          
    LeakyreluConfig:ConfigRead/reg(conf_info_ctrl_dma2acc.Push():mioi.oswt)                                                                              while:mux#3.rmff               2.9500  2.0500          
    LeakyreluConfig:ConfigRead/reg(conf_info_ctrl_dma2acc.Push():mioi.idat)                                                                              conf_info.Pop():mioi.idat.mxwt 5.0000  0.0000          
    LeakyreluConfig:ConfigRead/reg(ConfigRead.wen)                                                                                                       ConfigRead.wen:rtff            1.3800  3.6200          
    LeakyreluConfig:ConfigRead:wait_dp/reg(conf_info_ctrl_dma2acc.Push():mioi.irdy.oreg.rneg)                                                            while:not#23.itm               5.0000  0.0000          
    LeakyreluConfig:ConfigRead:wait_dp/reg(conf_info_ctrl_plm2vec.Push():mioi.irdy.oreg.rneg)                                                            while:not#24.itm               5.0000  0.0000          
    LeakyreluConfig:ConfigRead:wait_dp/reg(conf_info_ctrl_acc2dma.Push():mioi.irdy.oreg.rneg)                                                            while:not#25.itm               5.0000  0.0000          
    LeakyreluConfig:ConfigRead:conf_info_ctrl_dma2acc.Push():mioi:conf_info_ctrl_dma2acc.Push():mio:wait_dp/reg(conf_info_ctrl_dma2acc.Push():mioi.bcwt) while:nor.rmff                 0.8300  4.1700          
    LeakyreluConfig:ConfigRead:conf_info_ctrl_plm2vec.Push():mioi:conf_info_ctrl_plm2vec.Push():mio:wait_dp/reg(conf_info_ctrl_plm2vec.Push():mioi.bcwt) while:nor#2.rmff               0.8300  4.1700          
    LeakyreluConfig:ConfigRead:conf_info_ctrl_acc2dma.Push():mioi:conf_info_ctrl_acc2dma.Push():mio:wait_dp/reg(conf_info_ctrl_acc2dma.Push():mioi.bcwt) while:nor#4.rmff               0.8300  4.1700          
    LeakyreluConfig                                                                                                                                      conf_info.rdy                  4.6800  0.3200          
    LeakyreluConfig                                                                                                                                      conf_info_ctrl_dma2acc.val     4.1300  0.8700          
    LeakyreluConfig                                                                                                                                      conf_info_ctrl_dma2acc.msg     4.1300  0.8700          
    LeakyreluConfig                                                                                                                                      conf_info_ctrl_plm2vec.val     4.1300  0.8700          
    LeakyreluConfig                                                                                                                                      conf_info_ctrl_plm2vec.msg     4.1300  0.8700          
    LeakyreluConfig                                                                                                                                      conf_info_ctrl_acc2dma.val     4.1300  0.8700          
    LeakyreluConfig                                                                                                                                      conf_info_ctrl_acc2dma.msg     4.1300  0.8700          
    
Operator Bitwidth Summary
  Operation     Size (bits) Count 
  ------------- ----------- -----
  and                             
  -                       1    15 
  mio_in_read                     
  -                       0     1 
  mio_out_write                   
  -                       0     3 
  mux                             
  -                       1     2 
  nor                             
  -                       1     6 
  not                             
  -                       1    17 
  or                              
  -                       1     4 
  reg                             
  -                     160     1 
  -                       1     9 
  
End of Report
