-- Catapult Ultra Synthesis: Report                                              
-- ------------------------- ---------------------------------------------------
-- Version:                  2024.2/1130128 Production Release                   
-- Build Date:               Mon Aug 26 21:59:12 PDT 2024                        
                                                                                 
-- Generated by:             gtombesi@corsica                                    
-- Generated date:           Wed Apr 30 13:21:56 EDT 2025                        

Solution Settings: Ctrl.v1
  Current state: extract
  Project: Catapult

Design Input Files Specified
  $PROJECT_HOME/../../tb/testbench.cpp
  $PROJECT_HOME/../../tb/testbench.hpp
  $PROJECT_HOME/../../tb/sc_main.cpp
  $PROJECT_HOME/../../tb/system.hpp
  $PROJECT_HOME/../../inc/macfin2_data_types.h
    $MGC_HOME/shared/include/ac_int.h
    $MGC_HOME/shared/include/ac_fixed.h
    $PROJECT_HOME/../../inc/macfin2_specs.h
      $MGC_HOME/shared/include/mc_connections.h
        $MGC_HOME/shared/include/systemc.h
          $MGC_HOME/shared/include/systemc
            $MGC_HOME/shared/include/sysc/kernel/sc_cmnhdr.h
            $MGC_HOME/shared/include/sysc/kernel/sc_externs.h
            $MGC_HOME/shared/include/sysc/kernel/sc_except.h
              $MGC_HOME/shared/include/sysc/kernel/sc_cmnhdr.h
            $MGC_HOME/shared/include/sysc/kernel/sc_module.h
              $MGC_HOME/shared/include/sysc/kernel/sc_kernel_ids.h
                $MGC_HOME/shared/include/sysc/utils/sc_report.h
                  $MGC_HOME/shared/include/sysc/kernel/sc_cmnhdr.h
                  $MGC_HOME/shared/include/sysc/utils/sc_report_handler.h
              $MGC_HOME/shared/include/sysc/kernel/sc_process.h
                $MGC_HOME/shared/include/sysc/kernel/sc_constants.h
                $MGC_HOME/shared/include/sysc/kernel/sc_object.h
                  $MGC_HOME/shared/include/sysc/kernel/sc_attribute.h
                    $MGC_HOME/shared/include/sysc/kernel/sc_cmnhdr.h
                $MGC_HOME/shared/include/sysc/communication/sc_export.h
                  $MGC_HOME/shared/include/sysc/communication/sc_communication_ids.h
                  $MGC_HOME/shared/include/sysc/communication/sc_interface.h
                    $MGC_HOME/shared/include/sysc/kernel/sc_cmnhdr.h
                  $MGC_HOME/shared/include/sysc/utils/sc_typeindex.h
                    $MGC_HOME/shared/include/sysc/kernel/sc_cmnhdr.h
              $MGC_HOME/shared/include/sysc/kernel/sc_module_name.h
              $MGC_HOME/shared/include/sysc/kernel/sc_sensitive.h
              $MGC_HOME/shared/include/sysc/kernel/sc_time.h
                $MGC_HOME/shared/include/sysc/datatypes/int/sc_nbdefs.h
                  $MGC_HOME/shared/include/sysc/kernel/sc_cmnhdr.h
                $MGC_HOME/shared/include/sysc/datatypes/fx/scfx_ieee.h
                  $MGC_HOME/shared/include/sysc/datatypes/fx/sc_fxdefs.h
                    $MGC_HOME/shared/include/sysc/kernel/sc_cmnhdr.h
                    $MGC_HOME/shared/include/sysc/utils/sc_machine.h
                      $MGC_HOME/shared/include/sysc/packages/boost/detail/endian.hpp
                    $MGC_HOME/shared/include/sysc/datatypes/fx/sc_fx_ids.h
                    $MGC_HOME/shared/include/sysc/datatypes/int/sc_nbutils.h
                      $MGC_HOME/shared/include/sysc/datatypes/bit/sc_bit_ids.h
                      $MGC_HOME/shared/include/sysc/datatypes/int/sc_int_ids.h
              $MGC_HOME/shared/include/sysc/kernel/sc_wait.h
                $MGC_HOME/shared/include/sysc/kernel/sc_simcontext.h
                  $MGC_HOME/shared/include/sysc/kernel/sc_cmnhdr.h
                  $MGC_HOME/shared/include/sysc/kernel/sc_status.h
                    $MGC_HOME/shared/include/sysc/kernel/sc_cmnhdr.h
                  $MGC_HOME/shared/include/sysc/utils/sc_hash.h
                    $MGC_HOME/shared/include/sysc/kernel/sc_simcontext.h
                  $MGC_HOME/shared/include/sysc/utils/sc_pq.h
                    $MGC_HOME/shared/include/sysc/kernel/sc_cmnhdr.h
              $MGC_HOME/shared/include/sysc/kernel/sc_wait_cthread.h
                $MGC_HOME/shared/include/sysc/datatypes/bit/sc_logic.h
                  $MGC_HOME/shared/include/sysc/kernel/sc_cmnhdr.h
                  $MGC_HOME/shared/include/sysc/kernel/sc_macros.h
                    $MGC_HOME/shared/include/sysc/kernel/sc_cmnhdr.h
                  $MGC_HOME/shared/include/sysc/utils/sc_mempool.h
                  $MGC_HOME/shared/include/sysc/datatypes/bit/sc_bit.h
              $MGC_HOME/shared/include/sysc/kernel/sc_process_handle.h
                $MGC_HOME/shared/include/sysc/kernel/sc_module.h
              $MGC_HOME/shared/include/sysc/utils/sc_list.h
                $MGC_HOME/shared/include/sysc/kernel/sc_cmnhdr.h
            $MGC_HOME/shared/include/sysc/kernel/sc_ver.h
              $MGC_HOME/shared/include/sysc/kernel/sc_cmnhdr.h
              $MGC_HOME/shared/include/sysc/communication/sc_writer_policy.h
            $MGC_HOME/shared/include/sysc/communication/sc_buffer.h
              $MGC_HOME/shared/include/sysc/communication/sc_signal.h
                $MGC_HOME/shared/include/sysc/communication/sc_port.h
                  $MGC_HOME/shared/include/sysc/kernel/sc_event.h
                    $MGC_HOME/shared/include/sysc/kernel/sc_cmnhdr.h
                $MGC_HOME/shared/include/sysc/communication/sc_prim_channel.h
                $MGC_HOME/shared/include/sysc/communication/sc_signal_ifs.h
                $MGC_HOME/shared/include/sysc/tracing/sc_trace.h
            $MGC_HOME/shared/include/sysc/communication/sc_clock.h
            $MGC_HOME/shared/include/sysc/communication/sc_clock_ports.h
              $MGC_HOME/shared/include/sysc/communication/sc_signal_ports.h
                $MGC_HOME/shared/include/sysc/communication/sc_event_finder.h
            $MGC_HOME/shared/include/sysc/communication/sc_event_queue.h
            $MGC_HOME/shared/include/sysc/communication/sc_fifo.h
              $MGC_HOME/shared/include/sysc/communication/sc_fifo_ifs.h
            $MGC_HOME/shared/include/sysc/communication/sc_fifo_ports.h
            $MGC_HOME/shared/include/sysc/communication/sc_mutex.h
              $MGC_HOME/shared/include/sysc/communication/sc_mutex_if.h
            $MGC_HOME/shared/include/sysc/communication/sc_semaphore.h
              $MGC_HOME/shared/include/sysc/communication/sc_semaphore_if.h
            $MGC_HOME/shared/include/sysc/communication/sc_signal_resolved.h
            $MGC_HOME/shared/include/sysc/communication/sc_signal_resolved_ports.h
            $MGC_HOME/shared/include/sysc/communication/sc_signal_rv.h
              $MGC_HOME/shared/include/sysc/datatypes/bit/sc_lv.h
                $MGC_HOME/shared/include/sysc/datatypes/bit/sc_lv_base.h
                  $MGC_HOME/shared/include/sysc/datatypes/bit/sc_bv_base.h
                    $MGC_HOME/shared/include/sysc/datatypes/bit/sc_bit_proxies.h
                      $MGC_HOME/shared/include/sysc/datatypes/bit/sc_proxy.h
                        $MGC_HOME/shared/include/sysc/kernel/sc_cmnhdr.h
                        $MGC_HOME/shared/include/sysc/datatypes/int/sc_signed.h
                          $MGC_HOME/shared/include/sysc/datatypes/misc/sc_value_base.h
                          $MGC_HOME/shared/include/sysc/utils/sc_temporary.h
                            $MGC_HOME/shared/include/sysc/kernel/sc_cmnhdr.h
                          $MGC_HOME/shared/include/sysc/datatypes/int/sc_length_param.h
                            $MGC_HOME/shared/include/sysc/datatypes/fx/sc_context.h
                              $MGC_HOME/shared/include/sysc/kernel/sc_cmnhdr.h
                          $MGC_HOME/shared/include/sysc/datatypes/int/sc_nbexterns.h
                          $MGC_HOME/shared/include/sysc/datatypes/int/sc_unsigned.h
                        $MGC_HOME/shared/include/sysc/datatypes/int/sc_int_base.h
                          $MGC_HOME/shared/include/sysc/kernel/sc_cmnhdr.h
                          $MGC_HOME/shared/include/sysc/datatypes/int/sc_uint_base.h
            $MGC_HOME/shared/include/sysc/communication/sc_signal_rv_ports.h
            $MGC_HOME/shared/include/sysc/datatypes/bit/sc_bv.h
            $MGC_HOME/shared/include/sysc/datatypes/int/sc_bigint.h
            $MGC_HOME/shared/include/sysc/datatypes/int/sc_biguint.h
            $MGC_HOME/shared/include/sysc/datatypes/int/sc_int.h
            $MGC_HOME/shared/include/sysc/datatypes/int/sc_uint.h
            $MGC_HOME/shared/include/sysc/datatypes/misc/sc_concatref.h
            $MGC_HOME/shared/include/sysc/utils/sc_utils_ids.h
            $MGC_HOME/shared/include/sysc/utils/sc_pvector.h
            $MGC_HOME/shared/include/sysc/utils/sc_string_view.h
              $MGC_HOME/shared/include/sysc/kernel/sc_cmnhdr.h
              $MGC_HOME/shared/include/sysc/packages/boost/utility/string_view.hpp
                $MGC_HOME/shared/include/sysc/packages/boost/config.hpp
                  $MGC_HOME/shared/include/sysc/packages/boost/config/user.hpp
                  $MGC_HOME/shared/include/sysc/packages/boost/config/select_compiler_config.hpp
                  $MGC_HOME/shared/include/sysc/packages/boost/config/compiler/gcc.hpp
                  $MGC_HOME/shared/include/sysc/packages/boost/config/select_stdlib_config.hpp
                  $MGC_HOME/shared/include/sysc/packages/boost/config/stdlib/libstdcpp3.hpp
                  $MGC_HOME/shared/include/sysc/packages/boost/config/select_platform_config.hpp
                  $MGC_HOME/shared/include/sysc/packages/boost/config/platform/linux.hpp
                    $MGC_HOME/shared/include/sysc/packages/boost/config/posix_features.hpp
                  $MGC_HOME/shared/include/sysc/packages/boost/config/suffix.hpp
                $MGC_HOME/shared/include/sysc/packages/boost/utility/string_view_fwd.hpp
            $MGC_HOME/shared/include/sysc/utils/sc_vector.h
        $MGC_HOME/shared/include/ac_sysc_macros.h
        $MGC_HOME/shared/include/ac_sysc_trace.h
        $MGC_HOME/shared/include/connections/connections.h
          $MGC_HOME/shared/include/connections/marshaller.h
            $MGC_HOME/shared/include/ccs_types.h
              $MGC_HOME/shared/include/tlm.h
                $MGC_HOME/shared/include/tlm
                  $MGC_HOME/shared/include/systemc
                  $MGC_HOME/shared/include/tlm_core/tlm_2/tlm_version.h
                  $MGC_HOME/shared/include/tlm_core/tlm_1/tlm_analysis/tlm_analysis.h
                    $MGC_HOME/shared/include/tlm_core/tlm_1/tlm_analysis/tlm_write_if.h
                      $MGC_HOME/shared/include/systemc
                    $MGC_HOME/shared/include/tlm_core/tlm_1/tlm_analysis/tlm_analysis_if.h
                    $MGC_HOME/shared/include/tlm_core/tlm_1/tlm_analysis/tlm_analysis_triple.h
                    $MGC_HOME/shared/include/tlm_core/tlm_1/tlm_analysis/tlm_analysis_port.h
                    $MGC_HOME/shared/include/tlm_core/tlm_1/tlm_analysis/tlm_analysis_fifo.h
                      $MGC_HOME/shared/include/tlm_core/tlm_1/tlm_req_rsp/tlm_channels/tlm_fifo/tlm_fifo.h
                        $MGC_HOME/shared/include/tlm_core/tlm_1/tlm_req_rsp/tlm_1_interfaces/tlm_fifo_ifs.h
                          $MGC_HOME/shared/include/tlm_core/tlm_1/tlm_req_rsp/tlm_1_interfaces/tlm_core_ifs.h
                            $MGC_HOME/shared/include/tlm_core/tlm_1/tlm_req_rsp/tlm_1_interfaces/tlm_tag.h
                        $MGC_HOME/shared/include/tlm_core/tlm_1/tlm_req_rsp/tlm_channels/tlm_fifo/circular_buffer.h
                        $MGC_HOME/shared/include/tlm_core/tlm_1/tlm_req_rsp/tlm_channels/tlm_fifo/tlm_fifo_put_get.h
                        $MGC_HOME/shared/include/tlm_core/tlm_1/tlm_req_rsp/tlm_channels/tlm_fifo/tlm_fifo_peek.h
                        $MGC_HOME/shared/include/tlm_core/tlm_1/tlm_req_rsp/tlm_channels/tlm_fifo/tlm_fifo_resize.h
                  $MGC_HOME/shared/include/tlm_core/tlm_1/tlm_req_rsp/tlm_req_rsp.h
                    $MGC_HOME/shared/include/tlm_core/tlm_1/tlm_req_rsp/tlm_1_interfaces/tlm_master_slave_ifs.h
                    $MGC_HOME/shared/include/tlm_core/tlm_1/tlm_req_rsp/tlm_channels/tlm_req_rsp_channels/tlm_req_rsp_channels.h
                      $MGC_HOME/shared/include/tlm_core/tlm_1/tlm_req_rsp/tlm_adapters/tlm_adapters.h
                      $MGC_HOME/shared/include/tlm_core/tlm_1/tlm_req_rsp/tlm_channels/tlm_req_rsp_channels/tlm_put_get_imp.h
                    $MGC_HOME/shared/include/tlm_core/tlm_1/tlm_req_rsp/tlm_ports/tlm_nonblocking_port.h
                      $MGC_HOME/shared/include/tlm_core/tlm_1/tlm_req_rsp/tlm_ports/tlm_event_finder.h
                  $MGC_HOME/shared/include/tlm_core/tlm_2/tlm_2_interfaces/tlm_2_interfaces.h
                    $MGC_HOME/shared/include/tlm_core/tlm_2/tlm_2_interfaces/tlm_dmi.h
                      $MGC_HOME/shared/include/systemc
                    $MGC_HOME/shared/include/tlm_core/tlm_2/tlm_2_interfaces/tlm_fw_bw_ifs.h
                      $MGC_HOME/shared/include/systemc
                      $MGC_HOME/shared/include/tlm_core/tlm_2/tlm_generic_payload/tlm_generic_payload.h
                        $MGC_HOME/shared/include/tlm_core/tlm_2/tlm_generic_payload/tlm_helpers.h
                        $MGC_HOME/shared/include/tlm_core/tlm_2/tlm_generic_payload/tlm_phase.h
                          $MGC_HOME/shared/include/sysc/kernel/sc_cmnhdr.h
                        $MGC_HOME/shared/include/tlm_core/tlm_2/tlm_generic_payload/tlm_gp.h
                          $MGC_HOME/shared/include/sysc/kernel/sc_cmnhdr.h
                          $MGC_HOME/shared/include/tlm_core/tlm_2/tlm_generic_payload/tlm_array.h
                        $MGC_HOME/shared/include/tlm_core/tlm_2/tlm_generic_payload/tlm_endian_conv.h
                  $MGC_HOME/shared/include/tlm_core/tlm_2/tlm_sockets/tlm_sockets.h
                    $MGC_HOME/shared/include/tlm_core/tlm_2/tlm_sockets/tlm_initiator_socket.h
                      $MGC_HOME/shared/include/tlm_core/tlm_2/tlm_sockets/tlm_base_socket_if.h
                    $MGC_HOME/shared/include/tlm_core/tlm_2/tlm_sockets/tlm_target_socket.h
                  $MGC_HOME/shared/include/tlm_core/tlm_2/tlm_quantum/tlm_quantum.h
                    $MGC_HOME/shared/include/tlm_core/tlm_2/tlm_quantum/tlm_global_quantum.h
              $MGC_HOME/shared/include/ac_sc.h
                $MGC_HOME/shared/include/ac_complex.h
                  $MGC_HOME/shared/include/ac_float.h
              $MGC_HOME/shared/include/mc_typeconv.h
            $MGC_HOME/shared/include/connections/connections_utils.h
              $MGC_HOME/shared/include/ac_assert.h
          $MGC_HOME/shared/include/connections/connections_trace.h
            $MGC_HOME/shared/include/systemc
          $MGC_HOME/shared/include/connections/message.h
        $MGC_HOME/shared/include/connections/connections_sync.h
        $MGC_HOME/shared/include/connections/connections_fifo.h
        $MGC_HOME/shared/include/connections/port_scanner.h
          $MGC_HOME/shared/include/systemc
      $PROJECT_HOME/../../../../common/matchlib_toolkit/examples/matchlib/cmod/include/nvhls_connections.h
        $PROJECT_HOME/../../../../common/matchlib_toolkit/examples/matchlib/cmod/include/nvhls_packet.h
          $PROJECT_HOME/../../../../common/matchlib_toolkit/examples/matchlib/cmod/include/nvhls_types.h
            $PROJECT_HOME/../../../../common/matchlib_toolkit/examples/matchlib/cmod/include/nvhls_int.h
              $PROJECT_HOME/../../../../common/matchlib_toolkit/examples/matchlib/cmod/include/nvhls_marshaller.h
                $MGC_HOME/shared/include/connections/marshaller.h
                  $MGC_HOME/shared/include/mc_typeconv.h
                $PROJECT_HOME/../../../../common/matchlib_toolkit/examples/matchlib/cmod/include/nvhls_assert.h
                  $PROJECT_HOME/../../../../common/matchlib_toolkit/examples/matchlib/cmod/include/hls_globals.h
                  $MGC_HOME/shared/include/ac_assert.h
          $PROJECT_HOME/../../../../common/matchlib_toolkit/examples/matchlib/cmod/include/nvhls_message.h
            $PROJECT_HOME/../../../../common/matchlib_toolkit/examples/matchlib/cmod/include/nvhls_connections_utils.h
        $PROJECT_HOME/../../../../common/matchlib_toolkit/examples/matchlib/cmod/include/nvhls_module.h
          $PROJECT_HOME/../../../../common/matchlib_toolkit/examples/matchlib/cmod/include/nvhls_trace.h
        $PROJECT_HOME/../../../../common/matchlib_toolkit/examples/matchlib/cmod/include/fifo.h
          $PROJECT_HOME/../../../../common/matchlib_toolkit/examples/matchlib/cmod/include/mem_array.h
            $PROJECT_HOME/../../../../common/matchlib_toolkit/examples/matchlib/cmod/include/nvhls_array.h
              $MGC_HOME/shared/include/ac_assert.h
            $PROJECT_HOME/../../../../common/matchlib_toolkit/examples/matchlib/cmod/include/TypeToBits.h
        $PROJECT_HOME/../../../../common/matchlib_toolkit/examples/matchlib/cmod/include/nvhls_connections_buffered_ports.h
          $PROJECT_HOME/../../../../common/matchlib_toolkit/include/ccs_p2p.h
        $PROJECT_HOME/../../../../common/matchlib_toolkit/examples/matchlib/cmod/include/nvhls_connections_network.h
          $PROJECT_HOME/../../../../common/matchlib_toolkit/examples/matchlib/cmod/include/nvhls_connections.h
      $PROJECT_HOME/../../../../common/matchlib_toolkit/examples/matchlib/cmod/include/nvhls_vector.h
        $PROJECT_HOME/../../../../common/matchlib_toolkit/examples/matchlib/cmod/include/hls_globals.h
        $PROJECT_HOME/../../../../common/matchlib_toolkit/include/ccs_p2p.h
      $PROJECT_HOME/../../../../common/inc/esp_dma_info_sysc.hpp
      $PROJECT_HOME/../../../../common/matchlib_toolkit/examples/matchlib/cmod/include/ArbitratedScratchpadDP.h
        $PROJECT_HOME/../../../../common/matchlib_toolkit/examples/matchlib/cmod/include/arbitrated_crossbar.h
          $PROJECT_HOME/../../../../common/matchlib_toolkit/examples/matchlib/cmod/include/Arbiter.h
          $PROJECT_HOME/../../../../common/matchlib_toolkit/examples/matchlib/cmod/include/one_hot_to_bin.h
          $PROJECT_HOME/../../../../common/matchlib_toolkit/examples/matchlib/cmod/include/hls_globals.h
        $PROJECT_HOME/../../../../common/matchlib_toolkit/examples/matchlib/cmod/include/crossbar.h
  $PROJECT_HOME/../../../../common/inc/esp_dma_info_sysc.hpp
    $MGC_HOME/shared/include/mc_connections.h
      $MGC_HOME/shared/include/systemc.h
        $MGC_HOME/shared/include/systemc
          $MGC_HOME/shared/include/sysc/kernel/sc_cmnhdr.h
          $MGC_HOME/shared/include/sysc/kernel/sc_externs.h
          $MGC_HOME/shared/include/sysc/kernel/sc_except.h
            $MGC_HOME/shared/include/sysc/kernel/sc_cmnhdr.h
          $MGC_HOME/shared/include/sysc/kernel/sc_module.h
            $MGC_HOME/shared/include/sysc/kernel/sc_kernel_ids.h
              $MGC_HOME/shared/include/sysc/utils/sc_report.h
                $MGC_HOME/shared/include/sysc/kernel/sc_cmnhdr.h
                $MGC_HOME/shared/include/sysc/utils/sc_report_handler.h
            $MGC_HOME/shared/include/sysc/kernel/sc_process.h
              $MGC_HOME/shared/include/sysc/kernel/sc_constants.h
              $MGC_HOME/shared/include/sysc/kernel/sc_object.h
                $MGC_HOME/shared/include/sysc/kernel/sc_attribute.h
                  $MGC_HOME/shared/include/sysc/kernel/sc_cmnhdr.h
              $MGC_HOME/shared/include/sysc/communication/sc_export.h
                $MGC_HOME/shared/include/sysc/communication/sc_communication_ids.h
                $MGC_HOME/shared/include/sysc/communication/sc_interface.h
                  $MGC_HOME/shared/include/sysc/kernel/sc_cmnhdr.h
                $MGC_HOME/shared/include/sysc/utils/sc_typeindex.h
                  $MGC_HOME/shared/include/sysc/kernel/sc_cmnhdr.h
            $MGC_HOME/shared/include/sysc/kernel/sc_module_name.h
            $MGC_HOME/shared/include/sysc/kernel/sc_sensitive.h
            $MGC_HOME/shared/include/sysc/kernel/sc_time.h
              $MGC_HOME/shared/include/sysc/datatypes/int/sc_nbdefs.h
                $MGC_HOME/shared/include/sysc/kernel/sc_cmnhdr.h
              $MGC_HOME/shared/include/sysc/datatypes/fx/scfx_ieee.h
                $MGC_HOME/shared/include/sysc/datatypes/fx/sc_fxdefs.h
                  $MGC_HOME/shared/include/sysc/kernel/sc_cmnhdr.h
                  $MGC_HOME/shared/include/sysc/utils/sc_machine.h
                    $MGC_HOME/shared/include/sysc/packages/boost/detail/endian.hpp
                  $MGC_HOME/shared/include/sysc/datatypes/fx/sc_fx_ids.h
                  $MGC_HOME/shared/include/sysc/datatypes/int/sc_nbutils.h
                    $MGC_HOME/shared/include/sysc/datatypes/bit/sc_bit_ids.h
                    $MGC_HOME/shared/include/sysc/datatypes/int/sc_int_ids.h
            $MGC_HOME/shared/include/sysc/kernel/sc_wait.h
              $MGC_HOME/shared/include/sysc/kernel/sc_simcontext.h
                $MGC_HOME/shared/include/sysc/kernel/sc_cmnhdr.h
                $MGC_HOME/shared/include/sysc/kernel/sc_status.h
                  $MGC_HOME/shared/include/sysc/kernel/sc_cmnhdr.h
                $MGC_HOME/shared/include/sysc/utils/sc_hash.h
                  $MGC_HOME/shared/include/sysc/kernel/sc_simcontext.h
                $MGC_HOME/shared/include/sysc/utils/sc_pq.h
                  $MGC_HOME/shared/include/sysc/kernel/sc_cmnhdr.h
            $MGC_HOME/shared/include/sysc/kernel/sc_wait_cthread.h
              $MGC_HOME/shared/include/sysc/datatypes/bit/sc_logic.h
                $MGC_HOME/shared/include/sysc/kernel/sc_cmnhdr.h
                $MGC_HOME/shared/include/sysc/kernel/sc_macros.h
                  $MGC_HOME/shared/include/sysc/kernel/sc_cmnhdr.h
                $MGC_HOME/shared/include/sysc/utils/sc_mempool.h
                $MGC_HOME/shared/include/sysc/datatypes/bit/sc_bit.h
            $MGC_HOME/shared/include/sysc/kernel/sc_process_handle.h
              $MGC_HOME/shared/include/sysc/kernel/sc_module.h
            $MGC_HOME/shared/include/sysc/utils/sc_list.h
              $MGC_HOME/shared/include/sysc/kernel/sc_cmnhdr.h
          $MGC_HOME/shared/include/sysc/kernel/sc_ver.h
            $MGC_HOME/shared/include/sysc/kernel/sc_cmnhdr.h
            $MGC_HOME/shared/include/sysc/communication/sc_writer_policy.h
          $MGC_HOME/shared/include/sysc/communication/sc_buffer.h
            $MGC_HOME/shared/include/sysc/communication/sc_signal.h
              $MGC_HOME/shared/include/sysc/communication/sc_port.h
                $MGC_HOME/shared/include/sysc/kernel/sc_event.h
                  $MGC_HOME/shared/include/sysc/kernel/sc_cmnhdr.h
              $MGC_HOME/shared/include/sysc/communication/sc_prim_channel.h
              $MGC_HOME/shared/include/sysc/communication/sc_signal_ifs.h
              $MGC_HOME/shared/include/sysc/tracing/sc_trace.h
          $MGC_HOME/shared/include/sysc/communication/sc_clock.h
          $MGC_HOME/shared/include/sysc/communication/sc_clock_ports.h
            $MGC_HOME/shared/include/sysc/communication/sc_signal_ports.h
              $MGC_HOME/shared/include/sysc/communication/sc_event_finder.h
          $MGC_HOME/shared/include/sysc/communication/sc_event_queue.h
          $MGC_HOME/shared/include/sysc/communication/sc_fifo.h
            $MGC_HOME/shared/include/sysc/communication/sc_fifo_ifs.h
          $MGC_HOME/shared/include/sysc/communication/sc_fifo_ports.h
          $MGC_HOME/shared/include/sysc/communication/sc_mutex.h
            $MGC_HOME/shared/include/sysc/communication/sc_mutex_if.h
          $MGC_HOME/shared/include/sysc/communication/sc_semaphore.h
            $MGC_HOME/shared/include/sysc/communication/sc_semaphore_if.h
          $MGC_HOME/shared/include/sysc/communication/sc_signal_resolved.h
          $MGC_HOME/shared/include/sysc/communication/sc_signal_resolved_ports.h
          $MGC_HOME/shared/include/sysc/communication/sc_signal_rv.h
            $MGC_HOME/shared/include/sysc/datatypes/bit/sc_lv.h
              $MGC_HOME/shared/include/sysc/datatypes/bit/sc_lv_base.h
                $MGC_HOME/shared/include/sysc/datatypes/bit/sc_bv_base.h
                  $MGC_HOME/shared/include/sysc/datatypes/bit/sc_bit_proxies.h
                    $MGC_HOME/shared/include/sysc/datatypes/bit/sc_proxy.h
                      $MGC_HOME/shared/include/sysc/kernel/sc_cmnhdr.h
                      $MGC_HOME/shared/include/sysc/datatypes/int/sc_signed.h
                        $MGC_HOME/shared/include/sysc/datatypes/misc/sc_value_base.h
                        $MGC_HOME/shared/include/sysc/utils/sc_temporary.h
                          $MGC_HOME/shared/include/sysc/kernel/sc_cmnhdr.h
                        $MGC_HOME/shared/include/sysc/datatypes/int/sc_length_param.h
                          $MGC_HOME/shared/include/sysc/datatypes/fx/sc_context.h
                            $MGC_HOME/shared/include/sysc/kernel/sc_cmnhdr.h
                        $MGC_HOME/shared/include/sysc/datatypes/int/sc_nbexterns.h
                        $MGC_HOME/shared/include/sysc/datatypes/int/sc_unsigned.h
                      $MGC_HOME/shared/include/sysc/datatypes/int/sc_int_base.h
                        $MGC_HOME/shared/include/sysc/kernel/sc_cmnhdr.h
                        $MGC_HOME/shared/include/sysc/datatypes/int/sc_uint_base.h
          $MGC_HOME/shared/include/sysc/communication/sc_signal_rv_ports.h
          $MGC_HOME/shared/include/sysc/datatypes/bit/sc_bv.h
          $MGC_HOME/shared/include/sysc/datatypes/int/sc_bigint.h
          $MGC_HOME/shared/include/sysc/datatypes/int/sc_biguint.h
          $MGC_HOME/shared/include/sysc/datatypes/int/sc_int.h
          $MGC_HOME/shared/include/sysc/datatypes/int/sc_uint.h
          $MGC_HOME/shared/include/sysc/datatypes/misc/sc_concatref.h
          $MGC_HOME/shared/include/sysc/utils/sc_utils_ids.h
          $MGC_HOME/shared/include/sysc/utils/sc_pvector.h
          $MGC_HOME/shared/include/sysc/utils/sc_string_view.h
            $MGC_HOME/shared/include/sysc/kernel/sc_cmnhdr.h
            $MGC_HOME/shared/include/sysc/packages/boost/utility/string_view.hpp
              $MGC_HOME/shared/include/sysc/packages/boost/config.hpp
                $MGC_HOME/shared/include/sysc/packages/boost/config/user.hpp
                $MGC_HOME/shared/include/sysc/packages/boost/config/select_compiler_config.hpp
                $MGC_HOME/shared/include/sysc/packages/boost/config/compiler/gcc.hpp
                $MGC_HOME/shared/include/sysc/packages/boost/config/select_stdlib_config.hpp
                $MGC_HOME/shared/include/sysc/packages/boost/config/stdlib/libstdcpp3.hpp
                $MGC_HOME/shared/include/sysc/packages/boost/config/select_platform_config.hpp
                $MGC_HOME/shared/include/sysc/packages/boost/config/platform/linux.hpp
                  $MGC_HOME/shared/include/sysc/packages/boost/config/posix_features.hpp
                $MGC_HOME/shared/include/sysc/packages/boost/config/suffix.hpp
              $MGC_HOME/shared/include/sysc/packages/boost/utility/string_view_fwd.hpp
          $MGC_HOME/shared/include/sysc/utils/sc_vector.h
      $MGC_HOME/shared/include/ac_sysc_macros.h
      $MGC_HOME/shared/include/ac_sysc_trace.h
      $MGC_HOME/shared/include/connections/connections.h
        $MGC_HOME/shared/include/connections/marshaller.h
          $MGC_HOME/shared/include/ccs_types.h
            $MGC_HOME/shared/include/tlm.h
              $MGC_HOME/shared/include/tlm
                $MGC_HOME/shared/include/systemc
                $MGC_HOME/shared/include/tlm_core/tlm_2/tlm_version.h
                $MGC_HOME/shared/include/tlm_core/tlm_1/tlm_analysis/tlm_analysis.h
                  $MGC_HOME/shared/include/tlm_core/tlm_1/tlm_analysis/tlm_write_if.h
                    $MGC_HOME/shared/include/systemc
                  $MGC_HOME/shared/include/tlm_core/tlm_1/tlm_analysis/tlm_analysis_if.h
                  $MGC_HOME/shared/include/tlm_core/tlm_1/tlm_analysis/tlm_analysis_triple.h
                  $MGC_HOME/shared/include/tlm_core/tlm_1/tlm_analysis/tlm_analysis_port.h
                  $MGC_HOME/shared/include/tlm_core/tlm_1/tlm_analysis/tlm_analysis_fifo.h
                    $MGC_HOME/shared/include/tlm_core/tlm_1/tlm_req_rsp/tlm_channels/tlm_fifo/tlm_fifo.h
                      $MGC_HOME/shared/include/tlm_core/tlm_1/tlm_req_rsp/tlm_1_interfaces/tlm_fifo_ifs.h
                        $MGC_HOME/shared/include/tlm_core/tlm_1/tlm_req_rsp/tlm_1_interfaces/tlm_core_ifs.h
                          $MGC_HOME/shared/include/tlm_core/tlm_1/tlm_req_rsp/tlm_1_interfaces/tlm_tag.h
                      $MGC_HOME/shared/include/tlm_core/tlm_1/tlm_req_rsp/tlm_channels/tlm_fifo/circular_buffer.h
                      $MGC_HOME/shared/include/tlm_core/tlm_1/tlm_req_rsp/tlm_channels/tlm_fifo/tlm_fifo_put_get.h
                      $MGC_HOME/shared/include/tlm_core/tlm_1/tlm_req_rsp/tlm_channels/tlm_fifo/tlm_fifo_peek.h
                      $MGC_HOME/shared/include/tlm_core/tlm_1/tlm_req_rsp/tlm_channels/tlm_fifo/tlm_fifo_resize.h
                $MGC_HOME/shared/include/tlm_core/tlm_1/tlm_req_rsp/tlm_req_rsp.h
                  $MGC_HOME/shared/include/tlm_core/tlm_1/tlm_req_rsp/tlm_1_interfaces/tlm_master_slave_ifs.h
                  $MGC_HOME/shared/include/tlm_core/tlm_1/tlm_req_rsp/tlm_channels/tlm_req_rsp_channels/tlm_req_rsp_channels.h
                    $MGC_HOME/shared/include/tlm_core/tlm_1/tlm_req_rsp/tlm_adapters/tlm_adapters.h
                    $MGC_HOME/shared/include/tlm_core/tlm_1/tlm_req_rsp/tlm_channels/tlm_req_rsp_channels/tlm_put_get_imp.h
                  $MGC_HOME/shared/include/tlm_core/tlm_1/tlm_req_rsp/tlm_ports/tlm_nonblocking_port.h
                    $MGC_HOME/shared/include/tlm_core/tlm_1/tlm_req_rsp/tlm_ports/tlm_event_finder.h
                $MGC_HOME/shared/include/tlm_core/tlm_2/tlm_2_interfaces/tlm_2_interfaces.h
                  $MGC_HOME/shared/include/tlm_core/tlm_2/tlm_2_interfaces/tlm_dmi.h
                    $MGC_HOME/shared/include/systemc
                  $MGC_HOME/shared/include/tlm_core/tlm_2/tlm_2_interfaces/tlm_fw_bw_ifs.h
                    $MGC_HOME/shared/include/systemc
                    $MGC_HOME/shared/include/tlm_core/tlm_2/tlm_generic_payload/tlm_generic_payload.h
                      $MGC_HOME/shared/include/tlm_core/tlm_2/tlm_generic_payload/tlm_helpers.h
                      $MGC_HOME/shared/include/tlm_core/tlm_2/tlm_generic_payload/tlm_phase.h
                        $MGC_HOME/shared/include/sysc/kernel/sc_cmnhdr.h
                      $MGC_HOME/shared/include/tlm_core/tlm_2/tlm_generic_payload/tlm_gp.h
                        $MGC_HOME/shared/include/sysc/kernel/sc_cmnhdr.h
                        $MGC_HOME/shared/include/tlm_core/tlm_2/tlm_generic_payload/tlm_array.h
                      $MGC_HOME/shared/include/tlm_core/tlm_2/tlm_generic_payload/tlm_endian_conv.h
                $MGC_HOME/shared/include/tlm_core/tlm_2/tlm_sockets/tlm_sockets.h
                  $MGC_HOME/shared/include/tlm_core/tlm_2/tlm_sockets/tlm_initiator_socket.h
                    $MGC_HOME/shared/include/tlm_core/tlm_2/tlm_sockets/tlm_base_socket_if.h
                  $MGC_HOME/shared/include/tlm_core/tlm_2/tlm_sockets/tlm_target_socket.h
                $MGC_HOME/shared/include/tlm_core/tlm_2/tlm_quantum/tlm_quantum.h
                  $MGC_HOME/shared/include/tlm_core/tlm_2/tlm_quantum/tlm_global_quantum.h
            $MGC_HOME/shared/include/ac_sc.h
              $MGC_HOME/shared/include/ac_complex.h
                $MGC_HOME/shared/include/ac_float.h
                  $MGC_HOME/shared/include/ac_fixed.h
                    $MGC_HOME/shared/include/ac_int.h
            $MGC_HOME/shared/include/mc_typeconv.h
          $MGC_HOME/shared/include/connections/connections_utils.h
            $MGC_HOME/shared/include/ac_assert.h
        $MGC_HOME/shared/include/connections/connections_trace.h
          $MGC_HOME/shared/include/systemc
        $MGC_HOME/shared/include/connections/message.h
      $MGC_HOME/shared/include/connections/connections_sync.h
      $MGC_HOME/shared/include/connections/connections_fifo.h
      $MGC_HOME/shared/include/connections/port_scanner.h
        $MGC_HOME/shared/include/systemc
  $PROJECT_HOME/../../inc/macfin2_conf_info.h
    $MGC_HOME/shared/include/ac_int.h
    $MGC_HOME/shared/include/ac_fixed.h
    $PROJECT_HOME/../../inc/macfin2_specs.h
      $MGC_HOME/shared/include/mc_connections.h
        $MGC_HOME/shared/include/systemc.h
          $MGC_HOME/shared/include/systemc
            $MGC_HOME/shared/include/sysc/kernel/sc_cmnhdr.h
            $MGC_HOME/shared/include/sysc/kernel/sc_externs.h
            $MGC_HOME/shared/include/sysc/kernel/sc_except.h
              $MGC_HOME/shared/include/sysc/kernel/sc_cmnhdr.h
            $MGC_HOME/shared/include/sysc/kernel/sc_module.h
              $MGC_HOME/shared/include/sysc/kernel/sc_kernel_ids.h
                $MGC_HOME/shared/include/sysc/utils/sc_report.h
                  $MGC_HOME/shared/include/sysc/kernel/sc_cmnhdr.h
                  $MGC_HOME/shared/include/sysc/utils/sc_report_handler.h
              $MGC_HOME/shared/include/sysc/kernel/sc_process.h
                $MGC_HOME/shared/include/sysc/kernel/sc_constants.h
                $MGC_HOME/shared/include/sysc/kernel/sc_object.h
                  $MGC_HOME/shared/include/sysc/kernel/sc_attribute.h
                    $MGC_HOME/shared/include/sysc/kernel/sc_cmnhdr.h
                $MGC_HOME/shared/include/sysc/communication/sc_export.h
                  $MGC_HOME/shared/include/sysc/communication/sc_communication_ids.h
                  $MGC_HOME/shared/include/sysc/communication/sc_interface.h
                    $MGC_HOME/shared/include/sysc/kernel/sc_cmnhdr.h
                  $MGC_HOME/shared/include/sysc/utils/sc_typeindex.h
                    $MGC_HOME/shared/include/sysc/kernel/sc_cmnhdr.h
              $MGC_HOME/shared/include/sysc/kernel/sc_module_name.h
              $MGC_HOME/shared/include/sysc/kernel/sc_sensitive.h
              $MGC_HOME/shared/include/sysc/kernel/sc_time.h
                $MGC_HOME/shared/include/sysc/datatypes/int/sc_nbdefs.h
                  $MGC_HOME/shared/include/sysc/kernel/sc_cmnhdr.h
                $MGC_HOME/shared/include/sysc/datatypes/fx/scfx_ieee.h
                  $MGC_HOME/shared/include/sysc/datatypes/fx/sc_fxdefs.h
                    $MGC_HOME/shared/include/sysc/kernel/sc_cmnhdr.h
                    $MGC_HOME/shared/include/sysc/utils/sc_machine.h
                      $MGC_HOME/shared/include/sysc/packages/boost/detail/endian.hpp
                    $MGC_HOME/shared/include/sysc/datatypes/fx/sc_fx_ids.h
                    $MGC_HOME/shared/include/sysc/datatypes/int/sc_nbutils.h
                      $MGC_HOME/shared/include/sysc/datatypes/bit/sc_bit_ids.h
                      $MGC_HOME/shared/include/sysc/datatypes/int/sc_int_ids.h
              $MGC_HOME/shared/include/sysc/kernel/sc_wait.h
                $MGC_HOME/shared/include/sysc/kernel/sc_simcontext.h
                  $MGC_HOME/shared/include/sysc/kernel/sc_cmnhdr.h
                  $MGC_HOME/shared/include/sysc/kernel/sc_status.h
                    $MGC_HOME/shared/include/sysc/kernel/sc_cmnhdr.h
                  $MGC_HOME/shared/include/sysc/utils/sc_hash.h
                    $MGC_HOME/shared/include/sysc/kernel/sc_simcontext.h
                  $MGC_HOME/shared/include/sysc/utils/sc_pq.h
                    $MGC_HOME/shared/include/sysc/kernel/sc_cmnhdr.h
              $MGC_HOME/shared/include/sysc/kernel/sc_wait_cthread.h
                $MGC_HOME/shared/include/sysc/datatypes/bit/sc_logic.h
                  $MGC_HOME/shared/include/sysc/kernel/sc_cmnhdr.h
                  $MGC_HOME/shared/include/sysc/kernel/sc_macros.h
                    $MGC_HOME/shared/include/sysc/kernel/sc_cmnhdr.h
                  $MGC_HOME/shared/include/sysc/utils/sc_mempool.h
                  $MGC_HOME/shared/include/sysc/datatypes/bit/sc_bit.h
              $MGC_HOME/shared/include/sysc/kernel/sc_process_handle.h
                $MGC_HOME/shared/include/sysc/kernel/sc_module.h
              $MGC_HOME/shared/include/sysc/utils/sc_list.h
                $MGC_HOME/shared/include/sysc/kernel/sc_cmnhdr.h
            $MGC_HOME/shared/include/sysc/kernel/sc_ver.h
              $MGC_HOME/shared/include/sysc/kernel/sc_cmnhdr.h
              $MGC_HOME/shared/include/sysc/communication/sc_writer_policy.h
            $MGC_HOME/shared/include/sysc/communication/sc_buffer.h
              $MGC_HOME/shared/include/sysc/communication/sc_signal.h
                $MGC_HOME/shared/include/sysc/communication/sc_port.h
                  $MGC_HOME/shared/include/sysc/kernel/sc_event.h
                    $MGC_HOME/shared/include/sysc/kernel/sc_cmnhdr.h
                $MGC_HOME/shared/include/sysc/communication/sc_prim_channel.h
                $MGC_HOME/shared/include/sysc/communication/sc_signal_ifs.h
                $MGC_HOME/shared/include/sysc/tracing/sc_trace.h
            $MGC_HOME/shared/include/sysc/communication/sc_clock.h
            $MGC_HOME/shared/include/sysc/communication/sc_clock_ports.h
              $MGC_HOME/shared/include/sysc/communication/sc_signal_ports.h
                $MGC_HOME/shared/include/sysc/communication/sc_event_finder.h
            $MGC_HOME/shared/include/sysc/communication/sc_event_queue.h
            $MGC_HOME/shared/include/sysc/communication/sc_fifo.h
              $MGC_HOME/shared/include/sysc/communication/sc_fifo_ifs.h
            $MGC_HOME/shared/include/sysc/communication/sc_fifo_ports.h
            $MGC_HOME/shared/include/sysc/communication/sc_mutex.h
              $MGC_HOME/shared/include/sysc/communication/sc_mutex_if.h
            $MGC_HOME/shared/include/sysc/communication/sc_semaphore.h
              $MGC_HOME/shared/include/sysc/communication/sc_semaphore_if.h
            $MGC_HOME/shared/include/sysc/communication/sc_signal_resolved.h
            $MGC_HOME/shared/include/sysc/communication/sc_signal_resolved_ports.h
            $MGC_HOME/shared/include/sysc/communication/sc_signal_rv.h
              $MGC_HOME/shared/include/sysc/datatypes/bit/sc_lv.h
                $MGC_HOME/shared/include/sysc/datatypes/bit/sc_lv_base.h
                  $MGC_HOME/shared/include/sysc/datatypes/bit/sc_bv_base.h
                    $MGC_HOME/shared/include/sysc/datatypes/bit/sc_bit_proxies.h
                      $MGC_HOME/shared/include/sysc/datatypes/bit/sc_proxy.h
                        $MGC_HOME/shared/include/sysc/kernel/sc_cmnhdr.h
                        $MGC_HOME/shared/include/sysc/datatypes/int/sc_signed.h
                          $MGC_HOME/shared/include/sysc/datatypes/misc/sc_value_base.h
                          $MGC_HOME/shared/include/sysc/utils/sc_temporary.h
                            $MGC_HOME/shared/include/sysc/kernel/sc_cmnhdr.h
                          $MGC_HOME/shared/include/sysc/datatypes/int/sc_length_param.h
                            $MGC_HOME/shared/include/sysc/datatypes/fx/sc_context.h
                              $MGC_HOME/shared/include/sysc/kernel/sc_cmnhdr.h
                          $MGC_HOME/shared/include/sysc/datatypes/int/sc_nbexterns.h
                          $MGC_HOME/shared/include/sysc/datatypes/int/sc_unsigned.h
                        $MGC_HOME/shared/include/sysc/datatypes/int/sc_int_base.h
                          $MGC_HOME/shared/include/sysc/kernel/sc_cmnhdr.h
                          $MGC_HOME/shared/include/sysc/datatypes/int/sc_uint_base.h
            $MGC_HOME/shared/include/sysc/communication/sc_signal_rv_ports.h
            $MGC_HOME/shared/include/sysc/datatypes/bit/sc_bv.h
            $MGC_HOME/shared/include/sysc/datatypes/int/sc_bigint.h
            $MGC_HOME/shared/include/sysc/datatypes/int/sc_biguint.h
            $MGC_HOME/shared/include/sysc/datatypes/int/sc_int.h
            $MGC_HOME/shared/include/sysc/datatypes/int/sc_uint.h
            $MGC_HOME/shared/include/sysc/datatypes/misc/sc_concatref.h
            $MGC_HOME/shared/include/sysc/utils/sc_utils_ids.h
            $MGC_HOME/shared/include/sysc/utils/sc_pvector.h
            $MGC_HOME/shared/include/sysc/utils/sc_string_view.h
              $MGC_HOME/shared/include/sysc/kernel/sc_cmnhdr.h
              $MGC_HOME/shared/include/sysc/packages/boost/utility/string_view.hpp
                $MGC_HOME/shared/include/sysc/packages/boost/config.hpp
                  $MGC_HOME/shared/include/sysc/packages/boost/config/user.hpp
                  $MGC_HOME/shared/include/sysc/packages/boost/config/select_compiler_config.hpp
                  $MGC_HOME/shared/include/sysc/packages/boost/config/compiler/gcc.hpp
                  $MGC_HOME/shared/include/sysc/packages/boost/config/select_stdlib_config.hpp
                  $MGC_HOME/shared/include/sysc/packages/boost/config/stdlib/libstdcpp3.hpp
                  $MGC_HOME/shared/include/sysc/packages/boost/config/select_platform_config.hpp
                  $MGC_HOME/shared/include/sysc/packages/boost/config/platform/linux.hpp
                    $MGC_HOME/shared/include/sysc/packages/boost/config/posix_features.hpp
                  $MGC_HOME/shared/include/sysc/packages/boost/config/suffix.hpp
                $MGC_HOME/shared/include/sysc/packages/boost/utility/string_view_fwd.hpp
            $MGC_HOME/shared/include/sysc/utils/sc_vector.h
        $MGC_HOME/shared/include/ac_sysc_macros.h
        $MGC_HOME/shared/include/ac_sysc_trace.h
        $MGC_HOME/shared/include/connections/connections.h
          $MGC_HOME/shared/include/connections/marshaller.h
            $MGC_HOME/shared/include/ccs_types.h
              $MGC_HOME/shared/include/tlm.h
                $MGC_HOME/shared/include/tlm
                  $MGC_HOME/shared/include/systemc
                  $MGC_HOME/shared/include/tlm_core/tlm_2/tlm_version.h
                  $MGC_HOME/shared/include/tlm_core/tlm_1/tlm_analysis/tlm_analysis.h
                    $MGC_HOME/shared/include/tlm_core/tlm_1/tlm_analysis/tlm_write_if.h
                      $MGC_HOME/shared/include/systemc
                    $MGC_HOME/shared/include/tlm_core/tlm_1/tlm_analysis/tlm_analysis_if.h
                    $MGC_HOME/shared/include/tlm_core/tlm_1/tlm_analysis/tlm_analysis_triple.h
                    $MGC_HOME/shared/include/tlm_core/tlm_1/tlm_analysis/tlm_analysis_port.h
                    $MGC_HOME/shared/include/tlm_core/tlm_1/tlm_analysis/tlm_analysis_fifo.h
                      $MGC_HOME/shared/include/tlm_core/tlm_1/tlm_req_rsp/tlm_channels/tlm_fifo/tlm_fifo.h
                        $MGC_HOME/shared/include/tlm_core/tlm_1/tlm_req_rsp/tlm_1_interfaces/tlm_fifo_ifs.h
                          $MGC_HOME/shared/include/tlm_core/tlm_1/tlm_req_rsp/tlm_1_interfaces/tlm_core_ifs.h
                            $MGC_HOME/shared/include/tlm_core/tlm_1/tlm_req_rsp/tlm_1_interfaces/tlm_tag.h
                        $MGC_HOME/shared/include/tlm_core/tlm_1/tlm_req_rsp/tlm_channels/tlm_fifo/circular_buffer.h
                        $MGC_HOME/shared/include/tlm_core/tlm_1/tlm_req_rsp/tlm_channels/tlm_fifo/tlm_fifo_put_get.h
                        $MGC_HOME/shared/include/tlm_core/tlm_1/tlm_req_rsp/tlm_channels/tlm_fifo/tlm_fifo_peek.h
                        $MGC_HOME/shared/include/tlm_core/tlm_1/tlm_req_rsp/tlm_channels/tlm_fifo/tlm_fifo_resize.h
                  $MGC_HOME/shared/include/tlm_core/tlm_1/tlm_req_rsp/tlm_req_rsp.h
                    $MGC_HOME/shared/include/tlm_core/tlm_1/tlm_req_rsp/tlm_1_interfaces/tlm_master_slave_ifs.h
                    $MGC_HOME/shared/include/tlm_core/tlm_1/tlm_req_rsp/tlm_channels/tlm_req_rsp_channels/tlm_req_rsp_channels.h
                      $MGC_HOME/shared/include/tlm_core/tlm_1/tlm_req_rsp/tlm_adapters/tlm_adapters.h
                      $MGC_HOME/shared/include/tlm_core/tlm_1/tlm_req_rsp/tlm_channels/tlm_req_rsp_channels/tlm_put_get_imp.h
                    $MGC_HOME/shared/include/tlm_core/tlm_1/tlm_req_rsp/tlm_ports/tlm_nonblocking_port.h
                      $MGC_HOME/shared/include/tlm_core/tlm_1/tlm_req_rsp/tlm_ports/tlm_event_finder.h
                  $MGC_HOME/shared/include/tlm_core/tlm_2/tlm_2_interfaces/tlm_2_interfaces.h
                    $MGC_HOME/shared/include/tlm_core/tlm_2/tlm_2_interfaces/tlm_dmi.h
                      $MGC_HOME/shared/include/systemc
                    $MGC_HOME/shared/include/tlm_core/tlm_2/tlm_2_interfaces/tlm_fw_bw_ifs.h
                      $MGC_HOME/shared/include/systemc
                      $MGC_HOME/shared/include/tlm_core/tlm_2/tlm_generic_payload/tlm_generic_payload.h
                        $MGC_HOME/shared/include/tlm_core/tlm_2/tlm_generic_payload/tlm_helpers.h
                        $MGC_HOME/shared/include/tlm_core/tlm_2/tlm_generic_payload/tlm_phase.h
                          $MGC_HOME/shared/include/sysc/kernel/sc_cmnhdr.h
                        $MGC_HOME/shared/include/tlm_core/tlm_2/tlm_generic_payload/tlm_gp.h
                          $MGC_HOME/shared/include/sysc/kernel/sc_cmnhdr.h
                          $MGC_HOME/shared/include/tlm_core/tlm_2/tlm_generic_payload/tlm_array.h
                        $MGC_HOME/shared/include/tlm_core/tlm_2/tlm_generic_payload/tlm_endian_conv.h
                  $MGC_HOME/shared/include/tlm_core/tlm_2/tlm_sockets/tlm_sockets.h
                    $MGC_HOME/shared/include/tlm_core/tlm_2/tlm_sockets/tlm_initiator_socket.h
                      $MGC_HOME/shared/include/tlm_core/tlm_2/tlm_sockets/tlm_base_socket_if.h
                    $MGC_HOME/shared/include/tlm_core/tlm_2/tlm_sockets/tlm_target_socket.h
                  $MGC_HOME/shared/include/tlm_core/tlm_2/tlm_quantum/tlm_quantum.h
                    $MGC_HOME/shared/include/tlm_core/tlm_2/tlm_quantum/tlm_global_quantum.h
              $MGC_HOME/shared/include/ac_sc.h
                $MGC_HOME/shared/include/ac_complex.h
                  $MGC_HOME/shared/include/ac_float.h
              $MGC_HOME/shared/include/mc_typeconv.h
            $MGC_HOME/shared/include/connections/connections_utils.h
              $MGC_HOME/shared/include/ac_assert.h
          $MGC_HOME/shared/include/connections/connections_trace.h
            $MGC_HOME/shared/include/systemc
          $MGC_HOME/shared/include/connections/message.h
        $MGC_HOME/shared/include/connections/connections_sync.h
        $MGC_HOME/shared/include/connections/connections_fifo.h
        $MGC_HOME/shared/include/connections/port_scanner.h
          $MGC_HOME/shared/include/systemc
      $PROJECT_HOME/../../../../common/matchlib_toolkit/examples/matchlib/cmod/include/nvhls_connections.h
        $PROJECT_HOME/../../../../common/matchlib_toolkit/examples/matchlib/cmod/include/nvhls_packet.h
          $PROJECT_HOME/../../../../common/matchlib_toolkit/examples/matchlib/cmod/include/nvhls_types.h
            $PROJECT_HOME/../../../../common/matchlib_toolkit/examples/matchlib/cmod/include/nvhls_int.h
              $PROJECT_HOME/../../../../common/matchlib_toolkit/examples/matchlib/cmod/include/nvhls_marshaller.h
                $MGC_HOME/shared/include/connections/marshaller.h
                  $MGC_HOME/shared/include/mc_typeconv.h
                $PROJECT_HOME/../../../../common/matchlib_toolkit/examples/matchlib/cmod/include/nvhls_assert.h
                  $PROJECT_HOME/../../../../common/matchlib_toolkit/examples/matchlib/cmod/include/hls_globals.h
                  $MGC_HOME/shared/include/ac_assert.h
          $PROJECT_HOME/../../../../common/matchlib_toolkit/examples/matchlib/cmod/include/nvhls_message.h
            $PROJECT_HOME/../../../../common/matchlib_toolkit/examples/matchlib/cmod/include/nvhls_connections_utils.h
        $PROJECT_HOME/../../../../common/matchlib_toolkit/examples/matchlib/cmod/include/nvhls_module.h
          $PROJECT_HOME/../../../../common/matchlib_toolkit/examples/matchlib/cmod/include/nvhls_trace.h
        $PROJECT_HOME/../../../../common/matchlib_toolkit/examples/matchlib/cmod/include/fifo.h
          $PROJECT_HOME/../../../../common/matchlib_toolkit/examples/matchlib/cmod/include/mem_array.h
            $PROJECT_HOME/../../../../common/matchlib_toolkit/examples/matchlib/cmod/include/nvhls_array.h
              $MGC_HOME/shared/include/ac_assert.h
            $PROJECT_HOME/../../../../common/matchlib_toolkit/examples/matchlib/cmod/include/TypeToBits.h
        $PROJECT_HOME/../../../../common/matchlib_toolkit/examples/matchlib/cmod/include/nvhls_connections_buffered_ports.h
          $PROJECT_HOME/../../../../common/matchlib_toolkit/include/ccs_p2p.h
        $PROJECT_HOME/../../../../common/matchlib_toolkit/examples/matchlib/cmod/include/nvhls_connections_network.h
          $PROJECT_HOME/../../../../common/matchlib_toolkit/examples/matchlib/cmod/include/nvhls_connections.h
      $PROJECT_HOME/../../../../common/matchlib_toolkit/examples/matchlib/cmod/include/nvhls_vector.h
        $PROJECT_HOME/../../../../common/matchlib_toolkit/examples/matchlib/cmod/include/hls_globals.h
        $PROJECT_HOME/../../../../common/matchlib_toolkit/include/ccs_p2p.h
      $PROJECT_HOME/../../../../common/inc/esp_dma_info_sysc.hpp
      $PROJECT_HOME/../../../../common/matchlib_toolkit/examples/matchlib/cmod/include/ArbitratedScratchpadDP.h
        $PROJECT_HOME/../../../../common/matchlib_toolkit/examples/matchlib/cmod/include/arbitrated_crossbar.h
          $PROJECT_HOME/../../../../common/matchlib_toolkit/examples/matchlib/cmod/include/Arbiter.h
          $PROJECT_HOME/../../../../common/matchlib_toolkit/examples/matchlib/cmod/include/one_hot_to_bin.h
          $PROJECT_HOME/../../../../common/matchlib_toolkit/examples/matchlib/cmod/include/hls_globals.h
        $PROJECT_HOME/../../../../common/matchlib_toolkit/examples/matchlib/cmod/include/crossbar.h
    $PROJECT_HOME/../../inc/macfin2_data_types.h
    $PROJECT_HOME/../../../../common/matchlib_toolkit/include/auto_gen_port_info.h
      $MGC_HOME/shared/include/connections/marshaller.h
        $MGC_HOME/shared/include/mc_typeconv.h
      $PROJECT_HOME/../../../../common/matchlib_toolkit/include/auto_gen_fields.h
        $MGC_HOME/shared/include/connections/marshaller.h
          $MGC_HOME/shared/include/mc_typeconv.h
        $PROJECT_HOME/../../../../common/matchlib_toolkit/examples/matchlib/cmod/include/UIntOrEmpty.h
          $MGC_HOME/shared/include/systemc
  $PROJECT_HOME/../../inc/Ctrl.h
    $PROJECT_HOME/../../inc/macfin2_data_types.h
      $MGC_HOME/shared/include/ac_int.h
      $MGC_HOME/shared/include/ac_fixed.h
      $PROJECT_HOME/../../inc/macfin2_specs.h
        $MGC_HOME/shared/include/mc_connections.h
          $MGC_HOME/shared/include/systemc.h
            $MGC_HOME/shared/include/systemc
              $MGC_HOME/shared/include/sysc/kernel/sc_cmnhdr.h
              $MGC_HOME/shared/include/sysc/kernel/sc_externs.h
              $MGC_HOME/shared/include/sysc/kernel/sc_except.h
                $MGC_HOME/shared/include/sysc/kernel/sc_cmnhdr.h
              $MGC_HOME/shared/include/sysc/kernel/sc_module.h
                $MGC_HOME/shared/include/sysc/kernel/sc_kernel_ids.h
                  $MGC_HOME/shared/include/sysc/utils/sc_report.h
                    $MGC_HOME/shared/include/sysc/kernel/sc_cmnhdr.h
                    $MGC_HOME/shared/include/sysc/utils/sc_report_handler.h
                $MGC_HOME/shared/include/sysc/kernel/sc_process.h
                  $MGC_HOME/shared/include/sysc/kernel/sc_constants.h
                  $MGC_HOME/shared/include/sysc/kernel/sc_object.h
                    $MGC_HOME/shared/include/sysc/kernel/sc_attribute.h
                      $MGC_HOME/shared/include/sysc/kernel/sc_cmnhdr.h
                  $MGC_HOME/shared/include/sysc/communication/sc_export.h
                    $MGC_HOME/shared/include/sysc/communication/sc_communication_ids.h
                    $MGC_HOME/shared/include/sysc/communication/sc_interface.h
                      $MGC_HOME/shared/include/sysc/kernel/sc_cmnhdr.h
                    $MGC_HOME/shared/include/sysc/utils/sc_typeindex.h
                      $MGC_HOME/shared/include/sysc/kernel/sc_cmnhdr.h
                $MGC_HOME/shared/include/sysc/kernel/sc_module_name.h
                $MGC_HOME/shared/include/sysc/kernel/sc_sensitive.h
                $MGC_HOME/shared/include/sysc/kernel/sc_time.h
                  $MGC_HOME/shared/include/sysc/datatypes/int/sc_nbdefs.h
                    $MGC_HOME/shared/include/sysc/kernel/sc_cmnhdr.h
                  $MGC_HOME/shared/include/sysc/datatypes/fx/scfx_ieee.h
                    $MGC_HOME/shared/include/sysc/datatypes/fx/sc_fxdefs.h
                      $MGC_HOME/shared/include/sysc/kernel/sc_cmnhdr.h
                      $MGC_HOME/shared/include/sysc/utils/sc_machine.h
                        $MGC_HOME/shared/include/sysc/packages/boost/detail/endian.hpp
                      $MGC_HOME/shared/include/sysc/datatypes/fx/sc_fx_ids.h
                      $MGC_HOME/shared/include/sysc/datatypes/int/sc_nbutils.h
                        $MGC_HOME/shared/include/sysc/datatypes/bit/sc_bit_ids.h
                        $MGC_HOME/shared/include/sysc/datatypes/int/sc_int_ids.h
                $MGC_HOME/shared/include/sysc/kernel/sc_wait.h
                  $MGC_HOME/shared/include/sysc/kernel/sc_simcontext.h
                    $MGC_HOME/shared/include/sysc/kernel/sc_cmnhdr.h
                    $MGC_HOME/shared/include/sysc/kernel/sc_status.h
                      $MGC_HOME/shared/include/sysc/kernel/sc_cmnhdr.h
                    $MGC_HOME/shared/include/sysc/utils/sc_hash.h
                      $MGC_HOME/shared/include/sysc/kernel/sc_simcontext.h
                    $MGC_HOME/shared/include/sysc/utils/sc_pq.h
                      $MGC_HOME/shared/include/sysc/kernel/sc_cmnhdr.h
                $MGC_HOME/shared/include/sysc/kernel/sc_wait_cthread.h
                  $MGC_HOME/shared/include/sysc/datatypes/bit/sc_logic.h
                    $MGC_HOME/shared/include/sysc/kernel/sc_cmnhdr.h
                    $MGC_HOME/shared/include/sysc/kernel/sc_macros.h
                      $MGC_HOME/shared/include/sysc/kernel/sc_cmnhdr.h
                    $MGC_HOME/shared/include/sysc/utils/sc_mempool.h
                    $MGC_HOME/shared/include/sysc/datatypes/bit/sc_bit.h
                $MGC_HOME/shared/include/sysc/kernel/sc_process_handle.h
                  $MGC_HOME/shared/include/sysc/kernel/sc_module.h
                $MGC_HOME/shared/include/sysc/utils/sc_list.h
                  $MGC_HOME/shared/include/sysc/kernel/sc_cmnhdr.h
              $MGC_HOME/shared/include/sysc/kernel/sc_ver.h
                $MGC_HOME/shared/include/sysc/kernel/sc_cmnhdr.h
                $MGC_HOME/shared/include/sysc/communication/sc_writer_policy.h
              $MGC_HOME/shared/include/sysc/communication/sc_buffer.h
                $MGC_HOME/shared/include/sysc/communication/sc_signal.h
                  $MGC_HOME/shared/include/sysc/communication/sc_port.h
                    $MGC_HOME/shared/include/sysc/kernel/sc_event.h
                      $MGC_HOME/shared/include/sysc/kernel/sc_cmnhdr.h
                  $MGC_HOME/shared/include/sysc/communication/sc_prim_channel.h
                  $MGC_HOME/shared/include/sysc/communication/sc_signal_ifs.h
                  $MGC_HOME/shared/include/sysc/tracing/sc_trace.h
              $MGC_HOME/shared/include/sysc/communication/sc_clock.h
              $MGC_HOME/shared/include/sysc/communication/sc_clock_ports.h
                $MGC_HOME/shared/include/sysc/communication/sc_signal_ports.h
                  $MGC_HOME/shared/include/sysc/communication/sc_event_finder.h
              $MGC_HOME/shared/include/sysc/communication/sc_event_queue.h
              $MGC_HOME/shared/include/sysc/communication/sc_fifo.h
                $MGC_HOME/shared/include/sysc/communication/sc_fifo_ifs.h
              $MGC_HOME/shared/include/sysc/communication/sc_fifo_ports.h
              $MGC_HOME/shared/include/sysc/communication/sc_mutex.h
                $MGC_HOME/shared/include/sysc/communication/sc_mutex_if.h
              $MGC_HOME/shared/include/sysc/communication/sc_semaphore.h
                $MGC_HOME/shared/include/sysc/communication/sc_semaphore_if.h
              $MGC_HOME/shared/include/sysc/communication/sc_signal_resolved.h
              $MGC_HOME/shared/include/sysc/communication/sc_signal_resolved_ports.h
              $MGC_HOME/shared/include/sysc/communication/sc_signal_rv.h
                $MGC_HOME/shared/include/sysc/datatypes/bit/sc_lv.h
                  $MGC_HOME/shared/include/sysc/datatypes/bit/sc_lv_base.h
                    $MGC_HOME/shared/include/sysc/datatypes/bit/sc_bv_base.h
                      $MGC_HOME/shared/include/sysc/datatypes/bit/sc_bit_proxies.h
                        $MGC_HOME/shared/include/sysc/datatypes/bit/sc_proxy.h
                          $MGC_HOME/shared/include/sysc/kernel/sc_cmnhdr.h
                          $MGC_HOME/shared/include/sysc/datatypes/int/sc_signed.h
                            $MGC_HOME/shared/include/sysc/datatypes/misc/sc_value_base.h
                            $MGC_HOME/shared/include/sysc/utils/sc_temporary.h
                              $MGC_HOME/shared/include/sysc/kernel/sc_cmnhdr.h
                            $MGC_HOME/shared/include/sysc/datatypes/int/sc_length_param.h
                              $MGC_HOME/shared/include/sysc/datatypes/fx/sc_context.h
                                $MGC_HOME/shared/include/sysc/kernel/sc_cmnhdr.h
                            $MGC_HOME/shared/include/sysc/datatypes/int/sc_nbexterns.h
                            $MGC_HOME/shared/include/sysc/datatypes/int/sc_unsigned.h
                          $MGC_HOME/shared/include/sysc/datatypes/int/sc_int_base.h
                            $MGC_HOME/shared/include/sysc/kernel/sc_cmnhdr.h
                            $MGC_HOME/shared/include/sysc/datatypes/int/sc_uint_base.h
              $MGC_HOME/shared/include/sysc/communication/sc_signal_rv_ports.h
              $MGC_HOME/shared/include/sysc/datatypes/bit/sc_bv.h
              $MGC_HOME/shared/include/sysc/datatypes/int/sc_bigint.h
              $MGC_HOME/shared/include/sysc/datatypes/int/sc_biguint.h
              $MGC_HOME/shared/include/sysc/datatypes/int/sc_int.h
              $MGC_HOME/shared/include/sysc/datatypes/int/sc_uint.h
              $MGC_HOME/shared/include/sysc/datatypes/misc/sc_concatref.h
              $MGC_HOME/shared/include/sysc/utils/sc_utils_ids.h
              $MGC_HOME/shared/include/sysc/utils/sc_pvector.h
              $MGC_HOME/shared/include/sysc/utils/sc_string_view.h
                $MGC_HOME/shared/include/sysc/kernel/sc_cmnhdr.h
                $MGC_HOME/shared/include/sysc/packages/boost/utility/string_view.hpp
                  $MGC_HOME/shared/include/sysc/packages/boost/config.hpp
                    $MGC_HOME/shared/include/sysc/packages/boost/config/user.hpp
                    $MGC_HOME/shared/include/sysc/packages/boost/config/select_compiler_config.hpp
                    $MGC_HOME/shared/include/sysc/packages/boost/config/compiler/gcc.hpp
                    $MGC_HOME/shared/include/sysc/packages/boost/config/select_stdlib_config.hpp
                    $MGC_HOME/shared/include/sysc/packages/boost/config/stdlib/libstdcpp3.hpp
                    $MGC_HOME/shared/include/sysc/packages/boost/config/select_platform_config.hpp
                    $MGC_HOME/shared/include/sysc/packages/boost/config/platform/linux.hpp
                      $MGC_HOME/shared/include/sysc/packages/boost/config/posix_features.hpp
                    $MGC_HOME/shared/include/sysc/packages/boost/config/suffix.hpp
                  $MGC_HOME/shared/include/sysc/packages/boost/utility/string_view_fwd.hpp
              $MGC_HOME/shared/include/sysc/utils/sc_vector.h
          $MGC_HOME/shared/include/ac_sysc_macros.h
          $MGC_HOME/shared/include/ac_sysc_trace.h
          $MGC_HOME/shared/include/connections/connections.h
            $MGC_HOME/shared/include/connections/marshaller.h
              $MGC_HOME/shared/include/ccs_types.h
                $MGC_HOME/shared/include/tlm.h
                  $MGC_HOME/shared/include/tlm
                    $MGC_HOME/shared/include/systemc
                    $MGC_HOME/shared/include/tlm_core/tlm_2/tlm_version.h
                    $MGC_HOME/shared/include/tlm_core/tlm_1/tlm_analysis/tlm_analysis.h
                      $MGC_HOME/shared/include/tlm_core/tlm_1/tlm_analysis/tlm_write_if.h
                        $MGC_HOME/shared/include/systemc
                      $MGC_HOME/shared/include/tlm_core/tlm_1/tlm_analysis/tlm_analysis_if.h
                      $MGC_HOME/shared/include/tlm_core/tlm_1/tlm_analysis/tlm_analysis_triple.h
                      $MGC_HOME/shared/include/tlm_core/tlm_1/tlm_analysis/tlm_analysis_port.h
                      $MGC_HOME/shared/include/tlm_core/tlm_1/tlm_analysis/tlm_analysis_fifo.h
                        $MGC_HOME/shared/include/tlm_core/tlm_1/tlm_req_rsp/tlm_channels/tlm_fifo/tlm_fifo.h
                          $MGC_HOME/shared/include/tlm_core/tlm_1/tlm_req_rsp/tlm_1_interfaces/tlm_fifo_ifs.h
                            $MGC_HOME/shared/include/tlm_core/tlm_1/tlm_req_rsp/tlm_1_interfaces/tlm_core_ifs.h
                              $MGC_HOME/shared/include/tlm_core/tlm_1/tlm_req_rsp/tlm_1_interfaces/tlm_tag.h
                          $MGC_HOME/shared/include/tlm_core/tlm_1/tlm_req_rsp/tlm_channels/tlm_fifo/circular_buffer.h
                          $MGC_HOME/shared/include/tlm_core/tlm_1/tlm_req_rsp/tlm_channels/tlm_fifo/tlm_fifo_put_get.h
                          $MGC_HOME/shared/include/tlm_core/tlm_1/tlm_req_rsp/tlm_channels/tlm_fifo/tlm_fifo_peek.h
                          $MGC_HOME/shared/include/tlm_core/tlm_1/tlm_req_rsp/tlm_channels/tlm_fifo/tlm_fifo_resize.h
                    $MGC_HOME/shared/include/tlm_core/tlm_1/tlm_req_rsp/tlm_req_rsp.h
                      $MGC_HOME/shared/include/tlm_core/tlm_1/tlm_req_rsp/tlm_1_interfaces/tlm_master_slave_ifs.h
                      $MGC_HOME/shared/include/tlm_core/tlm_1/tlm_req_rsp/tlm_channels/tlm_req_rsp_channels/tlm_req_rsp_channels.h
                        $MGC_HOME/shared/include/tlm_core/tlm_1/tlm_req_rsp/tlm_adapters/tlm_adapters.h
                        $MGC_HOME/shared/include/tlm_core/tlm_1/tlm_req_rsp/tlm_channels/tlm_req_rsp_channels/tlm_put_get_imp.h
                      $MGC_HOME/shared/include/tlm_core/tlm_1/tlm_req_rsp/tlm_ports/tlm_nonblocking_port.h
                        $MGC_HOME/shared/include/tlm_core/tlm_1/tlm_req_rsp/tlm_ports/tlm_event_finder.h
                    $MGC_HOME/shared/include/tlm_core/tlm_2/tlm_2_interfaces/tlm_2_interfaces.h
                      $MGC_HOME/shared/include/tlm_core/tlm_2/tlm_2_interfaces/tlm_dmi.h
                        $MGC_HOME/shared/include/systemc
                      $MGC_HOME/shared/include/tlm_core/tlm_2/tlm_2_interfaces/tlm_fw_bw_ifs.h
                        $MGC_HOME/shared/include/systemc
                        $MGC_HOME/shared/include/tlm_core/tlm_2/tlm_generic_payload/tlm_generic_payload.h
                          $MGC_HOME/shared/include/tlm_core/tlm_2/tlm_generic_payload/tlm_helpers.h
                          $MGC_HOME/shared/include/tlm_core/tlm_2/tlm_generic_payload/tlm_phase.h
                            $MGC_HOME/shared/include/sysc/kernel/sc_cmnhdr.h
                          $MGC_HOME/shared/include/tlm_core/tlm_2/tlm_generic_payload/tlm_gp.h
                            $MGC_HOME/shared/include/sysc/kernel/sc_cmnhdr.h
                            $MGC_HOME/shared/include/tlm_core/tlm_2/tlm_generic_payload/tlm_array.h
                          $MGC_HOME/shared/include/tlm_core/tlm_2/tlm_generic_payload/tlm_endian_conv.h
                    $MGC_HOME/shared/include/tlm_core/tlm_2/tlm_sockets/tlm_sockets.h
                      $MGC_HOME/shared/include/tlm_core/tlm_2/tlm_sockets/tlm_initiator_socket.h
                        $MGC_HOME/shared/include/tlm_core/tlm_2/tlm_sockets/tlm_base_socket_if.h
                      $MGC_HOME/shared/include/tlm_core/tlm_2/tlm_sockets/tlm_target_socket.h
                    $MGC_HOME/shared/include/tlm_core/tlm_2/tlm_quantum/tlm_quantum.h
                      $MGC_HOME/shared/include/tlm_core/tlm_2/tlm_quantum/tlm_global_quantum.h
                $MGC_HOME/shared/include/ac_sc.h
                  $MGC_HOME/shared/include/ac_complex.h
                    $MGC_HOME/shared/include/ac_float.h
                $MGC_HOME/shared/include/mc_typeconv.h
              $MGC_HOME/shared/include/connections/connections_utils.h
                $MGC_HOME/shared/include/ac_assert.h
            $MGC_HOME/shared/include/connections/connections_trace.h
              $MGC_HOME/shared/include/systemc
            $MGC_HOME/shared/include/connections/message.h
          $MGC_HOME/shared/include/connections/connections_sync.h
          $MGC_HOME/shared/include/connections/connections_fifo.h
          $MGC_HOME/shared/include/connections/port_scanner.h
            $MGC_HOME/shared/include/systemc
        $PROJECT_HOME/../../../../common/matchlib_toolkit/examples/matchlib/cmod/include/nvhls_connections.h
          $PROJECT_HOME/../../../../common/matchlib_toolkit/examples/matchlib/cmod/include/nvhls_packet.h
            $PROJECT_HOME/../../../../common/matchlib_toolkit/examples/matchlib/cmod/include/nvhls_types.h
              $PROJECT_HOME/../../../../common/matchlib_toolkit/examples/matchlib/cmod/include/nvhls_int.h
                $PROJECT_HOME/../../../../common/matchlib_toolkit/examples/matchlib/cmod/include/nvhls_marshaller.h
                  $MGC_HOME/shared/include/connections/marshaller.h
                    $MGC_HOME/shared/include/mc_typeconv.h
                  $PROJECT_HOME/../../../../common/matchlib_toolkit/examples/matchlib/cmod/include/nvhls_assert.h
                    $PROJECT_HOME/../../../../common/matchlib_toolkit/examples/matchlib/cmod/include/hls_globals.h
                    $MGC_HOME/shared/include/ac_assert.h
            $PROJECT_HOME/../../../../common/matchlib_toolkit/examples/matchlib/cmod/include/nvhls_message.h
              $PROJECT_HOME/../../../../common/matchlib_toolkit/examples/matchlib/cmod/include/nvhls_connections_utils.h
          $PROJECT_HOME/../../../../common/matchlib_toolkit/examples/matchlib/cmod/include/nvhls_module.h
            $PROJECT_HOME/../../../../common/matchlib_toolkit/examples/matchlib/cmod/include/nvhls_trace.h
          $PROJECT_HOME/../../../../common/matchlib_toolkit/examples/matchlib/cmod/include/fifo.h
            $PROJECT_HOME/../../../../common/matchlib_toolkit/examples/matchlib/cmod/include/mem_array.h
              $PROJECT_HOME/../../../../common/matchlib_toolkit/examples/matchlib/cmod/include/nvhls_array.h
                $MGC_HOME/shared/include/ac_assert.h
              $PROJECT_HOME/../../../../common/matchlib_toolkit/examples/matchlib/cmod/include/TypeToBits.h
          $PROJECT_HOME/../../../../common/matchlib_toolkit/examples/matchlib/cmod/include/nvhls_connections_buffered_ports.h
            $PROJECT_HOME/../../../../common/matchlib_toolkit/include/ccs_p2p.h
          $PROJECT_HOME/../../../../common/matchlib_toolkit/examples/matchlib/cmod/include/nvhls_connections_network.h
            $PROJECT_HOME/../../../../common/matchlib_toolkit/examples/matchlib/cmod/include/nvhls_connections.h
        $PROJECT_HOME/../../../../common/matchlib_toolkit/examples/matchlib/cmod/include/nvhls_vector.h
          $PROJECT_HOME/../../../../common/matchlib_toolkit/examples/matchlib/cmod/include/hls_globals.h
          $PROJECT_HOME/../../../../common/matchlib_toolkit/include/ccs_p2p.h
        $PROJECT_HOME/../../../../common/inc/esp_dma_info_sysc.hpp
        $PROJECT_HOME/../../../../common/matchlib_toolkit/examples/matchlib/cmod/include/ArbitratedScratchpadDP.h
          $PROJECT_HOME/../../../../common/matchlib_toolkit/examples/matchlib/cmod/include/arbitrated_crossbar.h
            $PROJECT_HOME/../../../../common/matchlib_toolkit/examples/matchlib/cmod/include/Arbiter.h
            $PROJECT_HOME/../../../../common/matchlib_toolkit/examples/matchlib/cmod/include/one_hot_to_bin.h
            $PROJECT_HOME/../../../../common/matchlib_toolkit/examples/matchlib/cmod/include/hls_globals.h
          $PROJECT_HOME/../../../../common/matchlib_toolkit/examples/matchlib/cmod/include/crossbar.h
    $PROJECT_HOME/../../inc/macfin2_conf_info.h
      $PROJECT_HOME/../../../../common/matchlib_toolkit/include/auto_gen_port_info.h
        $MGC_HOME/shared/include/connections/marshaller.h
          $MGC_HOME/shared/include/mc_typeconv.h
        $PROJECT_HOME/../../../../common/matchlib_toolkit/include/auto_gen_fields.h
          $MGC_HOME/shared/include/connections/marshaller.h
            $MGC_HOME/shared/include/mc_typeconv.h
          $PROJECT_HOME/../../../../common/matchlib_toolkit/examples/matchlib/cmod/include/UIntOrEmpty.h
            $MGC_HOME/shared/include/systemc
    $PROJECT_HOME/../../../../common/matchlib_toolkit/include/ac_shared_bank_array.h
      $MGC_HOME/shared/include/ac_assert.h
      $PROJECT_HOME/../../../../common/matchlib_toolkit/include/ac_shared_proxy.h
        $MGC_HOME/shared/include/ac_shared.h
      $PROJECT_HOME/../../../../common/matchlib_toolkit/include/ac_max_pow2.h
      $PROJECT_HOME/../../../../common/matchlib_toolkit/include/ac_array_1D.h
        $MGC_HOME/shared/include/ac_assert.h
  $PROJECT_HOME/../../inc/macfin2_specs.h
    $MGC_HOME/shared/include/mc_connections.h
      $MGC_HOME/shared/include/systemc.h
        $MGC_HOME/shared/include/systemc
          $MGC_HOME/shared/include/sysc/kernel/sc_cmnhdr.h
          $MGC_HOME/shared/include/sysc/kernel/sc_externs.h
          $MGC_HOME/shared/include/sysc/kernel/sc_except.h
            $MGC_HOME/shared/include/sysc/kernel/sc_cmnhdr.h
          $MGC_HOME/shared/include/sysc/kernel/sc_module.h
            $MGC_HOME/shared/include/sysc/kernel/sc_kernel_ids.h
              $MGC_HOME/shared/include/sysc/utils/sc_report.h
                $MGC_HOME/shared/include/sysc/kernel/sc_cmnhdr.h
                $MGC_HOME/shared/include/sysc/utils/sc_report_handler.h
            $MGC_HOME/shared/include/sysc/kernel/sc_process.h
              $MGC_HOME/shared/include/sysc/kernel/sc_constants.h
              $MGC_HOME/shared/include/sysc/kernel/sc_object.h
                $MGC_HOME/shared/include/sysc/kernel/sc_attribute.h
                  $MGC_HOME/shared/include/sysc/kernel/sc_cmnhdr.h
              $MGC_HOME/shared/include/sysc/communication/sc_export.h
                $MGC_HOME/shared/include/sysc/communication/sc_communication_ids.h
                $MGC_HOME/shared/include/sysc/communication/sc_interface.h
                  $MGC_HOME/shared/include/sysc/kernel/sc_cmnhdr.h
                $MGC_HOME/shared/include/sysc/utils/sc_typeindex.h
                  $MGC_HOME/shared/include/sysc/kernel/sc_cmnhdr.h
            $MGC_HOME/shared/include/sysc/kernel/sc_module_name.h
            $MGC_HOME/shared/include/sysc/kernel/sc_sensitive.h
            $MGC_HOME/shared/include/sysc/kernel/sc_time.h
              $MGC_HOME/shared/include/sysc/datatypes/int/sc_nbdefs.h
                $MGC_HOME/shared/include/sysc/kernel/sc_cmnhdr.h
              $MGC_HOME/shared/include/sysc/datatypes/fx/scfx_ieee.h
                $MGC_HOME/shared/include/sysc/datatypes/fx/sc_fxdefs.h
                  $MGC_HOME/shared/include/sysc/kernel/sc_cmnhdr.h
                  $MGC_HOME/shared/include/sysc/utils/sc_machine.h
                    $MGC_HOME/shared/include/sysc/packages/boost/detail/endian.hpp
                  $MGC_HOME/shared/include/sysc/datatypes/fx/sc_fx_ids.h
                  $MGC_HOME/shared/include/sysc/datatypes/int/sc_nbutils.h
                    $MGC_HOME/shared/include/sysc/datatypes/bit/sc_bit_ids.h
                    $MGC_HOME/shared/include/sysc/datatypes/int/sc_int_ids.h
            $MGC_HOME/shared/include/sysc/kernel/sc_wait.h
              $MGC_HOME/shared/include/sysc/kernel/sc_simcontext.h
                $MGC_HOME/shared/include/sysc/kernel/sc_cmnhdr.h
                $MGC_HOME/shared/include/sysc/kernel/sc_status.h
                  $MGC_HOME/shared/include/sysc/kernel/sc_cmnhdr.h
                $MGC_HOME/shared/include/sysc/utils/sc_hash.h
                  $MGC_HOME/shared/include/sysc/kernel/sc_simcontext.h
                $MGC_HOME/shared/include/sysc/utils/sc_pq.h
                  $MGC_HOME/shared/include/sysc/kernel/sc_cmnhdr.h
            $MGC_HOME/shared/include/sysc/kernel/sc_wait_cthread.h
              $MGC_HOME/shared/include/sysc/datatypes/bit/sc_logic.h
                $MGC_HOME/shared/include/sysc/kernel/sc_cmnhdr.h
                $MGC_HOME/shared/include/sysc/kernel/sc_macros.h
                  $MGC_HOME/shared/include/sysc/kernel/sc_cmnhdr.h
                $MGC_HOME/shared/include/sysc/utils/sc_mempool.h
                $MGC_HOME/shared/include/sysc/datatypes/bit/sc_bit.h
            $MGC_HOME/shared/include/sysc/kernel/sc_process_handle.h
              $MGC_HOME/shared/include/sysc/kernel/sc_module.h
            $MGC_HOME/shared/include/sysc/utils/sc_list.h
              $MGC_HOME/shared/include/sysc/kernel/sc_cmnhdr.h
          $MGC_HOME/shared/include/sysc/kernel/sc_ver.h
            $MGC_HOME/shared/include/sysc/kernel/sc_cmnhdr.h
            $MGC_HOME/shared/include/sysc/communication/sc_writer_policy.h
          $MGC_HOME/shared/include/sysc/communication/sc_buffer.h
            $MGC_HOME/shared/include/sysc/communication/sc_signal.h
              $MGC_HOME/shared/include/sysc/communication/sc_port.h
                $MGC_HOME/shared/include/sysc/kernel/sc_event.h
                  $MGC_HOME/shared/include/sysc/kernel/sc_cmnhdr.h
              $MGC_HOME/shared/include/sysc/communication/sc_prim_channel.h
              $MGC_HOME/shared/include/sysc/communication/sc_signal_ifs.h
              $MGC_HOME/shared/include/sysc/tracing/sc_trace.h
          $MGC_HOME/shared/include/sysc/communication/sc_clock.h
          $MGC_HOME/shared/include/sysc/communication/sc_clock_ports.h
            $MGC_HOME/shared/include/sysc/communication/sc_signal_ports.h
              $MGC_HOME/shared/include/sysc/communication/sc_event_finder.h
          $MGC_HOME/shared/include/sysc/communication/sc_event_queue.h
          $MGC_HOME/shared/include/sysc/communication/sc_fifo.h
            $MGC_HOME/shared/include/sysc/communication/sc_fifo_ifs.h
          $MGC_HOME/shared/include/sysc/communication/sc_fifo_ports.h
          $MGC_HOME/shared/include/sysc/communication/sc_mutex.h
            $MGC_HOME/shared/include/sysc/communication/sc_mutex_if.h
          $MGC_HOME/shared/include/sysc/communication/sc_semaphore.h
            $MGC_HOME/shared/include/sysc/communication/sc_semaphore_if.h
          $MGC_HOME/shared/include/sysc/communication/sc_signal_resolved.h
          $MGC_HOME/shared/include/sysc/communication/sc_signal_resolved_ports.h
          $MGC_HOME/shared/include/sysc/communication/sc_signal_rv.h
            $MGC_HOME/shared/include/sysc/datatypes/bit/sc_lv.h
              $MGC_HOME/shared/include/sysc/datatypes/bit/sc_lv_base.h
                $MGC_HOME/shared/include/sysc/datatypes/bit/sc_bv_base.h
                  $MGC_HOME/shared/include/sysc/datatypes/bit/sc_bit_proxies.h
                    $MGC_HOME/shared/include/sysc/datatypes/bit/sc_proxy.h
                      $MGC_HOME/shared/include/sysc/kernel/sc_cmnhdr.h
                      $MGC_HOME/shared/include/sysc/datatypes/int/sc_signed.h
                        $MGC_HOME/shared/include/sysc/datatypes/misc/sc_value_base.h
                        $MGC_HOME/shared/include/sysc/utils/sc_temporary.h
                          $MGC_HOME/shared/include/sysc/kernel/sc_cmnhdr.h
                        $MGC_HOME/shared/include/sysc/datatypes/int/sc_length_param.h
                          $MGC_HOME/shared/include/sysc/datatypes/fx/sc_context.h
                            $MGC_HOME/shared/include/sysc/kernel/sc_cmnhdr.h
                        $MGC_HOME/shared/include/sysc/datatypes/int/sc_nbexterns.h
                        $MGC_HOME/shared/include/sysc/datatypes/int/sc_unsigned.h
                      $MGC_HOME/shared/include/sysc/datatypes/int/sc_int_base.h
                        $MGC_HOME/shared/include/sysc/kernel/sc_cmnhdr.h
                        $MGC_HOME/shared/include/sysc/datatypes/int/sc_uint_base.h
          $MGC_HOME/shared/include/sysc/communication/sc_signal_rv_ports.h
          $MGC_HOME/shared/include/sysc/datatypes/bit/sc_bv.h
          $MGC_HOME/shared/include/sysc/datatypes/int/sc_bigint.h
          $MGC_HOME/shared/include/sysc/datatypes/int/sc_biguint.h
          $MGC_HOME/shared/include/sysc/datatypes/int/sc_int.h
          $MGC_HOME/shared/include/sysc/datatypes/int/sc_uint.h
          $MGC_HOME/shared/include/sysc/datatypes/misc/sc_concatref.h
          $MGC_HOME/shared/include/sysc/utils/sc_utils_ids.h
          $MGC_HOME/shared/include/sysc/utils/sc_pvector.h
          $MGC_HOME/shared/include/sysc/utils/sc_string_view.h
            $MGC_HOME/shared/include/sysc/kernel/sc_cmnhdr.h
            $MGC_HOME/shared/include/sysc/packages/boost/utility/string_view.hpp
              $MGC_HOME/shared/include/sysc/packages/boost/config.hpp
                $MGC_HOME/shared/include/sysc/packages/boost/config/user.hpp
                $MGC_HOME/shared/include/sysc/packages/boost/config/select_compiler_config.hpp
                $MGC_HOME/shared/include/sysc/packages/boost/config/compiler/gcc.hpp
                $MGC_HOME/shared/include/sysc/packages/boost/config/select_stdlib_config.hpp
                $MGC_HOME/shared/include/sysc/packages/boost/config/stdlib/libstdcpp3.hpp
                $MGC_HOME/shared/include/sysc/packages/boost/config/select_platform_config.hpp
                $MGC_HOME/shared/include/sysc/packages/boost/config/platform/linux.hpp
                  $MGC_HOME/shared/include/sysc/packages/boost/config/posix_features.hpp
                $MGC_HOME/shared/include/sysc/packages/boost/config/suffix.hpp
              $MGC_HOME/shared/include/sysc/packages/boost/utility/string_view_fwd.hpp
          $MGC_HOME/shared/include/sysc/utils/sc_vector.h
      $MGC_HOME/shared/include/ac_sysc_macros.h
      $MGC_HOME/shared/include/ac_sysc_trace.h
      $MGC_HOME/shared/include/connections/connections.h
        $MGC_HOME/shared/include/connections/marshaller.h
          $MGC_HOME/shared/include/ccs_types.h
            $MGC_HOME/shared/include/tlm.h
              $MGC_HOME/shared/include/tlm
                $MGC_HOME/shared/include/systemc
                $MGC_HOME/shared/include/tlm_core/tlm_2/tlm_version.h
                $MGC_HOME/shared/include/tlm_core/tlm_1/tlm_analysis/tlm_analysis.h
                  $MGC_HOME/shared/include/tlm_core/tlm_1/tlm_analysis/tlm_write_if.h
                    $MGC_HOME/shared/include/systemc
                  $MGC_HOME/shared/include/tlm_core/tlm_1/tlm_analysis/tlm_analysis_if.h
                  $MGC_HOME/shared/include/tlm_core/tlm_1/tlm_analysis/tlm_analysis_triple.h
                  $MGC_HOME/shared/include/tlm_core/tlm_1/tlm_analysis/tlm_analysis_port.h
                  $MGC_HOME/shared/include/tlm_core/tlm_1/tlm_analysis/tlm_analysis_fifo.h
                    $MGC_HOME/shared/include/tlm_core/tlm_1/tlm_req_rsp/tlm_channels/tlm_fifo/tlm_fifo.h
                      $MGC_HOME/shared/include/tlm_core/tlm_1/tlm_req_rsp/tlm_1_interfaces/tlm_fifo_ifs.h
                        $MGC_HOME/shared/include/tlm_core/tlm_1/tlm_req_rsp/tlm_1_interfaces/tlm_core_ifs.h
                          $MGC_HOME/shared/include/tlm_core/tlm_1/tlm_req_rsp/tlm_1_interfaces/tlm_tag.h
                      $MGC_HOME/shared/include/tlm_core/tlm_1/tlm_req_rsp/tlm_channels/tlm_fifo/circular_buffer.h
                      $MGC_HOME/shared/include/tlm_core/tlm_1/tlm_req_rsp/tlm_channels/tlm_fifo/tlm_fifo_put_get.h
                      $MGC_HOME/shared/include/tlm_core/tlm_1/tlm_req_rsp/tlm_channels/tlm_fifo/tlm_fifo_peek.h
                      $MGC_HOME/shared/include/tlm_core/tlm_1/tlm_req_rsp/tlm_channels/tlm_fifo/tlm_fifo_resize.h
                $MGC_HOME/shared/include/tlm_core/tlm_1/tlm_req_rsp/tlm_req_rsp.h
                  $MGC_HOME/shared/include/tlm_core/tlm_1/tlm_req_rsp/tlm_1_interfaces/tlm_master_slave_ifs.h
                  $MGC_HOME/shared/include/tlm_core/tlm_1/tlm_req_rsp/tlm_channels/tlm_req_rsp_channels/tlm_req_rsp_channels.h
                    $MGC_HOME/shared/include/tlm_core/tlm_1/tlm_req_rsp/tlm_adapters/tlm_adapters.h
                    $MGC_HOME/shared/include/tlm_core/tlm_1/tlm_req_rsp/tlm_channels/tlm_req_rsp_channels/tlm_put_get_imp.h
                  $MGC_HOME/shared/include/tlm_core/tlm_1/tlm_req_rsp/tlm_ports/tlm_nonblocking_port.h
                    $MGC_HOME/shared/include/tlm_core/tlm_1/tlm_req_rsp/tlm_ports/tlm_event_finder.h
                $MGC_HOME/shared/include/tlm_core/tlm_2/tlm_2_interfaces/tlm_2_interfaces.h
                  $MGC_HOME/shared/include/tlm_core/tlm_2/tlm_2_interfaces/tlm_dmi.h
                    $MGC_HOME/shared/include/systemc
                  $MGC_HOME/shared/include/tlm_core/tlm_2/tlm_2_interfaces/tlm_fw_bw_ifs.h
                    $MGC_HOME/shared/include/systemc
                    $MGC_HOME/shared/include/tlm_core/tlm_2/tlm_generic_payload/tlm_generic_payload.h
                      $MGC_HOME/shared/include/tlm_core/tlm_2/tlm_generic_payload/tlm_helpers.h
                      $MGC_HOME/shared/include/tlm_core/tlm_2/tlm_generic_payload/tlm_phase.h
                        $MGC_HOME/shared/include/sysc/kernel/sc_cmnhdr.h
                      $MGC_HOME/shared/include/tlm_core/tlm_2/tlm_generic_payload/tlm_gp.h
                        $MGC_HOME/shared/include/sysc/kernel/sc_cmnhdr.h
                        $MGC_HOME/shared/include/tlm_core/tlm_2/tlm_generic_payload/tlm_array.h
                      $MGC_HOME/shared/include/tlm_core/tlm_2/tlm_generic_payload/tlm_endian_conv.h
                $MGC_HOME/shared/include/tlm_core/tlm_2/tlm_sockets/tlm_sockets.h
                  $MGC_HOME/shared/include/tlm_core/tlm_2/tlm_sockets/tlm_initiator_socket.h
                    $MGC_HOME/shared/include/tlm_core/tlm_2/tlm_sockets/tlm_base_socket_if.h
                  $MGC_HOME/shared/include/tlm_core/tlm_2/tlm_sockets/tlm_target_socket.h
                $MGC_HOME/shared/include/tlm_core/tlm_2/tlm_quantum/tlm_quantum.h
                  $MGC_HOME/shared/include/tlm_core/tlm_2/tlm_quantum/tlm_global_quantum.h
            $MGC_HOME/shared/include/ac_sc.h
              $MGC_HOME/shared/include/ac_complex.h
                $MGC_HOME/shared/include/ac_float.h
            $MGC_HOME/shared/include/mc_typeconv.h
          $MGC_HOME/shared/include/connections/connections_utils.h
            $MGC_HOME/shared/include/ac_assert.h
        $MGC_HOME/shared/include/connections/connections_trace.h
          $MGC_HOME/shared/include/systemc
        $MGC_HOME/shared/include/connections/message.h
      $MGC_HOME/shared/include/connections/connections_sync.h
      $MGC_HOME/shared/include/connections/connections_fifo.h
      $MGC_HOME/shared/include/connections/port_scanner.h
        $MGC_HOME/shared/include/systemc
    $PROJECT_HOME/../../../../common/matchlib_toolkit/examples/matchlib/cmod/include/nvhls_connections.h
      $PROJECT_HOME/../../../../common/matchlib_toolkit/examples/matchlib/cmod/include/nvhls_packet.h
        $PROJECT_HOME/../../../../common/matchlib_toolkit/examples/matchlib/cmod/include/nvhls_types.h
          $PROJECT_HOME/../../../../common/matchlib_toolkit/examples/matchlib/cmod/include/nvhls_int.h
            $PROJECT_HOME/../../../../common/matchlib_toolkit/examples/matchlib/cmod/include/nvhls_marshaller.h
              $MGC_HOME/shared/include/connections/marshaller.h
                $MGC_HOME/shared/include/mc_typeconv.h
              $PROJECT_HOME/../../../../common/matchlib_toolkit/examples/matchlib/cmod/include/nvhls_assert.h
                $PROJECT_HOME/../../../../common/matchlib_toolkit/examples/matchlib/cmod/include/hls_globals.h
                $MGC_HOME/shared/include/ac_assert.h
        $PROJECT_HOME/../../../../common/matchlib_toolkit/examples/matchlib/cmod/include/nvhls_message.h
          $PROJECT_HOME/../../../../common/matchlib_toolkit/examples/matchlib/cmod/include/nvhls_connections_utils.h
      $PROJECT_HOME/../../../../common/matchlib_toolkit/examples/matchlib/cmod/include/nvhls_module.h
        $PROJECT_HOME/../../../../common/matchlib_toolkit/examples/matchlib/cmod/include/nvhls_trace.h
      $PROJECT_HOME/../../../../common/matchlib_toolkit/examples/matchlib/cmod/include/fifo.h
        $PROJECT_HOME/../../../../common/matchlib_toolkit/examples/matchlib/cmod/include/mem_array.h
          $PROJECT_HOME/../../../../common/matchlib_toolkit/examples/matchlib/cmod/include/nvhls_array.h
            $MGC_HOME/shared/include/ac_assert.h
          $PROJECT_HOME/../../../../common/matchlib_toolkit/examples/matchlib/cmod/include/TypeToBits.h
      $PROJECT_HOME/../../../../common/matchlib_toolkit/examples/matchlib/cmod/include/nvhls_connections_buffered_ports.h
        $PROJECT_HOME/../../../../common/matchlib_toolkit/include/ccs_p2p.h
      $PROJECT_HOME/../../../../common/matchlib_toolkit/examples/matchlib/cmod/include/nvhls_connections_network.h
        $PROJECT_HOME/../../../../common/matchlib_toolkit/examples/matchlib/cmod/include/nvhls_connections.h
    $PROJECT_HOME/../../../../common/matchlib_toolkit/examples/matchlib/cmod/include/nvhls_vector.h
      $PROJECT_HOME/../../../../common/matchlib_toolkit/examples/matchlib/cmod/include/hls_globals.h
      $PROJECT_HOME/../../../../common/matchlib_toolkit/include/ccs_p2p.h
    $PROJECT_HOME/../../../../common/inc/esp_dma_info_sysc.hpp
    $PROJECT_HOME/../../../../common/matchlib_toolkit/examples/matchlib/cmod/include/ArbitratedScratchpadDP.h
      $PROJECT_HOME/../../../../common/matchlib_toolkit/examples/matchlib/cmod/include/arbitrated_crossbar.h
        $PROJECT_HOME/../../../../common/matchlib_toolkit/examples/matchlib/cmod/include/Arbiter.h
        $PROJECT_HOME/../../../../common/matchlib_toolkit/examples/matchlib/cmod/include/one_hot_to_bin.h
        $PROJECT_HOME/../../../../common/matchlib_toolkit/examples/matchlib/cmod/include/hls_globals.h
      $PROJECT_HOME/../../../../common/matchlib_toolkit/examples/matchlib/cmod/include/crossbar.h

Processes/Blocks in Design
  Process                    Real Operation(s) count Latency Throughput Reset Length II Comments 
  -------------------------- ----------------------- ------- ---------- ------------ -- --------
  /Ctrl/Ctrl:config/config                         9       1          2            1  0          
  /Ctrl/Ctrl:load/load                            39     519        524            1  0        ? 
  /Ctrl/Ctrl:compute/compute                      58    1031       1036            1  0        ? 
  /Ctrl/Ctrl:store/store                          55     468        468            1  0        ? 
  Design Total:                                  161    2019       1036            1  0          
  
Bill Of Materials (Datapath)
  Component Name                                                                  Area Score Area(DSP) Area(LUTs) Area(MUX_CARRYs) Delay Post Alloc Post Assign 
  ------------------------------------------------------------------------------- ---------- --------- ---------- ---------------- ----- ---------- -----------
  [Lib: DUAL_PORT_RBW]                                                                                                                                          
  DUAL_PORT_RBW(88,9,32,320,320,32)                                                    0.000     0.000      0.000            0.000 0.100          0           1 
  DUAL_PORT_RBW(89,9,32,320,320,32)                                                    0.000     0.000      0.000            0.000 0.100          0           1 
  DUAL_PORT_RBW(90,9,32,320,320,32)                                                    0.000     0.000      0.000            0.000 0.100          0           1 
  DUAL_PORT_RBW(91,9,32,320,320,32)                                                    0.000     0.000      0.000            0.000 0.100          0           1 
  DUAL_PORT_RBW(96,5,32,32,32,32)                                                      0.000     0.000      0.000            0.000 0.100          0           1 
  DUAL_PORT_RBW(97,5,32,32,32,32)                                                      0.000     0.000      0.000            0.000 0.100          0           1 
  DUAL_PORT_RBW(98,5,32,32,32,32)                                                      0.000     0.000      0.000            0.000 0.100          0           1 
  DUAL_PORT_RBW(99,5,32,32,32,32)                                                      0.000     0.000      0.000            0.000 0.100          0           1 
  DUAL_PORT_RBW_rport(88,9,32,320,320,32)                                              0.000     0.000      0.000            0.000 0.100          1           0 
  DUAL_PORT_RBW_rport(89,9,32,320,320,32)                                              0.000     0.000      0.000            0.000 0.100          1           0 
  DUAL_PORT_RBW_rport(90,9,32,320,320,32)                                              0.000     0.000      0.000            0.000 0.100          1           0 
  DUAL_PORT_RBW_rport(91,9,32,320,320,32)                                              0.000     0.000      0.000            0.000 0.100          1           0 
  DUAL_PORT_RBW_rport(96,5,32,32,32,32)                                                0.000     0.000      0.000            0.000 0.100          1           0 
  DUAL_PORT_RBW_rport(97,5,32,32,32,32)                                                0.000     0.000      0.000            0.000 0.100          1           0 
  DUAL_PORT_RBW_rport(98,5,32,32,32,32)                                                0.000     0.000      0.000            0.000 0.100          1           0 
  DUAL_PORT_RBW_rport(99,5,32,32,32,32)                                                0.000     0.000      0.000            0.000 0.100          1           0 
  DUAL_PORT_RBW_rwport(84,9,32,320,320,32)                                             0.000     0.000      0.000            0.000 0.100          1           0 
  DUAL_PORT_RBW_rwport(85,9,32,320,320,32)                                             0.000     0.000      0.000            0.000 0.100          1           0 
  DUAL_PORT_RBW_rwport(86,9,32,320,320,32)                                             0.000     0.000      0.000            0.000 0.100          1           0 
  DUAL_PORT_RBW_rwport(87,9,32,320,320,32)                                             0.000     0.000      0.000            0.000 0.100          1           0 
  DUAL_PORT_RBW_rwport(88,9,32,320,320,32)                                             0.000     0.000      0.000            0.000 0.100          1           0 
  DUAL_PORT_RBW_rwport(89,9,32,320,320,32)                                             0.000     0.000      0.000            0.000 0.100          1           0 
  DUAL_PORT_RBW_rwport(90,9,32,320,320,32)                                             0.000     0.000      0.000            0.000 0.100          1           0 
  DUAL_PORT_RBW_rwport(91,9,32,320,320,32)                                             0.000     0.000      0.000            0.000 0.100          1           0 
  DUAL_PORT_RBW_rwport(92,5,32,32,32,32)                                               0.000     0.000      0.000            0.000 0.100          1           0 
  DUAL_PORT_RBW_rwport(93,5,32,32,32,32)                                               0.000     0.000      0.000            0.000 0.100          1           0 
  DUAL_PORT_RBW_rwport(94,5,32,32,32,32)                                               0.000     0.000      0.000            0.000 0.100          1           0 
  DUAL_PORT_RBW_rwport(95,5,32,32,32,32)                                               0.000     0.000      0.000            0.000 0.100          1           0 
  DUAL_PORT_RBW_rwport(96,5,32,32,32,32)                                               0.000     0.000      0.000            0.000 0.100          1           0 
  DUAL_PORT_RBW_rwport(97,5,32,32,32,32)                                               0.000     0.000      0.000            0.000 0.100          1           0 
  DUAL_PORT_RBW_rwport(98,5,32,32,32,32)                                               0.000     0.000      0.000            0.000 0.100          1           0 
  DUAL_PORT_RBW_rwport(99,5,32,32,32,32)                                               0.000     0.000      0.000            0.000 0.100          1           0 
  DUAL_PORT_RBW_rwport_en(84,9,32,320,320,32)                                          0.000     0.000      0.000            0.000 0.100          1           0 
  DUAL_PORT_RBW_rwport_en(85,9,32,320,320,32)                                          0.000     0.000      0.000            0.000 0.100          1           0 
  DUAL_PORT_RBW_rwport_en(86,9,32,320,320,32)                                          0.000     0.000      0.000            0.000 0.100          1           0 
  DUAL_PORT_RBW_rwport_en(87,9,32,320,320,32)                                          0.000     0.000      0.000            0.000 0.100          1           0 
  DUAL_PORT_RBW_rwport_en(88,9,32,320,320,32)                                          0.000     0.000      0.000            0.000 0.100          1           0 
  DUAL_PORT_RBW_rwport_en(89,9,32,320,320,32)                                          0.000     0.000      0.000            0.000 0.100          1           0 
  DUAL_PORT_RBW_rwport_en(90,9,32,320,320,32)                                          0.000     0.000      0.000            0.000 0.100          1           0 
  DUAL_PORT_RBW_rwport_en(91,9,32,320,320,32)                                          0.000     0.000      0.000            0.000 0.100          1           0 
  DUAL_PORT_RBW_rwport_en(92,5,32,32,32,32)                                            0.000     0.000      0.000            0.000 0.100          1           0 
  DUAL_PORT_RBW_rwport_en(93,5,32,32,32,32)                                            0.000     0.000      0.000            0.000 0.100          1           0 
  DUAL_PORT_RBW_rwport_en(94,5,32,32,32,32)                                            0.000     0.000      0.000            0.000 0.100          1           0 
  DUAL_PORT_RBW_rwport_en(95,5,32,32,32,32)                                            0.000     0.000      0.000            0.000 0.100          1           0 
  DUAL_PORT_RBW_rwport_en(96,5,32,32,32,32)                                            0.000     0.000      0.000            0.000 0.100          1           0 
  DUAL_PORT_RBW_rwport_en(97,5,32,32,32,32)                                            0.000     0.000      0.000            0.000 0.100          1           0 
  DUAL_PORT_RBW_rwport_en(98,5,32,32,32,32)                                            0.000     0.000      0.000            0.000 0.100          1           0 
  DUAL_PORT_RBW_rwport_en(99,5,32,32,32,32)                                            0.000     0.000      0.000            0.000 0.100          1           0 
  DUAL_PORT_RBW_wport(84,9,32,320,320,32)                                              0.000     0.000      0.000            0.000 0.100          1           0 
  DUAL_PORT_RBW_wport(85,9,32,320,320,32)                                              0.000     0.000      0.000            0.000 0.100          1           0 
  DUAL_PORT_RBW_wport(86,9,32,320,320,32)                                              0.000     0.000      0.000            0.000 0.100          1           0 
  DUAL_PORT_RBW_wport(87,9,32,320,320,32)                                              0.000     0.000      0.000            0.000 0.100          1           0 
  DUAL_PORT_RBW_wport(92,5,32,32,32,32)                                                0.000     0.000      0.000            0.000 0.100          1           0 
  DUAL_PORT_RBW_wport(93,5,32,32,32,32)                                                0.000     0.000      0.000            0.000 0.100          1           0 
  DUAL_PORT_RBW_wport(94,5,32,32,32,32)                                                0.000     0.000      0.000            0.000 0.100          1           0 
  DUAL_PORT_RBW_wport(95,5,32,32,32,32)                                                0.000     0.000      0.000            0.000 0.100          1           0 
  [Lib: ccs_connections]                                                                                                                                        
  ccs_conn_ctrl_in_buf_wait(59,96,1,0,0,0)                                             0.000     0.000      0.000            0.000 0.000          1           1 
  ccs_conn_ctrl_in_buf_wait(68,1,1,0,0,0)                                              0.000     0.000      0.000            0.000 0.000          1           1 
  ccs_conn_ctrl_in_buf_wait(69,96,1,0,0,0)                                             0.000     0.000      0.000            0.000 0.000          1           1 
  ccs_conn_ctrl_in_buf_wait(71,64,1,0,0,0)                                             0.000     0.000      0.000            0.000 0.000          1           1 
  ccs_conn_ctrl_in_buf_wait(73,1,1,0,0,0)                                              0.000     0.000      0.000            0.000 0.000          1           1 
  ccs_conn_ctrl_in_buf_wait(74,96,1,0,0,0)                                             0.000     0.000      0.000            0.000 0.000          1           1 
  ccs_conn_ctrl_in_buf_wait(77,32,1,0,0,0)                                             0.000     0.000      0.000            0.000 0.000          1           1 
  ccs_conn_ctrl_in_buf_wait(79,1,1,0,0,0)                                              0.000     0.000      0.000            0.000 0.000          1           1 
  ccs_conn_ctrl_in_buf_wait(80,96,1,0,0,0)                                             0.000     0.000      0.000            0.000 0.000          1           1 
  ccs_conn_out_buf_wait(60,96,1,0,0,0)                                                 0.000     0.000      0.000            0.000 0.000          1           1 
  ccs_conn_out_buf_wait(61,96,1,0,0,0)                                                 0.000     0.000      0.000            0.000 0.000          1           1 
  ccs_conn_out_buf_wait(62,96,1,0,0,0)                                                 0.000     0.000      0.000            0.000 0.000          1           1 
  ccs_conn_out_buf_wait(63,96,1,0,0,0)                                                 0.000     0.000      0.000            0.000 0.000          1           1 
  ccs_conn_out_buf_wait(64,1,1,0,0,0)                                                  0.000     0.000      0.000            0.000 0.000          1           1 
  ccs_conn_out_buf_wait(65,1,1,0,0,0)                                                  0.000     0.000      0.000            0.000 0.000          1           1 
  ccs_conn_out_buf_wait(66,1,1,0,0,0)                                                  0.000     0.000      0.000            0.000 0.000          1           1 
  ccs_conn_out_buf_wait(67,1,1,0,0,0)                                                  0.000     0.000      0.000            0.000 0.000          1           1 
  ccs_conn_out_buf_wait(70,73,1,0,0,0)                                                 0.000     0.000      0.000            0.000 0.000          1           1 
  ccs_conn_out_buf_wait(76,64,1,0,0,0)                                                 0.000     0.000      0.000            0.000 0.000          1           1 
  ccs_conn_out_buf_wait(82,73,1,0,0,0)                                                 0.000     0.000      0.000            0.000 0.000          1           1 
  ccs_conn_out_buf_wait(83,64,1,0,0,0)                                                 0.000     0.000      0.000            0.000 0.000          1           1 
  [Lib: cluster]                                                                                                                                                
  Connections__conn_sync__chan__sync_in_f538dc2289a44cafcf063c972db9719e65a6(75)       5.000     0.000      5.000            0.000 0.870          1           1 
  Connections__conn_sync__chan__sync_in_f538dc2289a44cafcf063c972db9719e65a6(81)       5.000     0.000      5.000            0.000 0.870          1           1 
  Connections__conn_sync__chan__sync_out_b8f5cc32df0f23f77336f7dc4a66555165b0(72)      5.000     0.000      5.000            0.000 0.870          1           1 
  Connections__conn_sync__chan__sync_out_b8f5cc32df0f23f77336f7dc4a66555165b0(78)      5.000     0.000      5.000            0.000 0.870          1           1 
  [Lib: mgc_Xilinx-VIRTEX-7-2_beh]                                                                                                                              
  mgc_add(10,0,2,1,10)                                                                10.000     0.000     10.000            9.000 1.035          2           2 
  mgc_add(16,0,2,1,16)                                                                16.000     0.000     16.000           15.000 1.125          3           3 
  mgc_add(25,0,4,1,25)                                                                25.000     0.000     25.000           24.000 1.260          2           2 
  mgc_add(26,0,1,1,26)                                                                26.000     0.000     26.000           25.000 1.275          1           1 
  mgc_add(27,0,1,1,28)                                                                27.000     0.000     27.000           26.000 1.290          1           0 
  mgc_add(31,0,1,0,31)                                                                31.000     0.000     31.000           30.000 1.350          1           1 
  mgc_add(31,0,2,1,31)                                                                31.000     0.000     31.000           30.000 1.350          3           3 
  mgc_add(31,0,31,0,31)                                                               31.000     0.000     31.000           30.000 1.350          2           2 
  mgc_add(32,0,1,1,32)                                                                32.000     0.000     32.000           31.000 1.365          2           2 
  mgc_add(32,1,11,1,33)                                                               32.000     0.000     32.000           31.000 1.365          2           2 
  mgc_add(32,1,2,1,33)                                                                32.000     0.000     32.000           31.000 1.365          3           6 
  mgc_add(32,1,8,1,33)                                                                32.000     0.000     32.000           31.000 1.365          1           1 
  mgc_add(33,0,33,0,33)                                                               33.000     0.000     33.000           32.000 1.380          3          10 
  mgc_add(4,0,4,0,4)                                                                   4.000     0.000      4.000            3.000 0.945          2           0 
  mgc_add(7,0,2,1,7)                                                                   7.000     0.000      7.000            6.000 0.990          2           2 
  mgc_and(1,2)                                                                         1.000     0.000      1.000            0.000 0.550          0         201 
  mgc_and(1,3)                                                                         1.000     0.000      1.000            0.000 0.550          0          29 
  mgc_and(1,4)                                                                         1.000     0.000      1.000            0.000 0.550          0           6 
  mgc_and(1,5)                                                                         1.000     0.000      1.000            0.000 0.550          0          16 
  mgc_and(1,7)                                                                         2.000     0.000      2.000            0.000 1.500          0           2 
  mgc_and(1,9)                                                                         2.000     0.000      2.000            0.000 1.500          0           1 
  mgc_and(10,2)                                                                       10.000     0.000     10.000            0.000 0.550          0           2 
  mgc_and(16,2)                                                                       16.000     0.000     16.000            0.000 0.550          0           3 
  mgc_and(31,2)                                                                       31.000     0.000     31.000            0.000 0.550          1           1 
  mgc_and(31,3)                                                                       31.000     0.000     31.000            0.000 0.550          0           1 
  mgc_and(32,2)                                                                       32.000     0.000     32.000            0.000 0.550          0           1 
  mgc_and(5,2)                                                                         5.000     0.000      5.000            0.000 0.550          1           1 
  mgc_and(6,2)                                                                         6.000     0.000      6.000            0.000 0.550          1           1 
  mgc_and(7,2)                                                                         7.000     0.000      7.000            0.000 0.550          1           3 
  mgc_equal(31)                                                                       15.644     0.000     15.644            0.000 1.150          1           1 
  mgc_mul(32,0,32,0,32)                                                             1840.000     3.000     16.000            0.000 4.768          3           3 
  mgc_mux(1,1,2)                                                                       1.000     0.000      1.000            0.000 0.080          2          20 
  mgc_mux(10,1,2)                                                                     10.000     0.000     10.000            0.000 0.080          2           1 
  mgc_mux(25,1,2)                                                                     25.000     0.000     25.000            0.000 0.080          2           5 
  mgc_mux(26,1,2)                                                                     26.000     0.000     26.000            0.000 0.080          1           3 
  mgc_mux(31,1,2)                                                                     31.000     0.000     31.000            0.000 0.080          1           3 
  mgc_mux(32,1,2)                                                                     32.000     0.000     32.000            0.000 0.080          5          15 
  mgc_mux(32,2,4)                                                                     32.000     0.000     32.000            0.000 0.550          0           1 
  mgc_mux(5,1,2)                                                                       5.000     0.000      5.000            0.000 0.080          0           4 
  mgc_mux(64,1,2)                                                                     64.000     0.000     64.000            0.000 0.080          0           3 
  mgc_mux(9,1,2)                                                                       9.000     0.000      9.000            0.000 0.080          0           4 
  mgc_mux(96,1,2)                                                                     96.000     0.000     96.000            0.000 0.080          0           3 
  mgc_mux1hot(1,3)                                                                     1.446     0.000      1.446            0.000 0.550          0           2 
  mgc_mux1hot(32,4)                                                                   58.571     0.000     58.571            0.000 1.500          1           0 
  mgc_nand(1,2)                                                                        1.000     0.000      1.000            0.000 0.550          0          17 
  mgc_nand(1,3)                                                                        1.000     0.000      1.000            0.000 0.550          0           1 
  mgc_nand(1,4)                                                                        1.000     0.000      1.000            0.000 0.550          0           3 
  mgc_nor(1,12)                                                                        3.000     0.000      3.000            0.000 1.500          0           1 
  mgc_nor(1,2)                                                                         1.000     0.000      1.000            0.000 0.550          0          87 
  mgc_nor(1,3)                                                                         1.000     0.000      1.000            0.000 0.550          0           9 
  mgc_nor(1,4)                                                                         1.000     0.000      1.000            0.000 0.550          0           3 
  mgc_nor(1,5)                                                                         1.000     0.000      1.000            0.000 0.550          0           4 
  mgc_nor(1,8)                                                                         2.000     0.000      2.000            0.000 1.500          0           1 
  mgc_not(1)                                                                           0.000     0.000      0.000            0.000 0.000          0         250 
  mgc_not(25)                                                                          0.000     0.000      0.000            0.000 0.000          0           7 
  mgc_not(26)                                                                          0.000     0.000      0.000            0.000 0.000          0           4 
  mgc_not(31)                                                                          0.000     0.000      0.000            0.000 0.000          0           1 
  mgc_not(32)                                                                          0.000     0.000      0.000            0.000 0.000          0           7 
  mgc_not(5)                                                                           0.000     0.000      0.000            0.000 0.000          0           4 
  mgc_not(6)                                                                           0.000     0.000      0.000            0.000 0.000          0           3 
  mgc_not(7)                                                                           0.000     0.000      0.000            0.000 0.000          0           3 
  mgc_or(1,2)                                                                          1.000     0.000      1.000            0.000 0.550          0          82 
  mgc_or(1,3)                                                                          1.000     0.000      1.000            0.000 0.550          0          24 
  mgc_or(1,4)                                                                          1.000     0.000      1.000            0.000 0.550          0           5 
  mgc_or(1,5)                                                                          1.000     0.000      1.000            0.000 0.550          0           5 
  mgc_reg_pos(1,0,0,0,0,1,1)                                                           0.000     0.000      0.000            0.000 0.320          0           4 
  mgc_reg_pos(1,1,0,0,0,0,0)                                                           0.000     0.000      0.000            0.000 0.320          0          56 
  mgc_reg_pos(1,1,0,0,0,1,1)                                                           0.000     0.000      0.000            0.000 0.320          0          65 
  mgc_reg_pos(10,0,0,0,0,1,1)                                                          0.000     0.000      0.000            0.000 0.320          0           3 
  mgc_reg_pos(16,0,0,0,0,1,1)                                                          0.000     0.000      0.000            0.000 0.320          0           3 
  mgc_reg_pos(25,0,0,0,0,1,1)                                                          0.000     0.000      0.000            0.000 0.320          0           3 
  mgc_reg_pos(26,0,0,0,0,1,1)                                                          0.000     0.000      0.000            0.000 0.320          0           3 
  mgc_reg_pos(31,0,0,0,0,1,1)                                                          0.000     0.000      0.000            0.000 0.320          0          10 
  mgc_reg_pos(32,0,0,0,0,1,1)                                                          0.000     0.000      0.000            0.000 0.320          0          28 
  mgc_reg_pos(5,0,0,0,0,1,1)                                                           0.000     0.000      0.000            0.000 0.320          0           7 
  mgc_reg_pos(6,0,0,0,0,1,1)                                                           0.000     0.000      0.000            0.000 0.320          0           1 
  mgc_reg_pos(64,0,0,0,0,1,1)                                                          0.000     0.000      0.000            0.000 0.320          0           1 
  mgc_reg_pos(7,0,0,0,0,1,1)                                                           0.000     0.000      0.000            0.000 0.320          0           4 
  mgc_reg_pos(9,0,0,0,0,1,1)                                                           0.000     0.000      0.000            0.000 0.320          0           4 
  mgc_reg_pos(96,0,0,0,0,1,1)                                                          0.000     0.000      0.000            0.000 0.320          0           5 
  mgc_reg_pos(96,1,0,0,0,1,1)                                                          0.000     0.000      0.000            0.000 0.320          0           1 
                                                                                                                                                                
  TOTAL AREA (After Assignment):                                                    8655.537     9.000   3184.000          989.000                              
  
Area Scores
                    Post-Scheduling   Post-DP & FSM Post-Assignment 
  ----------------- --------------- --------------- ---------------
  Total Area Score:   6686.2          9511.8          8673.5        
  Total Reg:             0.0             0.0             0.0        
                                                                    
  DataPath:           6686.2 (100%)   9493.8 (100%)   8655.5 (100%) 
    MUX:               347.6   (5%)   2085.2  (22%)   1376.9  (16%) 
    FUNC:             6289.6  (94%)   6613.6  (70%)   6581.6  (76%) 
    LOGIC:              49.0   (1%)    795.0   (8%)    697.0   (8%) 
    BUFFER:              0.0             0.0             0.0        
    MEM:                 0.0             0.0             0.0        
    ROM:                 0.0             0.0             0.0        
    REG:                 0.0             0.0             0.0        
                                                                    
  
  FSM:                   0.0            18.0   (0%)     18.0   (0%) 
    FSM-REG:             0.0             0.0             0.0        
    FSM-COMB:            0.0            18.0 (100%)     18.0 (100%) 
                                                                    
  
  
  (MUX = multiplexers; FUNC = datapath logic (e.g. add/mult); LOGIC = control logic)

Register-to-Variable Mappings
  Register                                                                                                Size(bits) Gated Register CG Opt Done Variables                                                                                               
  ------------------------------------------------------------------------------------------------------- ---------- -------------- ----------- -------------------------------------------------------------------------------------------------------
  conf1.Pop():mioi.idat.bfwt                                                                                      96         Y           Y      conf1.Pop():mioi.idat.bfwt                                                                              
  conf1.Pop()mio_mrgout_dat.sva                                                                                   96         Y           Y      conf1.Pop()mio_mrgout_dat.sva                                                                           
  conf2.Pop():mioi.idat.bfwt                                                                                      96         Y           Y      conf2.Pop():mioi.idat.bfwt                                                                              
  conf2.Pop()mio_mrgout_dat.sva                                                                                   96         Y           Y      conf2.Pop()mio_mrgout_dat.sva                                                                           
  conf3.Pop():mioi.idat.bfwt                                                                                      96         Y           Y      conf3.Pop():mioi.idat.bfwt                                                                              
  reg(conf_info_out.Push():mioi.idat).cse                                                                         96         Y           Y      reg(conf_info_out.Push():mioi.idat).cse                                                                 
  dma_read_chnl.Pop():mioi.idat.bfwt                                                                              64         Y           Y      dma_read_chnl.Pop():mioi.idat.bfwt                                                                      
  conf3.Pop()mio_mrgout_dat.sva(31:0)                                                                             32         Y           Y      conf3.Pop()mio_mrgout_dat.sva(31:0)                                                                     
  dma_write_chnl.Push():mioi.idat(31:0)                                                                           32         Y           Y      dma_write_chnl.Push():mioi.idat(31:0)                                                                   
  dma_write_chnl.Push():mioi.idat(63:32)                                                                          32         Y           Y      dma_write_chnl.Push():mioi.idat(63:32)                                                                  
  in_rd_rsp.Push():mioi.idat(31:0)                                                                                32         Y           Y      in_rd_rsp.Push():mioi.idat(31:0)                                                                        
  in_rd_rsp.Push():mioi.idat(63:32)                                                                               32         Y           Y      in_rd_rsp.Push():mioi.idat(63:32)                                                                       
  in_wr_req.Pop():mioi.idat.bfwt                                                                                  32         Y           Y      in_wr_req.Pop():mioi.idat.bfwt                                                                          
  plm_in_ping.a0.a.d.data:rsci.qout_d.bfwt                                                                        32         Y           Y      plm_in_ping.a0.a.d.data:rsci.qout_d.bfwt                                                                
  plm_in_ping.a1.a.d.data:rsci.qout_d.bfwt                                                                        32         Y           Y      plm_in_ping.a1.a.d.data:rsci.qout_d.bfwt                                                                
  plm_in_pong.a0.a.d.data:rsci.qout_d.bfwt                                                                        32         Y           Y      plm_in_pong.a0.a.d.data:rsci.qout_d.bfwt                                                                
  plm_in_pong.a1.a.d.data:rsci.qout_d.bfwt                                                                        32         Y           Y      plm_in_pong.a1.a.d.data:rsci.qout_d.bfwt                                                                
  plm_out_ping.a0.a.d.data:rsci.din_d.reg                                                                         32         Y                  plm_out_ping.a0.a.d.data:rsci.din_d.reg                                                                 
  plm_out_ping.a0.a.d.data:rsci.qout_d.bfwt                                                                       32         Y           Y      plm_out_ping.a0.a.d.data:rsci.qout_d.bfwt                                                               
  plm_out_ping.a1.a.d.data:rsci.din_d.reg                                                                         32         Y                  plm_out_ping.a1.a.d.data:rsci.din_d.reg                                                                 
  plm_out_ping.a1.a.d.data:rsci.qout_d.bfwt                                                                       32         Y           Y      plm_out_ping.a1.a.d.data:rsci.qout_d.bfwt                                                               
  plm_out_pong.a0.a.d.data:rsci.din_d.reg                                                                         32         Y                  plm_out_pong.a0.a.d.data:rsci.din_d.reg                                                                 
  plm_out_pong.a0.a.d.data:rsci.qout_d.bfwt                                                                       32         Y           Y      plm_out_pong.a0.a.d.data:rsci.qout_d.bfwt                                                               
  plm_out_pong.a1.a.d.data:rsci.din_d.reg                                                                         32         Y                  plm_out_pong.a1.a.d.data:rsci.din_d.reg                                                                 
  plm_out_pong.a1.a.d.data:rsci.qout_d.bfwt                                                                       32         Y           Y      plm_out_pong.a1.a.d.data:rsci.qout_d.bfwt                                                               
  while:for:for:for:dataBv.sva#1(31:0)#1                                                                          32         Y           Y      while:for:for:for:dataBv.sva#1(31:0)#1                                                                  
  while:for:for:for:dataBv.sva#1(63:32)#1                                                                         32         Y                  while:for:for:for:dataBv.sva#1(63:32)#1                                                                 
  while:for:for:vec_num.sva                                                                                       32         Y           Y      while:for:for:vec_num.sva                                                                               
  while:for:in_length:mul:cmp.a                                                                                   32         Y                  while:for:in_length:mul:cmp.a                                                                           
  while:for:in_length:mul:cmp.b                                                                                   32         Y                  while:for:in_length:mul:cmp.b                                                                           
  while:for:in_length:mul:cmp.z.oreg                                                                              32         Y                  while:for:in_length:mul:cmp.z.oreg                                                                      
  while:for:len:mul:cmp.a                                                                                         32         Y                  while:for:len:mul:cmp.a                                                                                 
  while:for:len:mul:cmp.b                                                                                         32         Y                  while:for:len:mul:cmp.b                                                                                 
  while:for:len:mul:cmp.z.oreg                                                                                    32         Y                  while:for:len:mul:cmp.z.oreg                                                                            
  while:store_offset:mul#1:cmp.z.oreg                                                                             32         Y                  while:store_offset:mul#1:cmp.z.oreg                                                                     
  dma_read_ctrl.Push():mioi.idat(30:0)                                                                            31         Y           Y      dma_read_ctrl.Push():mioi.idat(30:0)                                                                    
  dma_write_ctrl.Push():mioi.idat(30:0)                                                                           31         Y           Y      dma_write_ctrl.Push():mioi.idat(30:0)                                                                   
  reg(while:store_offset:mul#1:cmp.a).ftd#1                                                                       31         Y                  reg(while:store_offset:mul#1:cmp.a).ftd#1                                                               
  reg(while:store_offset:mul#1:cmp.b).ftd#1                                                                       31         Y                  reg(while:store_offset:mul#1:cmp.b).ftd#1                                                               
  while:for:for:vec_indx(31:1).sva                                                                                31         Y           Y      while:for:for:vec_indx(31:1).sva                                                                        
  while:for:for:vec_indx(31:1).sva#1                                                                              31         Y           Y      while:for:for:vec_indx(31:1).sva#1                                                                      
  while:for:len:acc.psp.sva                                                                                       31         Y           Y      while:for:len:acc.psp.sva                                                                               
  while:length:acc.psp.sva                                                                                        31         Y           Y      while:length:acc.psp.sva                                                                                
  while:offset(31:1).lpi#3                                                                                        31         Y           Y      while:offset(31:1).lpi#3                                                                                
  while:offset(31:1).lpi#3                                                                                        31         Y           Y      while:offset(31:1).lpi#3                                                                                
  dma_write_ctrl.Push():mioi.idat(62:37)                                                                          26         Y           Y      dma_write_ctrl.Push():mioi.idat(62:37)                                                                  
  while:for:for:len:_qr(31:6).lpi#3.dfm                                                                           26         Y           Y      while:for:for:len:_qr(31:6).lpi#3.dfm                                                                   
  while:for:for:rem(31:6).sva                                                                                     26         Y           Y      while:for:for:rem(31:6).sva                                                                             
  reg(dma_read_ctrl.Push():mioi.idat(62:38)).cse                                                                  25         Y           Y      reg(dma_read_ctrl.Push():mioi.idat(62:38)).cse                                                          
  while:for:for:in_rem(31:7).sva                                                                                  25         Y           Y      while:for:for:in_rem(31:7).sva                                                                          
  while:for:for:rem(31:7).sva                                                                                     25         Y           Y      while:for:for:rem(31:7).sva                                                                             
  while:for:b.sva                                                                                                 16         Y           Y      while:for:b.sva                                                                                         
  while:for:b.sva                                                                                                 16         Y           Y      while:for:b.sva                                                                                         
  while:for:b.sva                                                                                                 16         Y           Y      while:for:b.sva                                                                                         
  while:for:for:for:i(10:1).sva                                                                                   10         Y                  while:for:for:for:i(10:1).sva                                                                           
  while:for:for:for:i(10:1).sva                                                                                   10         Y           Y      while:for:for:for:i(10:1).sva                                                                           
  while:for:for:for:mux#1.itm.1                                                                                   10         Y                  while:for:for:for:mux#1.itm.1                                                                           
  plm_in_ping.a0.a.d.data:rsci.r_adr_d.reg                                                                         9         Y                  plm_in_ping.a0.a.d.data:rsci.r_adr_d.reg                                                                
  plm_in_ping.a1.a.d.data:rsci.r_adr_d.reg                                                                         9         Y                  plm_in_ping.a1.a.d.data:rsci.r_adr_d.reg                                                                
  plm_in_pong.a0.a.d.data:rsci.r_adr_d.reg                                                                         9         Y                  plm_in_pong.a0.a.d.data:rsci.r_adr_d.reg                                                                
  plm_in_pong.a1.a.d.data:rsci.r_adr_d.reg                                                                         9         Y                  plm_in_pong.a1.a.d.data:rsci.r_adr_d.reg                                                                
  while:for:for:for:i(7:1).sva                                                                                     7         Y           Y      while:for:for:for:i(7:1).sva                                                                            
  while:for:for:in_len:_qr(6:0).lpi#3.dfm                                                                          7         Y           Y      while:for:for:in_len:_qr(6:0).lpi#3.dfm                                                                 
  while:for:for:out_idx(6:0).sva                                                                                   7         Y           Y      while:for:for:out_idx(6:0).sva                                                                          
  while:for:in_length.sva(6:0)                                                                                     7         Y           Y      while:for:in_length.sva(6:0)                                                                            
  reg(dma_read_ctrl.Push():mioi.idat(37:32)).cse                                                                   6         Y           Y      reg(dma_read_ctrl.Push():mioi.idat(37:32)).cse                                                          
  dma_write_ctrl.Push():mioi.idat(36:32)                                                                           5         Y           Y      dma_write_ctrl.Push():mioi.idat(36:32)                                                                  
  plm_out_ping.a0.a.d.data:rsci.w_adr_d.reg                                                                        5         Y                  plm_out_ping.a0.a.d.data:rsci.w_adr_d.reg                                                               
  plm_out_ping.a1.a.d.data:rsci.w_adr_d.reg                                                                        5         Y                  plm_out_ping.a1.a.d.data:rsci.w_adr_d.reg                                                               
  plm_out_pong.a0.a.d.data:rsci.w_adr_d.reg                                                                        5         Y                  plm_out_pong.a0.a.d.data:rsci.w_adr_d.reg                                                               
  plm_out_pong.a1.a.d.data:rsci.w_adr_d.reg                                                                        5         Y                  plm_out_pong.a1.a.d.data:rsci.w_adr_d.reg                                                               
  while:for:for:len:_qr(5:1).lpi#3.dfm                                                                             5         Y           Y      while:for:for:len:_qr(5:1).lpi#3.dfm                                                                    
  ac_array_1D<FPDATA_WORD,32U>::operator[]:slc(ac_array_1D<FPDATA_WORD,32U>::operator[]:idx)(4-0)#2.itm.1          5         Y           Y      ac_array_1D<FPDATA_WORD,32U>::operator[]:slc(ac_array_1D<FPDATA_WORD,32U>::operator[]:idx)(4-0)#2.itm.1 
  acc_done                                                                                                         1         Y           Y      acc_done                                                                                                
  compute.flen                                                                                                     1         Y                  compute.flen                                                                                            
  compute.flen_shf(0)                                                                                              1                            compute.flen_shf(0)                                                                                     
  compute.flen_shf(1)                                                                                              1                            compute.flen_shf(1)                                                                                     
  compute.wten.reg                                                                                                 1                            compute.wten.reg                                                                                        
  conf1.Pop():mioi.bcwt                                                                                            1                            conf1.Pop():mioi.bcwt                                                                                   
  conf1.Pop():mioi.ivld.oreg.rneg                                                                                  1                            conf1.Pop():mioi.ivld.oreg.rneg                                                                         
  conf1.Push():mioi.bcwt.reg                                                                                       1                            conf1.Push():mioi.bcwt.reg                                                                              
  conf1.Push():mioi.irdy.oreg.rneg                                                                                 1                            conf1.Push():mioi.irdy.oreg.rneg                                                                        
  conf2.Pop():mioi.bcwt                                                                                            1                            conf2.Pop():mioi.bcwt                                                                                   
  conf2.Pop():mioi.ivld.oreg.rneg                                                                                  1                            conf2.Pop():mioi.ivld.oreg.rneg                                                                         
  conf2.Push():mioi.bcwt.reg                                                                                       1                            conf2.Push():mioi.bcwt.reg                                                                              
  conf2.Push():mioi.irdy.oreg.rneg                                                                                 1                            conf2.Push():mioi.irdy.oreg.rneg                                                                        
  conf3.Pop():mioi.bcwt                                                                                            1                            conf3.Pop():mioi.bcwt                                                                                   
  conf3.Pop():mioi.ivld.oreg.rneg                                                                                  1                            conf3.Pop():mioi.ivld.oreg.rneg                                                                         
  conf3.Push():mioi.bcwt.reg                                                                                       1                            conf3.Push():mioi.bcwt.reg                                                                              
  conf3.Push():mioi.irdy.oreg.rneg                                                                                 1                            conf3.Push():mioi.irdy.oreg.rneg                                                                        
  conf_info_out.Push():mioi.bcwt.reg                                                                               1                            conf_info_out.Push():mioi.bcwt.reg                                                                      
  conf_info_out.Push():mioi.irdy.oreg.rneg                                                                         1                            conf_info_out.Push():mioi.irdy.oreg.rneg                                                                
  config.wen                                                                                                       1                            config.wen                                                                                              
  dma_read_chnl.Pop():mioi.bcwt                                                                                    1                            dma_read_chnl.Pop():mioi.bcwt                                                                           
  dma_read_chnl.Pop():mioi.ivld.oreg.rneg                                                                          1                            dma_read_chnl.Pop():mioi.ivld.oreg.rneg                                                                 
  dma_read_ctrl.Push():mioi.irdy.oreg.rneg                                                                         1                            dma_read_ctrl.Push():mioi.irdy.oreg.rneg                                                                
  dma_write_chnl.Push():mioi.irdy.oreg.rneg                                                                        1                            dma_write_chnl.Push():mioi.irdy.oreg.rneg                                                               
  dma_write_ctrl.Push():mioi.irdy.oreg.rneg                                                                        1                            dma_write_ctrl.Push():mioi.irdy.oreg.rneg                                                               
  exit:while:for:for.sva                                                                                           1         Y                  exit:while:for:for.sva                                                                                  
  exit:while:for:for.sva                                                                                           1         Y                  exit:while:for:for.sva                                                                                  
  exit:while:for:for:for.sva                                                                                       1         Y           Y      exit:while:for:for:for.sva                                                                              
  exit:while:for:for:for.sva.st.1                                                                                  1         Y           Y      exit:while:for:for:for.sva.st.1                                                                         
  in_rd_rsp.Push():mioi.bcwt                                                                                       1                            in_rd_rsp.Push():mioi.bcwt                                                                              
  in_rd_rsp.Push():mioi.irdy.oreg.rneg                                                                             1                            in_rd_rsp.Push():mioi.irdy.oreg.rneg                                                                    
  in_rd_rsp.Push():mioi.iswt0                                                                                      1         Y           Y      in_rd_rsp.Push():mioi.iswt0                                                                             
  in_wr_req.Pop():mioi.bcwt                                                                                        1                            in_wr_req.Pop():mioi.bcwt                                                                               
  in_wr_req.Pop():mioi.iswt0                                                                                       1         Y           Y      in_wr_req.Pop():mioi.iswt0                                                                              
  in_wr_req.Pop():mioi.ivld.oreg.rneg                                                                              1                            in_wr_req.Pop():mioi.ivld.oreg.rneg                                                                     
  out_ping_pong.lpi#2                                                                                              1         Y           Y      out_ping_pong.lpi#2                                                                                     
  out_ping_pong.sva                                                                                                1         Y                  out_ping_pong.sva                                                                                       
                                                                                                                                                while:for:for:for.stage_v#3                                                                             
  ping_pong.lpi#2                                                                                                  1         Y           Y      ping_pong.lpi#2                                                                                         
  ping_pong.lpi#3                                                                                                  1         Y           Y      ping_pong.lpi#3                                                                                         
  ping_pong.lpi#3                                                                                                  1         Y           Y      ping_pong.lpi#3                                                                                         
  ping_pong.sva                                                                                                    1         Y           Y      ping_pong.sva                                                                                           
  ping_pong.sva                                                                                                    1         Y           Y      ping_pong.sva                                                                                           
  ping_pong.sva                                                                                                    1         Y           Y      ping_pong.sva                                                                                           
  plm_in_ping.a0.a.d.data:rsci.bcwt                                                                                1                            plm_in_ping.a0.a.d.data:rsci.bcwt                                                                       
  plm_in_ping.a1.a.d.data:rsci.bcwt                                                                                1                            plm_in_ping.a1.a.d.data:rsci.bcwt                                                                       
  plm_in_pong.a0.a.d.data:rsci.bcwt                                                                                1                            plm_in_pong.a0.a.d.data:rsci.bcwt                                                                       
  plm_in_pong.a1.a.d.data:rsci.bcwt                                                                                1                            plm_in_pong.a1.a.d.data:rsci.bcwt                                                                       
  plm_out_ping.a0.a.d.data:rsci.bcwt                                                                               1                            plm_out_ping.a0.a.d.data:rsci.bcwt                                                                      
  plm_out_ping.a0.a.d.data:rsci.bcwt                                                                               1                            plm_out_ping.a0.a.d.data:rsci.bcwt                                                                      
  plm_out_ping.a0.a.d.data:rsci.iswt0                                                                              1         Y                  plm_out_ping.a0.a.d.data:rsci.iswt0                                                                     
  plm_out_ping.a1.a.d.data:rsci.bcwt                                                                               1                            plm_out_ping.a1.a.d.data:rsci.bcwt                                                                      
  plm_out_ping.a1.a.d.data:rsci.bcwt                                                                               1                            plm_out_ping.a1.a.d.data:rsci.bcwt                                                                      
  plm_out_ping.a1.a.d.data:rsci.iswt0                                                                              1         Y                  plm_out_ping.a1.a.d.data:rsci.iswt0                                                                     
  plm_out_pong.a0.a.d.data:rsci.bcwt                                                                               1                            plm_out_pong.a0.a.d.data:rsci.bcwt                                                                      
  plm_out_pong.a0.a.d.data:rsci.bcwt                                                                               1                            plm_out_pong.a0.a.d.data:rsci.bcwt                                                                      
  plm_out_pong.a0.a.d.data:rsci.iswt0                                                                              1         Y                  plm_out_pong.a0.a.d.data:rsci.iswt0                                                                     
  plm_out_pong.a1.a.d.data:rsci.bcwt                                                                               1                            plm_out_pong.a1.a.d.data:rsci.bcwt                                                                      
  plm_out_pong.a1.a.d.data:rsci.bcwt                                                                               1                            plm_out_pong.a1.a.d.data:rsci.bcwt                                                                      
  plm_out_pong.a1.a.d.data:rsci.iswt0                                                                              1         Y                  plm_out_pong.a1.a.d.data:rsci.iswt0                                                                     
  reg(conf_info.Pop():mioi.oswt).tmp                                                                               1                            reg(conf_info.Pop():mioi.oswt).tmp                                                                      
  reg(conf_info_out.Push():mioi.oswt).tmp                                                                          1                            reg(conf_info_out.Push():mioi.oswt).tmp                                                                 
  reg(dma_read_chnl.Pop():mioi.oswt).cse                                                                           1         Y                  reg(dma_read_chnl.Pop():mioi.oswt).cse                                                                  
  reg(dma_read_ctrl.Push():mioi.oswt).cse                                                                          1         Y                  reg(dma_read_ctrl.Push():mioi.oswt).cse                                                                 
  reg(dma_write_chnl.Push():mioi.oswt).cse                                                                         1         Y                  reg(dma_write_chnl.Push():mioi.oswt).cse                                                                
  reg(dma_write_ctrl.Push():mioi.oswt).cse                                                                         1         Y                  reg(dma_write_ctrl.Push():mioi.oswt).cse                                                                
  reg(plm_in_ping.a0.a.d.data:rsci.iswt0).cse                                                                      1         Y                  reg(plm_in_ping.a0.a.d.data:rsci.iswt0).cse                                                             
  reg(plm_in_pong.a0.a.d.data:rsci.iswt0).cse                                                                      1         Y                  reg(plm_in_pong.a0.a.d.data:rsci.iswt0).cse                                                             
  reg(plm_out_ping.a0.a.d.data:rsci.oswt).cse                                                                      1         Y                  reg(plm_out_ping.a0.a.d.data:rsci.oswt).cse                                                             
  reg(plm_out_ping.a1.a.d.data:rsci.oswt).cse                                                                      1         Y                  reg(plm_out_ping.a1.a.d.data:rsci.oswt).cse                                                             
  reg(plm_out_pong.a0.a.d.data:rsci.oswt).cse                                                                      1         Y                  reg(plm_out_pong.a0.a.d.data:rsci.oswt).cse                                                             
  reg(plm_out_pong.a1.a.d.data:rsci.oswt).cse                                                                      1         Y                  reg(plm_out_pong.a1.a.d.data:rsci.oswt).cse                                                             
  reg(sync01.Pop():mioi.oswt).cse                                                                                  1         Y                  reg(sync01.Pop():mioi.oswt).cse                                                                         
  reg(sync02.Pop():mioi.oswt).cse                                                                                  1         Y                  reg(sync02.Pop():mioi.oswt).cse                                                                         
  reg(sync03.Pop():mioi.oswt).cse                                                                                  1         Y                  reg(sync03.Pop():mioi.oswt).cse                                                                         
  reg(sync12.sync_in():mioi.oswt).cse                                                                              1         Y                  reg(sync12.sync_in():mioi.oswt).cse                                                                     
  reg(sync12.sync_out():mioi.oswt).cse                                                                             1         Y                  reg(sync12.sync_out():mioi.oswt).cse                                                                    
  reg(sync23.sync_in():mioi.oswt).cse                                                                              1         Y                  reg(sync23.sync_in():mioi.oswt).cse                                                                     
  reg(sync23.sync_out():mioi.oswt).cse                                                                             1         Y                  reg(sync23.sync_out():mioi.oswt).cse                                                                    
  reg(while:for:for:for:asn#5).cse                                                                                 1         Y           Y      reg(while:for:for:for:asn#5).cse                                                                        
  reg(while:store_offset:mul#1:cmp.a).ftd                                                                          1         Y                  reg(while:store_offset:mul#1:cmp.a).ftd                                                                 
  reg(while:store_offset:mul#1:cmp.b).ftd                                                                          1         Y                  reg(while:store_offset:mul#1:cmp.b).ftd                                                                 
  store.wten.reg                                                                                                   1                            store.wten.reg                                                                                          
  sync00.Push():mioi.bcwt.reg                                                                                      1                            sync00.Push():mioi.bcwt.reg                                                                             
  sync00.Push():mioi.irdy.oreg.rneg                                                                                1                            sync00.Push():mioi.irdy.oreg.rneg                                                                       
  sync01.Pop():mioi.bcwt                                                                                           1                            sync01.Pop():mioi.bcwt                                                                                  
  sync01.Pop():mioi.ivld.oreg.rneg                                                                                 1                            sync01.Pop():mioi.ivld.oreg.rneg                                                                        
  sync01.Push():mioi.bcwt.reg                                                                                      1                            sync01.Push():mioi.bcwt.reg                                                                             
  sync01.Push():mioi.irdy.oreg.rneg                                                                                1                            sync01.Push():mioi.irdy.oreg.rneg                                                                       
  sync02.Pop():mioi.bcwt                                                                                           1                            sync02.Pop():mioi.bcwt                                                                                  
  sync02.Pop():mioi.ivld.oreg.rneg                                                                                 1                            sync02.Pop():mioi.ivld.oreg.rneg                                                                        
  sync02.Push():mioi.bcwt.reg                                                                                      1                            sync02.Push():mioi.bcwt.reg                                                                             
  sync02.Push():mioi.irdy.oreg.rneg                                                                                1                            sync02.Push():mioi.irdy.oreg.rneg                                                                       
  sync03.Pop():mioi.bcwt                                                                                           1                            sync03.Pop():mioi.bcwt                                                                                  
  sync03.Pop():mioi.ivld.oreg.rneg                                                                                 1                            sync03.Pop():mioi.ivld.oreg.rneg                                                                        
  sync03.Push():mioi.bcwt.reg                                                                                      1                            sync03.Push():mioi.bcwt.reg                                                                             
  sync03.Push():mioi.irdy.oreg.rneg                                                                                1                            sync03.Push():mioi.irdy.oreg.rneg                                                                       
  while:for:for:for.stage_0                                                                                        1         Y           Y      while:for:for:for.stage_0                                                                               
  while:for:for:for.stage_0                                                                                        1         Y           Y      while:for:for:for.stage_0                                                                               
  while:for:for:for.stage_0.1                                                                                      1         Y           Y      while:for:for:for.stage_0.1                                                                             
  while:for:for:for.stage_0.2                                                                                      1         Y                  while:for:for:for.stage_0.2                                                                             
  while:for:for:for.stage_0.2                                                                                      1         Y           Y      while:for:for:for.stage_0.2                                                                             
  while:for:for:for.stage_en#2                                                                                     1         Y           Y      while:for:for:for.stage_en#2                                                                            
  while:for:for:for.stage_en#4                                                                                     1         Y           Y      while:for:for:for.stage_en#4                                                                            
  while:for:for:for.stage_v                                                                                        1         Y           Y      while:for:for:for.stage_v                                                                               
  while:for:for:for.stage_v#1                                                                                      1         Y           Y      while:for:for:for.stage_v#1                                                                             
  while:for:for:for.stage_v#2                                                                                      1         Y           Y      while:for:for:for.stage_v#2                                                                             
  while:for:for:for:asn#1.itm.1                                                                                    1         Y                  while:for:for:for:asn#1.itm.1                                                                           
  while:for:for:for:asn.itm                                                                                        1         Y           Y      while:for:for:for:asn.itm                                                                               
  while:for:for:for:for:asn.itm.1                                                                                  1         Y                  while:for:for:for:for:asn.itm.1                                                                         
  while:for:for:for:for:k(0).sva                                                                                   1         Y           Y      while:for:for:for:for:k(0).sva                                                                          
  while:for:for:for:for:k(1).sva                                                                                   1         Y                  while:for:for:for:for:k(1).sva                                                                          
  while:for:for:for:if#1:asn.itm                                                                                   1         Y           Y      while:for:for:for:if#1:asn.itm                                                                          
  while:for:for:for:if#1:asn.itm.1                                                                                 1         Y           Y      while:for:for:for:if#1:asn.itm.1                                                                        
  while:for:for:for:if#1:else:asn.itm                                                                              1         Y           Y      while:for:for:for:if#1:else:asn.itm                                                                     
  while:for:for:for:if#1:else:asn.itm.1                                                                            1         Y           Y      while:for:for:for:if#1:else:asn.itm.1                                                                   
  while:for:for:for:if#1:if:asn.itm                                                                                1         Y           Y      while:for:for:for:if#1:if:asn.itm                                                                       
  while:for:for:for:if#1:if:asn.itm.1                                                                              1         Y           Y      while:for:for:for:if#1:if:asn.itm.1                                                                     
  while:for:for:for:mux#6.itm                                                                                      1         Y           Y      while:for:for:for:mux#6.itm                                                                             
  while:for:for:for:slc()(32)#1.itm                                                                                1         Y           Y      while:for:for:for:slc()(32)#1.itm                                                                       
  while:for:for:for:while:for:for:for:if#1:nor.svs                                                                 1         Y           Y      while:for:for:for:while:for:for:for:if#1:nor.svs                                                        
  while:for:for:for:while:for:for:for:if#1:nor.svs.st                                                              1         Y           Y      while:for:for:for:while:for:for:for:if#1:nor.svs.st                                                     
  while:for:for:for:while:for:for:for:if#1:nor.svs.st.1                                                            1         Y           Y      while:for:for:for:while:for:for:for:if#1:nor.svs.st.1                                                   
  while:for:for:in_len:slc()(32).svs                                                                               1         Y           Y      while:for:for:in_len:slc()(32).svs                                                                      
  while:for:for:vec_idx(0).sva                                                                                     1         Y           Y      while:for:for:vec_idx(0).sva                                                                            
  while:for:slc()(32)#1.itm                                                                                        1         Y           Y      while:for:slc()(32)#1.itm                                                                               
                                                                                                                                                                                                                                                        
  Total:                                                                                                        2307           2251        1698 (Total Gating Ratio: 0.98, CG Opt Gating Ratio: 0.74)                                                   
  
Timing Report
  Critical Path
    Max Delay:  11.010007
    Slack:      -6.010007
    
    Path                                                                                                                                                                                                                                           Startpoint                                                                                      Endpoint                                                                                              Delay   Slack                      
    ---------------------------------------------------------------------------------------------------------------------------------------------------------------------------------------------------------------------------------------------- ----------------------------------------------------------------------------------------------- ----------------------------------------------------------------------------------------------------- ------- ------- ------------------
    1                                                                                                                                                                                                                                              Ctrl:compute:inst/Ctrl:compute:compute:inst/Ctrl:compute:compute:staller:inst/reg(compute.wten) Ctrl:compute:inst/Ctrl:compute:compute:inst/Ctrl:compute:compute:staller:inst/reg(compute.flen_shf)#1 11.0100 -6.0100                    
                                                                                                                                                                                                                                                                                                                                                                                                                                                                                            
      Instance                                                                                                                                                                                                                                     Component                                                                                                                                                                                             Delta   Delay   [MIN, MAX]         
      --------                                                                                                                                                                                                                                     ---------                                                                                                                                                                                             -----   -----   ------------------ 
      Ctrl:compute:inst/Ctrl:compute:compute:inst/Ctrl:compute:compute:staller:inst/reg(compute.wten)                                                                                                                                              mgc_reg_pos_1_1_0_0_0_0_0                                                                                                                                                                             0.3200  0.3200                     
      Ctrl:compute:inst/Ctrl:compute:compute:inst/Ctrl:compute:compute:staller:inst/compute.wten.reg                                                                                                                                                                                                                                                                                                                                                     0.0000  0.3200                     
      Ctrl:compute:inst/Ctrl:compute:compute:inst/Ctrl:compute:compute:staller:inst/asn(compute.wten)                                                                                                                                                                                                                                                                                                                                                    0.0000  0.3200                     
      Ctrl:compute:inst/Ctrl:compute:compute:inst/Ctrl:compute:compute:staller:inst/compute.wten                                                                                                                                                                                                                                                                                                                                                         0.0000  0.3200                     
      Ctrl:compute:inst/Ctrl:compute:compute:inst/compute.wten                                                                                                                                                                                                                                                                                                                                                                                           0.0000  0.3200                     
      Ctrl:compute:inst/Ctrl:compute:compute:inst/Ctrl:compute:compute:plm_out_pong.a0.a.d.data:rsci#1:inst/compute.wten                                                                                                                                                                                                                                                                                                                                 0.0000  0.3200                     
      Ctrl:compute:inst/Ctrl:compute:compute:inst/Ctrl:compute:compute:plm_out_pong.a0.a.d.data:rsci#1:inst/Ctrl:compute:compute:plm_out_pong.a0.a.d.data:rsci#1:plm_out_pong.a0.a.d.data:rsc.@:wait_ctrl:inst/compute.wten                                                                                                                                                                                                                              0.0000  0.3200                     
      Ctrl:compute:inst/Ctrl:compute:compute:inst/Ctrl:compute:compute:plm_out_pong.a0.a.d.data:rsci#1:inst/Ctrl:compute:compute:plm_out_pong.a0.a.d.data:rsci#1:plm_out_pong.a0.a.d.data:rsc.@:wait_ctrl:inst/while:for:for:for:if#1:else:not     mgc_not_1                                                                                                                                                                                             0.0000  0.3200                     
      Ctrl:compute:inst/Ctrl:compute:compute:inst/Ctrl:compute:compute:plm_out_pong.a0.a.d.data:rsci#1:inst/Ctrl:compute:compute:plm_out_pong.a0.a.d.data:rsci#1:plm_out_pong.a0.a.d.data:rsc.@:wait_ctrl:inst/while:for:for:for:if#1:else:not.itm                                                                                                                                                                                                       0.0000  0.3200                     
      Ctrl:compute:inst/Ctrl:compute:compute:inst/Ctrl:compute:compute:plm_out_pong.a0.a.d.data:rsci#1:inst/Ctrl:compute:compute:plm_out_pong.a0.a.d.data:rsci#1:plm_out_pong.a0.a.d.data:rsc.@:wait_ctrl:inst/while:for:for:for:if#1:else:and#2   mgc_and_1_2                                                                                                                                                                                           0.5500  0.8700                     
      Ctrl:compute:inst/Ctrl:compute:compute:inst/Ctrl:compute:compute:plm_out_pong.a0.a.d.data:rsci#1:inst/Ctrl:compute:compute:plm_out_pong.a0.a.d.data:rsci#1:plm_out_pong.a0.a.d.data:rsc.@:wait_ctrl:inst/plm_out_pong.a0.a.d.data:rsci.biwt                                                                                                                                                                                                        0.0000  0.8700                     
      Ctrl:compute:inst/Ctrl:compute:compute:inst/Ctrl:compute:compute:plm_out_pong.a0.a.d.data:rsci#1:inst/plm_out_pong.a0.a.d.data:rsci.biwt                                                                                                                                                                                                                                                                                                           0.0000  0.8700                     
      Ctrl:compute:inst/Ctrl:compute:compute:inst/Ctrl:compute:compute:plm_out_pong.a0.a.d.data:rsci#1:inst/Ctrl:compute:compute:plm_out_pong.a0.a.d.data:rsci#1:plm_out_pong.a0.a.d.data:rsc.@:wait_dp:inst/plm_out_pong.a0.a.d.data:rsci.biwt                                                                                                                                                                                                          0.0000  0.8700                     
      Ctrl:compute:inst/Ctrl:compute:compute:inst/Ctrl:compute:compute:plm_out_pong.a0.a.d.data:rsci#1:inst/Ctrl:compute:compute:plm_out_pong.a0.a.d.data:rsci#1:plm_out_pong.a0.a.d.data:rsc.@:wait_dp:inst/while:for:for:for:if#1:else:or#1      mgc_or_1_2                                                                                                                                                                                            0.5500  1.4200                     
      Ctrl:compute:inst/Ctrl:compute:compute:inst/Ctrl:compute:compute:plm_out_pong.a0.a.d.data:rsci#1:inst/Ctrl:compute:compute:plm_out_pong.a0.a.d.data:rsci#1:plm_out_pong.a0.a.d.data:rsc.@:wait_dp:inst/plm_out_pong.a0.a.d.data:rsci.bawt                                                                                                                                                                                                          0.0000  1.4200                     
      Ctrl:compute:inst/Ctrl:compute:compute:inst/Ctrl:compute:compute:plm_out_pong.a0.a.d.data:rsci#1:inst/plm_out_pong.a0.a.d.data:rsci.bawt                                                                                                                                                                                                                                                                                                           0.0000  1.4200                     
      Ctrl:compute:inst/Ctrl:compute:compute:inst/plm_out_pong.a0.a.d.data:rsci.bawt                                                                                                                                                                                                                                                                                                                                                                     0.0000  1.4200                     
      Ctrl:compute:inst/Ctrl:compute:compute:inst/mux#32                                                                                                                                                                                           mgc_mux_1_1_2                                                                                                                                                                                         0.0800  1.5000                     
      Ctrl:compute:inst/Ctrl:compute:compute:inst/mux#32.itm                                                                                                                                                                                                                                                                                                                                                                                             0.0000  1.5000                     
      Ctrl:compute:inst/Ctrl:compute:compute:inst/mux#33                                                                                                                                                                                           mgc_mux_1_1_2                                                                                                                                                                                         0.0800  1.5800                     
      Ctrl:compute:inst/Ctrl:compute:compute:inst/mux.tmp#33                                                                                                                                                                                                                                                                                                                                                                                             0.0000  1.5800                     
      Ctrl:compute:inst/Ctrl:compute:compute:inst/not#139                                                                                                                                                                                          mgc_not_1                                                                                                                                                                                             0.0000  1.5800                     
      Ctrl:compute:inst/Ctrl:compute:compute:inst/not#139.itm                                                                                                                                                                                                                                                                                                                                                                                            0.0000  1.5800                     
      Ctrl:compute:inst/Ctrl:compute:compute:inst/and#61                                                                                                                                                                                           mgc_and_1_2                                                                                                                                                                                           0.5500  2.1300                     
      Ctrl:compute:inst/Ctrl:compute:compute:inst/and#61.cse                                                                                                                                                                                                                                                                                                                                                                                             0.0000  2.1300                     
      Ctrl:compute:inst/Ctrl:compute:compute:inst/or#286                                                                                                                                                                                           mgc_or_1_2                                                                                                                                                                                            0.5500  2.6800                     
      Ctrl:compute:inst/Ctrl:compute:compute:inst/or.dcpl#111                                                                                                                                                                                                                                                                                                                                                                                            0.0000  2.6800                     
      Ctrl:compute:inst/Ctrl:compute:compute:inst/conf_info.read_reset_check.ResetChecker:conf_info.read_reset_check.ResetChecker:and                                                                                                              mgc_and_1_2                                                                                                                                                                                           0.5500  3.2300                     
      Ctrl:compute:inst/Ctrl:compute:compute:inst/out_ping_pong.sva:mx1                                                                                                                                                                                                                                                                                                                                                                                  0.0000  3.2300                     
      Ctrl:compute:inst/Ctrl:compute:compute:inst/while:for:for:for:nor#3                                                                                                                                                                          mgc_nor_1_2                                                                                                                                                                                           0.0000  3.2300                     
      Ctrl:compute:inst/Ctrl:compute:compute:inst/while:for:for:for:nor#3.itm                                                                                                                                                                                                                                                                                                                                                                            0.0000  3.2300                     
      Ctrl:compute:inst/Ctrl:compute:compute:inst/while:for:for:for:and#7                                                                                                                                                                          mgc_and_1_7                                                                                                                                                                                           1.1000  4.3300                     
      Ctrl:compute:inst/Ctrl:compute:compute:inst/while:for:for:for:and#7.tmp                                                                                                                                                                                                                                                                                                                                                                            0.0000  4.3300                     
      Ctrl:compute:inst/Ctrl:compute:compute:inst/not#322                                                                                                                                                                                          mgc_not_1                                                                                                                                                                                             0.0000  4.3300                     
      Ctrl:compute:inst/Ctrl:compute:compute:inst/not#322.itm                                                                                                                                                                                                                                                                                                                                                                                            0.0000  4.3300                     
      Ctrl:compute:inst/Ctrl:compute:compute:inst/and#551                                                                                                                                                                                          mgc_and_1_2                                                                                                                                                                                           0.0000  4.3300                     
      Ctrl:compute:inst/Ctrl:compute:compute:inst/and#551.itm                                                                                                                                                                                                                                                                                                                                                                                            0.0000  4.3300                     
      Ctrl:compute:inst/Ctrl:compute:compute:inst/or#436                                                                                                                                                                                           mgc_or_1_2                                                                                                                                                                                            0.5500  4.8800                     
      Ctrl:compute:inst/Ctrl:compute:compute:inst/or.tmp#307                                                                                                                                                                                                                                                                                                                                                                                             0.0000  4.8800                     
      Ctrl:compute:inst/Ctrl:compute:compute:inst/while:for:for:for:for:dataBv_int:mux#3                                                                                                                                                           mgc_mux_1_1_2                                                                                                                                                                                         0.0800  4.9600                     
      Ctrl:compute:inst/Ctrl:compute:compute:inst/while:for:for:for:for:dataBv_int:mux#3.itm                                                                                                                                                                                                                                                                                                                                                             0.0000  4.9600                     
      Ctrl:compute:inst/Ctrl:compute:compute:inst/while:for:for:for:for:dataBv_int:while:for:for:for:for:dataBv_int:or#3                                                                                                                           mgc_or_1_2                                                                                                                                                                                            0.5500  5.5100                     
      Ctrl:compute:inst/Ctrl:compute:compute:inst/while:for:for:for:for:dataBv_int:while:for:for:for:for:dataBv_int:or#3.itm                                                                                                                                                                                                                                                                                                                             0.0000  5.5100                     
      Ctrl:compute:inst/Ctrl:compute:compute:inst/while:for:for:for:and                                                                                                                                                                            mgc_and_1_2                                                                                                                                                                                           0.0000  5.5100                     
      Ctrl:compute:inst/Ctrl:compute:compute:inst/while:for:for:for:and.itm                                                                                                                                                                                                                                                                                                                                                                              0.0000  5.5100                     
      Ctrl:compute:inst/Ctrl:compute:compute:inst/nor                                                                                                                                                                                              mgc_nor_1_3                                                                                                                                                                                           0.5500  6.0600                     
      Ctrl:compute:inst/Ctrl:compute:compute:inst/nor.itm                                                                                                                                                                                                                                                                                                                                                                                                0.0000  6.0600                     
      Ctrl:compute:inst/Ctrl:compute:compute:inst/mux1h                                                                                                                                                                                            mgc_mux1hot_1_3                                                                                                                                                                                       0.5500  6.6100                     
      Ctrl:compute:inst/Ctrl:compute:compute:inst/mux1h.itm                                                                                                                                                                                                                                                                                                                                                                                              0.0000  6.6100                     
      Ctrl:compute:inst/Ctrl:compute:compute:inst/and#606                                                                                                                                                                                          mgc_and_1_2                                                                                                                                                                                           0.5500  7.1600                     
      Ctrl:compute:inst/Ctrl:compute:compute:inst/and#606.rmff                                                                                                                                                                                                                                                                                                                                                                                           0.0000  7.1600                     
      Ctrl:compute:inst/Ctrl:compute:compute:inst/Ctrl:compute:compute:staller:inst/compute.flen:unreg                                                                                                                                                                                                                                                                                                                                                   0.0000  7.1600                     
      Ctrl:compute:inst/Ctrl:compute:compute:inst/Ctrl:compute:compute:staller:inst/nand                                                                                                                                                           mgc_nand_1_3                                                                                                                                                                                          0.0000  7.1600                     
      Ctrl:compute:inst/Ctrl:compute:compute:inst/Ctrl:compute:compute:staller:inst/nand.itm                                                                                                                                                                                                                                                                                                                                                             0.0000  7.1600                     
      Ctrl:compute:inst/Ctrl:compute:compute:inst/Ctrl:compute:compute:staller:inst/and#3                                                                                                                                                          mgc_and_1_7                                                                                                                                                                                           1.1000  8.2600                     
      Ctrl:compute:inst/Ctrl:compute:compute:inst/Ctrl:compute:compute:staller:inst/compute.wen                                                                                                                                                                                                                                                                                                                                                          0.0000  8.2600                     
      Ctrl:compute:inst/Ctrl:compute:compute:inst/compute.wen                                                                                                                                                                                                                                                                                                                                                                                            0.0000  8.2600                     
      Ctrl:compute:inst/Ctrl:compute:compute:inst/Ctrl:compute:compute:sync02.Pop():mioi:inst/compute.wen                                                                                                                                                                                                                                                                                                                                                0.0000  8.2600                     
      Ctrl:compute:inst/Ctrl:compute:compute:inst/Ctrl:compute:compute:sync02.Pop():mioi:inst/Ctrl:compute:compute:sync02.Pop():mioi:sync02.Pop():mio:wait_ctrl:inst/compute.wen                                                                                                                                                                                                                                                                         0.0000  8.2600                     
      Ctrl:compute:inst/Ctrl:compute:compute:inst/Ctrl:compute:compute:sync02.Pop():mioi:inst/Ctrl:compute:compute:sync02.Pop():mioi:sync02.Pop():mio:wait_ctrl:inst/while:and                                                                     mgc_and_1_2                                                                                                                                                                                           0.5500  8.8100                     
      Ctrl:compute:inst/Ctrl:compute:compute:inst/Ctrl:compute:compute:sync02.Pop():mioi:inst/Ctrl:compute:compute:sync02.Pop():mioi:sync02.Pop():mio:wait_ctrl:inst/sync02.Pop():mioi.bdwt                                                                                                                                                                                                                                                              0.0000  8.8100                     
      Ctrl:compute:inst/Ctrl:compute:compute:inst/Ctrl:compute:compute:sync02.Pop():mioi:inst/sync02.Pop():mioi.bdwt                                                                                                                                                                                                                                                                                                                                     0.0000  8.8100                     
      Ctrl:compute:inst/Ctrl:compute:compute:inst/Ctrl:compute:compute:sync02.Pop():mioi:inst/Ctrl:compute:compute:sync02.Pop():mioi:sync02.Pop():mio:wait_dp:inst/sync02.Pop():mioi.bdwt                                                                                                                                                                                                                                                                0.0000  8.8100                     
      Ctrl:compute:inst/Ctrl:compute:compute:inst/Ctrl:compute:compute:sync02.Pop():mioi:inst/Ctrl:compute:compute:sync02.Pop():mioi:sync02.Pop():mio:wait_dp:inst/while:or                                                                        mgc_or_1_2                                                                                                                                                                                            0.5500  9.3600                     
      Ctrl:compute:inst/Ctrl:compute:compute:inst/Ctrl:compute:compute:sync02.Pop():mioi:inst/Ctrl:compute:compute:sync02.Pop():mioi:sync02.Pop():mio:wait_dp:inst/sync02.Pop():mioi.iden                                                                                                                                                                                                                                                                0.0000  9.3600                     
      Ctrl:compute:inst/Ctrl:compute:compute:inst/Ctrl:compute:compute:sync02.Pop():mioi:inst/sync02.Pop():mioi.iden                                                                                                                                                                                                                                                                                                                                     0.0000  9.3600                     
      Ctrl:compute:inst/Ctrl:compute:compute:inst/sync02.Pop():mioi.iden                                                                                                                                                                                                                                                                                                                                                                                 0.0000  9.3600                     
      Ctrl:compute:inst/Ctrl:compute:compute:inst/Ctrl:compute:compute:staller:inst/sync02.Pop():mioi.iden                                                                                                                                                                                                                                                                                                                                               0.0000  9.3600                     
      Ctrl:compute:inst/Ctrl:compute:compute:inst/Ctrl:compute:compute:staller:inst/nor                                                                                                                                                            mgc_nor_1_12                                                                                                                                                                                          1.1000  10.4600                    
      Ctrl:compute:inst/Ctrl:compute:compute:inst/Ctrl:compute:compute:staller:inst/nor.itm                                                                                                                                                                                                                                                                                                                                                              0.0000  10.4600                    
      Ctrl:compute:inst/Ctrl:compute:compute:inst/Ctrl:compute:compute:staller:inst/and                                                                                                                                                            mgc_and_1_2                                                                                                                                                                                           0.5500  11.0100                    
      Ctrl:compute:inst/Ctrl:compute:compute:inst/Ctrl:compute:compute:staller:inst/and.itm                                                                                                                                                                                                                                                                                                                                                              0.0000  11.0100                    
      Ctrl:compute:inst/Ctrl:compute:compute:inst/Ctrl:compute:compute:staller:inst/reg(compute.flen_shf)#1                                                                                                                                        mgc_reg_pos_1_1_0_0_0_0_0                                                                                                                                                                             0.0000  11.0100                    
                                                                                                                                                                                                                                                                                                                                                                                                                                                                                            
    2                                                                                                                                                                                                                                              Ctrl:compute:inst/Ctrl:compute:compute:inst/Ctrl:compute:compute:staller:inst/reg(compute.wten) Ctrl:compute:inst/Ctrl:compute:compute:inst/Ctrl:compute:compute:staller:inst/reg(compute.flen_shf)#1 11.0100 -6.0100                    
                                                                                                                                                                                                                                                                                                                                                                                                                                                                                            
      Instance                                                                                                                                                                                                                                     Component                                                                                                                                                                                             Delta   Delay   [MIN, MAX]         
      --------                                                                                                                                                                                                                                     ---------                                                                                                                                                                                             -----   -----   ------------------ 
      Ctrl:compute:inst/Ctrl:compute:compute:inst/Ctrl:compute:compute:staller:inst/reg(compute.wten)                                                                                                                                              mgc_reg_pos_1_1_0_0_0_0_0                                                                                                                                                                             0.3200  0.3200                     
      Ctrl:compute:inst/Ctrl:compute:compute:inst/Ctrl:compute:compute:staller:inst/compute.wten.reg                                                                                                                                                                                                                                                                                                                                                     0.0000  0.3200                     
      Ctrl:compute:inst/Ctrl:compute:compute:inst/Ctrl:compute:compute:staller:inst/asn(compute.wten)                                                                                                                                                                                                                                                                                                                                                    0.0000  0.3200                     
      Ctrl:compute:inst/Ctrl:compute:compute:inst/Ctrl:compute:compute:staller:inst/compute.wten                                                                                                                                                                                                                                                                                                                                                         0.0000  0.3200                     
      Ctrl:compute:inst/Ctrl:compute:compute:inst/compute.wten                                                                                                                                                                                                                                                                                                                                                                                           0.0000  0.3200                     
      Ctrl:compute:inst/Ctrl:compute:compute:inst/Ctrl:compute:compute:plm_out_pong.a0.a.d.data:rsci#1:inst/compute.wten                                                                                                                                                                                                                                                                                                                                 0.0000  0.3200                     
      Ctrl:compute:inst/Ctrl:compute:compute:inst/Ctrl:compute:compute:plm_out_pong.a0.a.d.data:rsci#1:inst/Ctrl:compute:compute:plm_out_pong.a0.a.d.data:rsci#1:plm_out_pong.a0.a.d.data:rsc.@:wait_ctrl:inst/compute.wten                                                                                                                                                                                                                              0.0000  0.3200                     
      Ctrl:compute:inst/Ctrl:compute:compute:inst/Ctrl:compute:compute:plm_out_pong.a0.a.d.data:rsci#1:inst/Ctrl:compute:compute:plm_out_pong.a0.a.d.data:rsci#1:plm_out_pong.a0.a.d.data:rsc.@:wait_ctrl:inst/while:for:for:for:if#1:else:not     mgc_not_1                                                                                                                                                                                             0.0000  0.3200                     
      Ctrl:compute:inst/Ctrl:compute:compute:inst/Ctrl:compute:compute:plm_out_pong.a0.a.d.data:rsci#1:inst/Ctrl:compute:compute:plm_out_pong.a0.a.d.data:rsci#1:plm_out_pong.a0.a.d.data:rsc.@:wait_ctrl:inst/while:for:for:for:if#1:else:not.itm                                                                                                                                                                                                       0.0000  0.3200                     
      Ctrl:compute:inst/Ctrl:compute:compute:inst/Ctrl:compute:compute:plm_out_pong.a0.a.d.data:rsci#1:inst/Ctrl:compute:compute:plm_out_pong.a0.a.d.data:rsci#1:plm_out_pong.a0.a.d.data:rsc.@:wait_ctrl:inst/while:for:for:for:if#1:else:and#2   mgc_and_1_2                                                                                                                                                                                           0.5500  0.8700                     
      Ctrl:compute:inst/Ctrl:compute:compute:inst/Ctrl:compute:compute:plm_out_pong.a0.a.d.data:rsci#1:inst/Ctrl:compute:compute:plm_out_pong.a0.a.d.data:rsci#1:plm_out_pong.a0.a.d.data:rsc.@:wait_ctrl:inst/plm_out_pong.a0.a.d.data:rsci.biwt                                                                                                                                                                                                        0.0000  0.8700                     
      Ctrl:compute:inst/Ctrl:compute:compute:inst/Ctrl:compute:compute:plm_out_pong.a0.a.d.data:rsci#1:inst/plm_out_pong.a0.a.d.data:rsci.biwt                                                                                                                                                                                                                                                                                                           0.0000  0.8700                     
      Ctrl:compute:inst/Ctrl:compute:compute:inst/Ctrl:compute:compute:plm_out_pong.a0.a.d.data:rsci#1:inst/Ctrl:compute:compute:plm_out_pong.a0.a.d.data:rsci#1:plm_out_pong.a0.a.d.data:rsc.@:wait_dp:inst/plm_out_pong.a0.a.d.data:rsci.biwt                                                                                                                                                                                                          0.0000  0.8700                     
      Ctrl:compute:inst/Ctrl:compute:compute:inst/Ctrl:compute:compute:plm_out_pong.a0.a.d.data:rsci#1:inst/Ctrl:compute:compute:plm_out_pong.a0.a.d.data:rsci#1:plm_out_pong.a0.a.d.data:rsc.@:wait_dp:inst/while:for:for:for:if#1:else:or#1      mgc_or_1_2                                                                                                                                                                                            0.5500  1.4200                     
      Ctrl:compute:inst/Ctrl:compute:compute:inst/Ctrl:compute:compute:plm_out_pong.a0.a.d.data:rsci#1:inst/Ctrl:compute:compute:plm_out_pong.a0.a.d.data:rsci#1:plm_out_pong.a0.a.d.data:rsc.@:wait_dp:inst/plm_out_pong.a0.a.d.data:rsci.bawt                                                                                                                                                                                                          0.0000  1.4200                     
      Ctrl:compute:inst/Ctrl:compute:compute:inst/Ctrl:compute:compute:plm_out_pong.a0.a.d.data:rsci#1:inst/plm_out_pong.a0.a.d.data:rsci.bawt                                                                                                                                                                                                                                                                                                           0.0000  1.4200                     
      Ctrl:compute:inst/Ctrl:compute:compute:inst/plm_out_pong.a0.a.d.data:rsci.bawt                                                                                                                                                                                                                                                                                                                                                                     0.0000  1.4200                     
      Ctrl:compute:inst/Ctrl:compute:compute:inst/mux#32                                                                                                                                                                                           mgc_mux_1_1_2                                                                                                                                                                                         0.0800  1.5000                     
      Ctrl:compute:inst/Ctrl:compute:compute:inst/mux#32.itm                                                                                                                                                                                                                                                                                                                                                                                             0.0000  1.5000                     
      Ctrl:compute:inst/Ctrl:compute:compute:inst/mux#33                                                                                                                                                                                           mgc_mux_1_1_2                                                                                                                                                                                         0.0800  1.5800                     
      Ctrl:compute:inst/Ctrl:compute:compute:inst/mux.tmp#33                                                                                                                                                                                                                                                                                                                                                                                             0.0000  1.5800                     
      Ctrl:compute:inst/Ctrl:compute:compute:inst/not#139                                                                                                                                                                                          mgc_not_1                                                                                                                                                                                             0.0000  1.5800                     
      Ctrl:compute:inst/Ctrl:compute:compute:inst/not#139.itm                                                                                                                                                                                                                                                                                                                                                                                            0.0000  1.5800                     
      Ctrl:compute:inst/Ctrl:compute:compute:inst/and#61                                                                                                                                                                                           mgc_and_1_2                                                                                                                                                                                           0.5500  2.1300                     
      Ctrl:compute:inst/Ctrl:compute:compute:inst/and#61.cse                                                                                                                                                                                                                                                                                                                                                                                             0.0000  2.1300                     
      Ctrl:compute:inst/Ctrl:compute:compute:inst/or#286                                                                                                                                                                                           mgc_or_1_2                                                                                                                                                                                            0.5500  2.6800                     
      Ctrl:compute:inst/Ctrl:compute:compute:inst/or.dcpl#111                                                                                                                                                                                                                                                                                                                                                                                            0.0000  2.6800                     
      Ctrl:compute:inst/Ctrl:compute:compute:inst/conf_info.read_reset_check.ResetChecker:conf_info.read_reset_check.ResetChecker:and                                                                                                              mgc_and_1_2                                                                                                                                                                                           0.5500  3.2300                     
      Ctrl:compute:inst/Ctrl:compute:compute:inst/out_ping_pong.sva:mx1                                                                                                                                                                                                                                                                                                                                                                                  0.0000  3.2300                     
      Ctrl:compute:inst/Ctrl:compute:compute:inst/while:for:for:for:nor#3                                                                                                                                                                          mgc_nor_1_2                                                                                                                                                                                           0.0000  3.2300                     
      Ctrl:compute:inst/Ctrl:compute:compute:inst/while:for:for:for:nor#3.itm                                                                                                                                                                                                                                                                                                                                                                            0.0000  3.2300                     
      Ctrl:compute:inst/Ctrl:compute:compute:inst/while:for:for:for:and#7                                                                                                                                                                          mgc_and_1_7                                                                                                                                                                                           1.1000  4.3300                     
      Ctrl:compute:inst/Ctrl:compute:compute:inst/while:for:for:for:and#7.tmp                                                                                                                                                                                                                                                                                                                                                                            0.0000  4.3300                     
      Ctrl:compute:inst/Ctrl:compute:compute:inst/not#322                                                                                                                                                                                          mgc_not_1                                                                                                                                                                                             0.0000  4.3300                     
      Ctrl:compute:inst/Ctrl:compute:compute:inst/not#322.itm                                                                                                                                                                                                                                                                                                                                                                                            0.0000  4.3300                     
      Ctrl:compute:inst/Ctrl:compute:compute:inst/and#551                                                                                                                                                                                          mgc_and_1_2                                                                                                                                                                                           0.0000  4.3300                     
      Ctrl:compute:inst/Ctrl:compute:compute:inst/and#551.itm                                                                                                                                                                                                                                                                                                                                                                                            0.0000  4.3300                     
      Ctrl:compute:inst/Ctrl:compute:compute:inst/or#436                                                                                                                                                                                           mgc_or_1_2                                                                                                                                                                                            0.5500  4.8800                     
      Ctrl:compute:inst/Ctrl:compute:compute:inst/or.tmp#307                                                                                                                                                                                                                                                                                                                                                                                             0.0000  4.8800                     
      Ctrl:compute:inst/Ctrl:compute:compute:inst/while:for:for:for:for:dataBv_int:mux#3                                                                                                                                                           mgc_mux_1_1_2                                                                                                                                                                                         0.0800  4.9600                     
      Ctrl:compute:inst/Ctrl:compute:compute:inst/while:for:for:for:for:dataBv_int:mux#3.itm                                                                                                                                                                                                                                                                                                                                                             0.0000  4.9600                     
      Ctrl:compute:inst/Ctrl:compute:compute:inst/while:for:for:for:for:dataBv_int:while:for:for:for:for:dataBv_int:or#3                                                                                                                           mgc_or_1_2                                                                                                                                                                                            0.5500  5.5100                     
      Ctrl:compute:inst/Ctrl:compute:compute:inst/while:for:for:for:for:dataBv_int:while:for:for:for:for:dataBv_int:or#3.itm                                                                                                                                                                                                                                                                                                                             0.0000  5.5100                     
      Ctrl:compute:inst/Ctrl:compute:compute:inst/while:for:for:for:and                                                                                                                                                                            mgc_and_1_2                                                                                                                                                                                           0.0000  5.5100                     
      Ctrl:compute:inst/Ctrl:compute:compute:inst/while:for:for:for:and.itm                                                                                                                                                                                                                                                                                                                                                                              0.0000  5.5100                     
      Ctrl:compute:inst/Ctrl:compute:compute:inst/nor                                                                                                                                                                                              mgc_nor_1_3                                                                                                                                                                                           0.5500  6.0600                     
      Ctrl:compute:inst/Ctrl:compute:compute:inst/nor.itm                                                                                                                                                                                                                                                                                                                                                                                                0.0000  6.0600                     
      Ctrl:compute:inst/Ctrl:compute:compute:inst/mux1h                                                                                                                                                                                            mgc_mux1hot_1_3                                                                                                                                                                                       0.5500  6.6100                     
      Ctrl:compute:inst/Ctrl:compute:compute:inst/mux1h.itm                                                                                                                                                                                                                                                                                                                                                                                              0.0000  6.6100                     
      Ctrl:compute:inst/Ctrl:compute:compute:inst/and#606                                                                                                                                                                                          mgc_and_1_2                                                                                                                                                                                           0.5500  7.1600                     
      Ctrl:compute:inst/Ctrl:compute:compute:inst/and#606.rmff                                                                                                                                                                                                                                                                                                                                                                                           0.0000  7.1600                     
      Ctrl:compute:inst/Ctrl:compute:compute:inst/Ctrl:compute:compute:staller:inst/compute.flen:unreg                                                                                                                                                                                                                                                                                                                                                   0.0000  7.1600                     
      Ctrl:compute:inst/Ctrl:compute:compute:inst/Ctrl:compute:compute:staller:inst/nand                                                                                                                                                           mgc_nand_1_3                                                                                                                                                                                          0.0000  7.1600                     
      Ctrl:compute:inst/Ctrl:compute:compute:inst/Ctrl:compute:compute:staller:inst/nand.itm                                                                                                                                                                                                                                                                                                                                                             0.0000  7.1600                     
      Ctrl:compute:inst/Ctrl:compute:compute:inst/Ctrl:compute:compute:staller:inst/and#3                                                                                                                                                          mgc_and_1_7                                                                                                                                                                                           1.1000  8.2600                     
      Ctrl:compute:inst/Ctrl:compute:compute:inst/Ctrl:compute:compute:staller:inst/compute.wen                                                                                                                                                                                                                                                                                                                                                          0.0000  8.2600                     
      Ctrl:compute:inst/Ctrl:compute:compute:inst/compute.wen                                                                                                                                                                                                                                                                                                                                                                                            0.0000  8.2600                     
      Ctrl:compute:inst/Ctrl:compute:compute:inst/Ctrl:compute:compute:conf2.Pop():mioi:inst/compute.wen                                                                                                                                                                                                                                                                                                                                                 0.0000  8.2600                     
      Ctrl:compute:inst/Ctrl:compute:compute:inst/Ctrl:compute:compute:conf2.Pop():mioi:inst/Ctrl:compute:compute:conf2.Pop():mioi:conf2.Pop():mio:wait_ctrl:inst/compute.wen                                                                                                                                                                                                                                                                            0.0000  8.2600                     
      Ctrl:compute:inst/Ctrl:compute:compute:inst/Ctrl:compute:compute:conf2.Pop():mioi:inst/Ctrl:compute:compute:conf2.Pop():mioi:conf2.Pop():mio:wait_ctrl:inst/while:and#4                                                                      mgc_and_1_2                                                                                                                                                                                           0.5500  8.8100                     
      Ctrl:compute:inst/Ctrl:compute:compute:inst/Ctrl:compute:compute:conf2.Pop():mioi:inst/Ctrl:compute:compute:conf2.Pop():mioi:conf2.Pop():mio:wait_ctrl:inst/conf2.Pop():mioi.bdwt                                                                                                                                                                                                                                                                  0.0000  8.8100                     
      Ctrl:compute:inst/Ctrl:compute:compute:inst/Ctrl:compute:compute:conf2.Pop():mioi:inst/conf2.Pop():mioi.bdwt                                                                                                                                                                                                                                                                                                                                       0.0000  8.8100                     
      Ctrl:compute:inst/Ctrl:compute:compute:inst/Ctrl:compute:compute:conf2.Pop():mioi:inst/Ctrl:compute:compute:conf2.Pop():mioi:conf2.Pop():mio:wait_dp:inst/conf2.Pop():mioi.bdwt                                                                                                                                                                                                                                                                    0.0000  8.8100                     
      Ctrl:compute:inst/Ctrl:compute:compute:inst/Ctrl:compute:compute:conf2.Pop():mioi:inst/Ctrl:compute:compute:conf2.Pop():mioi:conf2.Pop():mio:wait_dp:inst/while:or#3                                                                         mgc_or_1_2                                                                                                                                                                                            0.5500  9.3600                     
      Ctrl:compute:inst/Ctrl:compute:compute:inst/Ctrl:compute:compute:conf2.Pop():mioi:inst/Ctrl:compute:compute:conf2.Pop():mioi:conf2.Pop():mio:wait_dp:inst/conf2.Pop():mioi.iden                                                                                                                                                                                                                                                                    0.0000  9.3600                     
      Ctrl:compute:inst/Ctrl:compute:compute:inst/Ctrl:compute:compute:conf2.Pop():mioi:inst/conf2.Pop():mioi.iden                                                                                                                                                                                                                                                                                                                                       0.0000  9.3600                     
      Ctrl:compute:inst/Ctrl:compute:compute:inst/conf2.Pop():mioi.iden                                                                                                                                                                                                                                                                                                                                                                                  0.0000  9.3600                     
      Ctrl:compute:inst/Ctrl:compute:compute:inst/Ctrl:compute:compute:staller:inst/conf2.Pop():mioi.iden                                                                                                                                                                                                                                                                                                                                                0.0000  9.3600                     
      Ctrl:compute:inst/Ctrl:compute:compute:inst/Ctrl:compute:compute:staller:inst/nor                                                                                                                                                            mgc_nor_1_12                                                                                                                                                                                          1.1000  10.4600                    
      Ctrl:compute:inst/Ctrl:compute:compute:inst/Ctrl:compute:compute:staller:inst/nor.itm                                                                                                                                                                                                                                                                                                                                                              0.0000  10.4600                    
      Ctrl:compute:inst/Ctrl:compute:compute:inst/Ctrl:compute:compute:staller:inst/and                                                                                                                                                            mgc_and_1_2                                                                                                                                                                                           0.5500  11.0100                    
      Ctrl:compute:inst/Ctrl:compute:compute:inst/Ctrl:compute:compute:staller:inst/and.itm                                                                                                                                                                                                                                                                                                                                                              0.0000  11.0100                    
      Ctrl:compute:inst/Ctrl:compute:compute:inst/Ctrl:compute:compute:staller:inst/reg(compute.flen_shf)#1                                                                                                                                        mgc_reg_pos_1_1_0_0_0_0_0                                                                                                                                                                             0.0000  11.0100                    
                                                                                                                                                                                                                                                                                                                                                                                                                                                                                            
    3                                                                                                                                                                                                                                              Ctrl:compute:inst/Ctrl:compute:compute:inst/Ctrl:compute:compute:staller:inst/reg(compute.wten) Ctrl:compute:inst/Ctrl:compute:compute:inst/Ctrl:compute:compute:staller:inst/reg(compute.flen_shf)#1 11.0100 -6.0100                    
                                                                                                                                                                                                                                                                                                                                                                                                                                                                                            
      Instance                                                                                                                                                                                                                                     Component                                                                                                                                                                                             Delta   Delay   [MIN, MAX]         
      --------                                                                                                                                                                                                                                     ---------                                                                                                                                                                                             -----   -----   ------------------ 
      Ctrl:compute:inst/Ctrl:compute:compute:inst/Ctrl:compute:compute:staller:inst/reg(compute.wten)                                                                                                                                              mgc_reg_pos_1_1_0_0_0_0_0                                                                                                                                                                             0.3200  0.3200                     
      Ctrl:compute:inst/Ctrl:compute:compute:inst/Ctrl:compute:compute:staller:inst/compute.wten.reg                                                                                                                                                                                                                                                                                                                                                     0.0000  0.3200                     
      Ctrl:compute:inst/Ctrl:compute:compute:inst/Ctrl:compute:compute:staller:inst/asn(compute.wten)                                                                                                                                                                                                                                                                                                                                                    0.0000  0.3200                     
      Ctrl:compute:inst/Ctrl:compute:compute:inst/Ctrl:compute:compute:staller:inst/compute.wten                                                                                                                                                                                                                                                                                                                                                         0.0000  0.3200                     
      Ctrl:compute:inst/Ctrl:compute:compute:inst/compute.wten                                                                                                                                                                                                                                                                                                                                                                                           0.0000  0.3200                     
      Ctrl:compute:inst/Ctrl:compute:compute:inst/Ctrl:compute:compute:plm_out_pong.a0.a.d.data:rsci#1:inst/compute.wten                                                                                                                                                                                                                                                                                                                                 0.0000  0.3200                     
      Ctrl:compute:inst/Ctrl:compute:compute:inst/Ctrl:compute:compute:plm_out_pong.a0.a.d.data:rsci#1:inst/Ctrl:compute:compute:plm_out_pong.a0.a.d.data:rsci#1:plm_out_pong.a0.a.d.data:rsc.@:wait_ctrl:inst/compute.wten                                                                                                                                                                                                                              0.0000  0.3200                     
      Ctrl:compute:inst/Ctrl:compute:compute:inst/Ctrl:compute:compute:plm_out_pong.a0.a.d.data:rsci#1:inst/Ctrl:compute:compute:plm_out_pong.a0.a.d.data:rsci#1:plm_out_pong.a0.a.d.data:rsc.@:wait_ctrl:inst/while:for:for:for:if#1:else:not     mgc_not_1                                                                                                                                                                                             0.0000  0.3200                     
      Ctrl:compute:inst/Ctrl:compute:compute:inst/Ctrl:compute:compute:plm_out_pong.a0.a.d.data:rsci#1:inst/Ctrl:compute:compute:plm_out_pong.a0.a.d.data:rsci#1:plm_out_pong.a0.a.d.data:rsc.@:wait_ctrl:inst/while:for:for:for:if#1:else:not.itm                                                                                                                                                                                                       0.0000  0.3200                     
      Ctrl:compute:inst/Ctrl:compute:compute:inst/Ctrl:compute:compute:plm_out_pong.a0.a.d.data:rsci#1:inst/Ctrl:compute:compute:plm_out_pong.a0.a.d.data:rsci#1:plm_out_pong.a0.a.d.data:rsc.@:wait_ctrl:inst/while:for:for:for:if#1:else:and#2   mgc_and_1_2                                                                                                                                                                                           0.5500  0.8700                     
      Ctrl:compute:inst/Ctrl:compute:compute:inst/Ctrl:compute:compute:plm_out_pong.a0.a.d.data:rsci#1:inst/Ctrl:compute:compute:plm_out_pong.a0.a.d.data:rsci#1:plm_out_pong.a0.a.d.data:rsc.@:wait_ctrl:inst/plm_out_pong.a0.a.d.data:rsci.biwt                                                                                                                                                                                                        0.0000  0.8700                     
      Ctrl:compute:inst/Ctrl:compute:compute:inst/Ctrl:compute:compute:plm_out_pong.a0.a.d.data:rsci#1:inst/plm_out_pong.a0.a.d.data:rsci.biwt                                                                                                                                                                                                                                                                                                           0.0000  0.8700                     
      Ctrl:compute:inst/Ctrl:compute:compute:inst/Ctrl:compute:compute:plm_out_pong.a0.a.d.data:rsci#1:inst/Ctrl:compute:compute:plm_out_pong.a0.a.d.data:rsci#1:plm_out_pong.a0.a.d.data:rsc.@:wait_dp:inst/plm_out_pong.a0.a.d.data:rsci.biwt                                                                                                                                                                                                          0.0000  0.8700                     
      Ctrl:compute:inst/Ctrl:compute:compute:inst/Ctrl:compute:compute:plm_out_pong.a0.a.d.data:rsci#1:inst/Ctrl:compute:compute:plm_out_pong.a0.a.d.data:rsci#1:plm_out_pong.a0.a.d.data:rsc.@:wait_dp:inst/while:for:for:for:if#1:else:or#1      mgc_or_1_2                                                                                                                                                                                            0.5500  1.4200                     
      Ctrl:compute:inst/Ctrl:compute:compute:inst/Ctrl:compute:compute:plm_out_pong.a0.a.d.data:rsci#1:inst/Ctrl:compute:compute:plm_out_pong.a0.a.d.data:rsci#1:plm_out_pong.a0.a.d.data:rsc.@:wait_dp:inst/plm_out_pong.a0.a.d.data:rsci.bawt                                                                                                                                                                                                          0.0000  1.4200                     
      Ctrl:compute:inst/Ctrl:compute:compute:inst/Ctrl:compute:compute:plm_out_pong.a0.a.d.data:rsci#1:inst/plm_out_pong.a0.a.d.data:rsci.bawt                                                                                                                                                                                                                                                                                                           0.0000  1.4200                     
      Ctrl:compute:inst/Ctrl:compute:compute:inst/plm_out_pong.a0.a.d.data:rsci.bawt                                                                                                                                                                                                                                                                                                                                                                     0.0000  1.4200                     
      Ctrl:compute:inst/Ctrl:compute:compute:inst/mux#32                                                                                                                                                                                           mgc_mux_1_1_2                                                                                                                                                                                         0.0800  1.5000                     
      Ctrl:compute:inst/Ctrl:compute:compute:inst/mux#32.itm                                                                                                                                                                                                                                                                                                                                                                                             0.0000  1.5000                     
      Ctrl:compute:inst/Ctrl:compute:compute:inst/mux#33                                                                                                                                                                                           mgc_mux_1_1_2                                                                                                                                                                                         0.0800  1.5800                     
      Ctrl:compute:inst/Ctrl:compute:compute:inst/mux.tmp#33                                                                                                                                                                                                                                                                                                                                                                                             0.0000  1.5800                     
      Ctrl:compute:inst/Ctrl:compute:compute:inst/not#139                                                                                                                                                                                          mgc_not_1                                                                                                                                                                                             0.0000  1.5800                     
      Ctrl:compute:inst/Ctrl:compute:compute:inst/not#139.itm                                                                                                                                                                                                                                                                                                                                                                                            0.0000  1.5800                     
      Ctrl:compute:inst/Ctrl:compute:compute:inst/and#61                                                                                                                                                                                           mgc_and_1_2                                                                                                                                                                                           0.5500  2.1300                     
      Ctrl:compute:inst/Ctrl:compute:compute:inst/and#61.cse                                                                                                                                                                                                                                                                                                                                                                                             0.0000  2.1300                     
      Ctrl:compute:inst/Ctrl:compute:compute:inst/or#286                                                                                                                                                                                           mgc_or_1_2                                                                                                                                                                                            0.5500  2.6800                     
      Ctrl:compute:inst/Ctrl:compute:compute:inst/or.dcpl#111                                                                                                                                                                                                                                                                                                                                                                                            0.0000  2.6800                     
      Ctrl:compute:inst/Ctrl:compute:compute:inst/conf_info.read_reset_check.ResetChecker:conf_info.read_reset_check.ResetChecker:and                                                                                                              mgc_and_1_2                                                                                                                                                                                           0.5500  3.2300                     
      Ctrl:compute:inst/Ctrl:compute:compute:inst/out_ping_pong.sva:mx1                                                                                                                                                                                                                                                                                                                                                                                  0.0000  3.2300                     
      Ctrl:compute:inst/Ctrl:compute:compute:inst/while:for:for:for:nor#3                                                                                                                                                                          mgc_nor_1_2                                                                                                                                                                                           0.0000  3.2300                     
      Ctrl:compute:inst/Ctrl:compute:compute:inst/while:for:for:for:nor#3.itm                                                                                                                                                                                                                                                                                                                                                                            0.0000  3.2300                     
      Ctrl:compute:inst/Ctrl:compute:compute:inst/while:for:for:for:and#7                                                                                                                                                                          mgc_and_1_7                                                                                                                                                                                           1.1000  4.3300                     
      Ctrl:compute:inst/Ctrl:compute:compute:inst/while:for:for:for:and#7.tmp                                                                                                                                                                                                                                                                                                                                                                            0.0000  4.3300                     
      Ctrl:compute:inst/Ctrl:compute:compute:inst/not#322                                                                                                                                                                                          mgc_not_1                                                                                                                                                                                             0.0000  4.3300                     
      Ctrl:compute:inst/Ctrl:compute:compute:inst/not#322.itm                                                                                                                                                                                                                                                                                                                                                                                            0.0000  4.3300                     
      Ctrl:compute:inst/Ctrl:compute:compute:inst/and#551                                                                                                                                                                                          mgc_and_1_2                                                                                                                                                                                           0.0000  4.3300                     
      Ctrl:compute:inst/Ctrl:compute:compute:inst/and#551.itm                                                                                                                                                                                                                                                                                                                                                                                            0.0000  4.3300                     
      Ctrl:compute:inst/Ctrl:compute:compute:inst/or#436                                                                                                                                                                                           mgc_or_1_2                                                                                                                                                                                            0.5500  4.8800                     
      Ctrl:compute:inst/Ctrl:compute:compute:inst/or.tmp#307                                                                                                                                                                                                                                                                                                                                                                                             0.0000  4.8800                     
      Ctrl:compute:inst/Ctrl:compute:compute:inst/while:for:for:for:for:dataBv_int:mux#3                                                                                                                                                           mgc_mux_1_1_2                                                                                                                                                                                         0.0800  4.9600                     
      Ctrl:compute:inst/Ctrl:compute:compute:inst/while:for:for:for:for:dataBv_int:mux#3.itm                                                                                                                                                                                                                                                                                                                                                             0.0000  4.9600                     
      Ctrl:compute:inst/Ctrl:compute:compute:inst/while:for:for:for:for:dataBv_int:while:for:for:for:for:dataBv_int:or#3                                                                                                                           mgc_or_1_2                                                                                                                                                                                            0.5500  5.5100                     
      Ctrl:compute:inst/Ctrl:compute:compute:inst/while:for:for:for:for:dataBv_int:while:for:for:for:for:dataBv_int:or#3.itm                                                                                                                                                                                                                                                                                                                             0.0000  5.5100                     
      Ctrl:compute:inst/Ctrl:compute:compute:inst/while:for:for:for:and                                                                                                                                                                            mgc_and_1_2                                                                                                                                                                                           0.0000  5.5100                     
      Ctrl:compute:inst/Ctrl:compute:compute:inst/while:for:for:for:and.itm                                                                                                                                                                                                                                                                                                                                                                              0.0000  5.5100                     
      Ctrl:compute:inst/Ctrl:compute:compute:inst/nor                                                                                                                                                                                              mgc_nor_1_3                                                                                                                                                                                           0.5500  6.0600                     
      Ctrl:compute:inst/Ctrl:compute:compute:inst/nor.itm                                                                                                                                                                                                                                                                                                                                                                                                0.0000  6.0600                     
      Ctrl:compute:inst/Ctrl:compute:compute:inst/mux1h                                                                                                                                                                                            mgc_mux1hot_1_3                                                                                                                                                                                       0.5500  6.6100                     
      Ctrl:compute:inst/Ctrl:compute:compute:inst/mux1h.itm                                                                                                                                                                                                                                                                                                                                                                                              0.0000  6.6100                     
      Ctrl:compute:inst/Ctrl:compute:compute:inst/and#606                                                                                                                                                                                          mgc_and_1_2                                                                                                                                                                                           0.5500  7.1600                     
      Ctrl:compute:inst/Ctrl:compute:compute:inst/and#606.rmff                                                                                                                                                                                                                                                                                                                                                                                           0.0000  7.1600                     
      Ctrl:compute:inst/Ctrl:compute:compute:inst/Ctrl:compute:compute:staller:inst/compute.flen:unreg                                                                                                                                                                                                                                                                                                                                                   0.0000  7.1600                     
      Ctrl:compute:inst/Ctrl:compute:compute:inst/Ctrl:compute:compute:staller:inst/nand                                                                                                                                                           mgc_nand_1_3                                                                                                                                                                                          0.0000  7.1600                     
      Ctrl:compute:inst/Ctrl:compute:compute:inst/Ctrl:compute:compute:staller:inst/nand.itm                                                                                                                                                                                                                                                                                                                                                             0.0000  7.1600                     
      Ctrl:compute:inst/Ctrl:compute:compute:inst/Ctrl:compute:compute:staller:inst/and#3                                                                                                                                                          mgc_and_1_7                                                                                                                                                                                           1.1000  8.2600                     
      Ctrl:compute:inst/Ctrl:compute:compute:inst/Ctrl:compute:compute:staller:inst/compute.wen                                                                                                                                                                                                                                                                                                                                                          0.0000  8.2600                     
      Ctrl:compute:inst/Ctrl:compute:compute:inst/compute.wen                                                                                                                                                                                                                                                                                                                                                                                            0.0000  8.2600                     
      Ctrl:compute:inst/Ctrl:compute:compute:inst/Ctrl:compute:compute:in_rd_rsp.Push():mioi:inst/compute.wen                                                                                                                                                                                                                                                                                                                                            0.0000  8.2600                     
      Ctrl:compute:inst/Ctrl:compute:compute:inst/Ctrl:compute:compute:in_rd_rsp.Push():mioi:inst/Ctrl:compute:compute:in_rd_rsp.Push():mioi:in_rd_rsp.Push():mio:wait_ctrl:inst/compute.wen                                                                                                                                                                                                                                                             0.0000  8.2600                     
      Ctrl:compute:inst/Ctrl:compute:compute:inst/Ctrl:compute:compute:in_rd_rsp.Push():mioi:inst/Ctrl:compute:compute:in_rd_rsp.Push():mioi:in_rd_rsp.Push():mio:wait_ctrl:inst/while:for:for:for:and                                             mgc_and_1_2                                                                                                                                                                                           0.5500  8.8100                     
      Ctrl:compute:inst/Ctrl:compute:compute:inst/Ctrl:compute:compute:in_rd_rsp.Push():mioi:inst/Ctrl:compute:compute:in_rd_rsp.Push():mioi:in_rd_rsp.Push():mio:wait_ctrl:inst/in_rd_rsp.Push():mioi.bdwt                                                                                                                                                                                                                                              0.0000  8.8100                     
      Ctrl:compute:inst/Ctrl:compute:compute:inst/Ctrl:compute:compute:in_rd_rsp.Push():mioi:inst/in_rd_rsp.Push():mioi.bdwt                                                                                                                                                                                                                                                                                                                             0.0000  8.8100                     
      Ctrl:compute:inst/Ctrl:compute:compute:inst/Ctrl:compute:compute:in_rd_rsp.Push():mioi:inst/Ctrl:compute:compute:in_rd_rsp.Push():mioi:in_rd_rsp.Push():mio:wait_dp:inst/in_rd_rsp.Push():mioi.bdwt                                                                                                                                                                                                                                                0.0000  8.8100                     
      Ctrl:compute:inst/Ctrl:compute:compute:inst/Ctrl:compute:compute:in_rd_rsp.Push():mioi:inst/Ctrl:compute:compute:in_rd_rsp.Push():mioi:in_rd_rsp.Push():mio:wait_dp:inst/while:for:for:for:or                                                mgc_or_1_2                                                                                                                                                                                            0.5500  9.3600                     
      Ctrl:compute:inst/Ctrl:compute:compute:inst/Ctrl:compute:compute:in_rd_rsp.Push():mioi:inst/Ctrl:compute:compute:in_rd_rsp.Push():mioi:in_rd_rsp.Push():mio:wait_dp:inst/in_rd_rsp.Push():mioi.iden                                                                                                                                                                                                                                                0.0000  9.3600                     
      Ctrl:compute:inst/Ctrl:compute:compute:inst/Ctrl:compute:compute:in_rd_rsp.Push():mioi:inst/in_rd_rsp.Push():mioi.iden                                                                                                                                                                                                                                                                                                                             0.0000  9.3600                     
      Ctrl:compute:inst/Ctrl:compute:compute:inst/in_rd_rsp.Push():mioi.iden                                                                                                                                                                                                                                                                                                                                                                             0.0000  9.3600                     
      Ctrl:compute:inst/Ctrl:compute:compute:inst/Ctrl:compute:compute:staller:inst/in_rd_rsp.Push():mioi.iden                                                                                                                                                                                                                                                                                                                                           0.0000  9.3600                     
      Ctrl:compute:inst/Ctrl:compute:compute:inst/Ctrl:compute:compute:staller:inst/nor                                                                                                                                                            mgc_nor_1_12                                                                                                                                                                                          1.1000  10.4600                    
      Ctrl:compute:inst/Ctrl:compute:compute:inst/Ctrl:compute:compute:staller:inst/nor.itm                                                                                                                                                                                                                                                                                                                                                              0.0000  10.4600                    
      Ctrl:compute:inst/Ctrl:compute:compute:inst/Ctrl:compute:compute:staller:inst/and                                                                                                                                                            mgc_and_1_2                                                                                                                                                                                           0.5500  11.0100                    
      Ctrl:compute:inst/Ctrl:compute:compute:inst/Ctrl:compute:compute:staller:inst/and.itm                                                                                                                                                                                                                                                                                                                                                              0.0000  11.0100                    
      Ctrl:compute:inst/Ctrl:compute:compute:inst/Ctrl:compute:compute:staller:inst/reg(compute.flen_shf)#1                                                                                                                                        mgc_reg_pos_1_1_0_0_0_0_0                                                                                                                                                                             0.0000  11.0100                    
                                                                                                                                                                                                                                                                                                                                                                                                                                                                                            
    4                                                                                                                                                                                                                                              Ctrl:compute:inst/Ctrl:compute:compute:inst/Ctrl:compute:compute:staller:inst/reg(compute.wten) Ctrl:compute:inst/Ctrl:compute:compute:inst/Ctrl:compute:compute:staller:inst/reg(compute.flen_shf)#1 11.0100 -6.0100                    
                                                                                                                                                                                                                                                                                                                                                                                                                                                                                            
      Instance                                                                                                                                                                                                                                     Component                                                                                                                                                                                             Delta   Delay   [MIN, MAX]         
      --------                                                                                                                                                                                                                                     ---------                                                                                                                                                                                             -----   -----   ------------------ 
      Ctrl:compute:inst/Ctrl:compute:compute:inst/Ctrl:compute:compute:staller:inst/reg(compute.wten)                                                                                                                                              mgc_reg_pos_1_1_0_0_0_0_0                                                                                                                                                                             0.3200  0.3200                     
      Ctrl:compute:inst/Ctrl:compute:compute:inst/Ctrl:compute:compute:staller:inst/compute.wten.reg                                                                                                                                                                                                                                                                                                                                                     0.0000  0.3200                     
      Ctrl:compute:inst/Ctrl:compute:compute:inst/Ctrl:compute:compute:staller:inst/asn(compute.wten)                                                                                                                                                                                                                                                                                                                                                    0.0000  0.3200                     
      Ctrl:compute:inst/Ctrl:compute:compute:inst/Ctrl:compute:compute:staller:inst/compute.wten                                                                                                                                                                                                                                                                                                                                                         0.0000  0.3200                     
      Ctrl:compute:inst/Ctrl:compute:compute:inst/compute.wten                                                                                                                                                                                                                                                                                                                                                                                           0.0000  0.3200                     
      Ctrl:compute:inst/Ctrl:compute:compute:inst/Ctrl:compute:compute:plm_out_pong.a0.a.d.data:rsci#1:inst/compute.wten                                                                                                                                                                                                                                                                                                                                 0.0000  0.3200                     
      Ctrl:compute:inst/Ctrl:compute:compute:inst/Ctrl:compute:compute:plm_out_pong.a0.a.d.data:rsci#1:inst/Ctrl:compute:compute:plm_out_pong.a0.a.d.data:rsci#1:plm_out_pong.a0.a.d.data:rsc.@:wait_ctrl:inst/compute.wten                                                                                                                                                                                                                              0.0000  0.3200                     
      Ctrl:compute:inst/Ctrl:compute:compute:inst/Ctrl:compute:compute:plm_out_pong.a0.a.d.data:rsci#1:inst/Ctrl:compute:compute:plm_out_pong.a0.a.d.data:rsci#1:plm_out_pong.a0.a.d.data:rsc.@:wait_ctrl:inst/while:for:for:for:if#1:else:not     mgc_not_1                                                                                                                                                                                             0.0000  0.3200                     
      Ctrl:compute:inst/Ctrl:compute:compute:inst/Ctrl:compute:compute:plm_out_pong.a0.a.d.data:rsci#1:inst/Ctrl:compute:compute:plm_out_pong.a0.a.d.data:rsci#1:plm_out_pong.a0.a.d.data:rsc.@:wait_ctrl:inst/while:for:for:for:if#1:else:not.itm                                                                                                                                                                                                       0.0000  0.3200                     
      Ctrl:compute:inst/Ctrl:compute:compute:inst/Ctrl:compute:compute:plm_out_pong.a0.a.d.data:rsci#1:inst/Ctrl:compute:compute:plm_out_pong.a0.a.d.data:rsci#1:plm_out_pong.a0.a.d.data:rsc.@:wait_ctrl:inst/while:for:for:for:if#1:else:and#2   mgc_and_1_2                                                                                                                                                                                           0.5500  0.8700                     
      Ctrl:compute:inst/Ctrl:compute:compute:inst/Ctrl:compute:compute:plm_out_pong.a0.a.d.data:rsci#1:inst/Ctrl:compute:compute:plm_out_pong.a0.a.d.data:rsci#1:plm_out_pong.a0.a.d.data:rsc.@:wait_ctrl:inst/plm_out_pong.a0.a.d.data:rsci.biwt                                                                                                                                                                                                        0.0000  0.8700                     
      Ctrl:compute:inst/Ctrl:compute:compute:inst/Ctrl:compute:compute:plm_out_pong.a0.a.d.data:rsci#1:inst/plm_out_pong.a0.a.d.data:rsci.biwt                                                                                                                                                                                                                                                                                                           0.0000  0.8700                     
      Ctrl:compute:inst/Ctrl:compute:compute:inst/Ctrl:compute:compute:plm_out_pong.a0.a.d.data:rsci#1:inst/Ctrl:compute:compute:plm_out_pong.a0.a.d.data:rsci#1:plm_out_pong.a0.a.d.data:rsc.@:wait_dp:inst/plm_out_pong.a0.a.d.data:rsci.biwt                                                                                                                                                                                                          0.0000  0.8700                     
      Ctrl:compute:inst/Ctrl:compute:compute:inst/Ctrl:compute:compute:plm_out_pong.a0.a.d.data:rsci#1:inst/Ctrl:compute:compute:plm_out_pong.a0.a.d.data:rsci#1:plm_out_pong.a0.a.d.data:rsc.@:wait_dp:inst/while:for:for:for:if#1:else:or#1      mgc_or_1_2                                                                                                                                                                                            0.5500  1.4200                     
      Ctrl:compute:inst/Ctrl:compute:compute:inst/Ctrl:compute:compute:plm_out_pong.a0.a.d.data:rsci#1:inst/Ctrl:compute:compute:plm_out_pong.a0.a.d.data:rsci#1:plm_out_pong.a0.a.d.data:rsc.@:wait_dp:inst/plm_out_pong.a0.a.d.data:rsci.bawt                                                                                                                                                                                                          0.0000  1.4200                     
      Ctrl:compute:inst/Ctrl:compute:compute:inst/Ctrl:compute:compute:plm_out_pong.a0.a.d.data:rsci#1:inst/plm_out_pong.a0.a.d.data:rsci.bawt                                                                                                                                                                                                                                                                                                           0.0000  1.4200                     
      Ctrl:compute:inst/Ctrl:compute:compute:inst/plm_out_pong.a0.a.d.data:rsci.bawt                                                                                                                                                                                                                                                                                                                                                                     0.0000  1.4200                     
      Ctrl:compute:inst/Ctrl:compute:compute:inst/mux#32                                                                                                                                                                                           mgc_mux_1_1_2                                                                                                                                                                                         0.0800  1.5000                     
      Ctrl:compute:inst/Ctrl:compute:compute:inst/mux#32.itm                                                                                                                                                                                                                                                                                                                                                                                             0.0000  1.5000                     
      Ctrl:compute:inst/Ctrl:compute:compute:inst/mux#33                                                                                                                                                                                           mgc_mux_1_1_2                                                                                                                                                                                         0.0800  1.5800                     
      Ctrl:compute:inst/Ctrl:compute:compute:inst/mux.tmp#33                                                                                                                                                                                                                                                                                                                                                                                             0.0000  1.5800                     
      Ctrl:compute:inst/Ctrl:compute:compute:inst/not#139                                                                                                                                                                                          mgc_not_1                                                                                                                                                                                             0.0000  1.5800                     
      Ctrl:compute:inst/Ctrl:compute:compute:inst/not#139.itm                                                                                                                                                                                                                                                                                                                                                                                            0.0000  1.5800                     
      Ctrl:compute:inst/Ctrl:compute:compute:inst/and#61                                                                                                                                                                                           mgc_and_1_2                                                                                                                                                                                           0.5500  2.1300                     
      Ctrl:compute:inst/Ctrl:compute:compute:inst/and#61.cse                                                                                                                                                                                                                                                                                                                                                                                             0.0000  2.1300                     
      Ctrl:compute:inst/Ctrl:compute:compute:inst/or#286                                                                                                                                                                                           mgc_or_1_2                                                                                                                                                                                            0.5500  2.6800                     
      Ctrl:compute:inst/Ctrl:compute:compute:inst/or.dcpl#111                                                                                                                                                                                                                                                                                                                                                                                            0.0000  2.6800                     
      Ctrl:compute:inst/Ctrl:compute:compute:inst/conf_info.read_reset_check.ResetChecker:conf_info.read_reset_check.ResetChecker:and                                                                                                              mgc_and_1_2                                                                                                                                                                                           0.5500  3.2300                     
      Ctrl:compute:inst/Ctrl:compute:compute:inst/out_ping_pong.sva:mx1                                                                                                                                                                                                                                                                                                                                                                                  0.0000  3.2300                     
      Ctrl:compute:inst/Ctrl:compute:compute:inst/while:for:for:for:nor#3                                                                                                                                                                          mgc_nor_1_2                                                                                                                                                                                           0.0000  3.2300                     
      Ctrl:compute:inst/Ctrl:compute:compute:inst/while:for:for:for:nor#3.itm                                                                                                                                                                                                                                                                                                                                                                            0.0000  3.2300                     
      Ctrl:compute:inst/Ctrl:compute:compute:inst/while:for:for:for:and#7                                                                                                                                                                          mgc_and_1_7                                                                                                                                                                                           1.1000  4.3300                     
      Ctrl:compute:inst/Ctrl:compute:compute:inst/while:for:for:for:and#7.tmp                                                                                                                                                                                                                                                                                                                                                                            0.0000  4.3300                     
      Ctrl:compute:inst/Ctrl:compute:compute:inst/not#322                                                                                                                                                                                          mgc_not_1                                                                                                                                                                                             0.0000  4.3300                     
      Ctrl:compute:inst/Ctrl:compute:compute:inst/not#322.itm                                                                                                                                                                                                                                                                                                                                                                                            0.0000  4.3300                     
      Ctrl:compute:inst/Ctrl:compute:compute:inst/and#551                                                                                                                                                                                          mgc_and_1_2                                                                                                                                                                                           0.0000  4.3300                     
      Ctrl:compute:inst/Ctrl:compute:compute:inst/and#551.itm                                                                                                                                                                                                                                                                                                                                                                                            0.0000  4.3300                     
      Ctrl:compute:inst/Ctrl:compute:compute:inst/or#436                                                                                                                                                                                           mgc_or_1_2                                                                                                                                                                                            0.5500  4.8800                     
      Ctrl:compute:inst/Ctrl:compute:compute:inst/or.tmp#307                                                                                                                                                                                                                                                                                                                                                                                             0.0000  4.8800                     
      Ctrl:compute:inst/Ctrl:compute:compute:inst/while:for:for:for:for:dataBv_int:mux#3                                                                                                                                                           mgc_mux_1_1_2                                                                                                                                                                                         0.0800  4.9600                     
      Ctrl:compute:inst/Ctrl:compute:compute:inst/while:for:for:for:for:dataBv_int:mux#3.itm                                                                                                                                                                                                                                                                                                                                                             0.0000  4.9600                     
      Ctrl:compute:inst/Ctrl:compute:compute:inst/while:for:for:for:for:dataBv_int:while:for:for:for:for:dataBv_int:or#3                                                                                                                           mgc_or_1_2                                                                                                                                                                                            0.5500  5.5100                     
      Ctrl:compute:inst/Ctrl:compute:compute:inst/while:for:for:for:for:dataBv_int:while:for:for:for:for:dataBv_int:or#3.itm                                                                                                                                                                                                                                                                                                                             0.0000  5.5100                     
      Ctrl:compute:inst/Ctrl:compute:compute:inst/while:for:for:for:and                                                                                                                                                                            mgc_and_1_2                                                                                                                                                                                           0.0000  5.5100                     
      Ctrl:compute:inst/Ctrl:compute:compute:inst/while:for:for:for:and.itm                                                                                                                                                                                                                                                                                                                                                                              0.0000  5.5100                     
      Ctrl:compute:inst/Ctrl:compute:compute:inst/nor                                                                                                                                                                                              mgc_nor_1_3                                                                                                                                                                                           0.5500  6.0600                     
      Ctrl:compute:inst/Ctrl:compute:compute:inst/nor.itm                                                                                                                                                                                                                                                                                                                                                                                                0.0000  6.0600                     
      Ctrl:compute:inst/Ctrl:compute:compute:inst/mux1h                                                                                                                                                                                            mgc_mux1hot_1_3                                                                                                                                                                                       0.5500  6.6100                     
      Ctrl:compute:inst/Ctrl:compute:compute:inst/mux1h.itm                                                                                                                                                                                                                                                                                                                                                                                              0.0000  6.6100                     
      Ctrl:compute:inst/Ctrl:compute:compute:inst/and#606                                                                                                                                                                                          mgc_and_1_2                                                                                                                                                                                           0.5500  7.1600                     
      Ctrl:compute:inst/Ctrl:compute:compute:inst/and#606.rmff                                                                                                                                                                                                                                                                                                                                                                                           0.0000  7.1600                     
      Ctrl:compute:inst/Ctrl:compute:compute:inst/Ctrl:compute:compute:staller:inst/compute.flen:unreg                                                                                                                                                                                                                                                                                                                                                   0.0000  7.1600                     
      Ctrl:compute:inst/Ctrl:compute:compute:inst/Ctrl:compute:compute:staller:inst/nand                                                                                                                                                           mgc_nand_1_3                                                                                                                                                                                          0.0000  7.1600                     
      Ctrl:compute:inst/Ctrl:compute:compute:inst/Ctrl:compute:compute:staller:inst/nand.itm                                                                                                                                                                                                                                                                                                                                                             0.0000  7.1600                     
      Ctrl:compute:inst/Ctrl:compute:compute:inst/Ctrl:compute:compute:staller:inst/and#3                                                                                                                                                          mgc_and_1_7                                                                                                                                                                                           1.1000  8.2600                     
      Ctrl:compute:inst/Ctrl:compute:compute:inst/Ctrl:compute:compute:staller:inst/compute.wen                                                                                                                                                                                                                                                                                                                                                          0.0000  8.2600                     
      Ctrl:compute:inst/Ctrl:compute:compute:inst/compute.wen                                                                                                                                                                                                                                                                                                                                                                                            0.0000  8.2600                     
      Ctrl:compute:inst/Ctrl:compute:compute:inst/Ctrl:compute:compute:plm_in_pong.a0.a.d.data:rsci#1:inst/compute.wen                                                                                                                                                                                                                                                                                                                                   0.0000  8.2600                     
      Ctrl:compute:inst/Ctrl:compute:compute:inst/Ctrl:compute:compute:plm_in_pong.a0.a.d.data:rsci#1:inst/Ctrl:compute:compute:plm_in_pong.a0.a.d.data:rsci#1:plm_in_pong.a0.a.d.data:rsc.@:wait_ctrl:inst/compute.wen                                                                                                                                                                                                                                  0.0000  8.2600                     
      Ctrl:compute:inst/Ctrl:compute:compute:inst/Ctrl:compute:compute:plm_in_pong.a0.a.d.data:rsci#1:inst/Ctrl:compute:compute:plm_in_pong.a0.a.d.data:rsci#1:plm_in_pong.a0.a.d.data:rsc.@:wait_ctrl:inst/plm_in_pong.a0.a.d.data:and            mgc_and_1_2                                                                                                                                                                                           0.5500  8.8100                     
      Ctrl:compute:inst/Ctrl:compute:compute:inst/Ctrl:compute:compute:plm_in_pong.a0.a.d.data:rsci#1:inst/Ctrl:compute:compute:plm_in_pong.a0.a.d.data:rsci#1:plm_in_pong.a0.a.d.data:rsc.@:wait_ctrl:inst/plm_in_pong.a0.a.d.data:rsci.bdwt                                                                                                                                                                                                            0.0000  8.8100                     
      Ctrl:compute:inst/Ctrl:compute:compute:inst/Ctrl:compute:compute:plm_in_pong.a0.a.d.data:rsci#1:inst/plm_in_pong.a0.a.d.data:rsci.bdwt                                                                                                                                                                                                                                                                                                             0.0000  8.8100                     
      Ctrl:compute:inst/Ctrl:compute:compute:inst/Ctrl:compute:compute:plm_in_pong.a0.a.d.data:rsci#1:inst/Ctrl:compute:compute:plm_in_pong.a0.a.d.data:rsci#1:plm_in_pong.a0.a.d.data:rsc.@:wait_dp:inst/plm_in_pong.a0.a.d.data:rsci.bdwt                                                                                                                                                                                                              0.0000  8.8100                     
      Ctrl:compute:inst/Ctrl:compute:compute:inst/Ctrl:compute:compute:plm_in_pong.a0.a.d.data:rsci#1:inst/Ctrl:compute:compute:plm_in_pong.a0.a.d.data:rsci#1:plm_in_pong.a0.a.d.data:rsc.@:wait_dp:inst/plm_in_pong.a0.a.d.data:or               mgc_or_1_2                                                                                                                                                                                            0.5500  9.3600                     
      Ctrl:compute:inst/Ctrl:compute:compute:inst/Ctrl:compute:compute:plm_in_pong.a0.a.d.data:rsci#1:inst/Ctrl:compute:compute:plm_in_pong.a0.a.d.data:rsci#1:plm_in_pong.a0.a.d.data:rsc.@:wait_dp:inst/plm_in_pong.a0.a.d.data:rsci.iden                                                                                                                                                                                                              0.0000  9.3600                     
      Ctrl:compute:inst/Ctrl:compute:compute:inst/Ctrl:compute:compute:plm_in_pong.a0.a.d.data:rsci#1:inst/plm_in_pong.a0.a.d.data:rsci.iden                                                                                                                                                                                                                                                                                                             0.0000  9.3600                     
      Ctrl:compute:inst/Ctrl:compute:compute:inst/plm_in_pong.a0.a.d.data:rsci.iden                                                                                                                                                                                                                                                                                                                                                                      0.0000  9.3600                     
      Ctrl:compute:inst/Ctrl:compute:compute:inst/Ctrl:compute:compute:staller:inst/plm_in_pong.a0.a.d.data:rsci.iden                                                                                                                                                                                                                                                                                                                                    0.0000  9.3600                     
      Ctrl:compute:inst/Ctrl:compute:compute:inst/Ctrl:compute:compute:staller:inst/nor                                                                                                                                                            mgc_nor_1_12                                                                                                                                                                                          1.1000  10.4600                    
      Ctrl:compute:inst/Ctrl:compute:compute:inst/Ctrl:compute:compute:staller:inst/nor.itm                                                                                                                                                                                                                                                                                                                                                              0.0000  10.4600                    
      Ctrl:compute:inst/Ctrl:compute:compute:inst/Ctrl:compute:compute:staller:inst/and                                                                                                                                                            mgc_and_1_2                                                                                                                                                                                           0.5500  11.0100                    
      Ctrl:compute:inst/Ctrl:compute:compute:inst/Ctrl:compute:compute:staller:inst/and.itm                                                                                                                                                                                                                                                                                                                                                              0.0000  11.0100                    
      Ctrl:compute:inst/Ctrl:compute:compute:inst/Ctrl:compute:compute:staller:inst/reg(compute.flen_shf)#1                                                                                                                                        mgc_reg_pos_1_1_0_0_0_0_0                                                                                                                                                                             0.0000  11.0100                    
                                                                                                                                                                                                                                                                                                                                                                                                                                                                                            
    5                                                                                                                                                                                                                                              Ctrl:compute:inst/Ctrl:compute:compute:inst/Ctrl:compute:compute:staller:inst/reg(compute.wten) Ctrl:compute:inst/Ctrl:compute:compute:inst/Ctrl:compute:compute:staller:inst/reg(compute.flen_shf)#1 11.0100 -6.0100                    
                                                                                                                                                                                                                                                                                                                                                                                                                                                                                            
      Instance                                                                                                                                                                                                                                     Component                                                                                                                                                                                             Delta   Delay   [MIN, MAX]         
      --------                                                                                                                                                                                                                                     ---------                                                                                                                                                                                             -----   -----   ------------------ 
      Ctrl:compute:inst/Ctrl:compute:compute:inst/Ctrl:compute:compute:staller:inst/reg(compute.wten)                                                                                                                                              mgc_reg_pos_1_1_0_0_0_0_0                                                                                                                                                                             0.3200  0.3200                     
      Ctrl:compute:inst/Ctrl:compute:compute:inst/Ctrl:compute:compute:staller:inst/compute.wten.reg                                                                                                                                                                                                                                                                                                                                                     0.0000  0.3200                     
      Ctrl:compute:inst/Ctrl:compute:compute:inst/Ctrl:compute:compute:staller:inst/asn(compute.wten)                                                                                                                                                                                                                                                                                                                                                    0.0000  0.3200                     
      Ctrl:compute:inst/Ctrl:compute:compute:inst/Ctrl:compute:compute:staller:inst/compute.wten                                                                                                                                                                                                                                                                                                                                                         0.0000  0.3200                     
      Ctrl:compute:inst/Ctrl:compute:compute:inst/compute.wten                                                                                                                                                                                                                                                                                                                                                                                           0.0000  0.3200                     
      Ctrl:compute:inst/Ctrl:compute:compute:inst/Ctrl:compute:compute:plm_out_pong.a0.a.d.data:rsci#1:inst/compute.wten                                                                                                                                                                                                                                                                                                                                 0.0000  0.3200                     
      Ctrl:compute:inst/Ctrl:compute:compute:inst/Ctrl:compute:compute:plm_out_pong.a0.a.d.data:rsci#1:inst/Ctrl:compute:compute:plm_out_pong.a0.a.d.data:rsci#1:plm_out_pong.a0.a.d.data:rsc.@:wait_ctrl:inst/compute.wten                                                                                                                                                                                                                              0.0000  0.3200                     
      Ctrl:compute:inst/Ctrl:compute:compute:inst/Ctrl:compute:compute:plm_out_pong.a0.a.d.data:rsci#1:inst/Ctrl:compute:compute:plm_out_pong.a0.a.d.data:rsci#1:plm_out_pong.a0.a.d.data:rsc.@:wait_ctrl:inst/while:for:for:for:if#1:else:not     mgc_not_1                                                                                                                                                                                             0.0000  0.3200                     
      Ctrl:compute:inst/Ctrl:compute:compute:inst/Ctrl:compute:compute:plm_out_pong.a0.a.d.data:rsci#1:inst/Ctrl:compute:compute:plm_out_pong.a0.a.d.data:rsci#1:plm_out_pong.a0.a.d.data:rsc.@:wait_ctrl:inst/while:for:for:for:if#1:else:not.itm                                                                                                                                                                                                       0.0000  0.3200                     
      Ctrl:compute:inst/Ctrl:compute:compute:inst/Ctrl:compute:compute:plm_out_pong.a0.a.d.data:rsci#1:inst/Ctrl:compute:compute:plm_out_pong.a0.a.d.data:rsci#1:plm_out_pong.a0.a.d.data:rsc.@:wait_ctrl:inst/while:for:for:for:if#1:else:and#2   mgc_and_1_2                                                                                                                                                                                           0.5500  0.8700                     
      Ctrl:compute:inst/Ctrl:compute:compute:inst/Ctrl:compute:compute:plm_out_pong.a0.a.d.data:rsci#1:inst/Ctrl:compute:compute:plm_out_pong.a0.a.d.data:rsci#1:plm_out_pong.a0.a.d.data:rsc.@:wait_ctrl:inst/plm_out_pong.a0.a.d.data:rsci.biwt                                                                                                                                                                                                        0.0000  0.8700                     
      Ctrl:compute:inst/Ctrl:compute:compute:inst/Ctrl:compute:compute:plm_out_pong.a0.a.d.data:rsci#1:inst/plm_out_pong.a0.a.d.data:rsci.biwt                                                                                                                                                                                                                                                                                                           0.0000  0.8700                     
      Ctrl:compute:inst/Ctrl:compute:compute:inst/Ctrl:compute:compute:plm_out_pong.a0.a.d.data:rsci#1:inst/Ctrl:compute:compute:plm_out_pong.a0.a.d.data:rsci#1:plm_out_pong.a0.a.d.data:rsc.@:wait_dp:inst/plm_out_pong.a0.a.d.data:rsci.biwt                                                                                                                                                                                                          0.0000  0.8700                     
      Ctrl:compute:inst/Ctrl:compute:compute:inst/Ctrl:compute:compute:plm_out_pong.a0.a.d.data:rsci#1:inst/Ctrl:compute:compute:plm_out_pong.a0.a.d.data:rsci#1:plm_out_pong.a0.a.d.data:rsc.@:wait_dp:inst/while:for:for:for:if#1:else:or#1      mgc_or_1_2                                                                                                                                                                                            0.5500  1.4200                     
      Ctrl:compute:inst/Ctrl:compute:compute:inst/Ctrl:compute:compute:plm_out_pong.a0.a.d.data:rsci#1:inst/Ctrl:compute:compute:plm_out_pong.a0.a.d.data:rsci#1:plm_out_pong.a0.a.d.data:rsc.@:wait_dp:inst/plm_out_pong.a0.a.d.data:rsci.bawt                                                                                                                                                                                                          0.0000  1.4200                     
      Ctrl:compute:inst/Ctrl:compute:compute:inst/Ctrl:compute:compute:plm_out_pong.a0.a.d.data:rsci#1:inst/plm_out_pong.a0.a.d.data:rsci.bawt                                                                                                                                                                                                                                                                                                           0.0000  1.4200                     
      Ctrl:compute:inst/Ctrl:compute:compute:inst/plm_out_pong.a0.a.d.data:rsci.bawt                                                                                                                                                                                                                                                                                                                                                                     0.0000  1.4200                     
      Ctrl:compute:inst/Ctrl:compute:compute:inst/mux#32                                                                                                                                                                                           mgc_mux_1_1_2                                                                                                                                                                                         0.0800  1.5000                     
      Ctrl:compute:inst/Ctrl:compute:compute:inst/mux#32.itm                                                                                                                                                                                                                                                                                                                                                                                             0.0000  1.5000                     
      Ctrl:compute:inst/Ctrl:compute:compute:inst/mux#33                                                                                                                                                                                           mgc_mux_1_1_2                                                                                                                                                                                         0.0800  1.5800                     
      Ctrl:compute:inst/Ctrl:compute:compute:inst/mux.tmp#33                                                                                                                                                                                                                                                                                                                                                                                             0.0000  1.5800                     
      Ctrl:compute:inst/Ctrl:compute:compute:inst/not#139                                                                                                                                                                                          mgc_not_1                                                                                                                                                                                             0.0000  1.5800                     
      Ctrl:compute:inst/Ctrl:compute:compute:inst/not#139.itm                                                                                                                                                                                                                                                                                                                                                                                            0.0000  1.5800                     
      Ctrl:compute:inst/Ctrl:compute:compute:inst/and#61                                                                                                                                                                                           mgc_and_1_2                                                                                                                                                                                           0.5500  2.1300                     
      Ctrl:compute:inst/Ctrl:compute:compute:inst/and#61.cse                                                                                                                                                                                                                                                                                                                                                                                             0.0000  2.1300                     
      Ctrl:compute:inst/Ctrl:compute:compute:inst/or#286                                                                                                                                                                                           mgc_or_1_2                                                                                                                                                                                            0.5500  2.6800                     
      Ctrl:compute:inst/Ctrl:compute:compute:inst/or.dcpl#111                                                                                                                                                                                                                                                                                                                                                                                            0.0000  2.6800                     
      Ctrl:compute:inst/Ctrl:compute:compute:inst/conf_info.read_reset_check.ResetChecker:conf_info.read_reset_check.ResetChecker:and                                                                                                              mgc_and_1_2                                                                                                                                                                                           0.5500  3.2300                     
      Ctrl:compute:inst/Ctrl:compute:compute:inst/out_ping_pong.sva:mx1                                                                                                                                                                                                                                                                                                                                                                                  0.0000  3.2300                     
      Ctrl:compute:inst/Ctrl:compute:compute:inst/while:for:for:for:nor#3                                                                                                                                                                          mgc_nor_1_2                                                                                                                                                                                           0.0000  3.2300                     
      Ctrl:compute:inst/Ctrl:compute:compute:inst/while:for:for:for:nor#3.itm                                                                                                                                                                                                                                                                                                                                                                            0.0000  3.2300                     
      Ctrl:compute:inst/Ctrl:compute:compute:inst/while:for:for:for:and#7                                                                                                                                                                          mgc_and_1_7                                                                                                                                                                                           1.1000  4.3300                     
      Ctrl:compute:inst/Ctrl:compute:compute:inst/while:for:for:for:and#7.tmp                                                                                                                                                                                                                                                                                                                                                                            0.0000  4.3300                     
      Ctrl:compute:inst/Ctrl:compute:compute:inst/not#322                                                                                                                                                                                          mgc_not_1                                                                                                                                                                                             0.0000  4.3300                     
      Ctrl:compute:inst/Ctrl:compute:compute:inst/not#322.itm                                                                                                                                                                                                                                                                                                                                                                                            0.0000  4.3300                     
      Ctrl:compute:inst/Ctrl:compute:compute:inst/and#551                                                                                                                                                                                          mgc_and_1_2                                                                                                                                                                                           0.0000  4.3300                     
      Ctrl:compute:inst/Ctrl:compute:compute:inst/and#551.itm                                                                                                                                                                                                                                                                                                                                                                                            0.0000  4.3300                     
      Ctrl:compute:inst/Ctrl:compute:compute:inst/or#436                                                                                                                                                                                           mgc_or_1_2                                                                                                                                                                                            0.5500  4.8800                     
      Ctrl:compute:inst/Ctrl:compute:compute:inst/or.tmp#307                                                                                                                                                                                                                                                                                                                                                                                             0.0000  4.8800                     
      Ctrl:compute:inst/Ctrl:compute:compute:inst/while:for:for:for:for:dataBv_int:mux#3                                                                                                                                                           mgc_mux_1_1_2                                                                                                                                                                                         0.0800  4.9600                     
      Ctrl:compute:inst/Ctrl:compute:compute:inst/while:for:for:for:for:dataBv_int:mux#3.itm                                                                                                                                                                                                                                                                                                                                                             0.0000  4.9600                     
      Ctrl:compute:inst/Ctrl:compute:compute:inst/while:for:for:for:for:dataBv_int:while:for:for:for:for:dataBv_int:or#3                                                                                                                           mgc_or_1_2                                                                                                                                                                                            0.5500  5.5100                     
      Ctrl:compute:inst/Ctrl:compute:compute:inst/while:for:for:for:for:dataBv_int:while:for:for:for:for:dataBv_int:or#3.itm                                                                                                                                                                                                                                                                                                                             0.0000  5.5100                     
      Ctrl:compute:inst/Ctrl:compute:compute:inst/while:for:for:for:and                                                                                                                                                                            mgc_and_1_2                                                                                                                                                                                           0.0000  5.5100                     
      Ctrl:compute:inst/Ctrl:compute:compute:inst/while:for:for:for:and.itm                                                                                                                                                                                                                                                                                                                                                                              0.0000  5.5100                     
      Ctrl:compute:inst/Ctrl:compute:compute:inst/nor                                                                                                                                                                                              mgc_nor_1_3                                                                                                                                                                                           0.5500  6.0600                     
      Ctrl:compute:inst/Ctrl:compute:compute:inst/nor.itm                                                                                                                                                                                                                                                                                                                                                                                                0.0000  6.0600                     
      Ctrl:compute:inst/Ctrl:compute:compute:inst/mux1h                                                                                                                                                                                            mgc_mux1hot_1_3                                                                                                                                                                                       0.5500  6.6100                     
      Ctrl:compute:inst/Ctrl:compute:compute:inst/mux1h.itm                                                                                                                                                                                                                                                                                                                                                                                              0.0000  6.6100                     
      Ctrl:compute:inst/Ctrl:compute:compute:inst/and#606                                                                                                                                                                                          mgc_and_1_2                                                                                                                                                                                           0.5500  7.1600                     
      Ctrl:compute:inst/Ctrl:compute:compute:inst/and#606.rmff                                                                                                                                                                                                                                                                                                                                                                                           0.0000  7.1600                     
      Ctrl:compute:inst/Ctrl:compute:compute:inst/Ctrl:compute:compute:staller:inst/compute.flen:unreg                                                                                                                                                                                                                                                                                                                                                   0.0000  7.1600                     
      Ctrl:compute:inst/Ctrl:compute:compute:inst/Ctrl:compute:compute:staller:inst/nand                                                                                                                                                           mgc_nand_1_3                                                                                                                                                                                          0.0000  7.1600                     
      Ctrl:compute:inst/Ctrl:compute:compute:inst/Ctrl:compute:compute:staller:inst/nand.itm                                                                                                                                                                                                                                                                                                                                                             0.0000  7.1600                     
      Ctrl:compute:inst/Ctrl:compute:compute:inst/Ctrl:compute:compute:staller:inst/and#3                                                                                                                                                          mgc_and_1_7                                                                                                                                                                                           1.1000  8.2600                     
      Ctrl:compute:inst/Ctrl:compute:compute:inst/Ctrl:compute:compute:staller:inst/compute.wen                                                                                                                                                                                                                                                                                                                                                          0.0000  8.2600                     
      Ctrl:compute:inst/Ctrl:compute:compute:inst/compute.wen                                                                                                                                                                                                                                                                                                                                                                                            0.0000  8.2600                     
      Ctrl:compute:inst/Ctrl:compute:compute:inst/Ctrl:compute:compute:plm_out_pong.a1.a.d.data:rsci#1:inst/compute.wen                                                                                                                                                                                                                                                                                                                                  0.0000  8.2600                     
      Ctrl:compute:inst/Ctrl:compute:compute:inst/Ctrl:compute:compute:plm_out_pong.a1.a.d.data:rsci#1:inst/Ctrl:compute:compute:plm_out_pong.a1.a.d.data:rsci#1:plm_out_pong.a1.a.d.data:rsc.@:wait_ctrl:inst/compute.wen                                                                                                                                                                                                                               0.0000  8.2600                     
      Ctrl:compute:inst/Ctrl:compute:compute:inst/Ctrl:compute:compute:plm_out_pong.a1.a.d.data:rsci#1:inst/Ctrl:compute:compute:plm_out_pong.a1.a.d.data:rsci#1:plm_out_pong.a1.a.d.data:rsc.@:wait_ctrl:inst/while:for:for:for:if#1:else:and#3   mgc_and_1_2                                                                                                                                                                                           0.5500  8.8100                     
      Ctrl:compute:inst/Ctrl:compute:compute:inst/Ctrl:compute:compute:plm_out_pong.a1.a.d.data:rsci#1:inst/Ctrl:compute:compute:plm_out_pong.a1.a.d.data:rsci#1:plm_out_pong.a1.a.d.data:rsc.@:wait_ctrl:inst/plm_out_pong.a1.a.d.data:rsci.bdwt                                                                                                                                                                                                        0.0000  8.8100                     
      Ctrl:compute:inst/Ctrl:compute:compute:inst/Ctrl:compute:compute:plm_out_pong.a1.a.d.data:rsci#1:inst/plm_out_pong.a1.a.d.data:rsci.bdwt                                                                                                                                                                                                                                                                                                           0.0000  8.8100                     
      Ctrl:compute:inst/Ctrl:compute:compute:inst/Ctrl:compute:compute:plm_out_pong.a1.a.d.data:rsci#1:inst/Ctrl:compute:compute:plm_out_pong.a1.a.d.data:rsci#1:plm_out_pong.a1.a.d.data:rsc.@:wait_dp:inst/plm_out_pong.a1.a.d.data:rsci.bdwt                                                                                                                                                                                                          0.0000  8.8100                     
      Ctrl:compute:inst/Ctrl:compute:compute:inst/Ctrl:compute:compute:plm_out_pong.a1.a.d.data:rsci#1:inst/Ctrl:compute:compute:plm_out_pong.a1.a.d.data:rsci#1:plm_out_pong.a1.a.d.data:rsc.@:wait_dp:inst/while:for:for:for:if#1:else:or#2      mgc_or_1_2                                                                                                                                                                                            0.5500  9.3600                     
      Ctrl:compute:inst/Ctrl:compute:compute:inst/Ctrl:compute:compute:plm_out_pong.a1.a.d.data:rsci#1:inst/Ctrl:compute:compute:plm_out_pong.a1.a.d.data:rsci#1:plm_out_pong.a1.a.d.data:rsc.@:wait_dp:inst/plm_out_pong.a1.a.d.data:rsci.iden                                                                                                                                                                                                          0.0000  9.3600                     
      Ctrl:compute:inst/Ctrl:compute:compute:inst/Ctrl:compute:compute:plm_out_pong.a1.a.d.data:rsci#1:inst/plm_out_pong.a1.a.d.data:rsci.iden                                                                                                                                                                                                                                                                                                           0.0000  9.3600                     
      Ctrl:compute:inst/Ctrl:compute:compute:inst/plm_out_pong.a1.a.d.data:rsci.iden                                                                                                                                                                                                                                                                                                                                                                     0.0000  9.3600                     
      Ctrl:compute:inst/Ctrl:compute:compute:inst/Ctrl:compute:compute:staller:inst/plm_out_pong.a1.a.d.data:rsci.iden                                                                                                                                                                                                                                                                                                                                   0.0000  9.3600                     
      Ctrl:compute:inst/Ctrl:compute:compute:inst/Ctrl:compute:compute:staller:inst/nor                                                                                                                                                            mgc_nor_1_12                                                                                                                                                                                          1.1000  10.4600                    
      Ctrl:compute:inst/Ctrl:compute:compute:inst/Ctrl:compute:compute:staller:inst/nor.itm                                                                                                                                                                                                                                                                                                                                                              0.0000  10.4600                    
      Ctrl:compute:inst/Ctrl:compute:compute:inst/Ctrl:compute:compute:staller:inst/and                                                                                                                                                            mgc_and_1_2                                                                                                                                                                                           0.5500  11.0100                    
      Ctrl:compute:inst/Ctrl:compute:compute:inst/Ctrl:compute:compute:staller:inst/and.itm                                                                                                                                                                                                                                                                                                                                                              0.0000  11.0100                    
      Ctrl:compute:inst/Ctrl:compute:compute:inst/Ctrl:compute:compute:staller:inst/reg(compute.flen_shf)#1                                                                                                                                        mgc_reg_pos_1_1_0_0_0_0_0                                                                                                                                                                             0.0000  11.0100                    
                                                                                                                                                                                                                                                                                                                                                                                                                                                                                            
    6                                                                                                                                                                                                                                              Ctrl:compute:inst/Ctrl:compute:compute:inst/Ctrl:compute:compute:staller:inst/reg(compute.wten) Ctrl:compute:inst/Ctrl:compute:compute:inst/Ctrl:compute:compute:staller:inst/reg(compute.flen_shf)#1 11.0100 -6.0100                    
                                                                                                                                                                                                                                                                                                                                                                                                                                                                                            
      Instance                                                                                                                                                                                                                                     Component                                                                                                                                                                                             Delta   Delay   [MIN, MAX]         
      --------                                                                                                                                                                                                                                     ---------                                                                                                                                                                                             -----   -----   ------------------ 
      Ctrl:compute:inst/Ctrl:compute:compute:inst/Ctrl:compute:compute:staller:inst/reg(compute.wten)                                                                                                                                              mgc_reg_pos_1_1_0_0_0_0_0                                                                                                                                                                             0.3200  0.3200                     
      Ctrl:compute:inst/Ctrl:compute:compute:inst/Ctrl:compute:compute:staller:inst/compute.wten.reg                                                                                                                                                                                                                                                                                                                                                     0.0000  0.3200                     
      Ctrl:compute:inst/Ctrl:compute:compute:inst/Ctrl:compute:compute:staller:inst/asn(compute.wten)                                                                                                                                                                                                                                                                                                                                                    0.0000  0.3200                     
      Ctrl:compute:inst/Ctrl:compute:compute:inst/Ctrl:compute:compute:staller:inst/compute.wten                                                                                                                                                                                                                                                                                                                                                         0.0000  0.3200                     
      Ctrl:compute:inst/Ctrl:compute:compute:inst/compute.wten                                                                                                                                                                                                                                                                                                                                                                                           0.0000  0.3200                     
      Ctrl:compute:inst/Ctrl:compute:compute:inst/Ctrl:compute:compute:plm_out_pong.a0.a.d.data:rsci#1:inst/compute.wten                                                                                                                                                                                                                                                                                                                                 0.0000  0.3200                     
      Ctrl:compute:inst/Ctrl:compute:compute:inst/Ctrl:compute:compute:plm_out_pong.a0.a.d.data:rsci#1:inst/Ctrl:compute:compute:plm_out_pong.a0.a.d.data:rsci#1:plm_out_pong.a0.a.d.data:rsc.@:wait_ctrl:inst/compute.wten                                                                                                                                                                                                                              0.0000  0.3200                     
      Ctrl:compute:inst/Ctrl:compute:compute:inst/Ctrl:compute:compute:plm_out_pong.a0.a.d.data:rsci#1:inst/Ctrl:compute:compute:plm_out_pong.a0.a.d.data:rsci#1:plm_out_pong.a0.a.d.data:rsc.@:wait_ctrl:inst/while:for:for:for:if#1:else:not     mgc_not_1                                                                                                                                                                                             0.0000  0.3200                     
      Ctrl:compute:inst/Ctrl:compute:compute:inst/Ctrl:compute:compute:plm_out_pong.a0.a.d.data:rsci#1:inst/Ctrl:compute:compute:plm_out_pong.a0.a.d.data:rsci#1:plm_out_pong.a0.a.d.data:rsc.@:wait_ctrl:inst/while:for:for:for:if#1:else:not.itm                                                                                                                                                                                                       0.0000  0.3200                     
      Ctrl:compute:inst/Ctrl:compute:compute:inst/Ctrl:compute:compute:plm_out_pong.a0.a.d.data:rsci#1:inst/Ctrl:compute:compute:plm_out_pong.a0.a.d.data:rsci#1:plm_out_pong.a0.a.d.data:rsc.@:wait_ctrl:inst/while:for:for:for:if#1:else:and#2   mgc_and_1_2                                                                                                                                                                                           0.5500  0.8700                     
      Ctrl:compute:inst/Ctrl:compute:compute:inst/Ctrl:compute:compute:plm_out_pong.a0.a.d.data:rsci#1:inst/Ctrl:compute:compute:plm_out_pong.a0.a.d.data:rsci#1:plm_out_pong.a0.a.d.data:rsc.@:wait_ctrl:inst/plm_out_pong.a0.a.d.data:rsci.biwt                                                                                                                                                                                                        0.0000  0.8700                     
      Ctrl:compute:inst/Ctrl:compute:compute:inst/Ctrl:compute:compute:plm_out_pong.a0.a.d.data:rsci#1:inst/plm_out_pong.a0.a.d.data:rsci.biwt                                                                                                                                                                                                                                                                                                           0.0000  0.8700                     
      Ctrl:compute:inst/Ctrl:compute:compute:inst/Ctrl:compute:compute:plm_out_pong.a0.a.d.data:rsci#1:inst/Ctrl:compute:compute:plm_out_pong.a0.a.d.data:rsci#1:plm_out_pong.a0.a.d.data:rsc.@:wait_dp:inst/plm_out_pong.a0.a.d.data:rsci.biwt                                                                                                                                                                                                          0.0000  0.8700                     
      Ctrl:compute:inst/Ctrl:compute:compute:inst/Ctrl:compute:compute:plm_out_pong.a0.a.d.data:rsci#1:inst/Ctrl:compute:compute:plm_out_pong.a0.a.d.data:rsci#1:plm_out_pong.a0.a.d.data:rsc.@:wait_dp:inst/while:for:for:for:if#1:else:or#1      mgc_or_1_2                                                                                                                                                                                            0.5500  1.4200                     
      Ctrl:compute:inst/Ctrl:compute:compute:inst/Ctrl:compute:compute:plm_out_pong.a0.a.d.data:rsci#1:inst/Ctrl:compute:compute:plm_out_pong.a0.a.d.data:rsci#1:plm_out_pong.a0.a.d.data:rsc.@:wait_dp:inst/plm_out_pong.a0.a.d.data:rsci.bawt                                                                                                                                                                                                          0.0000  1.4200                     
      Ctrl:compute:inst/Ctrl:compute:compute:inst/Ctrl:compute:compute:plm_out_pong.a0.a.d.data:rsci#1:inst/plm_out_pong.a0.a.d.data:rsci.bawt                                                                                                                                                                                                                                                                                                           0.0000  1.4200                     
      Ctrl:compute:inst/Ctrl:compute:compute:inst/plm_out_pong.a0.a.d.data:rsci.bawt                                                                                                                                                                                                                                                                                                                                                                     0.0000  1.4200                     
      Ctrl:compute:inst/Ctrl:compute:compute:inst/mux#32                                                                                                                                                                                           mgc_mux_1_1_2                                                                                                                                                                                         0.0800  1.5000                     
      Ctrl:compute:inst/Ctrl:compute:compute:inst/mux#32.itm                                                                                                                                                                                                                                                                                                                                                                                             0.0000  1.5000                     
      Ctrl:compute:inst/Ctrl:compute:compute:inst/mux#33                                                                                                                                                                                           mgc_mux_1_1_2                                                                                                                                                                                         0.0800  1.5800                     
      Ctrl:compute:inst/Ctrl:compute:compute:inst/mux.tmp#33                                                                                                                                                                                                                                                                                                                                                                                             0.0000  1.5800                     
      Ctrl:compute:inst/Ctrl:compute:compute:inst/not#139                                                                                                                                                                                          mgc_not_1                                                                                                                                                                                             0.0000  1.5800                     
      Ctrl:compute:inst/Ctrl:compute:compute:inst/not#139.itm                                                                                                                                                                                                                                                                                                                                                                                            0.0000  1.5800                     
      Ctrl:compute:inst/Ctrl:compute:compute:inst/and#61                                                                                                                                                                                           mgc_and_1_2                                                                                                                                                                                           0.5500  2.1300                     
      Ctrl:compute:inst/Ctrl:compute:compute:inst/and#61.cse                                                                                                                                                                                                                                                                                                                                                                                             0.0000  2.1300                     
      Ctrl:compute:inst/Ctrl:compute:compute:inst/or#286                                                                                                                                                                                           mgc_or_1_2                                                                                                                                                                                            0.5500  2.6800                     
      Ctrl:compute:inst/Ctrl:compute:compute:inst/or.dcpl#111                                                                                                                                                                                                                                                                                                                                                                                            0.0000  2.6800                     
      Ctrl:compute:inst/Ctrl:compute:compute:inst/conf_info.read_reset_check.ResetChecker:conf_info.read_reset_check.ResetChecker:and                                                                                                              mgc_and_1_2                                                                                                                                                                                           0.5500  3.2300                     
      Ctrl:compute:inst/Ctrl:compute:compute:inst/out_ping_pong.sva:mx1                                                                                                                                                                                                                                                                                                                                                                                  0.0000  3.2300                     
      Ctrl:compute:inst/Ctrl:compute:compute:inst/while:for:for:for:nor#3                                                                                                                                                                          mgc_nor_1_2                                                                                                                                                                                           0.0000  3.2300                     
      Ctrl:compute:inst/Ctrl:compute:compute:inst/while:for:for:for:nor#3.itm                                                                                                                                                                                                                                                                                                                                                                            0.0000  3.2300                     
      Ctrl:compute:inst/Ctrl:compute:compute:inst/while:for:for:for:and#7                                                                                                                                                                          mgc_and_1_7                                                                                                                                                                                           1.1000  4.3300                     
      Ctrl:compute:inst/Ctrl:compute:compute:inst/while:for:for:for:and#7.tmp                                                                                                                                                                                                                                                                                                                                                                            0.0000  4.3300                     
      Ctrl:compute:inst/Ctrl:compute:compute:inst/not#322                                                                                                                                                                                          mgc_not_1                                                                                                                                                                                             0.0000  4.3300                     
      Ctrl:compute:inst/Ctrl:compute:compute:inst/not#322.itm                                                                                                                                                                                                                                                                                                                                                                                            0.0000  4.3300                     
      Ctrl:compute:inst/Ctrl:compute:compute:inst/and#551                                                                                                                                                                                          mgc_and_1_2                                                                                                                                                                                           0.0000  4.3300                     
      Ctrl:compute:inst/Ctrl:compute:compute:inst/and#551.itm                                                                                                                                                                                                                                                                                                                                                                                            0.0000  4.3300                     
      Ctrl:compute:inst/Ctrl:compute:compute:inst/or#436                                                                                                                                                                                           mgc_or_1_2                                                                                                                                                                                            0.5500  4.8800                     
      Ctrl:compute:inst/Ctrl:compute:compute:inst/or.tmp#307                                                                                                                                                                                                                                                                                                                                                                                             0.0000  4.8800                     
      Ctrl:compute:inst/Ctrl:compute:compute:inst/while:for:for:for:for:dataBv_int:mux#3                                                                                                                                                           mgc_mux_1_1_2                                                                                                                                                                                         0.0800  4.9600                     
      Ctrl:compute:inst/Ctrl:compute:compute:inst/while:for:for:for:for:dataBv_int:mux#3.itm                                                                                                                                                                                                                                                                                                                                                             0.0000  4.9600                     
      Ctrl:compute:inst/Ctrl:compute:compute:inst/while:for:for:for:for:dataBv_int:while:for:for:for:for:dataBv_int:or#3                                                                                                                           mgc_or_1_2                                                                                                                                                                                            0.5500  5.5100                     
      Ctrl:compute:inst/Ctrl:compute:compute:inst/while:for:for:for:for:dataBv_int:while:for:for:for:for:dataBv_int:or#3.itm                                                                                                                                                                                                                                                                                                                             0.0000  5.5100                     
      Ctrl:compute:inst/Ctrl:compute:compute:inst/while:for:for:for:and                                                                                                                                                                            mgc_and_1_2                                                                                                                                                                                           0.0000  5.5100                     
      Ctrl:compute:inst/Ctrl:compute:compute:inst/while:for:for:for:and.itm                                                                                                                                                                                                                                                                                                                                                                              0.0000  5.5100                     
      Ctrl:compute:inst/Ctrl:compute:compute:inst/nor                                                                                                                                                                                              mgc_nor_1_3                                                                                                                                                                                           0.5500  6.0600                     
      Ctrl:compute:inst/Ctrl:compute:compute:inst/nor.itm                                                                                                                                                                                                                                                                                                                                                                                                0.0000  6.0600                     
      Ctrl:compute:inst/Ctrl:compute:compute:inst/mux1h                                                                                                                                                                                            mgc_mux1hot_1_3                                                                                                                                                                                       0.5500  6.6100                     
      Ctrl:compute:inst/Ctrl:compute:compute:inst/mux1h.itm                                                                                                                                                                                                                                                                                                                                                                                              0.0000  6.6100                     
      Ctrl:compute:inst/Ctrl:compute:compute:inst/and#606                                                                                                                                                                                          mgc_and_1_2                                                                                                                                                                                           0.5500  7.1600                     
      Ctrl:compute:inst/Ctrl:compute:compute:inst/and#606.rmff                                                                                                                                                                                                                                                                                                                                                                                           0.0000  7.1600                     
      Ctrl:compute:inst/Ctrl:compute:compute:inst/Ctrl:compute:compute:staller:inst/compute.flen:unreg                                                                                                                                                                                                                                                                                                                                                   0.0000  7.1600                     
      Ctrl:compute:inst/Ctrl:compute:compute:inst/Ctrl:compute:compute:staller:inst/nand                                                                                                                                                           mgc_nand_1_3                                                                                                                                                                                          0.0000  7.1600                     
      Ctrl:compute:inst/Ctrl:compute:compute:inst/Ctrl:compute:compute:staller:inst/nand.itm                                                                                                                                                                                                                                                                                                                                                             0.0000  7.1600                     
      Ctrl:compute:inst/Ctrl:compute:compute:inst/Ctrl:compute:compute:staller:inst/and#3                                                                                                                                                          mgc_and_1_7                                                                                                                                                                                           1.1000  8.2600                     
      Ctrl:compute:inst/Ctrl:compute:compute:inst/Ctrl:compute:compute:staller:inst/compute.wen                                                                                                                                                                                                                                                                                                                                                          0.0000  8.2600                     
      Ctrl:compute:inst/Ctrl:compute:compute:inst/compute.wen                                                                                                                                                                                                                                                                                                                                                                                            0.0000  8.2600                     
      Ctrl:compute:inst/Ctrl:compute:compute:inst/Ctrl:compute:compute:plm_out_ping.a1.a.d.data:rsci#1:inst/compute.wen                                                                                                                                                                                                                                                                                                                                  0.0000  8.2600                     
      Ctrl:compute:inst/Ctrl:compute:compute:inst/Ctrl:compute:compute:plm_out_ping.a1.a.d.data:rsci#1:inst/Ctrl:compute:compute:plm_out_ping.a1.a.d.data:rsci#1:plm_out_ping.a1.a.d.data:rsc.@:wait_ctrl:inst/compute.wen                                                                                                                                                                                                                               0.0000  8.2600                     
      Ctrl:compute:inst/Ctrl:compute:compute:inst/Ctrl:compute:compute:plm_out_ping.a1.a.d.data:rsci#1:inst/Ctrl:compute:compute:plm_out_ping.a1.a.d.data:rsci#1:plm_out_ping.a1.a.d.data:rsc.@:wait_ctrl:inst/while:for:for:for:if#1:if:and#3     mgc_and_1_2                                                                                                                                                                                           0.5500  8.8100                     
      Ctrl:compute:inst/Ctrl:compute:compute:inst/Ctrl:compute:compute:plm_out_ping.a1.a.d.data:rsci#1:inst/Ctrl:compute:compute:plm_out_ping.a1.a.d.data:rsci#1:plm_out_ping.a1.a.d.data:rsc.@:wait_ctrl:inst/plm_out_ping.a1.a.d.data:rsci.bdwt                                                                                                                                                                                                        0.0000  8.8100                     
      Ctrl:compute:inst/Ctrl:compute:compute:inst/Ctrl:compute:compute:plm_out_ping.a1.a.d.data:rsci#1:inst/plm_out_ping.a1.a.d.data:rsci.bdwt                                                                                                                                                                                                                                                                                                           0.0000  8.8100                     
      Ctrl:compute:inst/Ctrl:compute:compute:inst/Ctrl:compute:compute:plm_out_ping.a1.a.d.data:rsci#1:inst/Ctrl:compute:compute:plm_out_ping.a1.a.d.data:rsci#1:plm_out_ping.a1.a.d.data:rsc.@:wait_dp:inst/plm_out_ping.a1.a.d.data:rsci.bdwt                                                                                                                                                                                                          0.0000  8.8100                     
      Ctrl:compute:inst/Ctrl:compute:compute:inst/Ctrl:compute:compute:plm_out_ping.a1.a.d.data:rsci#1:inst/Ctrl:compute:compute:plm_out_ping.a1.a.d.data:rsci#1:plm_out_ping.a1.a.d.data:rsc.@:wait_dp:inst/while:for:for:for:if#1:if:or#2        mgc_or_1_2                                                                                                                                                                                            0.5500  9.3600                     
      Ctrl:compute:inst/Ctrl:compute:compute:inst/Ctrl:compute:compute:plm_out_ping.a1.a.d.data:rsci#1:inst/Ctrl:compute:compute:plm_out_ping.a1.a.d.data:rsci#1:plm_out_ping.a1.a.d.data:rsc.@:wait_dp:inst/plm_out_ping.a1.a.d.data:rsci.iden                                                                                                                                                                                                          0.0000  9.3600                     
      Ctrl:compute:inst/Ctrl:compute:compute:inst/Ctrl:compute:compute:plm_out_ping.a1.a.d.data:rsci#1:inst/plm_out_ping.a1.a.d.data:rsci.iden                                                                                                                                                                                                                                                                                                           0.0000  9.3600                     
      Ctrl:compute:inst/Ctrl:compute:compute:inst/plm_out_ping.a1.a.d.data:rsci.iden                                                                                                                                                                                                                                                                                                                                                                     0.0000  9.3600                     
      Ctrl:compute:inst/Ctrl:compute:compute:inst/Ctrl:compute:compute:staller:inst/plm_out_ping.a1.a.d.data:rsci.iden                                                                                                                                                                                                                                                                                                                                   0.0000  9.3600                     
      Ctrl:compute:inst/Ctrl:compute:compute:inst/Ctrl:compute:compute:staller:inst/nor                                                                                                                                                            mgc_nor_1_12                                                                                                                                                                                          1.1000  10.4600                    
      Ctrl:compute:inst/Ctrl:compute:compute:inst/Ctrl:compute:compute:staller:inst/nor.itm                                                                                                                                                                                                                                                                                                                                                              0.0000  10.4600                    
      Ctrl:compute:inst/Ctrl:compute:compute:inst/Ctrl:compute:compute:staller:inst/and                                                                                                                                                            mgc_and_1_2                                                                                                                                                                                           0.5500  11.0100                    
      Ctrl:compute:inst/Ctrl:compute:compute:inst/Ctrl:compute:compute:staller:inst/and.itm                                                                                                                                                                                                                                                                                                                                                              0.0000  11.0100                    
      Ctrl:compute:inst/Ctrl:compute:compute:inst/Ctrl:compute:compute:staller:inst/reg(compute.flen_shf)#1                                                                                                                                        mgc_reg_pos_1_1_0_0_0_0_0                                                                                                                                                                             0.0000  11.0100                    
                                                                                                                                                                                                                                                                                                                                                                                                                                                                                            
    7                                                                                                                                                                                                                                              Ctrl:compute:inst/Ctrl:compute:compute:inst/Ctrl:compute:compute:staller:inst/reg(compute.wten) Ctrl:compute:inst/Ctrl:compute:compute:inst/Ctrl:compute:compute:staller:inst/reg(compute.flen_shf)#1 11.0100 -6.0100                    
                                                                                                                                                                                                                                                                                                                                                                                                                                                                                            
      Instance                                                                                                                                                                                                                                     Component                                                                                                                                                                                             Delta   Delay   [MIN, MAX]         
      --------                                                                                                                                                                                                                                     ---------                                                                                                                                                                                             -----   -----   ------------------ 
      Ctrl:compute:inst/Ctrl:compute:compute:inst/Ctrl:compute:compute:staller:inst/reg(compute.wten)                                                                                                                                              mgc_reg_pos_1_1_0_0_0_0_0                                                                                                                                                                             0.3200  0.3200                     
      Ctrl:compute:inst/Ctrl:compute:compute:inst/Ctrl:compute:compute:staller:inst/compute.wten.reg                                                                                                                                                                                                                                                                                                                                                     0.0000  0.3200                     
      Ctrl:compute:inst/Ctrl:compute:compute:inst/Ctrl:compute:compute:staller:inst/asn(compute.wten)                                                                                                                                                                                                                                                                                                                                                    0.0000  0.3200                     
      Ctrl:compute:inst/Ctrl:compute:compute:inst/Ctrl:compute:compute:staller:inst/compute.wten                                                                                                                                                                                                                                                                                                                                                         0.0000  0.3200                     
      Ctrl:compute:inst/Ctrl:compute:compute:inst/compute.wten                                                                                                                                                                                                                                                                                                                                                                                           0.0000  0.3200                     
      Ctrl:compute:inst/Ctrl:compute:compute:inst/Ctrl:compute:compute:plm_out_pong.a0.a.d.data:rsci#1:inst/compute.wten                                                                                                                                                                                                                                                                                                                                 0.0000  0.3200                     
      Ctrl:compute:inst/Ctrl:compute:compute:inst/Ctrl:compute:compute:plm_out_pong.a0.a.d.data:rsci#1:inst/Ctrl:compute:compute:plm_out_pong.a0.a.d.data:rsci#1:plm_out_pong.a0.a.d.data:rsc.@:wait_ctrl:inst/compute.wten                                                                                                                                                                                                                              0.0000  0.3200                     
      Ctrl:compute:inst/Ctrl:compute:compute:inst/Ctrl:compute:compute:plm_out_pong.a0.a.d.data:rsci#1:inst/Ctrl:compute:compute:plm_out_pong.a0.a.d.data:rsci#1:plm_out_pong.a0.a.d.data:rsc.@:wait_ctrl:inst/while:for:for:for:if#1:else:not     mgc_not_1                                                                                                                                                                                             0.0000  0.3200                     
      Ctrl:compute:inst/Ctrl:compute:compute:inst/Ctrl:compute:compute:plm_out_pong.a0.a.d.data:rsci#1:inst/Ctrl:compute:compute:plm_out_pong.a0.a.d.data:rsci#1:plm_out_pong.a0.a.d.data:rsc.@:wait_ctrl:inst/while:for:for:for:if#1:else:not.itm                                                                                                                                                                                                       0.0000  0.3200                     
      Ctrl:compute:inst/Ctrl:compute:compute:inst/Ctrl:compute:compute:plm_out_pong.a0.a.d.data:rsci#1:inst/Ctrl:compute:compute:plm_out_pong.a0.a.d.data:rsci#1:plm_out_pong.a0.a.d.data:rsc.@:wait_ctrl:inst/while:for:for:for:if#1:else:and#2   mgc_and_1_2                                                                                                                                                                                           0.5500  0.8700                     
      Ctrl:compute:inst/Ctrl:compute:compute:inst/Ctrl:compute:compute:plm_out_pong.a0.a.d.data:rsci#1:inst/Ctrl:compute:compute:plm_out_pong.a0.a.d.data:rsci#1:plm_out_pong.a0.a.d.data:rsc.@:wait_ctrl:inst/plm_out_pong.a0.a.d.data:rsci.biwt                                                                                                                                                                                                        0.0000  0.8700                     
      Ctrl:compute:inst/Ctrl:compute:compute:inst/Ctrl:compute:compute:plm_out_pong.a0.a.d.data:rsci#1:inst/plm_out_pong.a0.a.d.data:rsci.biwt                                                                                                                                                                                                                                                                                                           0.0000  0.8700                     
      Ctrl:compute:inst/Ctrl:compute:compute:inst/Ctrl:compute:compute:plm_out_pong.a0.a.d.data:rsci#1:inst/Ctrl:compute:compute:plm_out_pong.a0.a.d.data:rsci#1:plm_out_pong.a0.a.d.data:rsc.@:wait_dp:inst/plm_out_pong.a0.a.d.data:rsci.biwt                                                                                                                                                                                                          0.0000  0.8700                     
      Ctrl:compute:inst/Ctrl:compute:compute:inst/Ctrl:compute:compute:plm_out_pong.a0.a.d.data:rsci#1:inst/Ctrl:compute:compute:plm_out_pong.a0.a.d.data:rsci#1:plm_out_pong.a0.a.d.data:rsc.@:wait_dp:inst/while:for:for:for:if#1:else:or#1      mgc_or_1_2                                                                                                                                                                                            0.5500  1.4200                     
      Ctrl:compute:inst/Ctrl:compute:compute:inst/Ctrl:compute:compute:plm_out_pong.a0.a.d.data:rsci#1:inst/Ctrl:compute:compute:plm_out_pong.a0.a.d.data:rsci#1:plm_out_pong.a0.a.d.data:rsc.@:wait_dp:inst/plm_out_pong.a0.a.d.data:rsci.bawt                                                                                                                                                                                                          0.0000  1.4200                     
      Ctrl:compute:inst/Ctrl:compute:compute:inst/Ctrl:compute:compute:plm_out_pong.a0.a.d.data:rsci#1:inst/plm_out_pong.a0.a.d.data:rsci.bawt                                                                                                                                                                                                                                                                                                           0.0000  1.4200                     
      Ctrl:compute:inst/Ctrl:compute:compute:inst/plm_out_pong.a0.a.d.data:rsci.bawt                                                                                                                                                                                                                                                                                                                                                                     0.0000  1.4200                     
      Ctrl:compute:inst/Ctrl:compute:compute:inst/mux#32                                                                                                                                                                                           mgc_mux_1_1_2                                                                                                                                                                                         0.0800  1.5000                     
      Ctrl:compute:inst/Ctrl:compute:compute:inst/mux#32.itm                                                                                                                                                                                                                                                                                                                                                                                             0.0000  1.5000                     
      Ctrl:compute:inst/Ctrl:compute:compute:inst/mux#33                                                                                                                                                                                           mgc_mux_1_1_2                                                                                                                                                                                         0.0800  1.5800                     
      Ctrl:compute:inst/Ctrl:compute:compute:inst/mux.tmp#33                                                                                                                                                                                                                                                                                                                                                                                             0.0000  1.5800                     
      Ctrl:compute:inst/Ctrl:compute:compute:inst/not#139                                                                                                                                                                                          mgc_not_1                                                                                                                                                                                             0.0000  1.5800                     
      Ctrl:compute:inst/Ctrl:compute:compute:inst/not#139.itm                                                                                                                                                                                                                                                                                                                                                                                            0.0000  1.5800                     
      Ctrl:compute:inst/Ctrl:compute:compute:inst/and#61                                                                                                                                                                                           mgc_and_1_2                                                                                                                                                                                           0.5500  2.1300                     
      Ctrl:compute:inst/Ctrl:compute:compute:inst/and#61.cse                                                                                                                                                                                                                                                                                                                                                                                             0.0000  2.1300                     
      Ctrl:compute:inst/Ctrl:compute:compute:inst/or#286                                                                                                                                                                                           mgc_or_1_2                                                                                                                                                                                            0.5500  2.6800                     
      Ctrl:compute:inst/Ctrl:compute:compute:inst/or.dcpl#111                                                                                                                                                                                                                                                                                                                                                                                            0.0000  2.6800                     
      Ctrl:compute:inst/Ctrl:compute:compute:inst/conf_info.read_reset_check.ResetChecker:conf_info.read_reset_check.ResetChecker:and                                                                                                              mgc_and_1_2                                                                                                                                                                                           0.5500  3.2300                     
      Ctrl:compute:inst/Ctrl:compute:compute:inst/out_ping_pong.sva:mx1                                                                                                                                                                                                                                                                                                                                                                                  0.0000  3.2300                     
      Ctrl:compute:inst/Ctrl:compute:compute:inst/while:for:for:for:nor#3                                                                                                                                                                          mgc_nor_1_2                                                                                                                                                                                           0.0000  3.2300                     
      Ctrl:compute:inst/Ctrl:compute:compute:inst/while:for:for:for:nor#3.itm                                                                                                                                                                                                                                                                                                                                                                            0.0000  3.2300                     
      Ctrl:compute:inst/Ctrl:compute:compute:inst/while:for:for:for:and#7                                                                                                                                                                          mgc_and_1_7                                                                                                                                                                                           1.1000  4.3300                     
      Ctrl:compute:inst/Ctrl:compute:compute:inst/while:for:for:for:and#7.tmp                                                                                                                                                                                                                                                                                                                                                                            0.0000  4.3300                     
      Ctrl:compute:inst/Ctrl:compute:compute:inst/not#322                                                                                                                                                                                          mgc_not_1                                                                                                                                                                                             0.0000  4.3300                     
      Ctrl:compute:inst/Ctrl:compute:compute:inst/not#322.itm                                                                                                                                                                                                                                                                                                                                                                                            0.0000  4.3300                     
      Ctrl:compute:inst/Ctrl:compute:compute:inst/and#551                                                                                                                                                                                          mgc_and_1_2                                                                                                                                                                                           0.0000  4.3300                     
      Ctrl:compute:inst/Ctrl:compute:compute:inst/and#551.itm                                                                                                                                                                                                                                                                                                                                                                                            0.0000  4.3300                     
      Ctrl:compute:inst/Ctrl:compute:compute:inst/or#436                                                                                                                                                                                           mgc_or_1_2                                                                                                                                                                                            0.5500  4.8800                     
      Ctrl:compute:inst/Ctrl:compute:compute:inst/or.tmp#307                                                                                                                                                                                                                                                                                                                                                                                             0.0000  4.8800                     
      Ctrl:compute:inst/Ctrl:compute:compute:inst/while:for:for:for:for:dataBv_int:mux#3                                                                                                                                                           mgc_mux_1_1_2                                                                                                                                                                                         0.0800  4.9600                     
      Ctrl:compute:inst/Ctrl:compute:compute:inst/while:for:for:for:for:dataBv_int:mux#3.itm                                                                                                                                                                                                                                                                                                                                                             0.0000  4.9600                     
      Ctrl:compute:inst/Ctrl:compute:compute:inst/while:for:for:for:for:dataBv_int:while:for:for:for:for:dataBv_int:or#3                                                                                                                           mgc_or_1_2                                                                                                                                                                                            0.5500  5.5100                     
      Ctrl:compute:inst/Ctrl:compute:compute:inst/while:for:for:for:for:dataBv_int:while:for:for:for:for:dataBv_int:or#3.itm                                                                                                                                                                                                                                                                                                                             0.0000  5.5100                     
      Ctrl:compute:inst/Ctrl:compute:compute:inst/while:for:for:for:and                                                                                                                                                                            mgc_and_1_2                                                                                                                                                                                           0.0000  5.5100                     
      Ctrl:compute:inst/Ctrl:compute:compute:inst/while:for:for:for:and.itm                                                                                                                                                                                                                                                                                                                                                                              0.0000  5.5100                     
      Ctrl:compute:inst/Ctrl:compute:compute:inst/nor                                                                                                                                                                                              mgc_nor_1_3                                                                                                                                                                                           0.5500  6.0600                     
      Ctrl:compute:inst/Ctrl:compute:compute:inst/nor.itm                                                                                                                                                                                                                                                                                                                                                                                                0.0000  6.0600                     
      Ctrl:compute:inst/Ctrl:compute:compute:inst/mux1h                                                                                                                                                                                            mgc_mux1hot_1_3                                                                                                                                                                                       0.5500  6.6100                     
      Ctrl:compute:inst/Ctrl:compute:compute:inst/mux1h.itm                                                                                                                                                                                                                                                                                                                                                                                              0.0000  6.6100                     
      Ctrl:compute:inst/Ctrl:compute:compute:inst/and#606                                                                                                                                                                                          mgc_and_1_2                                                                                                                                                                                           0.5500  7.1600                     
      Ctrl:compute:inst/Ctrl:compute:compute:inst/and#606.rmff                                                                                                                                                                                                                                                                                                                                                                                           0.0000  7.1600                     
      Ctrl:compute:inst/Ctrl:compute:compute:inst/Ctrl:compute:compute:staller:inst/compute.flen:unreg                                                                                                                                                                                                                                                                                                                                                   0.0000  7.1600                     
      Ctrl:compute:inst/Ctrl:compute:compute:inst/Ctrl:compute:compute:staller:inst/nand                                                                                                                                                           mgc_nand_1_3                                                                                                                                                                                          0.0000  7.1600                     
      Ctrl:compute:inst/Ctrl:compute:compute:inst/Ctrl:compute:compute:staller:inst/nand.itm                                                                                                                                                                                                                                                                                                                                                             0.0000  7.1600                     
      Ctrl:compute:inst/Ctrl:compute:compute:inst/Ctrl:compute:compute:staller:inst/and#3                                                                                                                                                          mgc_and_1_7                                                                                                                                                                                           1.1000  8.2600                     
      Ctrl:compute:inst/Ctrl:compute:compute:inst/Ctrl:compute:compute:staller:inst/compute.wen                                                                                                                                                                                                                                                                                                                                                          0.0000  8.2600                     
      Ctrl:compute:inst/Ctrl:compute:compute:inst/compute.wen                                                                                                                                                                                                                                                                                                                                                                                            0.0000  8.2600                     
      Ctrl:compute:inst/Ctrl:compute:compute:inst/Ctrl:compute:compute:plm_in_ping.a1.a.d.data:rsci#1:inst/compute.wen                                                                                                                                                                                                                                                                                                                                   0.0000  8.2600                     
      Ctrl:compute:inst/Ctrl:compute:compute:inst/Ctrl:compute:compute:plm_in_ping.a1.a.d.data:rsci#1:inst/Ctrl:compute:compute:plm_in_ping.a1.a.d.data:rsci#1:plm_in_ping.a1.a.d.data:rsc.@:wait_ctrl:inst/compute.wen                                                                                                                                                                                                                                  0.0000  8.2600                     
      Ctrl:compute:inst/Ctrl:compute:compute:inst/Ctrl:compute:compute:plm_in_ping.a1.a.d.data:rsci#1:inst/Ctrl:compute:compute:plm_in_ping.a1.a.d.data:rsci#1:plm_in_ping.a1.a.d.data:rsc.@:wait_ctrl:inst/plm_in_ping.a1.a.d.data:and            mgc_and_1_2                                                                                                                                                                                           0.5500  8.8100                     
      Ctrl:compute:inst/Ctrl:compute:compute:inst/Ctrl:compute:compute:plm_in_ping.a1.a.d.data:rsci#1:inst/Ctrl:compute:compute:plm_in_ping.a1.a.d.data:rsci#1:plm_in_ping.a1.a.d.data:rsc.@:wait_ctrl:inst/plm_in_ping.a1.a.d.data:rsci.bdwt                                                                                                                                                                                                            0.0000  8.8100                     
      Ctrl:compute:inst/Ctrl:compute:compute:inst/Ctrl:compute:compute:plm_in_ping.a1.a.d.data:rsci#1:inst/plm_in_ping.a1.a.d.data:rsci.bdwt                                                                                                                                                                                                                                                                                                             0.0000  8.8100                     
      Ctrl:compute:inst/Ctrl:compute:compute:inst/Ctrl:compute:compute:plm_in_ping.a1.a.d.data:rsci#1:inst/Ctrl:compute:compute:plm_in_ping.a1.a.d.data:rsci#1:plm_in_ping.a1.a.d.data:rsc.@:wait_dp:inst/plm_in_ping.a1.a.d.data:rsci.bdwt                                                                                                                                                                                                              0.0000  8.8100                     
      Ctrl:compute:inst/Ctrl:compute:compute:inst/Ctrl:compute:compute:plm_in_ping.a1.a.d.data:rsci#1:inst/Ctrl:compute:compute:plm_in_ping.a1.a.d.data:rsci#1:plm_in_ping.a1.a.d.data:rsc.@:wait_dp:inst/plm_in_ping.a1.a.d.data:or               mgc_or_1_2                                                                                                                                                                                            0.5500  9.3600                     
      Ctrl:compute:inst/Ctrl:compute:compute:inst/Ctrl:compute:compute:plm_in_ping.a1.a.d.data:rsci#1:inst/Ctrl:compute:compute:plm_in_ping.a1.a.d.data:rsci#1:plm_in_ping.a1.a.d.data:rsc.@:wait_dp:inst/plm_in_ping.a1.a.d.data:rsci.iden                                                                                                                                                                                                              0.0000  9.3600                     
      Ctrl:compute:inst/Ctrl:compute:compute:inst/Ctrl:compute:compute:plm_in_ping.a1.a.d.data:rsci#1:inst/plm_in_ping.a1.a.d.data:rsci.iden                                                                                                                                                                                                                                                                                                             0.0000  9.3600                     
      Ctrl:compute:inst/Ctrl:compute:compute:inst/plm_in_ping.a1.a.d.data:rsci.iden                                                                                                                                                                                                                                                                                                                                                                      0.0000  9.3600                     
      Ctrl:compute:inst/Ctrl:compute:compute:inst/Ctrl:compute:compute:staller:inst/plm_in_ping.a1.a.d.data:rsci.iden                                                                                                                                                                                                                                                                                                                                    0.0000  9.3600                     
      Ctrl:compute:inst/Ctrl:compute:compute:inst/Ctrl:compute:compute:staller:inst/nor                                                                                                                                                            mgc_nor_1_12                                                                                                                                                                                          1.1000  10.4600                    
      Ctrl:compute:inst/Ctrl:compute:compute:inst/Ctrl:compute:compute:staller:inst/nor.itm                                                                                                                                                                                                                                                                                                                                                              0.0000  10.4600                    
      Ctrl:compute:inst/Ctrl:compute:compute:inst/Ctrl:compute:compute:staller:inst/and                                                                                                                                                            mgc_and_1_2                                                                                                                                                                                           0.5500  11.0100                    
      Ctrl:compute:inst/Ctrl:compute:compute:inst/Ctrl:compute:compute:staller:inst/and.itm                                                                                                                                                                                                                                                                                                                                                              0.0000  11.0100                    
      Ctrl:compute:inst/Ctrl:compute:compute:inst/Ctrl:compute:compute:staller:inst/reg(compute.flen_shf)#1                                                                                                                                        mgc_reg_pos_1_1_0_0_0_0_0                                                                                                                                                                             0.0000  11.0100                    
                                                                                                                                                                                                                                                                                                                                                                                                                                                                                            
    8                                                                                                                                                                                                                                              Ctrl:compute:inst/Ctrl:compute:compute:inst/Ctrl:compute:compute:staller:inst/reg(compute.wten) Ctrl:compute:inst/Ctrl:compute:compute:inst/Ctrl:compute:compute:staller:inst/reg(compute.flen_shf)#1 11.0100 -6.0100                    
                                                                                                                                                                                                                                                                                                                                                                                                                                                                                            
      Instance                                                                                                                                                                                                                                     Component                                                                                                                                                                                             Delta   Delay   [MIN, MAX]         
      --------                                                                                                                                                                                                                                     ---------                                                                                                                                                                                             -----   -----   ------------------ 
      Ctrl:compute:inst/Ctrl:compute:compute:inst/Ctrl:compute:compute:staller:inst/reg(compute.wten)                                                                                                                                              mgc_reg_pos_1_1_0_0_0_0_0                                                                                                                                                                             0.3200  0.3200                     
      Ctrl:compute:inst/Ctrl:compute:compute:inst/Ctrl:compute:compute:staller:inst/compute.wten.reg                                                                                                                                                                                                                                                                                                                                                     0.0000  0.3200                     
      Ctrl:compute:inst/Ctrl:compute:compute:inst/Ctrl:compute:compute:staller:inst/asn(compute.wten)                                                                                                                                                                                                                                                                                                                                                    0.0000  0.3200                     
      Ctrl:compute:inst/Ctrl:compute:compute:inst/Ctrl:compute:compute:staller:inst/compute.wten                                                                                                                                                                                                                                                                                                                                                         0.0000  0.3200                     
      Ctrl:compute:inst/Ctrl:compute:compute:inst/compute.wten                                                                                                                                                                                                                                                                                                                                                                                           0.0000  0.3200                     
      Ctrl:compute:inst/Ctrl:compute:compute:inst/Ctrl:compute:compute:plm_out_pong.a0.a.d.data:rsci#1:inst/compute.wten                                                                                                                                                                                                                                                                                                                                 0.0000  0.3200                     
      Ctrl:compute:inst/Ctrl:compute:compute:inst/Ctrl:compute:compute:plm_out_pong.a0.a.d.data:rsci#1:inst/Ctrl:compute:compute:plm_out_pong.a0.a.d.data:rsci#1:plm_out_pong.a0.a.d.data:rsc.@:wait_ctrl:inst/compute.wten                                                                                                                                                                                                                              0.0000  0.3200                     
      Ctrl:compute:inst/Ctrl:compute:compute:inst/Ctrl:compute:compute:plm_out_pong.a0.a.d.data:rsci#1:inst/Ctrl:compute:compute:plm_out_pong.a0.a.d.data:rsci#1:plm_out_pong.a0.a.d.data:rsc.@:wait_ctrl:inst/while:for:for:for:if#1:else:not     mgc_not_1                                                                                                                                                                                             0.0000  0.3200                     
      Ctrl:compute:inst/Ctrl:compute:compute:inst/Ctrl:compute:compute:plm_out_pong.a0.a.d.data:rsci#1:inst/Ctrl:compute:compute:plm_out_pong.a0.a.d.data:rsci#1:plm_out_pong.a0.a.d.data:rsc.@:wait_ctrl:inst/while:for:for:for:if#1:else:not.itm                                                                                                                                                                                                       0.0000  0.3200                     
      Ctrl:compute:inst/Ctrl:compute:compute:inst/Ctrl:compute:compute:plm_out_pong.a0.a.d.data:rsci#1:inst/Ctrl:compute:compute:plm_out_pong.a0.a.d.data:rsci#1:plm_out_pong.a0.a.d.data:rsc.@:wait_ctrl:inst/while:for:for:for:if#1:else:and#2   mgc_and_1_2                                                                                                                                                                                           0.5500  0.8700                     
      Ctrl:compute:inst/Ctrl:compute:compute:inst/Ctrl:compute:compute:plm_out_pong.a0.a.d.data:rsci#1:inst/Ctrl:compute:compute:plm_out_pong.a0.a.d.data:rsci#1:plm_out_pong.a0.a.d.data:rsc.@:wait_ctrl:inst/plm_out_pong.a0.a.d.data:rsci.biwt                                                                                                                                                                                                        0.0000  0.8700                     
      Ctrl:compute:inst/Ctrl:compute:compute:inst/Ctrl:compute:compute:plm_out_pong.a0.a.d.data:rsci#1:inst/plm_out_pong.a0.a.d.data:rsci.biwt                                                                                                                                                                                                                                                                                                           0.0000  0.8700                     
      Ctrl:compute:inst/Ctrl:compute:compute:inst/Ctrl:compute:compute:plm_out_pong.a0.a.d.data:rsci#1:inst/Ctrl:compute:compute:plm_out_pong.a0.a.d.data:rsci#1:plm_out_pong.a0.a.d.data:rsc.@:wait_dp:inst/plm_out_pong.a0.a.d.data:rsci.biwt                                                                                                                                                                                                          0.0000  0.8700                     
      Ctrl:compute:inst/Ctrl:compute:compute:inst/Ctrl:compute:compute:plm_out_pong.a0.a.d.data:rsci#1:inst/Ctrl:compute:compute:plm_out_pong.a0.a.d.data:rsci#1:plm_out_pong.a0.a.d.data:rsc.@:wait_dp:inst/while:for:for:for:if#1:else:or#1      mgc_or_1_2                                                                                                                                                                                            0.5500  1.4200                     
      Ctrl:compute:inst/Ctrl:compute:compute:inst/Ctrl:compute:compute:plm_out_pong.a0.a.d.data:rsci#1:inst/Ctrl:compute:compute:plm_out_pong.a0.a.d.data:rsci#1:plm_out_pong.a0.a.d.data:rsc.@:wait_dp:inst/plm_out_pong.a0.a.d.data:rsci.bawt                                                                                                                                                                                                          0.0000  1.4200                     
      Ctrl:compute:inst/Ctrl:compute:compute:inst/Ctrl:compute:compute:plm_out_pong.a0.a.d.data:rsci#1:inst/plm_out_pong.a0.a.d.data:rsci.bawt                                                                                                                                                                                                                                                                                                           0.0000  1.4200                     
      Ctrl:compute:inst/Ctrl:compute:compute:inst/plm_out_pong.a0.a.d.data:rsci.bawt                                                                                                                                                                                                                                                                                                                                                                     0.0000  1.4200                     
      Ctrl:compute:inst/Ctrl:compute:compute:inst/mux#32                                                                                                                                                                                           mgc_mux_1_1_2                                                                                                                                                                                         0.0800  1.5000                     
      Ctrl:compute:inst/Ctrl:compute:compute:inst/mux#32.itm                                                                                                                                                                                                                                                                                                                                                                                             0.0000  1.5000                     
      Ctrl:compute:inst/Ctrl:compute:compute:inst/mux#33                                                                                                                                                                                           mgc_mux_1_1_2                                                                                                                                                                                         0.0800  1.5800                     
      Ctrl:compute:inst/Ctrl:compute:compute:inst/mux.tmp#33                                                                                                                                                                                                                                                                                                                                                                                             0.0000  1.5800                     
      Ctrl:compute:inst/Ctrl:compute:compute:inst/not#139                                                                                                                                                                                          mgc_not_1                                                                                                                                                                                             0.0000  1.5800                     
      Ctrl:compute:inst/Ctrl:compute:compute:inst/not#139.itm                                                                                                                                                                                                                                                                                                                                                                                            0.0000  1.5800                     
      Ctrl:compute:inst/Ctrl:compute:compute:inst/and#61                                                                                                                                                                                           mgc_and_1_2                                                                                                                                                                                           0.5500  2.1300                     
      Ctrl:compute:inst/Ctrl:compute:compute:inst/and#61.cse                                                                                                                                                                                                                                                                                                                                                                                             0.0000  2.1300                     
      Ctrl:compute:inst/Ctrl:compute:compute:inst/or#286                                                                                                                                                                                           mgc_or_1_2                                                                                                                                                                                            0.5500  2.6800                     
      Ctrl:compute:inst/Ctrl:compute:compute:inst/or.dcpl#111                                                                                                                                                                                                                                                                                                                                                                                            0.0000  2.6800                     
      Ctrl:compute:inst/Ctrl:compute:compute:inst/conf_info.read_reset_check.ResetChecker:conf_info.read_reset_check.ResetChecker:and                                                                                                              mgc_and_1_2                                                                                                                                                                                           0.5500  3.2300                     
      Ctrl:compute:inst/Ctrl:compute:compute:inst/out_ping_pong.sva:mx1                                                                                                                                                                                                                                                                                                                                                                                  0.0000  3.2300                     
      Ctrl:compute:inst/Ctrl:compute:compute:inst/while:for:for:for:nor#3                                                                                                                                                                          mgc_nor_1_2                                                                                                                                                                                           0.0000  3.2300                     
      Ctrl:compute:inst/Ctrl:compute:compute:inst/while:for:for:for:nor#3.itm                                                                                                                                                                                                                                                                                                                                                                            0.0000  3.2300                     
      Ctrl:compute:inst/Ctrl:compute:compute:inst/while:for:for:for:and#7                                                                                                                                                                          mgc_and_1_7                                                                                                                                                                                           1.1000  4.3300                     
      Ctrl:compute:inst/Ctrl:compute:compute:inst/while:for:for:for:and#7.tmp                                                                                                                                                                                                                                                                                                                                                                            0.0000  4.3300                     
      Ctrl:compute:inst/Ctrl:compute:compute:inst/not#322                                                                                                                                                                                          mgc_not_1                                                                                                                                                                                             0.0000  4.3300                     
      Ctrl:compute:inst/Ctrl:compute:compute:inst/not#322.itm                                                                                                                                                                                                                                                                                                                                                                                            0.0000  4.3300                     
      Ctrl:compute:inst/Ctrl:compute:compute:inst/and#551                                                                                                                                                                                          mgc_and_1_2                                                                                                                                                                                           0.0000  4.3300                     
      Ctrl:compute:inst/Ctrl:compute:compute:inst/and#551.itm                                                                                                                                                                                                                                                                                                                                                                                            0.0000  4.3300                     
      Ctrl:compute:inst/Ctrl:compute:compute:inst/or#436                                                                                                                                                                                           mgc_or_1_2                                                                                                                                                                                            0.5500  4.8800                     
      Ctrl:compute:inst/Ctrl:compute:compute:inst/or.tmp#307                                                                                                                                                                                                                                                                                                                                                                                             0.0000  4.8800                     
      Ctrl:compute:inst/Ctrl:compute:compute:inst/while:for:for:for:for:dataBv_int:mux#3                                                                                                                                                           mgc_mux_1_1_2                                                                                                                                                                                         0.0800  4.9600                     
      Ctrl:compute:inst/Ctrl:compute:compute:inst/while:for:for:for:for:dataBv_int:mux#3.itm                                                                                                                                                                                                                                                                                                                                                             0.0000  4.9600                     
      Ctrl:compute:inst/Ctrl:compute:compute:inst/while:for:for:for:for:dataBv_int:while:for:for:for:for:dataBv_int:or#3                                                                                                                           mgc_or_1_2                                                                                                                                                                                            0.5500  5.5100                     
      Ctrl:compute:inst/Ctrl:compute:compute:inst/while:for:for:for:for:dataBv_int:while:for:for:for:for:dataBv_int:or#3.itm                                                                                                                                                                                                                                                                                                                             0.0000  5.5100                     
      Ctrl:compute:inst/Ctrl:compute:compute:inst/while:for:for:for:and                                                                                                                                                                            mgc_and_1_2                                                                                                                                                                                           0.0000  5.5100                     
      Ctrl:compute:inst/Ctrl:compute:compute:inst/while:for:for:for:and.itm                                                                                                                                                                                                                                                                                                                                                                              0.0000  5.5100                     
      Ctrl:compute:inst/Ctrl:compute:compute:inst/nor                                                                                                                                                                                              mgc_nor_1_3                                                                                                                                                                                           0.5500  6.0600                     
      Ctrl:compute:inst/Ctrl:compute:compute:inst/nor.itm                                                                                                                                                                                                                                                                                                                                                                                                0.0000  6.0600                     
      Ctrl:compute:inst/Ctrl:compute:compute:inst/mux1h                                                                                                                                                                                            mgc_mux1hot_1_3                                                                                                                                                                                       0.5500  6.6100                     
      Ctrl:compute:inst/Ctrl:compute:compute:inst/mux1h.itm                                                                                                                                                                                                                                                                                                                                                                                              0.0000  6.6100                     
      Ctrl:compute:inst/Ctrl:compute:compute:inst/and#606                                                                                                                                                                                          mgc_and_1_2                                                                                                                                                                                           0.5500  7.1600                     
      Ctrl:compute:inst/Ctrl:compute:compute:inst/and#606.rmff                                                                                                                                                                                                                                                                                                                                                                                           0.0000  7.1600                     
      Ctrl:compute:inst/Ctrl:compute:compute:inst/Ctrl:compute:compute:staller:inst/compute.flen:unreg                                                                                                                                                                                                                                                                                                                                                   0.0000  7.1600                     
      Ctrl:compute:inst/Ctrl:compute:compute:inst/Ctrl:compute:compute:staller:inst/nand                                                                                                                                                           mgc_nand_1_3                                                                                                                                                                                          0.0000  7.1600                     
      Ctrl:compute:inst/Ctrl:compute:compute:inst/Ctrl:compute:compute:staller:inst/nand.itm                                                                                                                                                                                                                                                                                                                                                             0.0000  7.1600                     
      Ctrl:compute:inst/Ctrl:compute:compute:inst/Ctrl:compute:compute:staller:inst/and#3                                                                                                                                                          mgc_and_1_7                                                                                                                                                                                           1.1000  8.2600                     
      Ctrl:compute:inst/Ctrl:compute:compute:inst/Ctrl:compute:compute:staller:inst/compute.wen                                                                                                                                                                                                                                                                                                                                                          0.0000  8.2600                     
      Ctrl:compute:inst/Ctrl:compute:compute:inst/compute.wen                                                                                                                                                                                                                                                                                                                                                                                            0.0000  8.2600                     
      Ctrl:compute:inst/Ctrl:compute:compute:inst/Ctrl:compute:compute:plm_out_ping.a0.a.d.data:rsci#1:inst/compute.wen                                                                                                                                                                                                                                                                                                                                  0.0000  8.2600                     
      Ctrl:compute:inst/Ctrl:compute:compute:inst/Ctrl:compute:compute:plm_out_ping.a0.a.d.data:rsci#1:inst/Ctrl:compute:compute:plm_out_ping.a0.a.d.data:rsci#1:plm_out_ping.a0.a.d.data:rsc.@:wait_ctrl:inst/compute.wen                                                                                                                                                                                                                               0.0000  8.2600                     
      Ctrl:compute:inst/Ctrl:compute:compute:inst/Ctrl:compute:compute:plm_out_ping.a0.a.d.data:rsci#1:inst/Ctrl:compute:compute:plm_out_ping.a0.a.d.data:rsci#1:plm_out_ping.a0.a.d.data:rsc.@:wait_ctrl:inst/while:for:for:for:if#1:if:and       mgc_and_1_2                                                                                                                                                                                           0.5500  8.8100                     
      Ctrl:compute:inst/Ctrl:compute:compute:inst/Ctrl:compute:compute:plm_out_ping.a0.a.d.data:rsci#1:inst/Ctrl:compute:compute:plm_out_ping.a0.a.d.data:rsci#1:plm_out_ping.a0.a.d.data:rsc.@:wait_ctrl:inst/plm_out_ping.a0.a.d.data:rsci.bdwt                                                                                                                                                                                                        0.0000  8.8100                     
      Ctrl:compute:inst/Ctrl:compute:compute:inst/Ctrl:compute:compute:plm_out_ping.a0.a.d.data:rsci#1:inst/plm_out_ping.a0.a.d.data:rsci.bdwt                                                                                                                                                                                                                                                                                                           0.0000  8.8100                     
      Ctrl:compute:inst/Ctrl:compute:compute:inst/Ctrl:compute:compute:plm_out_ping.a0.a.d.data:rsci#1:inst/Ctrl:compute:compute:plm_out_ping.a0.a.d.data:rsci#1:plm_out_ping.a0.a.d.data:rsc.@:wait_dp:inst/plm_out_ping.a0.a.d.data:rsci.bdwt                                                                                                                                                                                                          0.0000  8.8100                     
      Ctrl:compute:inst/Ctrl:compute:compute:inst/Ctrl:compute:compute:plm_out_ping.a0.a.d.data:rsci#1:inst/Ctrl:compute:compute:plm_out_ping.a0.a.d.data:rsci#1:plm_out_ping.a0.a.d.data:rsc.@:wait_dp:inst/while:for:for:for:if#1:if:or          mgc_or_1_2                                                                                                                                                                                            0.5500  9.3600                     
      Ctrl:compute:inst/Ctrl:compute:compute:inst/Ctrl:compute:compute:plm_out_ping.a0.a.d.data:rsci#1:inst/Ctrl:compute:compute:plm_out_ping.a0.a.d.data:rsci#1:plm_out_ping.a0.a.d.data:rsc.@:wait_dp:inst/plm_out_ping.a0.a.d.data:rsci.iden                                                                                                                                                                                                          0.0000  9.3600                     
      Ctrl:compute:inst/Ctrl:compute:compute:inst/Ctrl:compute:compute:plm_out_ping.a0.a.d.data:rsci#1:inst/plm_out_ping.a0.a.d.data:rsci.iden                                                                                                                                                                                                                                                                                                           0.0000  9.3600                     
      Ctrl:compute:inst/Ctrl:compute:compute:inst/plm_out_ping.a0.a.d.data:rsci.iden                                                                                                                                                                                                                                                                                                                                                                     0.0000  9.3600                     
      Ctrl:compute:inst/Ctrl:compute:compute:inst/Ctrl:compute:compute:staller:inst/plm_out_ping.a0.a.d.data:rsci.iden                                                                                                                                                                                                                                                                                                                                   0.0000  9.3600                     
      Ctrl:compute:inst/Ctrl:compute:compute:inst/Ctrl:compute:compute:staller:inst/nor                                                                                                                                                            mgc_nor_1_12                                                                                                                                                                                          1.1000  10.4600                    
      Ctrl:compute:inst/Ctrl:compute:compute:inst/Ctrl:compute:compute:staller:inst/nor.itm                                                                                                                                                                                                                                                                                                                                                              0.0000  10.4600                    
      Ctrl:compute:inst/Ctrl:compute:compute:inst/Ctrl:compute:compute:staller:inst/and                                                                                                                                                            mgc_and_1_2                                                                                                                                                                                           0.5500  11.0100                    
      Ctrl:compute:inst/Ctrl:compute:compute:inst/Ctrl:compute:compute:staller:inst/and.itm                                                                                                                                                                                                                                                                                                                                                              0.0000  11.0100                    
      Ctrl:compute:inst/Ctrl:compute:compute:inst/Ctrl:compute:compute:staller:inst/reg(compute.flen_shf)#1                                                                                                                                        mgc_reg_pos_1_1_0_0_0_0_0                                                                                                                                                                             0.0000  11.0100                    
                                                                                                                                                                                                                                                                                                                                                                                                                                                                                            
    9                                                                                                                                                                                                                                              Ctrl:compute:inst/Ctrl:compute:compute:inst/Ctrl:compute:compute:staller:inst/reg(compute.wten) Ctrl:compute:inst/Ctrl:compute:compute:inst/Ctrl:compute:compute:staller:inst/reg(compute.flen_shf)#1 11.0100 -6.0100                    
                                                                                                                                                                                                                                                                                                                                                                                                                                                                                            
      Instance                                                                                                                                                                                                                                     Component                                                                                                                                                                                             Delta   Delay   [MIN, MAX]         
      --------                                                                                                                                                                                                                                     ---------                                                                                                                                                                                             -----   -----   ------------------ 
      Ctrl:compute:inst/Ctrl:compute:compute:inst/Ctrl:compute:compute:staller:inst/reg(compute.wten)                                                                                                                                              mgc_reg_pos_1_1_0_0_0_0_0                                                                                                                                                                             0.3200  0.3200                     
      Ctrl:compute:inst/Ctrl:compute:compute:inst/Ctrl:compute:compute:staller:inst/compute.wten.reg                                                                                                                                                                                                                                                                                                                                                     0.0000  0.3200                     
      Ctrl:compute:inst/Ctrl:compute:compute:inst/Ctrl:compute:compute:staller:inst/asn(compute.wten)                                                                                                                                                                                                                                                                                                                                                    0.0000  0.3200                     
      Ctrl:compute:inst/Ctrl:compute:compute:inst/Ctrl:compute:compute:staller:inst/compute.wten                                                                                                                                                                                                                                                                                                                                                         0.0000  0.3200                     
      Ctrl:compute:inst/Ctrl:compute:compute:inst/compute.wten                                                                                                                                                                                                                                                                                                                                                                                           0.0000  0.3200                     
      Ctrl:compute:inst/Ctrl:compute:compute:inst/Ctrl:compute:compute:plm_out_pong.a0.a.d.data:rsci#1:inst/compute.wten                                                                                                                                                                                                                                                                                                                                 0.0000  0.3200                     
      Ctrl:compute:inst/Ctrl:compute:compute:inst/Ctrl:compute:compute:plm_out_pong.a0.a.d.data:rsci#1:inst/Ctrl:compute:compute:plm_out_pong.a0.a.d.data:rsci#1:plm_out_pong.a0.a.d.data:rsc.@:wait_ctrl:inst/compute.wten                                                                                                                                                                                                                              0.0000  0.3200                     
      Ctrl:compute:inst/Ctrl:compute:compute:inst/Ctrl:compute:compute:plm_out_pong.a0.a.d.data:rsci#1:inst/Ctrl:compute:compute:plm_out_pong.a0.a.d.data:rsci#1:plm_out_pong.a0.a.d.data:rsc.@:wait_ctrl:inst/while:for:for:for:if#1:else:not     mgc_not_1                                                                                                                                                                                             0.0000  0.3200                     
      Ctrl:compute:inst/Ctrl:compute:compute:inst/Ctrl:compute:compute:plm_out_pong.a0.a.d.data:rsci#1:inst/Ctrl:compute:compute:plm_out_pong.a0.a.d.data:rsci#1:plm_out_pong.a0.a.d.data:rsc.@:wait_ctrl:inst/while:for:for:for:if#1:else:not.itm                                                                                                                                                                                                       0.0000  0.3200                     
      Ctrl:compute:inst/Ctrl:compute:compute:inst/Ctrl:compute:compute:plm_out_pong.a0.a.d.data:rsci#1:inst/Ctrl:compute:compute:plm_out_pong.a0.a.d.data:rsci#1:plm_out_pong.a0.a.d.data:rsc.@:wait_ctrl:inst/while:for:for:for:if#1:else:and#2   mgc_and_1_2                                                                                                                                                                                           0.5500  0.8700                     
      Ctrl:compute:inst/Ctrl:compute:compute:inst/Ctrl:compute:compute:plm_out_pong.a0.a.d.data:rsci#1:inst/Ctrl:compute:compute:plm_out_pong.a0.a.d.data:rsci#1:plm_out_pong.a0.a.d.data:rsc.@:wait_ctrl:inst/plm_out_pong.a0.a.d.data:rsci.biwt                                                                                                                                                                                                        0.0000  0.8700                     
      Ctrl:compute:inst/Ctrl:compute:compute:inst/Ctrl:compute:compute:plm_out_pong.a0.a.d.data:rsci#1:inst/plm_out_pong.a0.a.d.data:rsci.biwt                                                                                                                                                                                                                                                                                                           0.0000  0.8700                     
      Ctrl:compute:inst/Ctrl:compute:compute:inst/Ctrl:compute:compute:plm_out_pong.a0.a.d.data:rsci#1:inst/Ctrl:compute:compute:plm_out_pong.a0.a.d.data:rsci#1:plm_out_pong.a0.a.d.data:rsc.@:wait_dp:inst/plm_out_pong.a0.a.d.data:rsci.biwt                                                                                                                                                                                                          0.0000  0.8700                     
      Ctrl:compute:inst/Ctrl:compute:compute:inst/Ctrl:compute:compute:plm_out_pong.a0.a.d.data:rsci#1:inst/Ctrl:compute:compute:plm_out_pong.a0.a.d.data:rsci#1:plm_out_pong.a0.a.d.data:rsc.@:wait_dp:inst/while:for:for:for:if#1:else:or#1      mgc_or_1_2                                                                                                                                                                                            0.5500  1.4200                     
      Ctrl:compute:inst/Ctrl:compute:compute:inst/Ctrl:compute:compute:plm_out_pong.a0.a.d.data:rsci#1:inst/Ctrl:compute:compute:plm_out_pong.a0.a.d.data:rsci#1:plm_out_pong.a0.a.d.data:rsc.@:wait_dp:inst/plm_out_pong.a0.a.d.data:rsci.bawt                                                                                                                                                                                                          0.0000  1.4200                     
      Ctrl:compute:inst/Ctrl:compute:compute:inst/Ctrl:compute:compute:plm_out_pong.a0.a.d.data:rsci#1:inst/plm_out_pong.a0.a.d.data:rsci.bawt                                                                                                                                                                                                                                                                                                           0.0000  1.4200                     
      Ctrl:compute:inst/Ctrl:compute:compute:inst/plm_out_pong.a0.a.d.data:rsci.bawt                                                                                                                                                                                                                                                                                                                                                                     0.0000  1.4200                     
      Ctrl:compute:inst/Ctrl:compute:compute:inst/mux#32                                                                                                                                                                                           mgc_mux_1_1_2                                                                                                                                                                                         0.0800  1.5000                     
      Ctrl:compute:inst/Ctrl:compute:compute:inst/mux#32.itm                                                                                                                                                                                                                                                                                                                                                                                             0.0000  1.5000                     
      Ctrl:compute:inst/Ctrl:compute:compute:inst/mux#33                                                                                                                                                                                           mgc_mux_1_1_2                                                                                                                                                                                         0.0800  1.5800                     
      Ctrl:compute:inst/Ctrl:compute:compute:inst/mux.tmp#33                                                                                                                                                                                                                                                                                                                                                                                             0.0000  1.5800                     
      Ctrl:compute:inst/Ctrl:compute:compute:inst/not#139                                                                                                                                                                                          mgc_not_1                                                                                                                                                                                             0.0000  1.5800                     
      Ctrl:compute:inst/Ctrl:compute:compute:inst/not#139.itm                                                                                                                                                                                                                                                                                                                                                                                            0.0000  1.5800                     
      Ctrl:compute:inst/Ctrl:compute:compute:inst/and#61                                                                                                                                                                                           mgc_and_1_2                                                                                                                                                                                           0.5500  2.1300                     
      Ctrl:compute:inst/Ctrl:compute:compute:inst/and#61.cse                                                                                                                                                                                                                                                                                                                                                                                             0.0000  2.1300                     
      Ctrl:compute:inst/Ctrl:compute:compute:inst/or#286                                                                                                                                                                                           mgc_or_1_2                                                                                                                                                                                            0.5500  2.6800                     
      Ctrl:compute:inst/Ctrl:compute:compute:inst/or.dcpl#111                                                                                                                                                                                                                                                                                                                                                                                            0.0000  2.6800                     
      Ctrl:compute:inst/Ctrl:compute:compute:inst/conf_info.read_reset_check.ResetChecker:conf_info.read_reset_check.ResetChecker:and                                                                                                              mgc_and_1_2                                                                                                                                                                                           0.5500  3.2300                     
      Ctrl:compute:inst/Ctrl:compute:compute:inst/out_ping_pong.sva:mx1                                                                                                                                                                                                                                                                                                                                                                                  0.0000  3.2300                     
      Ctrl:compute:inst/Ctrl:compute:compute:inst/while:for:for:for:nor#3                                                                                                                                                                          mgc_nor_1_2                                                                                                                                                                                           0.0000  3.2300                     
      Ctrl:compute:inst/Ctrl:compute:compute:inst/while:for:for:for:nor#3.itm                                                                                                                                                                                                                                                                                                                                                                            0.0000  3.2300                     
      Ctrl:compute:inst/Ctrl:compute:compute:inst/while:for:for:for:and#7                                                                                                                                                                          mgc_and_1_7                                                                                                                                                                                           1.1000  4.3300                     
      Ctrl:compute:inst/Ctrl:compute:compute:inst/while:for:for:for:and#7.tmp                                                                                                                                                                                                                                                                                                                                                                            0.0000  4.3300                     
      Ctrl:compute:inst/Ctrl:compute:compute:inst/not#322                                                                                                                                                                                          mgc_not_1                                                                                                                                                                                             0.0000  4.3300                     
      Ctrl:compute:inst/Ctrl:compute:compute:inst/not#322.itm                                                                                                                                                                                                                                                                                                                                                                                            0.0000  4.3300                     
      Ctrl:compute:inst/Ctrl:compute:compute:inst/and#551                                                                                                                                                                                          mgc_and_1_2                                                                                                                                                                                           0.0000  4.3300                     
      Ctrl:compute:inst/Ctrl:compute:compute:inst/and#551.itm                                                                                                                                                                                                                                                                                                                                                                                            0.0000  4.3300                     
      Ctrl:compute:inst/Ctrl:compute:compute:inst/or#436                                                                                                                                                                                           mgc_or_1_2                                                                                                                                                                                            0.5500  4.8800                     
      Ctrl:compute:inst/Ctrl:compute:compute:inst/or.tmp#307                                                                                                                                                                                                                                                                                                                                                                                             0.0000  4.8800                     
      Ctrl:compute:inst/Ctrl:compute:compute:inst/while:for:for:for:for:dataBv_int:mux#3                                                                                                                                                           mgc_mux_1_1_2                                                                                                                                                                                         0.0800  4.9600                     
      Ctrl:compute:inst/Ctrl:compute:compute:inst/while:for:for:for:for:dataBv_int:mux#3.itm                                                                                                                                                                                                                                                                                                                                                             0.0000  4.9600                     
      Ctrl:compute:inst/Ctrl:compute:compute:inst/while:for:for:for:for:dataBv_int:while:for:for:for:for:dataBv_int:or#3                                                                                                                           mgc_or_1_2                                                                                                                                                                                            0.5500  5.5100                     
      Ctrl:compute:inst/Ctrl:compute:compute:inst/while:for:for:for:for:dataBv_int:while:for:for:for:for:dataBv_int:or#3.itm                                                                                                                                                                                                                                                                                                                             0.0000  5.5100                     
      Ctrl:compute:inst/Ctrl:compute:compute:inst/while:for:for:for:and                                                                                                                                                                            mgc_and_1_2                                                                                                                                                                                           0.0000  5.5100                     
      Ctrl:compute:inst/Ctrl:compute:compute:inst/while:for:for:for:and.itm                                                                                                                                                                                                                                                                                                                                                                              0.0000  5.5100                     
      Ctrl:compute:inst/Ctrl:compute:compute:inst/nor                                                                                                                                                                                              mgc_nor_1_3                                                                                                                                                                                           0.5500  6.0600                     
      Ctrl:compute:inst/Ctrl:compute:compute:inst/nor.itm                                                                                                                                                                                                                                                                                                                                                                                                0.0000  6.0600                     
      Ctrl:compute:inst/Ctrl:compute:compute:inst/mux1h                                                                                                                                                                                            mgc_mux1hot_1_3                                                                                                                                                                                       0.5500  6.6100                     
      Ctrl:compute:inst/Ctrl:compute:compute:inst/mux1h.itm                                                                                                                                                                                                                                                                                                                                                                                              0.0000  6.6100                     
      Ctrl:compute:inst/Ctrl:compute:compute:inst/and#606                                                                                                                                                                                          mgc_and_1_2                                                                                                                                                                                           0.5500  7.1600                     
      Ctrl:compute:inst/Ctrl:compute:compute:inst/and#606.rmff                                                                                                                                                                                                                                                                                                                                                                                           0.0000  7.1600                     
      Ctrl:compute:inst/Ctrl:compute:compute:inst/Ctrl:compute:compute:staller:inst/compute.flen:unreg                                                                                                                                                                                                                                                                                                                                                   0.0000  7.1600                     
      Ctrl:compute:inst/Ctrl:compute:compute:inst/Ctrl:compute:compute:staller:inst/nand                                                                                                                                                           mgc_nand_1_3                                                                                                                                                                                          0.0000  7.1600                     
      Ctrl:compute:inst/Ctrl:compute:compute:inst/Ctrl:compute:compute:staller:inst/nand.itm                                                                                                                                                                                                                                                                                                                                                             0.0000  7.1600                     
      Ctrl:compute:inst/Ctrl:compute:compute:inst/Ctrl:compute:compute:staller:inst/and#3                                                                                                                                                          mgc_and_1_7                                                                                                                                                                                           1.1000  8.2600                     
      Ctrl:compute:inst/Ctrl:compute:compute:inst/Ctrl:compute:compute:staller:inst/compute.wen                                                                                                                                                                                                                                                                                                                                                          0.0000  8.2600                     
      Ctrl:compute:inst/Ctrl:compute:compute:inst/compute.wen                                                                                                                                                                                                                                                                                                                                                                                            0.0000  8.2600                     
      Ctrl:compute:inst/Ctrl:compute:compute:inst/Ctrl:compute:compute:plm_in_ping.a0.a.d.data:rsci#1:inst/compute.wen                                                                                                                                                                                                                                                                                                                                   0.0000  8.2600                     
      Ctrl:compute:inst/Ctrl:compute:compute:inst/Ctrl:compute:compute:plm_in_ping.a0.a.d.data:rsci#1:inst/Ctrl:compute:compute:plm_in_ping.a0.a.d.data:rsci#1:plm_in_ping.a0.a.d.data:rsc.@:wait_ctrl:inst/compute.wen                                                                                                                                                                                                                                  0.0000  8.2600                     
      Ctrl:compute:inst/Ctrl:compute:compute:inst/Ctrl:compute:compute:plm_in_ping.a0.a.d.data:rsci#1:inst/Ctrl:compute:compute:plm_in_ping.a0.a.d.data:rsci#1:plm_in_ping.a0.a.d.data:rsc.@:wait_ctrl:inst/plm_in_ping.a0.a.d.data:and            mgc_and_1_2                                                                                                                                                                                           0.5500  8.8100                     
      Ctrl:compute:inst/Ctrl:compute:compute:inst/Ctrl:compute:compute:plm_in_ping.a0.a.d.data:rsci#1:inst/Ctrl:compute:compute:plm_in_ping.a0.a.d.data:rsci#1:plm_in_ping.a0.a.d.data:rsc.@:wait_ctrl:inst/plm_in_ping.a0.a.d.data:rsci.bdwt                                                                                                                                                                                                            0.0000  8.8100                     
      Ctrl:compute:inst/Ctrl:compute:compute:inst/Ctrl:compute:compute:plm_in_ping.a0.a.d.data:rsci#1:inst/plm_in_ping.a0.a.d.data:rsci.bdwt                                                                                                                                                                                                                                                                                                             0.0000  8.8100                     
      Ctrl:compute:inst/Ctrl:compute:compute:inst/Ctrl:compute:compute:plm_in_ping.a0.a.d.data:rsci#1:inst/Ctrl:compute:compute:plm_in_ping.a0.a.d.data:rsci#1:plm_in_ping.a0.a.d.data:rsc.@:wait_dp:inst/plm_in_ping.a0.a.d.data:rsci.bdwt                                                                                                                                                                                                              0.0000  8.8100                     
      Ctrl:compute:inst/Ctrl:compute:compute:inst/Ctrl:compute:compute:plm_in_ping.a0.a.d.data:rsci#1:inst/Ctrl:compute:compute:plm_in_ping.a0.a.d.data:rsci#1:plm_in_ping.a0.a.d.data:rsc.@:wait_dp:inst/plm_in_ping.a0.a.d.data:or               mgc_or_1_2                                                                                                                                                                                            0.5500  9.3600                     
      Ctrl:compute:inst/Ctrl:compute:compute:inst/Ctrl:compute:compute:plm_in_ping.a0.a.d.data:rsci#1:inst/Ctrl:compute:compute:plm_in_ping.a0.a.d.data:rsci#1:plm_in_ping.a0.a.d.data:rsc.@:wait_dp:inst/plm_in_ping.a0.a.d.data:rsci.iden                                                                                                                                                                                                              0.0000  9.3600                     
      Ctrl:compute:inst/Ctrl:compute:compute:inst/Ctrl:compute:compute:plm_in_ping.a0.a.d.data:rsci#1:inst/plm_in_ping.a0.a.d.data:rsci.iden                                                                                                                                                                                                                                                                                                             0.0000  9.3600                     
      Ctrl:compute:inst/Ctrl:compute:compute:inst/plm_in_ping.a0.a.d.data:rsci.iden                                                                                                                                                                                                                                                                                                                                                                      0.0000  9.3600                     
      Ctrl:compute:inst/Ctrl:compute:compute:inst/Ctrl:compute:compute:staller:inst/plm_in_ping.a0.a.d.data:rsci.iden                                                                                                                                                                                                                                                                                                                                    0.0000  9.3600                     
      Ctrl:compute:inst/Ctrl:compute:compute:inst/Ctrl:compute:compute:staller:inst/nor                                                                                                                                                            mgc_nor_1_12                                                                                                                                                                                          1.1000  10.4600                    
      Ctrl:compute:inst/Ctrl:compute:compute:inst/Ctrl:compute:compute:staller:inst/nor.itm                                                                                                                                                                                                                                                                                                                                                              0.0000  10.4600                    
      Ctrl:compute:inst/Ctrl:compute:compute:inst/Ctrl:compute:compute:staller:inst/and                                                                                                                                                            mgc_and_1_2                                                                                                                                                                                           0.5500  11.0100                    
      Ctrl:compute:inst/Ctrl:compute:compute:inst/Ctrl:compute:compute:staller:inst/and.itm                                                                                                                                                                                                                                                                                                                                                              0.0000  11.0100                    
      Ctrl:compute:inst/Ctrl:compute:compute:inst/Ctrl:compute:compute:staller:inst/reg(compute.flen_shf)#1                                                                                                                                        mgc_reg_pos_1_1_0_0_0_0_0                                                                                                                                                                             0.0000  11.0100                    
                                                                                                                                                                                                                                                                                                                                                                                                                                                                                            
    10                                                                                                                                                                                                                                             Ctrl:compute:inst/Ctrl:compute:compute:inst/Ctrl:compute:compute:staller:inst/reg(compute.wten) Ctrl:compute:inst/Ctrl:compute:compute:inst/Ctrl:compute:compute:staller:inst/reg(compute.flen_shf)#1 11.0100 -6.0100                    
                                                                                                                                                                                                                                                                                                                                                                                                                                                                                            
      Instance                                                                                                                                                                                                                                     Component                                                                                                                                                                                             Delta   Delay   [MIN, MAX]         
      --------                                                                                                                                                                                                                                     ---------                                                                                                                                                                                             -----   -----   ------------------ 
      Ctrl:compute:inst/Ctrl:compute:compute:inst/Ctrl:compute:compute:staller:inst/reg(compute.wten)                                                                                                                                              mgc_reg_pos_1_1_0_0_0_0_0                                                                                                                                                                             0.3200  0.3200                     
      Ctrl:compute:inst/Ctrl:compute:compute:inst/Ctrl:compute:compute:staller:inst/compute.wten.reg                                                                                                                                                                                                                                                                                                                                                     0.0000  0.3200                     
      Ctrl:compute:inst/Ctrl:compute:compute:inst/Ctrl:compute:compute:staller:inst/asn(compute.wten)                                                                                                                                                                                                                                                                                                                                                    0.0000  0.3200                     
      Ctrl:compute:inst/Ctrl:compute:compute:inst/Ctrl:compute:compute:staller:inst/compute.wten                                                                                                                                                                                                                                                                                                                                                         0.0000  0.3200                     
      Ctrl:compute:inst/Ctrl:compute:compute:inst/compute.wten                                                                                                                                                                                                                                                                                                                                                                                           0.0000  0.3200                     
      Ctrl:compute:inst/Ctrl:compute:compute:inst/Ctrl:compute:compute:plm_out_pong.a0.a.d.data:rsci#1:inst/compute.wten                                                                                                                                                                                                                                                                                                                                 0.0000  0.3200                     
      Ctrl:compute:inst/Ctrl:compute:compute:inst/Ctrl:compute:compute:plm_out_pong.a0.a.d.data:rsci#1:inst/Ctrl:compute:compute:plm_out_pong.a0.a.d.data:rsci#1:plm_out_pong.a0.a.d.data:rsc.@:wait_ctrl:inst/compute.wten                                                                                                                                                                                                                              0.0000  0.3200                     
      Ctrl:compute:inst/Ctrl:compute:compute:inst/Ctrl:compute:compute:plm_out_pong.a0.a.d.data:rsci#1:inst/Ctrl:compute:compute:plm_out_pong.a0.a.d.data:rsci#1:plm_out_pong.a0.a.d.data:rsc.@:wait_ctrl:inst/while:for:for:for:if#1:else:not     mgc_not_1                                                                                                                                                                                             0.0000  0.3200                     
      Ctrl:compute:inst/Ctrl:compute:compute:inst/Ctrl:compute:compute:plm_out_pong.a0.a.d.data:rsci#1:inst/Ctrl:compute:compute:plm_out_pong.a0.a.d.data:rsci#1:plm_out_pong.a0.a.d.data:rsc.@:wait_ctrl:inst/while:for:for:for:if#1:else:not.itm                                                                                                                                                                                                       0.0000  0.3200                     
      Ctrl:compute:inst/Ctrl:compute:compute:inst/Ctrl:compute:compute:plm_out_pong.a0.a.d.data:rsci#1:inst/Ctrl:compute:compute:plm_out_pong.a0.a.d.data:rsci#1:plm_out_pong.a0.a.d.data:rsc.@:wait_ctrl:inst/while:for:for:for:if#1:else:and#2   mgc_and_1_2                                                                                                                                                                                           0.5500  0.8700                     
      Ctrl:compute:inst/Ctrl:compute:compute:inst/Ctrl:compute:compute:plm_out_pong.a0.a.d.data:rsci#1:inst/Ctrl:compute:compute:plm_out_pong.a0.a.d.data:rsci#1:plm_out_pong.a0.a.d.data:rsc.@:wait_ctrl:inst/plm_out_pong.a0.a.d.data:rsci.biwt                                                                                                                                                                                                        0.0000  0.8700                     
      Ctrl:compute:inst/Ctrl:compute:compute:inst/Ctrl:compute:compute:plm_out_pong.a0.a.d.data:rsci#1:inst/plm_out_pong.a0.a.d.data:rsci.biwt                                                                                                                                                                                                                                                                                                           0.0000  0.8700                     
      Ctrl:compute:inst/Ctrl:compute:compute:inst/Ctrl:compute:compute:plm_out_pong.a0.a.d.data:rsci#1:inst/Ctrl:compute:compute:plm_out_pong.a0.a.d.data:rsci#1:plm_out_pong.a0.a.d.data:rsc.@:wait_dp:inst/plm_out_pong.a0.a.d.data:rsci.biwt                                                                                                                                                                                                          0.0000  0.8700                     
      Ctrl:compute:inst/Ctrl:compute:compute:inst/Ctrl:compute:compute:plm_out_pong.a0.a.d.data:rsci#1:inst/Ctrl:compute:compute:plm_out_pong.a0.a.d.data:rsci#1:plm_out_pong.a0.a.d.data:rsc.@:wait_dp:inst/while:for:for:for:if#1:else:or#1      mgc_or_1_2                                                                                                                                                                                            0.5500  1.4200                     
      Ctrl:compute:inst/Ctrl:compute:compute:inst/Ctrl:compute:compute:plm_out_pong.a0.a.d.data:rsci#1:inst/Ctrl:compute:compute:plm_out_pong.a0.a.d.data:rsci#1:plm_out_pong.a0.a.d.data:rsc.@:wait_dp:inst/plm_out_pong.a0.a.d.data:rsci.bawt                                                                                                                                                                                                          0.0000  1.4200                     
      Ctrl:compute:inst/Ctrl:compute:compute:inst/Ctrl:compute:compute:plm_out_pong.a0.a.d.data:rsci#1:inst/plm_out_pong.a0.a.d.data:rsci.bawt                                                                                                                                                                                                                                                                                                           0.0000  1.4200                     
      Ctrl:compute:inst/Ctrl:compute:compute:inst/plm_out_pong.a0.a.d.data:rsci.bawt                                                                                                                                                                                                                                                                                                                                                                     0.0000  1.4200                     
      Ctrl:compute:inst/Ctrl:compute:compute:inst/mux#32                                                                                                                                                                                           mgc_mux_1_1_2                                                                                                                                                                                         0.0800  1.5000                     
      Ctrl:compute:inst/Ctrl:compute:compute:inst/mux#32.itm                                                                                                                                                                                                                                                                                                                                                                                             0.0000  1.5000                     
      Ctrl:compute:inst/Ctrl:compute:compute:inst/mux#33                                                                                                                                                                                           mgc_mux_1_1_2                                                                                                                                                                                         0.0800  1.5800                     
      Ctrl:compute:inst/Ctrl:compute:compute:inst/mux.tmp#33                                                                                                                                                                                                                                                                                                                                                                                             0.0000  1.5800                     
      Ctrl:compute:inst/Ctrl:compute:compute:inst/not#139                                                                                                                                                                                          mgc_not_1                                                                                                                                                                                             0.0000  1.5800                     
      Ctrl:compute:inst/Ctrl:compute:compute:inst/not#139.itm                                                                                                                                                                                                                                                                                                                                                                                            0.0000  1.5800                     
      Ctrl:compute:inst/Ctrl:compute:compute:inst/and#61                                                                                                                                                                                           mgc_and_1_2                                                                                                                                                                                           0.5500  2.1300                     
      Ctrl:compute:inst/Ctrl:compute:compute:inst/and#61.cse                                                                                                                                                                                                                                                                                                                                                                                             0.0000  2.1300                     
      Ctrl:compute:inst/Ctrl:compute:compute:inst/or#286                                                                                                                                                                                           mgc_or_1_2                                                                                                                                                                                            0.5500  2.6800                     
      Ctrl:compute:inst/Ctrl:compute:compute:inst/or.dcpl#111                                                                                                                                                                                                                                                                                                                                                                                            0.0000  2.6800                     
      Ctrl:compute:inst/Ctrl:compute:compute:inst/conf_info.read_reset_check.ResetChecker:conf_info.read_reset_check.ResetChecker:and                                                                                                              mgc_and_1_2                                                                                                                                                                                           0.5500  3.2300                     
      Ctrl:compute:inst/Ctrl:compute:compute:inst/out_ping_pong.sva:mx1                                                                                                                                                                                                                                                                                                                                                                                  0.0000  3.2300                     
      Ctrl:compute:inst/Ctrl:compute:compute:inst/while:for:for:for:nor#3                                                                                                                                                                          mgc_nor_1_2                                                                                                                                                                                           0.0000  3.2300                     
      Ctrl:compute:inst/Ctrl:compute:compute:inst/while:for:for:for:nor#3.itm                                                                                                                                                                                                                                                                                                                                                                            0.0000  3.2300                     
      Ctrl:compute:inst/Ctrl:compute:compute:inst/while:for:for:for:and#7                                                                                                                                                                          mgc_and_1_7                                                                                                                                                                                           1.1000  4.3300                     
      Ctrl:compute:inst/Ctrl:compute:compute:inst/while:for:for:for:and#7.tmp                                                                                                                                                                                                                                                                                                                                                                            0.0000  4.3300                     
      Ctrl:compute:inst/Ctrl:compute:compute:inst/not#322                                                                                                                                                                                          mgc_not_1                                                                                                                                                                                             0.0000  4.3300                     
      Ctrl:compute:inst/Ctrl:compute:compute:inst/not#322.itm                                                                                                                                                                                                                                                                                                                                                                                            0.0000  4.3300                     
      Ctrl:compute:inst/Ctrl:compute:compute:inst/and#551                                                                                                                                                                                          mgc_and_1_2                                                                                                                                                                                           0.0000  4.3300                     
      Ctrl:compute:inst/Ctrl:compute:compute:inst/and#551.itm                                                                                                                                                                                                                                                                                                                                                                                            0.0000  4.3300                     
      Ctrl:compute:inst/Ctrl:compute:compute:inst/or#436                                                                                                                                                                                           mgc_or_1_2                                                                                                                                                                                            0.5500  4.8800                     
      Ctrl:compute:inst/Ctrl:compute:compute:inst/or.tmp#307                                                                                                                                                                                                                                                                                                                                                                                             0.0000  4.8800                     
      Ctrl:compute:inst/Ctrl:compute:compute:inst/while:for:for:for:for:dataBv_int:mux#3                                                                                                                                                           mgc_mux_1_1_2                                                                                                                                                                                         0.0800  4.9600                     
      Ctrl:compute:inst/Ctrl:compute:compute:inst/while:for:for:for:for:dataBv_int:mux#3.itm                                                                                                                                                                                                                                                                                                                                                             0.0000  4.9600                     
      Ctrl:compute:inst/Ctrl:compute:compute:inst/while:for:for:for:for:dataBv_int:while:for:for:for:for:dataBv_int:or#3                                                                                                                           mgc_or_1_2                                                                                                                                                                                            0.5500  5.5100                     
      Ctrl:compute:inst/Ctrl:compute:compute:inst/while:for:for:for:for:dataBv_int:while:for:for:for:for:dataBv_int:or#3.itm                                                                                                                                                                                                                                                                                                                             0.0000  5.5100                     
      Ctrl:compute:inst/Ctrl:compute:compute:inst/while:for:for:for:and                                                                                                                                                                            mgc_and_1_2                                                                                                                                                                                           0.0000  5.5100                     
      Ctrl:compute:inst/Ctrl:compute:compute:inst/while:for:for:for:and.itm                                                                                                                                                                                                                                                                                                                                                                              0.0000  5.5100                     
      Ctrl:compute:inst/Ctrl:compute:compute:inst/nor                                                                                                                                                                                              mgc_nor_1_3                                                                                                                                                                                           0.5500  6.0600                     
      Ctrl:compute:inst/Ctrl:compute:compute:inst/nor.itm                                                                                                                                                                                                                                                                                                                                                                                                0.0000  6.0600                     
      Ctrl:compute:inst/Ctrl:compute:compute:inst/mux1h                                                                                                                                                                                            mgc_mux1hot_1_3                                                                                                                                                                                       0.5500  6.6100                     
      Ctrl:compute:inst/Ctrl:compute:compute:inst/mux1h.itm                                                                                                                                                                                                                                                                                                                                                                                              0.0000  6.6100                     
      Ctrl:compute:inst/Ctrl:compute:compute:inst/and#606                                                                                                                                                                                          mgc_and_1_2                                                                                                                                                                                           0.5500  7.1600                     
      Ctrl:compute:inst/Ctrl:compute:compute:inst/and#606.rmff                                                                                                                                                                                                                                                                                                                                                                                           0.0000  7.1600                     
      Ctrl:compute:inst/Ctrl:compute:compute:inst/Ctrl:compute:compute:staller:inst/compute.flen:unreg                                                                                                                                                                                                                                                                                                                                                   0.0000  7.1600                     
      Ctrl:compute:inst/Ctrl:compute:compute:inst/Ctrl:compute:compute:staller:inst/nand                                                                                                                                                           mgc_nand_1_3                                                                                                                                                                                          0.0000  7.1600                     
      Ctrl:compute:inst/Ctrl:compute:compute:inst/Ctrl:compute:compute:staller:inst/nand.itm                                                                                                                                                                                                                                                                                                                                                             0.0000  7.1600                     
      Ctrl:compute:inst/Ctrl:compute:compute:inst/Ctrl:compute:compute:staller:inst/and#3                                                                                                                                                          mgc_and_1_7                                                                                                                                                                                           1.1000  8.2600                     
      Ctrl:compute:inst/Ctrl:compute:compute:inst/Ctrl:compute:compute:staller:inst/compute.wen                                                                                                                                                                                                                                                                                                                                                          0.0000  8.2600                     
      Ctrl:compute:inst/Ctrl:compute:compute:inst/compute.wen                                                                                                                                                                                                                                                                                                                                                                                            0.0000  8.2600                     
      Ctrl:compute:inst/Ctrl:compute:compute:inst/Ctrl:compute:compute:plm_in_pong.a1.a.d.data:rsci#1:inst/compute.wen                                                                                                                                                                                                                                                                                                                                   0.0000  8.2600                     
      Ctrl:compute:inst/Ctrl:compute:compute:inst/Ctrl:compute:compute:plm_in_pong.a1.a.d.data:rsci#1:inst/Ctrl:compute:compute:plm_in_pong.a1.a.d.data:rsci#1:plm_in_pong.a1.a.d.data:rsc.@:wait_ctrl:inst/compute.wen                                                                                                                                                                                                                                  0.0000  8.2600                     
      Ctrl:compute:inst/Ctrl:compute:compute:inst/Ctrl:compute:compute:plm_in_pong.a1.a.d.data:rsci#1:inst/Ctrl:compute:compute:plm_in_pong.a1.a.d.data:rsci#1:plm_in_pong.a1.a.d.data:rsc.@:wait_ctrl:inst/plm_in_pong.a1.a.d.data:and            mgc_and_1_2                                                                                                                                                                                           0.5500  8.8100                     
      Ctrl:compute:inst/Ctrl:compute:compute:inst/Ctrl:compute:compute:plm_in_pong.a1.a.d.data:rsci#1:inst/Ctrl:compute:compute:plm_in_pong.a1.a.d.data:rsci#1:plm_in_pong.a1.a.d.data:rsc.@:wait_ctrl:inst/plm_in_pong.a1.a.d.data:rsci.bdwt                                                                                                                                                                                                            0.0000  8.8100                     
      Ctrl:compute:inst/Ctrl:compute:compute:inst/Ctrl:compute:compute:plm_in_pong.a1.a.d.data:rsci#1:inst/plm_in_pong.a1.a.d.data:rsci.bdwt                                                                                                                                                                                                                                                                                                             0.0000  8.8100                     
      Ctrl:compute:inst/Ctrl:compute:compute:inst/Ctrl:compute:compute:plm_in_pong.a1.a.d.data:rsci#1:inst/Ctrl:compute:compute:plm_in_pong.a1.a.d.data:rsci#1:plm_in_pong.a1.a.d.data:rsc.@:wait_dp:inst/plm_in_pong.a1.a.d.data:rsci.bdwt                                                                                                                                                                                                              0.0000  8.8100                     
      Ctrl:compute:inst/Ctrl:compute:compute:inst/Ctrl:compute:compute:plm_in_pong.a1.a.d.data:rsci#1:inst/Ctrl:compute:compute:plm_in_pong.a1.a.d.data:rsci#1:plm_in_pong.a1.a.d.data:rsc.@:wait_dp:inst/plm_in_pong.a1.a.d.data:or               mgc_or_1_2                                                                                                                                                                                            0.5500  9.3600                     
      Ctrl:compute:inst/Ctrl:compute:compute:inst/Ctrl:compute:compute:plm_in_pong.a1.a.d.data:rsci#1:inst/Ctrl:compute:compute:plm_in_pong.a1.a.d.data:rsci#1:plm_in_pong.a1.a.d.data:rsc.@:wait_dp:inst/plm_in_pong.a1.a.d.data:rsci.iden                                                                                                                                                                                                              0.0000  9.3600                     
      Ctrl:compute:inst/Ctrl:compute:compute:inst/Ctrl:compute:compute:plm_in_pong.a1.a.d.data:rsci#1:inst/plm_in_pong.a1.a.d.data:rsci.iden                                                                                                                                                                                                                                                                                                             0.0000  9.3600                     
      Ctrl:compute:inst/Ctrl:compute:compute:inst/plm_in_pong.a1.a.d.data:rsci.iden                                                                                                                                                                                                                                                                                                                                                                      0.0000  9.3600                     
      Ctrl:compute:inst/Ctrl:compute:compute:inst/Ctrl:compute:compute:staller:inst/plm_in_pong.a1.a.d.data:rsci.iden                                                                                                                                                                                                                                                                                                                                    0.0000  9.3600                     
      Ctrl:compute:inst/Ctrl:compute:compute:inst/Ctrl:compute:compute:staller:inst/nor                                                                                                                                                            mgc_nor_1_12                                                                                                                                                                                          1.1000  10.4600                    
      Ctrl:compute:inst/Ctrl:compute:compute:inst/Ctrl:compute:compute:staller:inst/nor.itm                                                                                                                                                                                                                                                                                                                                                              0.0000  10.4600                    
      Ctrl:compute:inst/Ctrl:compute:compute:inst/Ctrl:compute:compute:staller:inst/and                                                                                                                                                            mgc_and_1_2                                                                                                                                                                                           0.5500  11.0100                    
      Ctrl:compute:inst/Ctrl:compute:compute:inst/Ctrl:compute:compute:staller:inst/and.itm                                                                                                                                                                                                                                                                                                                                                              0.0000  11.0100                    
      Ctrl:compute:inst/Ctrl:compute:compute:inst/Ctrl:compute:compute:staller:inst/reg(compute.flen_shf)#1                                                                                                                                        mgc_reg_pos_1_1_0_0_0_0_0                                                                                                                                                                             0.0000  11.0100                    
                                                                                                                                                                                                                                                                                                                                                                                                                                                                                            
    
  Register Input and Register-to-Output Slack
    Clock period or pin-to-reg delay constraint (clk): 5.0
    Clock uncertainty constraint (clk)               : 0.0
    
    Instance                                                                                                                                Port                                                                                                                                                Slack (Delay) Messages                
    --------------------------------------------------------------------------------------------------------------------------------------- ------------------------------------------------------------------------------------------------------------------------------------------------- ------- ------- -----------------------
    Ctrl:config:config/reg(conf_info.Pop():mioi.oswt)                                                                                       while:mux.rmff                                                                                                                                     2.4000  2.6000                         
    Ctrl:config:config/reg(conf_info_out.Push():mioi.oswt)                                                                                  while:mux#4.rmff                                                                                                                                   2.4000  2.6000                         
    Ctrl:config:config/reg(conf_info_out.Push():mioi.idat)                                                                                  conf_info.Pop():mioi.idat.mxwt                                                                                                                     5.0000  0.0000                         
    Ctrl:config:config/reg(config.wen)                                                                                                      config.wen:rtff                                                                                                                                    0.8300  4.1700                         
    Ctrl:config:config:wait_dp/reg(conf_info_out.Push():mioi.irdy.oreg.rneg)                                                                while:not#53.itm                                                                                                                                   5.0000  0.0000                         
    Ctrl:config:config:wait_dp/reg(conf1.Push():mioi.irdy.oreg.rneg)                                                                        while:not#54.itm                                                                                                                                   1.9300  3.0700                         
    Ctrl:config:config:wait_dp/reg(conf2.Push():mioi.irdy.oreg.rneg)                                                                        while:not#55.itm                                                                                                                                   1.9300  3.0700                         
    Ctrl:config:config:wait_dp/reg(conf3.Push():mioi.irdy.oreg.rneg)                                                                        while:not#56.itm                                                                                                                                   1.9300  3.0700                         
    Ctrl:config:config:wait_dp/reg(sync00.Push():mioi.irdy.oreg.rneg)                                                                       while:not#57.itm                                                                                                                                   5.0000  0.0000                         
    Ctrl:config:config:wait_dp/reg(sync01.Push():mioi.irdy.oreg.rneg)                                                                       while:not#58.itm                                                                                                                                   1.9300  3.0700                         
    Ctrl:config:config:wait_dp/reg(sync02.Push():mioi.irdy.oreg.rneg)                                                                       while:not#59.itm                                                                                                                                   1.9300  3.0700                         
    Ctrl:config:config:wait_dp/reg(sync03.Push():mioi.irdy.oreg.rneg)                                                                       while:not#60.itm                                                                                                                                   1.9300  3.0700                         
    Ctrl:config:config:conf_info_out.Push():mioi:conf_info_out.Push():mio:wait_dp/reg(conf_info_out.Push():mioi.bcwt)                       while:nor.rmff                                                                                                                                     0.2800  4.7200                         
    Ctrl:config:config:conf1.Push():mioi:conf1.Push():mio:wait_dp/reg(conf1.Push():mioi.bcwt)                                               while:nor#2.rmff                                                                                                                                   0.2800  4.7200                         
    Ctrl:config:config:conf2.Push():mioi:conf2.Push():mio:wait_dp/reg(conf2.Push():mioi.bcwt)                                               while:nor#4.rmff                                                                                                                                   0.2800  4.7200                         
    Ctrl:config:config:conf3.Push():mioi:conf3.Push():mio:wait_dp/reg(conf3.Push():mioi.bcwt)                                               while:nor#6.rmff                                                                                                                                   0.2800  4.7200                         
    Ctrl:config:config:sync00.Push():mioi:sync00.Push():mio:wait_dp/reg(sync00.Push():mioi.bcwt)                                            while:nor#8.rmff                                                                                                                                   0.2800  4.7200                         
    Ctrl:config:config:sync01.Push():mioi:sync01.Push():mio:wait_dp/reg(sync01.Push():mioi.bcwt)                                            while:nor#10.rmff                                                                                                                                  0.2800  4.7200                         
    Ctrl:config:config:sync02.Push():mioi:sync02.Push():mio:wait_dp/reg(sync02.Push():mioi.bcwt)                                            while:nor#12.rmff                                                                                                                                  0.2800  4.7200                         
    Ctrl:config:config:sync03.Push():mioi:sync03.Push():mio:wait_dp/reg(sync03.Push():mioi.bcwt)                                            while:nor#14.rmff                                                                                                                                  0.2800  4.7200                         
    Ctrl:load:load/reg(sync01.Pop():mioi.oswt)                                                                                              conf_info.read_reset_check.reset:while:nor.itm                                                                                                     1.7700  3.2300                         
    Ctrl:load:load/reg(dma_read_ctrl.Push():mioi.oswt)                                                                                      slc(fsm_output)(5)#4.itm                                                                                                                           5.0000  0.0000                         
    Ctrl:load:load/reg(dma_read_chnl.Pop():mioi.oswt)                                                                                       and#87.itm                                                                                                                                         2.1350  2.8650                         
    Ctrl:load:load/reg(sync12.sync_out():mioi.oswt)                                                                                         slc(fsm_output)(8)#7.itm                                                                                                                           5.0000  0.0000                         
    Ctrl:load:load/reg(while:for:len:mul:cmp.a)                                                                                             while:slc(conf1.Pop()mio_mrgout_dat.sva:mx0(95:32))(31-0).itm                                                                                      3.9700  1.0300                         
    Ctrl:load:load/reg(while:for:len:mul:cmp.b)                                                                                             while:slc(conf1.Pop()mio_mrgout_dat.sva:mx0(95:32))(63-32).itm                                                                                     3.9700  1.0300                         
    Ctrl:load:load/reg(dma_read_ctrl.Push():mioi.idat(37:32))                                                                               while:for:for:len1:while:for:for:len1:and.itm                                                                                                      2.7795  2.2205                         
    Ctrl:load:load/reg(dma_read_ctrl.Push():mioi.idat(62:38))                                                                               while:for:for:len1:qif:while:for:for:len1:qif:mux.itm                                                                                              2.6995  2.3005                         
    Ctrl:load:load/reg(dma_read_ctrl.Push():mioi.idat(30:0))                                                                                while:offset(31:1).lpi#3                                                                                                                           3.2300  1.7700                         
    Ctrl:load:load/reg(ping_pong)                                                                                                           ping_pong.lpi#3                                                                                                                                    4.1300  0.8700                         
    Ctrl:load:load/reg(conf1.Pop()mio_mrgout_dat)                                                                                           conf1.Pop():mioi.idat.mxwt                                                                                                                         2.5200  2.4800                         
    Ctrl:load:load/reg(while:for:b)                                                                                                         while:for:b:while:for:b:while:for:b:and.itm                                                                                                        3.0050  1.9950                         
    Ctrl:load:load/reg(ping_pong)#1                                                                                                         ping_pong:ping_pong:mux.itm                                                                                                                        3.5000  1.5000                         
    Ctrl:load:load/reg(while:offset(31:1))                                                                                                  while:offset:while:offset:while:offset:and.itm                                                                                                     2.7800  2.2200                         
    Ctrl:load:load/reg(while:for:len:acc.psp)                                                                                               while:for:len:acc.itm                                                                                                                              2.4150  2.5850                         
    Ctrl:load:load/reg(exit:while:for:for)                                                                                                  while:for:for:not.itm                                                                                                                              2.0767  2.9233                         
    Ctrl:load:load/reg(while:for:for:rem(31:7))                                                                                             while:for:for:rem:while:for:for:rem:mux.itm                                                                                                        3.3400  1.6600                         
    Ctrl:load:load/reg(while:for:for:for:i(10:1))                                                                                           while:for:for:for:i:while:for:for:for:i:and.itm                                                                                                    3.5000  1.5000                         
    Ctrl:load:load/reg(while:for:for:for:for:asn.itm.1)                                                                                     ping_pong.lpi#3                                                                                                                                    4.1300  0.8700                         
    Ctrl:load:load/reg(while:for:for:for:mux#1.itm.1)                                                                                       while:for:for:for:acc#1.itm                                                                                                                        3.0150  1.9850                         
    Ctrl:load:load/reg(while:for:for:for:asn#1.itm.1)                                                                                       while:for:for:for:not.itm                                                                                                                          2.6850  2.3150                         
    Ctrl:load:load/reg(while:for:for:for.stage_0)                                                                                           conf_info.read_reset_check.reset:conf_info.read_reset_check.reset:conf_info.read_reset_check.reset:not.itm                                         5.0000  0.0000                         
    Ctrl:load:load/reg(while:for:for:for.stage_0.2)                                                                                         conf_info.read_reset_check.ResetChecker:conf_info.read_reset_check.ResetChecker:and.itm                                                            4.1300  0.8700                         
    Ctrl:load:load:sync01.Pop():mioi:sync01.Pop():mio:wait_dp/reg(sync01.Pop():mioi.bcwt)                                                   while:nor.itm                                                                                                                                      1.3800  3.6200                         
    Ctrl:load:load:wait_dp/reg(sync01.Pop():mioi.ivld.oreg.rneg)                                                                            while:not#4.itm                                                                                                                                    4.1300  0.8700                         
    Ctrl:load:load:wait_dp/reg(conf1.Pop():mioi.ivld.oreg.rneg)                                                                             while:not#9.itm                                                                                                                                    2.0400  2.9600                         
    Ctrl:load:load:wait_dp/reg(dma_read_ctrl.Push():mioi.irdy.oreg.rneg)                                                                    while:for:for:not#4.itm                                                                                                                            5.0000  0.0000                         
    Ctrl:load:load:wait_dp/reg(dma_read_chnl.Pop():mioi.ivld.oreg.rneg)                                                                     while:for:for:for:dataBv:not#4.itm                                                                                                                 5.0000  0.0000                         
    Ctrl:load:load:wait_dp/reg(while:for:len:mul:cmp.z.oreg)                                                                                while:for:len:mul:cmp.z                                                                                                                           -0.0875  5.0875 (clock period exceeded) 
    Ctrl:load:load:conf1.Pop():mioi:conf1.Pop():mio:wait_dp/reg(conf1.Pop():mioi.bcwt)                                                      while:nor#2.itm                                                                                                                                    1.3800  3.6200                         
    Ctrl:load:load:conf1.Pop():mioi:conf1.Pop():mio:wait_dp/reg(conf1.Pop():mioi.idat.bfwt)                                                 conf1.Pop():mioi.idat                                                                                                                              1.9600  3.0400                         
    Ctrl:load:load:dma_read_chnl.Pop():mioi:dma_read_chnl.Pop():mio:wait_dp/reg(dma_read_chnl.Pop():mioi.bcwt)                              while:for:for:for:dataBv:nor.itm                                                                                                                   1.3800  3.6200                         
    Ctrl:load:load:dma_read_chnl.Pop():mioi:dma_read_chnl.Pop():mio:wait_dp/reg(dma_read_chnl.Pop():mioi.idat.bfwt)                         dma_read_chnl.Pop():mioi.idat                                                                                                                      4.9200  0.0800                         
    Ctrl:compute:compute/reg(in_rd_rsp.Push():mioi.iswt0)                                                                                   conf_info.read_reset_check.ResetChecker:conf_info.read_reset_check.ResetChecker:conf_info.read_reset_check.ResetChecker:not.itm                    2.4800  2.5200                         
    Ctrl:compute:compute/reg(in_wr_req.Pop():mioi.iswt0)                                                                                    conf_info.read_reset_check.ResetChecker:conf_info.read_reset_check.ResetChecker:conf_info.read_reset_check.ResetChecker:not#1.itm                  2.4800  2.5200                         
    Ctrl:compute:compute/reg(compute.flen)                                                                                                  and#606.rmff                                                                                                                                      -6.0100 11.0100 (clock period exceeded) 
    Ctrl:compute:compute/reg(sync02.Pop():mioi.oswt)                                                                                        while:for:for:for:for:dataBv_int:while:nor.itm                                                                                                     1.7700  3.2300                         
    Ctrl:compute:compute/reg(sync12.sync_in():mioi.oswt)                                                                                    slc(fsm_output)(4)#3.itm                                                                                                                           5.0000  0.0000                         
    Ctrl:compute:compute/reg(sync23.sync_out():mioi.oswt)                                                                                   slc(fsm_output)(8)#3.itm                                                                                                                           5.0000  0.0000                         
    Ctrl:compute:compute/reg(plm_in_ping.a0.a.d.data:rsci.iswt0)                                                                            and#315.rmff                                                                                                                                       0.8300  4.1700                         
    Ctrl:compute:compute/reg(plm_in_pong.a0.a.d.data:rsci.iswt0)                                                                            and#319.rmff                                                                                                                                       0.8300  4.1700                         
    Ctrl:compute:compute/reg(plm_out_ping.a0.a.d.data:rsci.iswt0)                                                                           and#323.rmff                                                                                                                                       1.9300  3.0700                         
    Ctrl:compute:compute/reg(plm_out_ping.a1.a.d.data:rsci.iswt0)                                                                           and#327.rmff                                                                                                                                       1.9300  3.0700                         
    Ctrl:compute:compute/reg(plm_out_pong.a0.a.d.data:rsci.iswt0)                                                                           and#331.rmff                                                                                                                                       1.9300  3.0700                         
    Ctrl:compute:compute/reg(plm_out_pong.a1.a.d.data:rsci.iswt0)                                                                           and#335.rmff                                                                                                                                       1.9300  3.0700                         
    Ctrl:compute:compute/reg(while:for:in_length:mul:cmp.a)                                                                                 while:slc(conf2.Pop()mio_mrgout_dat.sva:mx0(95:32))(31-0).itm                                                                                      3.9700  1.0300                         
    Ctrl:compute:compute/reg(while:for:in_length:mul:cmp.b)                                                                                 while:slc(conf2.Pop()mio_mrgout_dat.sva:mx0(95:32))(63-32).itm                                                                                     3.9700  1.0300                         
    Ctrl:compute:compute/reg(in_rd_rsp.Push():mioi.idat(31:0))                                                                              plm_in_ping.a0.a.d.data:plm_in_ping.a0.a.d.data:mux.itm                                                                                           -0.5100  5.5100 (clock period exceeded) 
    Ctrl:compute:compute/reg(in_rd_rsp.Push():mioi.idat(63:32))                                                                             plm_in_ping.a1.a.d.data:plm_in_ping.a1.a.d.data:mux.itm                                                                                           -0.5100  5.5100 (clock period exceeded) 
    Ctrl:compute:compute/reg(plm_out_ping.a0.a.d.data:rsci.din_d)                                                                           while:for:for:for:if#1:acc:mux.rmff                                                                                                                2.4000  2.6000                         
    Ctrl:compute:compute/reg(plm_out_ping.a0.a.d.data:rsci.w_adr_d)                                                                         ac_array_1D<FPDATA_WORD,32U>::operator[]:mux.rmff                                                                                                  2.4000  2.6000                         
    Ctrl:compute:compute/reg(plm_out_ping.a1.a.d.data:rsci.din_d)                                                                           while:for:for:for:if#1:acc:mux#1.rmff                                                                                                              2.4000  2.6000                         
    Ctrl:compute:compute/reg(plm_out_ping.a1.a.d.data:rsci.w_adr_d)                                                                         ac_array_1D<FPDATA_WORD,32U>::operator[]:mux#1.rmff                                                                                                2.4000  2.6000                         
    Ctrl:compute:compute/reg(plm_out_pong.a0.a.d.data:rsci.din_d)                                                                           while:for:for:for:if#1:acc:mux#2.rmff                                                                                                              2.4000  2.6000                         
    Ctrl:compute:compute/reg(plm_out_pong.a0.a.d.data:rsci.w_adr_d)                                                                         ac_array_1D<FPDATA_WORD,32U>::operator[]#1:mux.rmff                                                                                                2.4000  2.6000                         
    Ctrl:compute:compute/reg(plm_out_pong.a1.a.d.data:rsci.din_d)                                                                           while:for:for:for:if#1:acc:mux#3.rmff                                                                                                              2.4000  2.6000                         
    Ctrl:compute:compute/reg(plm_out_pong.a1.a.d.data:rsci.w_adr_d)                                                                         ac_array_1D<FPDATA_WORD,32U>::operator[]#1:mux#1.rmff                                                                                              2.4000  2.6000                         
    Ctrl:compute:compute/reg(plm_in_ping.a0.a.d.data:rsci.r_adr_d)                                                                          plm_in_ping.a1.a.d.data:mux.rmff                                                                                                                   1.8500  3.1500                         
    Ctrl:compute:compute/reg(plm_in_ping.a1.a.d.data:rsci.r_adr_d)                                                                          plm_in_ping.a1.a.d.data:mux#1.rmff                                                                                                                 1.8500  3.1500                         
    Ctrl:compute:compute/reg(plm_in_pong.a0.a.d.data:rsci.r_adr_d)                                                                          plm_in_ping.a1.a.d.data:mux#2.rmff                                                                                                                 1.8500  3.1500                         
    Ctrl:compute:compute/reg(plm_in_pong.a1.a.d.data:rsci.r_adr_d)                                                                          plm_in_ping.a1.a.d.data:mux#3.rmff                                                                                                                 1.8500  3.1500                         
    Ctrl:compute:compute/reg(while:for:for:for:if#1:if:asn)                                                                                 while:for:for:vec_idx(0).sva                                                                                                                       3.5800  1.4200                         
    Ctrl:compute:compute/reg(while:for:for:for:if#1:else:asn)                                                                               while:for:for:vec_idx(0).sva                                                                                                                       3.5800  1.4200                         
    Ctrl:compute:compute/reg(while:for:for:for:if#1:asn)                                                                                    out_ping_pong.lpi#2                                                                                                                                3.5800  1.4200                         
    Ctrl:compute:compute/reg(while:for:for:for:while:for:for:for:if#1:nor.svs.st)                                                           nor#107.cse                                                                                                                                        1.0800  3.9200                         
    Ctrl:compute:compute/reg(while:for:for:for:asn)                                                                                         ping_pong.lpi#3                                                                                                                                    3.5800  1.4200                         
    Ctrl:compute:compute/reg(while:for:for:for:if#1:if:asn.itm.1)                                                                           while:for:for:for:if#1:if:asn.itm                                                                                                                  4.6800  0.3200                         
    Ctrl:compute:compute/reg(while:for:for:for:if#1:else:asn.itm.1)                                                                         while:for:for:for:if#1:else:asn.itm                                                                                                                4.6800  0.3200                         
    Ctrl:compute:compute/reg(while:for:for:for:if#1:asn.itm.1)                                                                              while:for:for:for:if#1:asn.itm                                                                                                                     4.1300  0.8700                         
    Ctrl:compute:compute/reg(while:for:for:for:while:for:for:for:if#1:nor.svs.st.1)                                                         while:for:for:for:while:for:for:for:if#1:nor.svs.st                                                                                                3.5800  1.4200                         
    Ctrl:compute:compute/reg(exit:while:for:for:for.sva.st.1)                                                                               reg(while:for:for:for:asn#5).cse                                                                                                                  -3.6500  8.6500 (clock period exceeded) 
    Ctrl:compute:compute/reg(while:for:for:for.stage_en#2)                                                                                  while:for:for:for:and#7.tmp                                                                                                                       -6.0100 11.0100 (clock period exceeded) 
    Ctrl:compute:compute/reg(while:for:for:for.stage_en#4)                                                                                  while:for:for:for.stage_en#4:mx1w0                                                                                                                -3.1000  8.1000 (clock period exceeded) 
    Ctrl:compute:compute/reg(ping_pong)                                                                                                     ping_pong.lpi#3                                                                                                                                    3.5800  1.4200                         
    Ctrl:compute:compute/reg(out_ping_pong)                                                                                                 out_ping_pong:or.itm                                                                                                                               0.2800  4.7200                         
    Ctrl:compute:compute/reg(conf2.Pop()mio_mrgout_dat)                                                                                     conf2.Pop():mioi.idat.mxwt                                                                                                                         2.5200  2.4800                         
    Ctrl:compute:compute/reg(while:for:b)                                                                                                   while:for:b:while:for:b:while:for:b:and.itm                                                                                                        3.0050  1.9950                         
    Ctrl:compute:compute/reg(ping_pong)#1                                                                                                   ping_pong:ping_pong:mux.itm                                                                                                                        4.6000  0.4000                         
    Ctrl:compute:compute/reg(out_ping_pong)#1                                                                                               out_ping_pong:out_ping_pong:mux.itm                                                                                                                2.6850  2.3150                         
    Ctrl:compute:compute/reg(exit:while:for:for)                                                                                            while:for:for:not.itm                                                                                                                              2.1567  2.8433                         
    Ctrl:compute:compute/reg(while:for:for:in_rem(31:7))                                                                                    while:for:for:in_rem:while:for:for:in_rem:mux.itm                                                                                                  3.3400  1.6600                         
    Ctrl:compute:compute/reg(while:for:in_length)                                                                                           while:for:in_length:slc(while:for:in_length:mul:cmp.z.oreg)(6-0).itm                                                                               4.6800  0.3200                         
    Ctrl:compute:compute/reg(while:for:for:in_len:slc()(32).svs)                                                                            while:for:for:in_len:acc.itm(32)                                                                                                                   2.7650  2.2350                         
    Ctrl:compute:compute/reg(while:for:for:in_len:_qr(6:0).lpi#3.dfm)                                                                       while:for:for:in_len:while:for:for:in_len:and.itm                                                                                                  2.7650  2.2350                         
    Ctrl:compute:compute/reg(while:for:for:for:asn#5)                                                                                       while:for:for:for:not#43.itm                                                                                                                       3.3000  1.7000                         
    Ctrl:compute:compute/reg(while:for:for:for:i(10:1))                                                                                     while:for:for:for:i:while:for:for:for:i:and.itm                                                                                                    3.0950  1.9050                         
    Ctrl:compute:compute/reg(while:for:for:vec_idx(0))                                                                                      conf_info.read_reset_check.ResetChecker:conf_info.read_reset_check.ResetChecker:and#1.itm                                                          3.9000  1.1000                         
    Ctrl:compute:compute/reg(while:for:for:vec_indx(31:1))                                                                                  while:for:for:vec_indx:while:for:for:vec_indx:and.itm                                                                                              3.9000  1.1000                         
    Ctrl:compute:compute/reg(while:for:for:for.stage_v)                                                                                     while:for:for:for:for:dataBv_int:while:for:for:for:for:dataBv_int:or.itm                                                                           3.9000  1.1000                         
    Ctrl:compute:compute/reg(while:for:for:for.stage_0)                                                                                     while:for:for:for:for:dataBv_int:while:for:for:for:for:dataBv_int:while:for:for:for:for:dataBv_int:while:for:for:for:not.itm                       1.3800  3.6200                         
    Ctrl:compute:compute/reg(while:for:for:for.stage_v#1)                                                                                   while:for:for:for.stage_v#1:mx0c1                                                                                                                  0.8300  4.1700                         
    Ctrl:compute:compute/reg(while:for:for:for.stage_v#2)                                                                                   conf_info.read_reset_check.ResetChecker:conf_info.read_reset_check.ResetChecker:conf_info.read_reset_check.ResetChecker:while:for:for:for:not.itm  1.3800  3.6200                         
    Ctrl:compute:compute/reg(while:for:for:vec_num)                                                                                         while:for:for:vec_num:while:for:for:vec_num:and.itm                                                                                                2.7650  2.2350                         
    Ctrl:compute:compute/reg(ac_array_1D<FPDATA_WORD,32U>::operator[]:slc(ac_array_1D<FPDATA_WORD,32U>::operator[]:idx)(4-0)#2.itm.1)       while:for:for:vec_num:slc(while:for:for:vec_num.sva)(4-0)#1.itm                                                                                    4.6800  0.3200                         
    Ctrl:compute:compute/reg(while:for:for:for.stage_0.1)                                                                                   while:for:for:for:for:dataBv_int:while:for:for:for:for:dataBv_int:or#2.itm                                                                         4.1300  0.8700                         
    Ctrl:compute:compute/reg(while:for:for:for.stage_0.2)                                                                                   conf_info.read_reset_check.ResetChecker:conf_info.read_reset_check.ResetChecker:and#4.itm                                                          3.9000  1.1000                         
    Ctrl:compute:compute/reg(while:for:for:for:while:for:for:for:if#1:nor.svs)                                                              nor#107.cse                                                                                                                                        1.0800  3.9200                         
    Ctrl:compute:compute/reg(exit:while:for:for:for)                                                                                        while:for:for:for:not#15.itm                                                                                                                       3.3000  1.7000                         
    Ctrl:compute:compute/reg(while:for:for:for:mux#6)                                                                                       while:for:for:for:if#1:while:for:for:for:if#1:mux.itm                                                                                              1.0000  4.0000                         
    Ctrl:compute:compute/reg(while:for:for:vec_indx(31:1))#1                                                                                while:for:for:vec_indx(31:1).sva#2                                                                                                                 0.5300  4.4700                         
    Ctrl:compute:compute:sync02.Pop():mioi:sync02.Pop():mio:wait_dp/reg(sync02.Pop():mioi.bcwt)                                             while:nor.itm                                                                                                                                     -4.3600  9.3600 (clock period exceeded) 
    Ctrl:compute:compute:wait_dp/reg(sync02.Pop():mioi.ivld.oreg.rneg)                                                                      while:not#4.itm                                                                                                                                    4.1300  0.8700                         
    Ctrl:compute:compute:wait_dp/reg(conf2.Pop():mioi.ivld.oreg.rneg)                                                                       while:not#9.itm                                                                                                                                    2.0400  2.9600                         
    Ctrl:compute:compute:wait_dp/reg(in_rd_rsp.Push():mioi.irdy.oreg.rneg)                                                                  while:for:for:for:not#4.itm                                                                                                                        5.0000  0.0000                         
    Ctrl:compute:compute:wait_dp/reg(in_wr_req.Pop():mioi.ivld.oreg.rneg)                                                                   while:for:for:for:if#1:acc:not#4.itm                                                                                                               5.0000  0.0000                         
    Ctrl:compute:compute:wait_dp/reg(while:for:in_length:mul:cmp.z.oreg)                                                                    while:for:in_length:mul:cmp.z                                                                                                                     -0.0875  5.0875 (clock period exceeded) 
    Ctrl:compute:compute:conf2.Pop():mioi:conf2.Pop():mio:wait_dp/reg(conf2.Pop():mioi.bcwt)                                                while:nor#2.itm                                                                                                                                   -4.3600  9.3600 (clock period exceeded) 
    Ctrl:compute:compute:conf2.Pop():mioi:conf2.Pop():mio:wait_dp/reg(conf2.Pop():mioi.idat.bfwt)                                           conf2.Pop():mioi.idat                                                                                                                              1.9600  3.0400                         
    Ctrl:compute:compute:in_rd_rsp.Push():mioi:in_rd_rsp.Push():mio:wait_dp/reg(in_rd_rsp.Push():mioi.bcwt)                                 while:for:for:for:nor.itm                                                                                                                         -4.3600  9.3600 (clock period exceeded) 
    Ctrl:compute:compute:in_wr_req.Pop():mioi:in_wr_req.Pop():mio:wait_dp/reg(in_wr_req.Pop():mioi.bcwt)                                    while:for:for:for:if#1:acc:nor.itm                                                                                                                -4.3600  9.3600 (clock period exceeded) 
    Ctrl:compute:compute:in_wr_req.Pop():mioi:in_wr_req.Pop():mio:wait_dp/reg(in_wr_req.Pop():mioi.idat.bfwt)                               in_wr_req.Pop():mioi.idat                                                                                                                          4.9200  0.0800                         
    Ctrl:compute:compute:plm_in_ping.a0.a.d.data:rsci#1:plm_in_ping.a0.a.d.data:rsc.@:wait_dp/reg(plm_in_ping.a0.a.d.data:rsci.bcwt)        plm_in_ping.a0.a.d.data:nor.itm                                                                                                                   -4.3600  9.3600 (clock period exceeded) 
    Ctrl:compute:compute:plm_in_ping.a0.a.d.data:rsci#1:plm_in_ping.a0.a.d.data:rsc.@:wait_dp/reg(plm_in_ping.a0.a.d.data:rsci.qout_d.bfwt) plm_in_ping.a0.a.d.data:rsci.qout_d                                                                                                                4.6600  0.3400                         
    Ctrl:compute:compute:plm_in_ping.a1.a.d.data:rsci#1:plm_in_ping.a1.a.d.data:rsc.@:wait_dp/reg(plm_in_ping.a1.a.d.data:rsci.bcwt)        plm_in_ping.a1.a.d.data:nor.itm                                                                                                                   -4.3600  9.3600 (clock period exceeded) 
    Ctrl:compute:compute:plm_in_ping.a1.a.d.data:rsci#1:plm_in_ping.a1.a.d.data:rsc.@:wait_dp/reg(plm_in_ping.a1.a.d.data:rsci.qout_d.bfwt) plm_in_ping.a1.a.d.data:rsci.qout_d                                                                                                                4.6600  0.3400                         
    Ctrl:compute:compute:plm_in_pong.a0.a.d.data:rsci#1:plm_in_pong.a0.a.d.data:rsc.@:wait_dp/reg(plm_in_pong.a0.a.d.data:rsci.bcwt)        plm_in_pong.a0.a.d.data:nor.itm                                                                                                                   -4.3600  9.3600 (clock period exceeded) 
    Ctrl:compute:compute:plm_in_pong.a0.a.d.data:rsci#1:plm_in_pong.a0.a.d.data:rsc.@:wait_dp/reg(plm_in_pong.a0.a.d.data:rsci.qout_d.bfwt) plm_in_pong.a0.a.d.data:rsci.qout_d                                                                                                                4.6600  0.3400                         
    Ctrl:compute:compute:plm_in_pong.a1.a.d.data:rsci#1:plm_in_pong.a1.a.d.data:rsc.@:wait_dp/reg(plm_in_pong.a1.a.d.data:rsci.bcwt)        plm_in_pong.a1.a.d.data:nor.itm                                                                                                                   -4.3600  9.3600 (clock period exceeded) 
    Ctrl:compute:compute:plm_in_pong.a1.a.d.data:rsci#1:plm_in_pong.a1.a.d.data:rsc.@:wait_dp/reg(plm_in_pong.a1.a.d.data:rsci.qout_d.bfwt) plm_in_pong.a1.a.d.data:rsci.qout_d                                                                                                                4.6600  0.3400                         
    Ctrl:compute:compute:plm_out_ping.a0.a.d.data:rsci#1:plm_out_ping.a0.a.d.data:rsc.@:wait_dp/reg(plm_out_ping.a0.a.d.data:rsci.bcwt)     while:for:for:for:if#1:if:nor.itm                                                                                                                 -4.3600  9.3600 (clock period exceeded) 
    Ctrl:compute:compute:plm_out_ping.a1.a.d.data:rsci#1:plm_out_ping.a1.a.d.data:rsc.@:wait_dp/reg(plm_out_ping.a1.a.d.data:rsci.bcwt)     while:for:for:for:if#1:if:nor#2.itm                                                                                                               -4.3600  9.3600 (clock period exceeded) 
    Ctrl:compute:compute:plm_out_pong.a0.a.d.data:rsci#1:plm_out_pong.a0.a.d.data:rsc.@:wait_dp/reg(plm_out_pong.a0.a.d.data:rsci.bcwt)     while:for:for:for:if#1:else:nor.itm                                                                                                               -4.3600  9.3600 (clock period exceeded) 
    Ctrl:compute:compute:plm_out_pong.a1.a.d.data:rsci#1:plm_out_pong.a1.a.d.data:rsc.@:wait_dp/reg(plm_out_pong.a1.a.d.data:rsci.bcwt)     while:for:for:for:if#1:else:nor#2.itm                                                                                                             -4.3600  9.3600 (clock period exceeded) 
    Ctrl:compute:compute:staller/reg(compute.flen_shf)                                                                                      compute.flen_shf(0)                                                                                                                               -0.2700  5.2700 (clock period exceeded) 
    Ctrl:compute:compute:staller/reg(compute.flen_shf)#1                                                                                    and.itm                                                                                                                                           -9.8600 14.8600 (clock period exceeded) 
    Ctrl:compute:compute:staller/reg(compute.wten)                                                                                          not#4.itm                                                                                                                                         -7.1100 12.1100 (clock period exceeded) 
    Ctrl:store:store/reg(acc_done)                                                                                                          while:for:for:for:for:dataBv_int:while:for:for:for:for:dataBv_int:while:for:for:for:for:dataBv_int:not.itm                                         5.0000  0.0000                         
    Ctrl:store:store/reg(sync03.Pop():mioi.oswt)                                                                                            while:for:for:for:for:dataBv_int:while:not.itm                                                                                                     5.0000  0.0000                         
    Ctrl:store:store/reg(sync23.sync_in():mioi.oswt)                                                                                        slc(fsm_output)(7)#7.itm                                                                                                                           5.0000  0.0000                         
    Ctrl:store:store/reg(dma_write_ctrl.Push():mioi.oswt)                                                                                   slc(fsm_output)(8)#1.itm                                                                                                                           5.0000  0.0000                         
    Ctrl:store:store/reg(dma_write_chnl.Push():mioi.oswt)                                                                                   and#73.itm                                                                                                                                         4.1300  0.8700                         
    Ctrl:store:store/reg(plm_out_ping.a0.a.d.data:rsci.oswt)                                                                                and#75.rmff                                                                                                                                        3.0300  1.9700                         
    Ctrl:store:store/reg(plm_out_ping.a1.a.d.data:rsci.oswt)                                                                                and#77.rmff                                                                                                                                        3.0300  1.9700                         
    Ctrl:store:store/reg(plm_out_pong.a0.a.d.data:rsci.oswt)                                                                                and#79.rmff                                                                                                                                        3.5800  1.4200                         
    Ctrl:store:store/reg(plm_out_pong.a1.a.d.data:rsci.oswt)                                                                                and#81.rmff                                                                                                                                        3.5800  1.4200                         
    Ctrl:store:store/reg(while:store_offset:mul#1:cmp.a)                                                                                    while:store_offset:while:store_offset:and#1.itm                                                                                                    3.5000  1.5000                         
    Ctrl:store:store/reg(while:store_offset:mul#1:cmp.a)#1                                                                                  while:store_offset:mux#2.itm                                                                                                                       3.9700  1.0300                         
    Ctrl:store:store/reg(while:store_offset:mul#1:cmp.b)                                                                                    while:store_offset:while:store_offset:and.itm                                                                                                      3.5000  1.5000                         
    Ctrl:store:store/reg(while:store_offset:mul#1:cmp.b)#1                                                                                  while:store_offset:mux#3.itm                                                                                                                       2.3350  2.6650                         
    Ctrl:store:store/reg(dma_write_ctrl.Push():mioi.idat(36:32))                                                                            while:for:for:len:_qr(5:1).lpi#3.dfm                                                                                                               3.7000  1.3000                         
    Ctrl:store:store/reg(dma_write_ctrl.Push():mioi.idat(62:37))                                                                            while:for:for:len:_qr(31:6).lpi#3.dfm                                                                                                              3.7000  1.3000                         
    Ctrl:store:store/reg(dma_write_ctrl.Push():mioi.idat(30:0))                                                                             while:offset(31:1).lpi#3                                                                                                                           3.7000  1.3000                         
    Ctrl:store:store/reg(dma_write_chnl.Push():mioi.idat(31:0))                                                                             while:for:for:for:dataBv.sva#1(31:0)#1                                                                                                             4.6800  0.3200                         
    Ctrl:store:store/reg(dma_write_chnl.Push():mioi.idat(63:32))                                                                            while:for:for:for:dataBv.sva#1(63:32)#1                                                                                                            4.6800  0.3200                         
    Ctrl:store:store/reg(ping_pong)                                                                                                         ping_pong.lpi#2                                                                                                                                    3.0300  1.9700                         
    Ctrl:store:store/reg(conf3.Pop()mio_mrgout_dat)                                                                                         while:slc(conf3.Pop():mioi.idat.mxwt)(31-0)#1.itm                                                                                                  4.0500  0.9500                         
    Ctrl:store:store/reg(while:length:acc.psp)                                                                                              while:length:acc.itm                                                                                                                               2.7000  2.3000                         
    Ctrl:store:store/reg(while:for:slc()(32)#1)                                                                                             while:for:slc(while:for:acc#2)(32).itm                                                                                                             2.6700  2.3300                         
    Ctrl:store:store/reg(while:for:b)                                                                                                       while:for:b:while:for:b:while:for:b:and.itm                                                                                                        3.0050  1.9950                         
    Ctrl:store:store/reg(ping_pong)#1                                                                                                       ping_pong:ping_pong:mux.itm                                                                                                                        1.4172  3.5828                         
    Ctrl:store:store/reg(while:offset(31:1))                                                                                                while:offset:while:offset:mux.itm                                                                                                                  3.2500  1.7500                         
    Ctrl:store:store/reg(while:for:for:rem(31:6))                                                                                           while:for:for:rem:while:for:for:rem:mux.itm                                                                                                        3.3250  1.6750                         
    Ctrl:store:store/reg(while:for:for:len:_qr(31:6).lpi#3.dfm)                                                                             while:for:for:len:qif:while:for:for:len:qif:mux.itm                                                                                                2.6995  2.3005                         
    Ctrl:store:store/reg(while:for:for:len:_qr(5:1).lpi#3.dfm)                                                                              while:for:for:len:_qr(5:1).lpi#3.dfm:mx0w0                                                                                                         1.8795  3.1205                         
    Ctrl:store:store/reg(while:for:for:for:slc()(32)#1)                                                                                     while:for:for:for:slc(while:for:for:for:acc#3)(32).itm                                                                                             1.4145  3.5855                         
    Ctrl:store:store/reg(while:for:for:for:i(7:1))                                                                                          while:for:for:for:i:while:for:for:for:i:while:for:for:for:i:and.itm                                                                                3.1400  1.8600                         
    Ctrl:store:store/reg(while:for:for:for:dataBv.sva#1(63:32)#1)                                                                           while:for:for:for:for:while:for:for:for:for:mux1h.ctmp#1                                                                                           4.0500  0.9500                         
    Ctrl:store:store/reg(while:for:for:for:dataBv.sva#1(31:0)#1)                                                                            while:for:for:for:for:while:for:for:for:for:mux1h.ctmp#1                                                                                           4.0500  0.9500                         
    Ctrl:store:store/reg(while:for:for:for:for:k(1))                                                                                        while:for:for:for:for:k:while:for:for:for:for:k:and.itm                                                                                            4.1300  0.8700                         
    Ctrl:store:store/reg(while:for:for:out_idx(6:0))                                                                                        while:for:for:for:i:while:for:for:for:i:while:for:for:for:i:and#1.itm                                                                              3.1400  1.8600                         
    Ctrl:store:store/reg(while:for:for:for:for:k(0))                                                                                        while:for:for:for:for:k:while:for:for:for:for:k:while:for:for:for:for:k:and.itm                                                                    4.1300  0.8700                         
    Ctrl:store:store:sync03.Pop():mioi:sync03.Pop():mio:wait_dp/reg(sync03.Pop():mioi.bcwt)                                                 while:nor.itm                                                                                                                                      1.9300  3.0700                         
    Ctrl:store:store:wait_dp/reg(sync03.Pop():mioi.ivld.oreg.rneg)                                                                          while:not#4.itm                                                                                                                                    4.1300  0.8700                         
    Ctrl:store:store:wait_dp/reg(conf3.Pop():mioi.ivld.oreg.rneg)                                                                           while:not#9.itm                                                                                                                                    2.6700  2.3300                         
    Ctrl:store:store:wait_dp/reg(dma_write_ctrl.Push():mioi.irdy.oreg.rneg)                                                                 while:for:for:not#4.itm                                                                                                                            5.0000  0.0000                         
    Ctrl:store:store:wait_dp/reg(dma_write_chnl.Push():mioi.irdy.oreg.rneg)                                                                 while:for:for:for:not#4.itm                                                                                                                        5.0000  0.0000                         
    Ctrl:store:store:wait_dp/reg(while:store_offset:mul#1:cmp.z.oreg)                                                                       while:store_offset:mul#1:cmp.z                                                                                                                    -0.0875  5.0875 (clock period exceeded) 
    Ctrl:store:store:conf3.Pop():mioi:conf3.Pop():mio:wait_dp/reg(conf3.Pop():mioi.bcwt)                                                    while:nor#2.itm                                                                                                                                    1.9300  3.0700                         
    Ctrl:store:store:conf3.Pop():mioi:conf3.Pop():mio:wait_dp/reg(conf3.Pop():mioi.idat.bfwt)                                               conf3.Pop():mioi.idat                                                                                                                              2.5900  2.4100                         
    Ctrl:store:store:plm_out_ping.a0.a.d.data:rsci#1:plm_out_ping.a0.a.d.data:rsc.@:wait_dp/reg(plm_out_ping.a0.a.d.data:rsci.bcwt)         plm_out_ping.a0.a.d.data:nor.itm                                                                                                                   1.9300  3.0700                         
    Ctrl:store:store:plm_out_ping.a0.a.d.data:rsci#1:plm_out_ping.a0.a.d.data:rsc.@:wait_dp/reg(plm_out_ping.a0.a.d.data:rsci.qout_d.bfwt)  plm_out_ping.a0.a.d.data:rsci.qout_d                                                                                                               4.1900  0.8100                         
    Ctrl:store:store:plm_out_ping.a1.a.d.data:rsci#1:plm_out_ping.a1.a.d.data:rsc.@:wait_dp/reg(plm_out_ping.a1.a.d.data:rsci.bcwt)         plm_out_ping.a1.a.d.data:nor.itm                                                                                                                   1.9300  3.0700                         
    Ctrl:store:store:plm_out_ping.a1.a.d.data:rsci#1:plm_out_ping.a1.a.d.data:rsc.@:wait_dp/reg(plm_out_ping.a1.a.d.data:rsci.qout_d.bfwt)  plm_out_ping.a1.a.d.data:rsci.qout_d                                                                                                               4.1900  0.8100                         
    Ctrl:store:store:plm_out_pong.a0.a.d.data:rsci#1:plm_out_pong.a0.a.d.data:rsc.@:wait_dp/reg(plm_out_pong.a0.a.d.data:rsci.bcwt)         plm_out_pong.a0.a.d.data:nor.itm                                                                                                                   1.9300  3.0700                         
    Ctrl:store:store:plm_out_pong.a0.a.d.data:rsci#1:plm_out_pong.a0.a.d.data:rsc.@:wait_dp/reg(plm_out_pong.a0.a.d.data:rsci.qout_d.bfwt)  plm_out_pong.a0.a.d.data:rsci.qout_d                                                                                                               4.1900  0.8100                         
    Ctrl:store:store:plm_out_pong.a1.a.d.data:rsci#1:plm_out_pong.a1.a.d.data:rsc.@:wait_dp/reg(plm_out_pong.a1.a.d.data:rsci.bcwt)         plm_out_pong.a1.a.d.data:nor.itm                                                                                                                   1.9300  3.0700                         
    Ctrl:store:store:plm_out_pong.a1.a.d.data:rsci#1:plm_out_pong.a1.a.d.data:rsc.@:wait_dp/reg(plm_out_pong.a1.a.d.data:rsci.qout_d.bfwt)  plm_out_pong.a1.a.d.data:rsci.qout_d                                                                                                               4.1900  0.8100                         
    Ctrl:store:store:staller/reg(store.wten)                                                                                                not.itm                                                                                                                                            1.3800  3.6200                         
    Ctrl                                                                                                                                    acc_done                                                                                                                                           4.6800  0.3200                         
    Ctrl                                                                                                                                    conf_info.rdy                                                                                                                                      4.6800  0.3200                         
    Ctrl                                                                                                                                    dma_read_chnl.rdy                                                                                                                                  4.1300  0.8700                         
    Ctrl                                                                                                                                    dma_write_chnl.val                                                                                                                                 4.6800  0.3200                         
    Ctrl                                                                                                                                    dma_write_chnl.msg                                                                                                                                 4.6800  0.3200                         
    Ctrl                                                                                                                                    dma_read_ctrl.val                                                                                                                                  4.6800  0.3200                         
    Ctrl                                                                                                                                    dma_read_ctrl.msg                                                                                                                                  4.6800  0.3200                         
    Ctrl                                                                                                                                    dma_write_ctrl.val                                                                                                                                 4.6800  0.3200                         
    Ctrl                                                                                                                                    dma_write_ctrl.msg                                                                                                                                 4.6800  0.3200                         
    Ctrl                                                                                                                                    conf_info_out.val                                                                                                                                  4.1300  0.8700                         
    Ctrl                                                                                                                                    conf_info_out.msg                                                                                                                                  4.1300  0.8700                         
    Ctrl                                                                                                                                    sync00.val                                                                                                                                         4.1300  0.8700                         
    Ctrl                                                                                                                                    sync00.msg                                                                                                                                         4.1300  0.8700                         
    Ctrl                                                                                                                                    in_wr_req.rdy                                                                                                                                      4.1300  0.8700                         
    Ctrl                                                                                                                                    in_rd_rsp.val                                                                                                                                      4.1300  0.8700                         
    Ctrl                                                                                                                                    in_rd_rsp.msg                                                                                                                                      4.1300  0.8700                         
    
Operator Bitwidth Summary
  Operation                                                                  Size (bits) Count 
  -------------------------------------------------------------------------- ----------- -----
  Connections::conn_sync::chan::sync_in_44badb10820ce00b7eb3a1b1eb3ad3c3493                    
  -                                                                                    0     2 
  Connections::conn_sync::chan::sync_out_44badb10820ce00b7eb3a1b1eb3ad3c3493                   
  -                                                                                    0     2 
  add                                                                                          
  -                                                                                    7     2 
  -                                                                                   33    19 
  -                                                                                   32     2 
  -                                                                                   31     6 
  -                                                                                   26     1 
  -                                                                                   25     2 
  -                                                                                   16     3 
  -                                                                                   10     2 
  and                                                                                          
  -                                                                                    7     3 
  -                                                                                    6     1 
  -                                                                                    5     1 
  -                                                                                   32     1 
  -                                                                                   31     2 
  -                                                                                   16     3 
  -                                                                                   10     2 
  -                                                                                    1   255 
  equal                                                                                        
  -                                                                                    1     1 
  mio_in_read                                                                                  
  -                                                                                    0     9 
  mio_out_write                                                                                
  -                                                                                    0    12 
  mul                                                                                          
  -                                                                                   32     3 
  mux                                                                                          
  -                                                                                   96     3 
  -                                                                                    9     4 
  -                                                                                   64     3 
  -                                                                                    5     4 
  -                                                                                   32    16 
  -                                                                                   31     3 
  -                                                                                   26     3 
  -                                                                                   25     5 
  -                                                                                   10     1 
  -                                                                                    1    20 
  mux1h                                                                                        
  -                                                                                    1     2 
  nand                                                                                         
  -                                                                                    1    21 
  nor                                                                                          
  -                                                                                    1   105 
  not                                                                                          
  -                                                                                    7     3 
  -                                                                                    6     3 
  -                                                                                    5     4 
  -                                                                                   32     7 
  -                                                                                   31     1 
  -                                                                                   26     4 
  -                                                                                   25     7 
  -                                                                                    1   250 
  or                                                                                           
  -                                                                                    1   116 
  read_ram                                                                                     
  -                                                                                   32     8 
  reg                                                                                          
  -                                                                                   96     6 
  -                                                                                    9     4 
  -                                                                                    7     4 
  -                                                                                   64     1 
  -                                                                                    6     1 
  -                                                                                    5     7 
  -                                                                                   32    28 
  -                                                                                   31    10 
  -                                                                                   26     3 
  -                                                                                   25     3 
  -                                                                                   16     3 
  -                                                                                   10     3 
  -                                                                                    1   125 
  
End of Report
