-- Catapult Ultra Synthesis: Report                                              
-- ------------------------- ---------------------------------------------------
-- Version:                  2024.2/1130128 Production Release                   
-- Build Date:               Mon Aug 26 21:59:12 PDT 2024                        
                                                                                 
-- Generated by:             gtombesi@corsica                                    
-- Generated date:           Wed Apr 30 13:21:41 EDT 2025                        

Solution Settings: Ctrl.v1
  Current state: schedule
  Project: Catapult

Design Input Files Specified
  $PROJECT_HOME/../../tb/testbench.cpp
  $PROJECT_HOME/../../tb/testbench.hpp
  $PROJECT_HOME/../../tb/sc_main.cpp
  $PROJECT_HOME/../../tb/system.hpp
  $PROJECT_HOME/../../inc/macfin2_data_types.h
    $MGC_HOME/shared/include/ac_int.h
    $MGC_HOME/shared/include/ac_fixed.h
    $PROJECT_HOME/../../inc/macfin2_specs.h
      $MGC_HOME/shared/include/mc_connections.h
        $MGC_HOME/shared/include/systemc.h
          $MGC_HOME/shared/include/systemc
            $MGC_HOME/shared/include/sysc/kernel/sc_cmnhdr.h
            $MGC_HOME/shared/include/sysc/kernel/sc_externs.h
            $MGC_HOME/shared/include/sysc/kernel/sc_except.h
              $MGC_HOME/shared/include/sysc/kernel/sc_cmnhdr.h
            $MGC_HOME/shared/include/sysc/kernel/sc_module.h
              $MGC_HOME/shared/include/sysc/kernel/sc_kernel_ids.h
                $MGC_HOME/shared/include/sysc/utils/sc_report.h
                  $MGC_HOME/shared/include/sysc/kernel/sc_cmnhdr.h
                  $MGC_HOME/shared/include/sysc/utils/sc_report_handler.h
              $MGC_HOME/shared/include/sysc/kernel/sc_process.h
                $MGC_HOME/shared/include/sysc/kernel/sc_constants.h
                $MGC_HOME/shared/include/sysc/kernel/sc_object.h
                  $MGC_HOME/shared/include/sysc/kernel/sc_attribute.h
                    $MGC_HOME/shared/include/sysc/kernel/sc_cmnhdr.h
                $MGC_HOME/shared/include/sysc/communication/sc_export.h
                  $MGC_HOME/shared/include/sysc/communication/sc_communication_ids.h
                  $MGC_HOME/shared/include/sysc/communication/sc_interface.h
                    $MGC_HOME/shared/include/sysc/kernel/sc_cmnhdr.h
                  $MGC_HOME/shared/include/sysc/utils/sc_typeindex.h
                    $MGC_HOME/shared/include/sysc/kernel/sc_cmnhdr.h
              $MGC_HOME/shared/include/sysc/kernel/sc_module_name.h
              $MGC_HOME/shared/include/sysc/kernel/sc_sensitive.h
              $MGC_HOME/shared/include/sysc/kernel/sc_time.h
                $MGC_HOME/shared/include/sysc/datatypes/int/sc_nbdefs.h
                  $MGC_HOME/shared/include/sysc/kernel/sc_cmnhdr.h
                $MGC_HOME/shared/include/sysc/datatypes/fx/scfx_ieee.h
                  $MGC_HOME/shared/include/sysc/datatypes/fx/sc_fxdefs.h
                    $MGC_HOME/shared/include/sysc/kernel/sc_cmnhdr.h
                    $MGC_HOME/shared/include/sysc/utils/sc_machine.h
                      $MGC_HOME/shared/include/sysc/packages/boost/detail/endian.hpp
                    $MGC_HOME/shared/include/sysc/datatypes/fx/sc_fx_ids.h
                    $MGC_HOME/shared/include/sysc/datatypes/int/sc_nbutils.h
                      $MGC_HOME/shared/include/sysc/datatypes/bit/sc_bit_ids.h
                      $MGC_HOME/shared/include/sysc/datatypes/int/sc_int_ids.h
              $MGC_HOME/shared/include/sysc/kernel/sc_wait.h
                $MGC_HOME/shared/include/sysc/kernel/sc_simcontext.h
                  $MGC_HOME/shared/include/sysc/kernel/sc_cmnhdr.h
                  $MGC_HOME/shared/include/sysc/kernel/sc_status.h
                    $MGC_HOME/shared/include/sysc/kernel/sc_cmnhdr.h
                  $MGC_HOME/shared/include/sysc/utils/sc_hash.h
                    $MGC_HOME/shared/include/sysc/kernel/sc_simcontext.h
                  $MGC_HOME/shared/include/sysc/utils/sc_pq.h
                    $MGC_HOME/shared/include/sysc/kernel/sc_cmnhdr.h
              $MGC_HOME/shared/include/sysc/kernel/sc_wait_cthread.h
                $MGC_HOME/shared/include/sysc/datatypes/bit/sc_logic.h
                  $MGC_HOME/shared/include/sysc/kernel/sc_cmnhdr.h
                  $MGC_HOME/shared/include/sysc/kernel/sc_macros.h
                    $MGC_HOME/shared/include/sysc/kernel/sc_cmnhdr.h
                  $MGC_HOME/shared/include/sysc/utils/sc_mempool.h
                  $MGC_HOME/shared/include/sysc/datatypes/bit/sc_bit.h
              $MGC_HOME/shared/include/sysc/kernel/sc_process_handle.h
                $MGC_HOME/shared/include/sysc/kernel/sc_module.h
              $MGC_HOME/shared/include/sysc/utils/sc_list.h
                $MGC_HOME/shared/include/sysc/kernel/sc_cmnhdr.h
            $MGC_HOME/shared/include/sysc/kernel/sc_ver.h
              $MGC_HOME/shared/include/sysc/kernel/sc_cmnhdr.h
              $MGC_HOME/shared/include/sysc/communication/sc_writer_policy.h
            $MGC_HOME/shared/include/sysc/communication/sc_buffer.h
              $MGC_HOME/shared/include/sysc/communication/sc_signal.h
                $MGC_HOME/shared/include/sysc/communication/sc_port.h
                  $MGC_HOME/shared/include/sysc/kernel/sc_event.h
                    $MGC_HOME/shared/include/sysc/kernel/sc_cmnhdr.h
                $MGC_HOME/shared/include/sysc/communication/sc_prim_channel.h
                $MGC_HOME/shared/include/sysc/communication/sc_signal_ifs.h
                $MGC_HOME/shared/include/sysc/tracing/sc_trace.h
            $MGC_HOME/shared/include/sysc/communication/sc_clock.h
            $MGC_HOME/shared/include/sysc/communication/sc_clock_ports.h
              $MGC_HOME/shared/include/sysc/communication/sc_signal_ports.h
                $MGC_HOME/shared/include/sysc/communication/sc_event_finder.h
            $MGC_HOME/shared/include/sysc/communication/sc_event_queue.h
            $MGC_HOME/shared/include/sysc/communication/sc_fifo.h
              $MGC_HOME/shared/include/sysc/communication/sc_fifo_ifs.h
            $MGC_HOME/shared/include/sysc/communication/sc_fifo_ports.h
            $MGC_HOME/shared/include/sysc/communication/sc_mutex.h
              $MGC_HOME/shared/include/sysc/communication/sc_mutex_if.h
            $MGC_HOME/shared/include/sysc/communication/sc_semaphore.h
              $MGC_HOME/shared/include/sysc/communication/sc_semaphore_if.h
            $MGC_HOME/shared/include/sysc/communication/sc_signal_resolved.h
            $MGC_HOME/shared/include/sysc/communication/sc_signal_resolved_ports.h
            $MGC_HOME/shared/include/sysc/communication/sc_signal_rv.h
              $MGC_HOME/shared/include/sysc/datatypes/bit/sc_lv.h
                $MGC_HOME/shared/include/sysc/datatypes/bit/sc_lv_base.h
                  $MGC_HOME/shared/include/sysc/datatypes/bit/sc_bv_base.h
                    $MGC_HOME/shared/include/sysc/datatypes/bit/sc_bit_proxies.h
                      $MGC_HOME/shared/include/sysc/datatypes/bit/sc_proxy.h
                        $MGC_HOME/shared/include/sysc/kernel/sc_cmnhdr.h
                        $MGC_HOME/shared/include/sysc/datatypes/int/sc_signed.h
                          $MGC_HOME/shared/include/sysc/datatypes/misc/sc_value_base.h
                          $MGC_HOME/shared/include/sysc/utils/sc_temporary.h
                            $MGC_HOME/shared/include/sysc/kernel/sc_cmnhdr.h
                          $MGC_HOME/shared/include/sysc/datatypes/int/sc_length_param.h
                            $MGC_HOME/shared/include/sysc/datatypes/fx/sc_context.h
                              $MGC_HOME/shared/include/sysc/kernel/sc_cmnhdr.h
                          $MGC_HOME/shared/include/sysc/datatypes/int/sc_nbexterns.h
                          $MGC_HOME/shared/include/sysc/datatypes/int/sc_unsigned.h
                        $MGC_HOME/shared/include/sysc/datatypes/int/sc_int_base.h
                          $MGC_HOME/shared/include/sysc/kernel/sc_cmnhdr.h
                          $MGC_HOME/shared/include/sysc/datatypes/int/sc_uint_base.h
            $MGC_HOME/shared/include/sysc/communication/sc_signal_rv_ports.h
            $MGC_HOME/shared/include/sysc/datatypes/bit/sc_bv.h
            $MGC_HOME/shared/include/sysc/datatypes/int/sc_bigint.h
            $MGC_HOME/shared/include/sysc/datatypes/int/sc_biguint.h
            $MGC_HOME/shared/include/sysc/datatypes/int/sc_int.h
            $MGC_HOME/shared/include/sysc/datatypes/int/sc_uint.h
            $MGC_HOME/shared/include/sysc/datatypes/misc/sc_concatref.h
            $MGC_HOME/shared/include/sysc/utils/sc_utils_ids.h
            $MGC_HOME/shared/include/sysc/utils/sc_pvector.h
            $MGC_HOME/shared/include/sysc/utils/sc_string_view.h
              $MGC_HOME/shared/include/sysc/kernel/sc_cmnhdr.h
              $MGC_HOME/shared/include/sysc/packages/boost/utility/string_view.hpp
                $MGC_HOME/shared/include/sysc/packages/boost/config.hpp
                  $MGC_HOME/shared/include/sysc/packages/boost/config/user.hpp
                  $MGC_HOME/shared/include/sysc/packages/boost/config/select_compiler_config.hpp
                  $MGC_HOME/shared/include/sysc/packages/boost/config/compiler/gcc.hpp
                  $MGC_HOME/shared/include/sysc/packages/boost/config/select_stdlib_config.hpp
                  $MGC_HOME/shared/include/sysc/packages/boost/config/stdlib/libstdcpp3.hpp
                  $MGC_HOME/shared/include/sysc/packages/boost/config/select_platform_config.hpp
                  $MGC_HOME/shared/include/sysc/packages/boost/config/platform/linux.hpp
                    $MGC_HOME/shared/include/sysc/packages/boost/config/posix_features.hpp
                  $MGC_HOME/shared/include/sysc/packages/boost/config/suffix.hpp
                $MGC_HOME/shared/include/sysc/packages/boost/utility/string_view_fwd.hpp
            $MGC_HOME/shared/include/sysc/utils/sc_vector.h
        $MGC_HOME/shared/include/ac_sysc_macros.h
        $MGC_HOME/shared/include/ac_sysc_trace.h
        $MGC_HOME/shared/include/connections/connections.h
          $MGC_HOME/shared/include/connections/marshaller.h
            $MGC_HOME/shared/include/ccs_types.h
              $MGC_HOME/shared/include/tlm.h
                $MGC_HOME/shared/include/tlm
                  $MGC_HOME/shared/include/systemc
                  $MGC_HOME/shared/include/tlm_core/tlm_2/tlm_version.h
                  $MGC_HOME/shared/include/tlm_core/tlm_1/tlm_analysis/tlm_analysis.h
                    $MGC_HOME/shared/include/tlm_core/tlm_1/tlm_analysis/tlm_write_if.h
                      $MGC_HOME/shared/include/systemc
                    $MGC_HOME/shared/include/tlm_core/tlm_1/tlm_analysis/tlm_analysis_if.h
                    $MGC_HOME/shared/include/tlm_core/tlm_1/tlm_analysis/tlm_analysis_triple.h
                    $MGC_HOME/shared/include/tlm_core/tlm_1/tlm_analysis/tlm_analysis_port.h
                    $MGC_HOME/shared/include/tlm_core/tlm_1/tlm_analysis/tlm_analysis_fifo.h
                      $MGC_HOME/shared/include/tlm_core/tlm_1/tlm_req_rsp/tlm_channels/tlm_fifo/tlm_fifo.h
                        $MGC_HOME/shared/include/tlm_core/tlm_1/tlm_req_rsp/tlm_1_interfaces/tlm_fifo_ifs.h
                          $MGC_HOME/shared/include/tlm_core/tlm_1/tlm_req_rsp/tlm_1_interfaces/tlm_core_ifs.h
                            $MGC_HOME/shared/include/tlm_core/tlm_1/tlm_req_rsp/tlm_1_interfaces/tlm_tag.h
                        $MGC_HOME/shared/include/tlm_core/tlm_1/tlm_req_rsp/tlm_channels/tlm_fifo/circular_buffer.h
                        $MGC_HOME/shared/include/tlm_core/tlm_1/tlm_req_rsp/tlm_channels/tlm_fifo/tlm_fifo_put_get.h
                        $MGC_HOME/shared/include/tlm_core/tlm_1/tlm_req_rsp/tlm_channels/tlm_fifo/tlm_fifo_peek.h
                        $MGC_HOME/shared/include/tlm_core/tlm_1/tlm_req_rsp/tlm_channels/tlm_fifo/tlm_fifo_resize.h
                  $MGC_HOME/shared/include/tlm_core/tlm_1/tlm_req_rsp/tlm_req_rsp.h
                    $MGC_HOME/shared/include/tlm_core/tlm_1/tlm_req_rsp/tlm_1_interfaces/tlm_master_slave_ifs.h
                    $MGC_HOME/shared/include/tlm_core/tlm_1/tlm_req_rsp/tlm_channels/tlm_req_rsp_channels/tlm_req_rsp_channels.h
                      $MGC_HOME/shared/include/tlm_core/tlm_1/tlm_req_rsp/tlm_adapters/tlm_adapters.h
                      $MGC_HOME/shared/include/tlm_core/tlm_1/tlm_req_rsp/tlm_channels/tlm_req_rsp_channels/tlm_put_get_imp.h
                    $MGC_HOME/shared/include/tlm_core/tlm_1/tlm_req_rsp/tlm_ports/tlm_nonblocking_port.h
                      $MGC_HOME/shared/include/tlm_core/tlm_1/tlm_req_rsp/tlm_ports/tlm_event_finder.h
                  $MGC_HOME/shared/include/tlm_core/tlm_2/tlm_2_interfaces/tlm_2_interfaces.h
                    $MGC_HOME/shared/include/tlm_core/tlm_2/tlm_2_interfaces/tlm_dmi.h
                      $MGC_HOME/shared/include/systemc
                    $MGC_HOME/shared/include/tlm_core/tlm_2/tlm_2_interfaces/tlm_fw_bw_ifs.h
                      $MGC_HOME/shared/include/systemc
                      $MGC_HOME/shared/include/tlm_core/tlm_2/tlm_generic_payload/tlm_generic_payload.h
                        $MGC_HOME/shared/include/tlm_core/tlm_2/tlm_generic_payload/tlm_helpers.h
                        $MGC_HOME/shared/include/tlm_core/tlm_2/tlm_generic_payload/tlm_phase.h
                          $MGC_HOME/shared/include/sysc/kernel/sc_cmnhdr.h
                        $MGC_HOME/shared/include/tlm_core/tlm_2/tlm_generic_payload/tlm_gp.h
                          $MGC_HOME/shared/include/sysc/kernel/sc_cmnhdr.h
                          $MGC_HOME/shared/include/tlm_core/tlm_2/tlm_generic_payload/tlm_array.h
                        $MGC_HOME/shared/include/tlm_core/tlm_2/tlm_generic_payload/tlm_endian_conv.h
                  $MGC_HOME/shared/include/tlm_core/tlm_2/tlm_sockets/tlm_sockets.h
                    $MGC_HOME/shared/include/tlm_core/tlm_2/tlm_sockets/tlm_initiator_socket.h
                      $MGC_HOME/shared/include/tlm_core/tlm_2/tlm_sockets/tlm_base_socket_if.h
                    $MGC_HOME/shared/include/tlm_core/tlm_2/tlm_sockets/tlm_target_socket.h
                  $MGC_HOME/shared/include/tlm_core/tlm_2/tlm_quantum/tlm_quantum.h
                    $MGC_HOME/shared/include/tlm_core/tlm_2/tlm_quantum/tlm_global_quantum.h
              $MGC_HOME/shared/include/ac_sc.h
                $MGC_HOME/shared/include/ac_complex.h
                  $MGC_HOME/shared/include/ac_float.h
              $MGC_HOME/shared/include/mc_typeconv.h
            $MGC_HOME/shared/include/connections/connections_utils.h
              $MGC_HOME/shared/include/ac_assert.h
          $MGC_HOME/shared/include/connections/connections_trace.h
            $MGC_HOME/shared/include/systemc
          $MGC_HOME/shared/include/connections/message.h
        $MGC_HOME/shared/include/connections/connections_sync.h
        $MGC_HOME/shared/include/connections/connections_fifo.h
        $MGC_HOME/shared/include/connections/port_scanner.h
          $MGC_HOME/shared/include/systemc
      $PROJECT_HOME/../../../../common/matchlib_toolkit/examples/matchlib/cmod/include/nvhls_connections.h
        $PROJECT_HOME/../../../../common/matchlib_toolkit/examples/matchlib/cmod/include/nvhls_packet.h
          $PROJECT_HOME/../../../../common/matchlib_toolkit/examples/matchlib/cmod/include/nvhls_types.h
            $PROJECT_HOME/../../../../common/matchlib_toolkit/examples/matchlib/cmod/include/nvhls_int.h
              $PROJECT_HOME/../../../../common/matchlib_toolkit/examples/matchlib/cmod/include/nvhls_marshaller.h
                $MGC_HOME/shared/include/connections/marshaller.h
                  $MGC_HOME/shared/include/mc_typeconv.h
                $PROJECT_HOME/../../../../common/matchlib_toolkit/examples/matchlib/cmod/include/nvhls_assert.h
                  $PROJECT_HOME/../../../../common/matchlib_toolkit/examples/matchlib/cmod/include/hls_globals.h
                  $MGC_HOME/shared/include/ac_assert.h
          $PROJECT_HOME/../../../../common/matchlib_toolkit/examples/matchlib/cmod/include/nvhls_message.h
            $PROJECT_HOME/../../../../common/matchlib_toolkit/examples/matchlib/cmod/include/nvhls_connections_utils.h
        $PROJECT_HOME/../../../../common/matchlib_toolkit/examples/matchlib/cmod/include/nvhls_module.h
          $PROJECT_HOME/../../../../common/matchlib_toolkit/examples/matchlib/cmod/include/nvhls_trace.h
        $PROJECT_HOME/../../../../common/matchlib_toolkit/examples/matchlib/cmod/include/fifo.h
          $PROJECT_HOME/../../../../common/matchlib_toolkit/examples/matchlib/cmod/include/mem_array.h
            $PROJECT_HOME/../../../../common/matchlib_toolkit/examples/matchlib/cmod/include/nvhls_array.h
              $MGC_HOME/shared/include/ac_assert.h
            $PROJECT_HOME/../../../../common/matchlib_toolkit/examples/matchlib/cmod/include/TypeToBits.h
        $PROJECT_HOME/../../../../common/matchlib_toolkit/examples/matchlib/cmod/include/nvhls_connections_buffered_ports.h
          $PROJECT_HOME/../../../../common/matchlib_toolkit/include/ccs_p2p.h
        $PROJECT_HOME/../../../../common/matchlib_toolkit/examples/matchlib/cmod/include/nvhls_connections_network.h
          $PROJECT_HOME/../../../../common/matchlib_toolkit/examples/matchlib/cmod/include/nvhls_connections.h
      $PROJECT_HOME/../../../../common/matchlib_toolkit/examples/matchlib/cmod/include/nvhls_vector.h
        $PROJECT_HOME/../../../../common/matchlib_toolkit/examples/matchlib/cmod/include/hls_globals.h
        $PROJECT_HOME/../../../../common/matchlib_toolkit/include/ccs_p2p.h
      $PROJECT_HOME/../../../../common/inc/esp_dma_info_sysc.hpp
      $PROJECT_HOME/../../../../common/matchlib_toolkit/examples/matchlib/cmod/include/ArbitratedScratchpadDP.h
        $PROJECT_HOME/../../../../common/matchlib_toolkit/examples/matchlib/cmod/include/arbitrated_crossbar.h
          $PROJECT_HOME/../../../../common/matchlib_toolkit/examples/matchlib/cmod/include/Arbiter.h
          $PROJECT_HOME/../../../../common/matchlib_toolkit/examples/matchlib/cmod/include/one_hot_to_bin.h
          $PROJECT_HOME/../../../../common/matchlib_toolkit/examples/matchlib/cmod/include/hls_globals.h
        $PROJECT_HOME/../../../../common/matchlib_toolkit/examples/matchlib/cmod/include/crossbar.h
  $PROJECT_HOME/../../../../common/inc/esp_dma_info_sysc.hpp
    $MGC_HOME/shared/include/mc_connections.h
      $MGC_HOME/shared/include/systemc.h
        $MGC_HOME/shared/include/systemc
          $MGC_HOME/shared/include/sysc/kernel/sc_cmnhdr.h
          $MGC_HOME/shared/include/sysc/kernel/sc_externs.h
          $MGC_HOME/shared/include/sysc/kernel/sc_except.h
            $MGC_HOME/shared/include/sysc/kernel/sc_cmnhdr.h
          $MGC_HOME/shared/include/sysc/kernel/sc_module.h
            $MGC_HOME/shared/include/sysc/kernel/sc_kernel_ids.h
              $MGC_HOME/shared/include/sysc/utils/sc_report.h
                $MGC_HOME/shared/include/sysc/kernel/sc_cmnhdr.h
                $MGC_HOME/shared/include/sysc/utils/sc_report_handler.h
            $MGC_HOME/shared/include/sysc/kernel/sc_process.h
              $MGC_HOME/shared/include/sysc/kernel/sc_constants.h
              $MGC_HOME/shared/include/sysc/kernel/sc_object.h
                $MGC_HOME/shared/include/sysc/kernel/sc_attribute.h
                  $MGC_HOME/shared/include/sysc/kernel/sc_cmnhdr.h
              $MGC_HOME/shared/include/sysc/communication/sc_export.h
                $MGC_HOME/shared/include/sysc/communication/sc_communication_ids.h
                $MGC_HOME/shared/include/sysc/communication/sc_interface.h
                  $MGC_HOME/shared/include/sysc/kernel/sc_cmnhdr.h
                $MGC_HOME/shared/include/sysc/utils/sc_typeindex.h
                  $MGC_HOME/shared/include/sysc/kernel/sc_cmnhdr.h
            $MGC_HOME/shared/include/sysc/kernel/sc_module_name.h
            $MGC_HOME/shared/include/sysc/kernel/sc_sensitive.h
            $MGC_HOME/shared/include/sysc/kernel/sc_time.h
              $MGC_HOME/shared/include/sysc/datatypes/int/sc_nbdefs.h
                $MGC_HOME/shared/include/sysc/kernel/sc_cmnhdr.h
              $MGC_HOME/shared/include/sysc/datatypes/fx/scfx_ieee.h
                $MGC_HOME/shared/include/sysc/datatypes/fx/sc_fxdefs.h
                  $MGC_HOME/shared/include/sysc/kernel/sc_cmnhdr.h
                  $MGC_HOME/shared/include/sysc/utils/sc_machine.h
                    $MGC_HOME/shared/include/sysc/packages/boost/detail/endian.hpp
                  $MGC_HOME/shared/include/sysc/datatypes/fx/sc_fx_ids.h
                  $MGC_HOME/shared/include/sysc/datatypes/int/sc_nbutils.h
                    $MGC_HOME/shared/include/sysc/datatypes/bit/sc_bit_ids.h
                    $MGC_HOME/shared/include/sysc/datatypes/int/sc_int_ids.h
            $MGC_HOME/shared/include/sysc/kernel/sc_wait.h
              $MGC_HOME/shared/include/sysc/kernel/sc_simcontext.h
                $MGC_HOME/shared/include/sysc/kernel/sc_cmnhdr.h
                $MGC_HOME/shared/include/sysc/kernel/sc_status.h
                  $MGC_HOME/shared/include/sysc/kernel/sc_cmnhdr.h
                $MGC_HOME/shared/include/sysc/utils/sc_hash.h
                  $MGC_HOME/shared/include/sysc/kernel/sc_simcontext.h
                $MGC_HOME/shared/include/sysc/utils/sc_pq.h
                  $MGC_HOME/shared/include/sysc/kernel/sc_cmnhdr.h
            $MGC_HOME/shared/include/sysc/kernel/sc_wait_cthread.h
              $MGC_HOME/shared/include/sysc/datatypes/bit/sc_logic.h
                $MGC_HOME/shared/include/sysc/kernel/sc_cmnhdr.h
                $MGC_HOME/shared/include/sysc/kernel/sc_macros.h
                  $MGC_HOME/shared/include/sysc/kernel/sc_cmnhdr.h
                $MGC_HOME/shared/include/sysc/utils/sc_mempool.h
                $MGC_HOME/shared/include/sysc/datatypes/bit/sc_bit.h
            $MGC_HOME/shared/include/sysc/kernel/sc_process_handle.h
              $MGC_HOME/shared/include/sysc/kernel/sc_module.h
            $MGC_HOME/shared/include/sysc/utils/sc_list.h
              $MGC_HOME/shared/include/sysc/kernel/sc_cmnhdr.h
          $MGC_HOME/shared/include/sysc/kernel/sc_ver.h
            $MGC_HOME/shared/include/sysc/kernel/sc_cmnhdr.h
            $MGC_HOME/shared/include/sysc/communication/sc_writer_policy.h
          $MGC_HOME/shared/include/sysc/communication/sc_buffer.h
            $MGC_HOME/shared/include/sysc/communication/sc_signal.h
              $MGC_HOME/shared/include/sysc/communication/sc_port.h
                $MGC_HOME/shared/include/sysc/kernel/sc_event.h
                  $MGC_HOME/shared/include/sysc/kernel/sc_cmnhdr.h
              $MGC_HOME/shared/include/sysc/communication/sc_prim_channel.h
              $MGC_HOME/shared/include/sysc/communication/sc_signal_ifs.h
              $MGC_HOME/shared/include/sysc/tracing/sc_trace.h
          $MGC_HOME/shared/include/sysc/communication/sc_clock.h
          $MGC_HOME/shared/include/sysc/communication/sc_clock_ports.h
            $MGC_HOME/shared/include/sysc/communication/sc_signal_ports.h
              $MGC_HOME/shared/include/sysc/communication/sc_event_finder.h
          $MGC_HOME/shared/include/sysc/communication/sc_event_queue.h
          $MGC_HOME/shared/include/sysc/communication/sc_fifo.h
            $MGC_HOME/shared/include/sysc/communication/sc_fifo_ifs.h
          $MGC_HOME/shared/include/sysc/communication/sc_fifo_ports.h
          $MGC_HOME/shared/include/sysc/communication/sc_mutex.h
            $MGC_HOME/shared/include/sysc/communication/sc_mutex_if.h
          $MGC_HOME/shared/include/sysc/communication/sc_semaphore.h
            $MGC_HOME/shared/include/sysc/communication/sc_semaphore_if.h
          $MGC_HOME/shared/include/sysc/communication/sc_signal_resolved.h
          $MGC_HOME/shared/include/sysc/communication/sc_signal_resolved_ports.h
          $MGC_HOME/shared/include/sysc/communication/sc_signal_rv.h
            $MGC_HOME/shared/include/sysc/datatypes/bit/sc_lv.h
              $MGC_HOME/shared/include/sysc/datatypes/bit/sc_lv_base.h
                $MGC_HOME/shared/include/sysc/datatypes/bit/sc_bv_base.h
                  $MGC_HOME/shared/include/sysc/datatypes/bit/sc_bit_proxies.h
                    $MGC_HOME/shared/include/sysc/datatypes/bit/sc_proxy.h
                      $MGC_HOME/shared/include/sysc/kernel/sc_cmnhdr.h
                      $MGC_HOME/shared/include/sysc/datatypes/int/sc_signed.h
                        $MGC_HOME/shared/include/sysc/datatypes/misc/sc_value_base.h
                        $MGC_HOME/shared/include/sysc/utils/sc_temporary.h
                          $MGC_HOME/shared/include/sysc/kernel/sc_cmnhdr.h
                        $MGC_HOME/shared/include/sysc/datatypes/int/sc_length_param.h
                          $MGC_HOME/shared/include/sysc/datatypes/fx/sc_context.h
                            $MGC_HOME/shared/include/sysc/kernel/sc_cmnhdr.h
                        $MGC_HOME/shared/include/sysc/datatypes/int/sc_nbexterns.h
                        $MGC_HOME/shared/include/sysc/datatypes/int/sc_unsigned.h
                      $MGC_HOME/shared/include/sysc/datatypes/int/sc_int_base.h
                        $MGC_HOME/shared/include/sysc/kernel/sc_cmnhdr.h
                        $MGC_HOME/shared/include/sysc/datatypes/int/sc_uint_base.h
          $MGC_HOME/shared/include/sysc/communication/sc_signal_rv_ports.h
          $MGC_HOME/shared/include/sysc/datatypes/bit/sc_bv.h
          $MGC_HOME/shared/include/sysc/datatypes/int/sc_bigint.h
          $MGC_HOME/shared/include/sysc/datatypes/int/sc_biguint.h
          $MGC_HOME/shared/include/sysc/datatypes/int/sc_int.h
          $MGC_HOME/shared/include/sysc/datatypes/int/sc_uint.h
          $MGC_HOME/shared/include/sysc/datatypes/misc/sc_concatref.h
          $MGC_HOME/shared/include/sysc/utils/sc_utils_ids.h
          $MGC_HOME/shared/include/sysc/utils/sc_pvector.h
          $MGC_HOME/shared/include/sysc/utils/sc_string_view.h
            $MGC_HOME/shared/include/sysc/kernel/sc_cmnhdr.h
            $MGC_HOME/shared/include/sysc/packages/boost/utility/string_view.hpp
              $MGC_HOME/shared/include/sysc/packages/boost/config.hpp
                $MGC_HOME/shared/include/sysc/packages/boost/config/user.hpp
                $MGC_HOME/shared/include/sysc/packages/boost/config/select_compiler_config.hpp
                $MGC_HOME/shared/include/sysc/packages/boost/config/compiler/gcc.hpp
                $MGC_HOME/shared/include/sysc/packages/boost/config/select_stdlib_config.hpp
                $MGC_HOME/shared/include/sysc/packages/boost/config/stdlib/libstdcpp3.hpp
                $MGC_HOME/shared/include/sysc/packages/boost/config/select_platform_config.hpp
                $MGC_HOME/shared/include/sysc/packages/boost/config/platform/linux.hpp
                  $MGC_HOME/shared/include/sysc/packages/boost/config/posix_features.hpp
                $MGC_HOME/shared/include/sysc/packages/boost/config/suffix.hpp
              $MGC_HOME/shared/include/sysc/packages/boost/utility/string_view_fwd.hpp
          $MGC_HOME/shared/include/sysc/utils/sc_vector.h
      $MGC_HOME/shared/include/ac_sysc_macros.h
      $MGC_HOME/shared/include/ac_sysc_trace.h
      $MGC_HOME/shared/include/connections/connections.h
        $MGC_HOME/shared/include/connections/marshaller.h
          $MGC_HOME/shared/include/ccs_types.h
            $MGC_HOME/shared/include/tlm.h
              $MGC_HOME/shared/include/tlm
                $MGC_HOME/shared/include/systemc
                $MGC_HOME/shared/include/tlm_core/tlm_2/tlm_version.h
                $MGC_HOME/shared/include/tlm_core/tlm_1/tlm_analysis/tlm_analysis.h
                  $MGC_HOME/shared/include/tlm_core/tlm_1/tlm_analysis/tlm_write_if.h
                    $MGC_HOME/shared/include/systemc
                  $MGC_HOME/shared/include/tlm_core/tlm_1/tlm_analysis/tlm_analysis_if.h
                  $MGC_HOME/shared/include/tlm_core/tlm_1/tlm_analysis/tlm_analysis_triple.h
                  $MGC_HOME/shared/include/tlm_core/tlm_1/tlm_analysis/tlm_analysis_port.h
                  $MGC_HOME/shared/include/tlm_core/tlm_1/tlm_analysis/tlm_analysis_fifo.h
                    $MGC_HOME/shared/include/tlm_core/tlm_1/tlm_req_rsp/tlm_channels/tlm_fifo/tlm_fifo.h
                      $MGC_HOME/shared/include/tlm_core/tlm_1/tlm_req_rsp/tlm_1_interfaces/tlm_fifo_ifs.h
                        $MGC_HOME/shared/include/tlm_core/tlm_1/tlm_req_rsp/tlm_1_interfaces/tlm_core_ifs.h
                          $MGC_HOME/shared/include/tlm_core/tlm_1/tlm_req_rsp/tlm_1_interfaces/tlm_tag.h
                      $MGC_HOME/shared/include/tlm_core/tlm_1/tlm_req_rsp/tlm_channels/tlm_fifo/circular_buffer.h
                      $MGC_HOME/shared/include/tlm_core/tlm_1/tlm_req_rsp/tlm_channels/tlm_fifo/tlm_fifo_put_get.h
                      $MGC_HOME/shared/include/tlm_core/tlm_1/tlm_req_rsp/tlm_channels/tlm_fifo/tlm_fifo_peek.h
                      $MGC_HOME/shared/include/tlm_core/tlm_1/tlm_req_rsp/tlm_channels/tlm_fifo/tlm_fifo_resize.h
                $MGC_HOME/shared/include/tlm_core/tlm_1/tlm_req_rsp/tlm_req_rsp.h
                  $MGC_HOME/shared/include/tlm_core/tlm_1/tlm_req_rsp/tlm_1_interfaces/tlm_master_slave_ifs.h
                  $MGC_HOME/shared/include/tlm_core/tlm_1/tlm_req_rsp/tlm_channels/tlm_req_rsp_channels/tlm_req_rsp_channels.h
                    $MGC_HOME/shared/include/tlm_core/tlm_1/tlm_req_rsp/tlm_adapters/tlm_adapters.h
                    $MGC_HOME/shared/include/tlm_core/tlm_1/tlm_req_rsp/tlm_channels/tlm_req_rsp_channels/tlm_put_get_imp.h
                  $MGC_HOME/shared/include/tlm_core/tlm_1/tlm_req_rsp/tlm_ports/tlm_nonblocking_port.h
                    $MGC_HOME/shared/include/tlm_core/tlm_1/tlm_req_rsp/tlm_ports/tlm_event_finder.h
                $MGC_HOME/shared/include/tlm_core/tlm_2/tlm_2_interfaces/tlm_2_interfaces.h
                  $MGC_HOME/shared/include/tlm_core/tlm_2/tlm_2_interfaces/tlm_dmi.h
                    $MGC_HOME/shared/include/systemc
                  $MGC_HOME/shared/include/tlm_core/tlm_2/tlm_2_interfaces/tlm_fw_bw_ifs.h
                    $MGC_HOME/shared/include/systemc
                    $MGC_HOME/shared/include/tlm_core/tlm_2/tlm_generic_payload/tlm_generic_payload.h
                      $MGC_HOME/shared/include/tlm_core/tlm_2/tlm_generic_payload/tlm_helpers.h
                      $MGC_HOME/shared/include/tlm_core/tlm_2/tlm_generic_payload/tlm_phase.h
                        $MGC_HOME/shared/include/sysc/kernel/sc_cmnhdr.h
                      $MGC_HOME/shared/include/tlm_core/tlm_2/tlm_generic_payload/tlm_gp.h
                        $MGC_HOME/shared/include/sysc/kernel/sc_cmnhdr.h
                        $MGC_HOME/shared/include/tlm_core/tlm_2/tlm_generic_payload/tlm_array.h
                      $MGC_HOME/shared/include/tlm_core/tlm_2/tlm_generic_payload/tlm_endian_conv.h
                $MGC_HOME/shared/include/tlm_core/tlm_2/tlm_sockets/tlm_sockets.h
                  $MGC_HOME/shared/include/tlm_core/tlm_2/tlm_sockets/tlm_initiator_socket.h
                    $MGC_HOME/shared/include/tlm_core/tlm_2/tlm_sockets/tlm_base_socket_if.h
                  $MGC_HOME/shared/include/tlm_core/tlm_2/tlm_sockets/tlm_target_socket.h
                $MGC_HOME/shared/include/tlm_core/tlm_2/tlm_quantum/tlm_quantum.h
                  $MGC_HOME/shared/include/tlm_core/tlm_2/tlm_quantum/tlm_global_quantum.h
            $MGC_HOME/shared/include/ac_sc.h
              $MGC_HOME/shared/include/ac_complex.h
                $MGC_HOME/shared/include/ac_float.h
                  $MGC_HOME/shared/include/ac_fixed.h
                    $MGC_HOME/shared/include/ac_int.h
            $MGC_HOME/shared/include/mc_typeconv.h
          $MGC_HOME/shared/include/connections/connections_utils.h
            $MGC_HOME/shared/include/ac_assert.h
        $MGC_HOME/shared/include/connections/connections_trace.h
          $MGC_HOME/shared/include/systemc
        $MGC_HOME/shared/include/connections/message.h
      $MGC_HOME/shared/include/connections/connections_sync.h
      $MGC_HOME/shared/include/connections/connections_fifo.h
      $MGC_HOME/shared/include/connections/port_scanner.h
        $MGC_HOME/shared/include/systemc
  $PROJECT_HOME/../../inc/macfin2_conf_info.h
    $MGC_HOME/shared/include/ac_int.h
    $MGC_HOME/shared/include/ac_fixed.h
    $PROJECT_HOME/../../inc/macfin2_specs.h
      $MGC_HOME/shared/include/mc_connections.h
        $MGC_HOME/shared/include/systemc.h
          $MGC_HOME/shared/include/systemc
            $MGC_HOME/shared/include/sysc/kernel/sc_cmnhdr.h
            $MGC_HOME/shared/include/sysc/kernel/sc_externs.h
            $MGC_HOME/shared/include/sysc/kernel/sc_except.h
              $MGC_HOME/shared/include/sysc/kernel/sc_cmnhdr.h
            $MGC_HOME/shared/include/sysc/kernel/sc_module.h
              $MGC_HOME/shared/include/sysc/kernel/sc_kernel_ids.h
                $MGC_HOME/shared/include/sysc/utils/sc_report.h
                  $MGC_HOME/shared/include/sysc/kernel/sc_cmnhdr.h
                  $MGC_HOME/shared/include/sysc/utils/sc_report_handler.h
              $MGC_HOME/shared/include/sysc/kernel/sc_process.h
                $MGC_HOME/shared/include/sysc/kernel/sc_constants.h
                $MGC_HOME/shared/include/sysc/kernel/sc_object.h
                  $MGC_HOME/shared/include/sysc/kernel/sc_attribute.h
                    $MGC_HOME/shared/include/sysc/kernel/sc_cmnhdr.h
                $MGC_HOME/shared/include/sysc/communication/sc_export.h
                  $MGC_HOME/shared/include/sysc/communication/sc_communication_ids.h
                  $MGC_HOME/shared/include/sysc/communication/sc_interface.h
                    $MGC_HOME/shared/include/sysc/kernel/sc_cmnhdr.h
                  $MGC_HOME/shared/include/sysc/utils/sc_typeindex.h
                    $MGC_HOME/shared/include/sysc/kernel/sc_cmnhdr.h
              $MGC_HOME/shared/include/sysc/kernel/sc_module_name.h
              $MGC_HOME/shared/include/sysc/kernel/sc_sensitive.h
              $MGC_HOME/shared/include/sysc/kernel/sc_time.h
                $MGC_HOME/shared/include/sysc/datatypes/int/sc_nbdefs.h
                  $MGC_HOME/shared/include/sysc/kernel/sc_cmnhdr.h
                $MGC_HOME/shared/include/sysc/datatypes/fx/scfx_ieee.h
                  $MGC_HOME/shared/include/sysc/datatypes/fx/sc_fxdefs.h
                    $MGC_HOME/shared/include/sysc/kernel/sc_cmnhdr.h
                    $MGC_HOME/shared/include/sysc/utils/sc_machine.h
                      $MGC_HOME/shared/include/sysc/packages/boost/detail/endian.hpp
                    $MGC_HOME/shared/include/sysc/datatypes/fx/sc_fx_ids.h
                    $MGC_HOME/shared/include/sysc/datatypes/int/sc_nbutils.h
                      $MGC_HOME/shared/include/sysc/datatypes/bit/sc_bit_ids.h
                      $MGC_HOME/shared/include/sysc/datatypes/int/sc_int_ids.h
              $MGC_HOME/shared/include/sysc/kernel/sc_wait.h
                $MGC_HOME/shared/include/sysc/kernel/sc_simcontext.h
                  $MGC_HOME/shared/include/sysc/kernel/sc_cmnhdr.h
                  $MGC_HOME/shared/include/sysc/kernel/sc_status.h
                    $MGC_HOME/shared/include/sysc/kernel/sc_cmnhdr.h
                  $MGC_HOME/shared/include/sysc/utils/sc_hash.h
                    $MGC_HOME/shared/include/sysc/kernel/sc_simcontext.h
                  $MGC_HOME/shared/include/sysc/utils/sc_pq.h
                    $MGC_HOME/shared/include/sysc/kernel/sc_cmnhdr.h
              $MGC_HOME/shared/include/sysc/kernel/sc_wait_cthread.h
                $MGC_HOME/shared/include/sysc/datatypes/bit/sc_logic.h
                  $MGC_HOME/shared/include/sysc/kernel/sc_cmnhdr.h
                  $MGC_HOME/shared/include/sysc/kernel/sc_macros.h
                    $MGC_HOME/shared/include/sysc/kernel/sc_cmnhdr.h
                  $MGC_HOME/shared/include/sysc/utils/sc_mempool.h
                  $MGC_HOME/shared/include/sysc/datatypes/bit/sc_bit.h
              $MGC_HOME/shared/include/sysc/kernel/sc_process_handle.h
                $MGC_HOME/shared/include/sysc/kernel/sc_module.h
              $MGC_HOME/shared/include/sysc/utils/sc_list.h
                $MGC_HOME/shared/include/sysc/kernel/sc_cmnhdr.h
            $MGC_HOME/shared/include/sysc/kernel/sc_ver.h
              $MGC_HOME/shared/include/sysc/kernel/sc_cmnhdr.h
              $MGC_HOME/shared/include/sysc/communication/sc_writer_policy.h
            $MGC_HOME/shared/include/sysc/communication/sc_buffer.h
              $MGC_HOME/shared/include/sysc/communication/sc_signal.h
                $MGC_HOME/shared/include/sysc/communication/sc_port.h
                  $MGC_HOME/shared/include/sysc/kernel/sc_event.h
                    $MGC_HOME/shared/include/sysc/kernel/sc_cmnhdr.h
                $MGC_HOME/shared/include/sysc/communication/sc_prim_channel.h
                $MGC_HOME/shared/include/sysc/communication/sc_signal_ifs.h
                $MGC_HOME/shared/include/sysc/tracing/sc_trace.h
            $MGC_HOME/shared/include/sysc/communication/sc_clock.h
            $MGC_HOME/shared/include/sysc/communication/sc_clock_ports.h
              $MGC_HOME/shared/include/sysc/communication/sc_signal_ports.h
                $MGC_HOME/shared/include/sysc/communication/sc_event_finder.h
            $MGC_HOME/shared/include/sysc/communication/sc_event_queue.h
            $MGC_HOME/shared/include/sysc/communication/sc_fifo.h
              $MGC_HOME/shared/include/sysc/communication/sc_fifo_ifs.h
            $MGC_HOME/shared/include/sysc/communication/sc_fifo_ports.h
            $MGC_HOME/shared/include/sysc/communication/sc_mutex.h
              $MGC_HOME/shared/include/sysc/communication/sc_mutex_if.h
            $MGC_HOME/shared/include/sysc/communication/sc_semaphore.h
              $MGC_HOME/shared/include/sysc/communication/sc_semaphore_if.h
            $MGC_HOME/shared/include/sysc/communication/sc_signal_resolved.h
            $MGC_HOME/shared/include/sysc/communication/sc_signal_resolved_ports.h
            $MGC_HOME/shared/include/sysc/communication/sc_signal_rv.h
              $MGC_HOME/shared/include/sysc/datatypes/bit/sc_lv.h
                $MGC_HOME/shared/include/sysc/datatypes/bit/sc_lv_base.h
                  $MGC_HOME/shared/include/sysc/datatypes/bit/sc_bv_base.h
                    $MGC_HOME/shared/include/sysc/datatypes/bit/sc_bit_proxies.h
                      $MGC_HOME/shared/include/sysc/datatypes/bit/sc_proxy.h
                        $MGC_HOME/shared/include/sysc/kernel/sc_cmnhdr.h
                        $MGC_HOME/shared/include/sysc/datatypes/int/sc_signed.h
                          $MGC_HOME/shared/include/sysc/datatypes/misc/sc_value_base.h
                          $MGC_HOME/shared/include/sysc/utils/sc_temporary.h
                            $MGC_HOME/shared/include/sysc/kernel/sc_cmnhdr.h
                          $MGC_HOME/shared/include/sysc/datatypes/int/sc_length_param.h
                            $MGC_HOME/shared/include/sysc/datatypes/fx/sc_context.h
                              $MGC_HOME/shared/include/sysc/kernel/sc_cmnhdr.h
                          $MGC_HOME/shared/include/sysc/datatypes/int/sc_nbexterns.h
                          $MGC_HOME/shared/include/sysc/datatypes/int/sc_unsigned.h
                        $MGC_HOME/shared/include/sysc/datatypes/int/sc_int_base.h
                          $MGC_HOME/shared/include/sysc/kernel/sc_cmnhdr.h
                          $MGC_HOME/shared/include/sysc/datatypes/int/sc_uint_base.h
            $MGC_HOME/shared/include/sysc/communication/sc_signal_rv_ports.h
            $MGC_HOME/shared/include/sysc/datatypes/bit/sc_bv.h
            $MGC_HOME/shared/include/sysc/datatypes/int/sc_bigint.h
            $MGC_HOME/shared/include/sysc/datatypes/int/sc_biguint.h
            $MGC_HOME/shared/include/sysc/datatypes/int/sc_int.h
            $MGC_HOME/shared/include/sysc/datatypes/int/sc_uint.h
            $MGC_HOME/shared/include/sysc/datatypes/misc/sc_concatref.h
            $MGC_HOME/shared/include/sysc/utils/sc_utils_ids.h
            $MGC_HOME/shared/include/sysc/utils/sc_pvector.h
            $MGC_HOME/shared/include/sysc/utils/sc_string_view.h
              $MGC_HOME/shared/include/sysc/kernel/sc_cmnhdr.h
              $MGC_HOME/shared/include/sysc/packages/boost/utility/string_view.hpp
                $MGC_HOME/shared/include/sysc/packages/boost/config.hpp
                  $MGC_HOME/shared/include/sysc/packages/boost/config/user.hpp
                  $MGC_HOME/shared/include/sysc/packages/boost/config/select_compiler_config.hpp
                  $MGC_HOME/shared/include/sysc/packages/boost/config/compiler/gcc.hpp
                  $MGC_HOME/shared/include/sysc/packages/boost/config/select_stdlib_config.hpp
                  $MGC_HOME/shared/include/sysc/packages/boost/config/stdlib/libstdcpp3.hpp
                  $MGC_HOME/shared/include/sysc/packages/boost/config/select_platform_config.hpp
                  $MGC_HOME/shared/include/sysc/packages/boost/config/platform/linux.hpp
                    $MGC_HOME/shared/include/sysc/packages/boost/config/posix_features.hpp
                  $MGC_HOME/shared/include/sysc/packages/boost/config/suffix.hpp
                $MGC_HOME/shared/include/sysc/packages/boost/utility/string_view_fwd.hpp
            $MGC_HOME/shared/include/sysc/utils/sc_vector.h
        $MGC_HOME/shared/include/ac_sysc_macros.h
        $MGC_HOME/shared/include/ac_sysc_trace.h
        $MGC_HOME/shared/include/connections/connections.h
          $MGC_HOME/shared/include/connections/marshaller.h
            $MGC_HOME/shared/include/ccs_types.h
              $MGC_HOME/shared/include/tlm.h
                $MGC_HOME/shared/include/tlm
                  $MGC_HOME/shared/include/systemc
                  $MGC_HOME/shared/include/tlm_core/tlm_2/tlm_version.h
                  $MGC_HOME/shared/include/tlm_core/tlm_1/tlm_analysis/tlm_analysis.h
                    $MGC_HOME/shared/include/tlm_core/tlm_1/tlm_analysis/tlm_write_if.h
                      $MGC_HOME/shared/include/systemc
                    $MGC_HOME/shared/include/tlm_core/tlm_1/tlm_analysis/tlm_analysis_if.h
                    $MGC_HOME/shared/include/tlm_core/tlm_1/tlm_analysis/tlm_analysis_triple.h
                    $MGC_HOME/shared/include/tlm_core/tlm_1/tlm_analysis/tlm_analysis_port.h
                    $MGC_HOME/shared/include/tlm_core/tlm_1/tlm_analysis/tlm_analysis_fifo.h
                      $MGC_HOME/shared/include/tlm_core/tlm_1/tlm_req_rsp/tlm_channels/tlm_fifo/tlm_fifo.h
                        $MGC_HOME/shared/include/tlm_core/tlm_1/tlm_req_rsp/tlm_1_interfaces/tlm_fifo_ifs.h
                          $MGC_HOME/shared/include/tlm_core/tlm_1/tlm_req_rsp/tlm_1_interfaces/tlm_core_ifs.h
                            $MGC_HOME/shared/include/tlm_core/tlm_1/tlm_req_rsp/tlm_1_interfaces/tlm_tag.h
                        $MGC_HOME/shared/include/tlm_core/tlm_1/tlm_req_rsp/tlm_channels/tlm_fifo/circular_buffer.h
                        $MGC_HOME/shared/include/tlm_core/tlm_1/tlm_req_rsp/tlm_channels/tlm_fifo/tlm_fifo_put_get.h
                        $MGC_HOME/shared/include/tlm_core/tlm_1/tlm_req_rsp/tlm_channels/tlm_fifo/tlm_fifo_peek.h
                        $MGC_HOME/shared/include/tlm_core/tlm_1/tlm_req_rsp/tlm_channels/tlm_fifo/tlm_fifo_resize.h
                  $MGC_HOME/shared/include/tlm_core/tlm_1/tlm_req_rsp/tlm_req_rsp.h
                    $MGC_HOME/shared/include/tlm_core/tlm_1/tlm_req_rsp/tlm_1_interfaces/tlm_master_slave_ifs.h
                    $MGC_HOME/shared/include/tlm_core/tlm_1/tlm_req_rsp/tlm_channels/tlm_req_rsp_channels/tlm_req_rsp_channels.h
                      $MGC_HOME/shared/include/tlm_core/tlm_1/tlm_req_rsp/tlm_adapters/tlm_adapters.h
                      $MGC_HOME/shared/include/tlm_core/tlm_1/tlm_req_rsp/tlm_channels/tlm_req_rsp_channels/tlm_put_get_imp.h
                    $MGC_HOME/shared/include/tlm_core/tlm_1/tlm_req_rsp/tlm_ports/tlm_nonblocking_port.h
                      $MGC_HOME/shared/include/tlm_core/tlm_1/tlm_req_rsp/tlm_ports/tlm_event_finder.h
                  $MGC_HOME/shared/include/tlm_core/tlm_2/tlm_2_interfaces/tlm_2_interfaces.h
                    $MGC_HOME/shared/include/tlm_core/tlm_2/tlm_2_interfaces/tlm_dmi.h
                      $MGC_HOME/shared/include/systemc
                    $MGC_HOME/shared/include/tlm_core/tlm_2/tlm_2_interfaces/tlm_fw_bw_ifs.h
                      $MGC_HOME/shared/include/systemc
                      $MGC_HOME/shared/include/tlm_core/tlm_2/tlm_generic_payload/tlm_generic_payload.h
                        $MGC_HOME/shared/include/tlm_core/tlm_2/tlm_generic_payload/tlm_helpers.h
                        $MGC_HOME/shared/include/tlm_core/tlm_2/tlm_generic_payload/tlm_phase.h
                          $MGC_HOME/shared/include/sysc/kernel/sc_cmnhdr.h
                        $MGC_HOME/shared/include/tlm_core/tlm_2/tlm_generic_payload/tlm_gp.h
                          $MGC_HOME/shared/include/sysc/kernel/sc_cmnhdr.h
                          $MGC_HOME/shared/include/tlm_core/tlm_2/tlm_generic_payload/tlm_array.h
                        $MGC_HOME/shared/include/tlm_core/tlm_2/tlm_generic_payload/tlm_endian_conv.h
                  $MGC_HOME/shared/include/tlm_core/tlm_2/tlm_sockets/tlm_sockets.h
                    $MGC_HOME/shared/include/tlm_core/tlm_2/tlm_sockets/tlm_initiator_socket.h
                      $MGC_HOME/shared/include/tlm_core/tlm_2/tlm_sockets/tlm_base_socket_if.h
                    $MGC_HOME/shared/include/tlm_core/tlm_2/tlm_sockets/tlm_target_socket.h
                  $MGC_HOME/shared/include/tlm_core/tlm_2/tlm_quantum/tlm_quantum.h
                    $MGC_HOME/shared/include/tlm_core/tlm_2/tlm_quantum/tlm_global_quantum.h
              $MGC_HOME/shared/include/ac_sc.h
                $MGC_HOME/shared/include/ac_complex.h
                  $MGC_HOME/shared/include/ac_float.h
              $MGC_HOME/shared/include/mc_typeconv.h
            $MGC_HOME/shared/include/connections/connections_utils.h
              $MGC_HOME/shared/include/ac_assert.h
          $MGC_HOME/shared/include/connections/connections_trace.h
            $MGC_HOME/shared/include/systemc
          $MGC_HOME/shared/include/connections/message.h
        $MGC_HOME/shared/include/connections/connections_sync.h
        $MGC_HOME/shared/include/connections/connections_fifo.h
        $MGC_HOME/shared/include/connections/port_scanner.h
          $MGC_HOME/shared/include/systemc
      $PROJECT_HOME/../../../../common/matchlib_toolkit/examples/matchlib/cmod/include/nvhls_connections.h
        $PROJECT_HOME/../../../../common/matchlib_toolkit/examples/matchlib/cmod/include/nvhls_packet.h
          $PROJECT_HOME/../../../../common/matchlib_toolkit/examples/matchlib/cmod/include/nvhls_types.h
            $PROJECT_HOME/../../../../common/matchlib_toolkit/examples/matchlib/cmod/include/nvhls_int.h
              $PROJECT_HOME/../../../../common/matchlib_toolkit/examples/matchlib/cmod/include/nvhls_marshaller.h
                $MGC_HOME/shared/include/connections/marshaller.h
                  $MGC_HOME/shared/include/mc_typeconv.h
                $PROJECT_HOME/../../../../common/matchlib_toolkit/examples/matchlib/cmod/include/nvhls_assert.h
                  $PROJECT_HOME/../../../../common/matchlib_toolkit/examples/matchlib/cmod/include/hls_globals.h
                  $MGC_HOME/shared/include/ac_assert.h
          $PROJECT_HOME/../../../../common/matchlib_toolkit/examples/matchlib/cmod/include/nvhls_message.h
            $PROJECT_HOME/../../../../common/matchlib_toolkit/examples/matchlib/cmod/include/nvhls_connections_utils.h
        $PROJECT_HOME/../../../../common/matchlib_toolkit/examples/matchlib/cmod/include/nvhls_module.h
          $PROJECT_HOME/../../../../common/matchlib_toolkit/examples/matchlib/cmod/include/nvhls_trace.h
        $PROJECT_HOME/../../../../common/matchlib_toolkit/examples/matchlib/cmod/include/fifo.h
          $PROJECT_HOME/../../../../common/matchlib_toolkit/examples/matchlib/cmod/include/mem_array.h
            $PROJECT_HOME/../../../../common/matchlib_toolkit/examples/matchlib/cmod/include/nvhls_array.h
              $MGC_HOME/shared/include/ac_assert.h
            $PROJECT_HOME/../../../../common/matchlib_toolkit/examples/matchlib/cmod/include/TypeToBits.h
        $PROJECT_HOME/../../../../common/matchlib_toolkit/examples/matchlib/cmod/include/nvhls_connections_buffered_ports.h
          $PROJECT_HOME/../../../../common/matchlib_toolkit/include/ccs_p2p.h
        $PROJECT_HOME/../../../../common/matchlib_toolkit/examples/matchlib/cmod/include/nvhls_connections_network.h
          $PROJECT_HOME/../../../../common/matchlib_toolkit/examples/matchlib/cmod/include/nvhls_connections.h
      $PROJECT_HOME/../../../../common/matchlib_toolkit/examples/matchlib/cmod/include/nvhls_vector.h
        $PROJECT_HOME/../../../../common/matchlib_toolkit/examples/matchlib/cmod/include/hls_globals.h
        $PROJECT_HOME/../../../../common/matchlib_toolkit/include/ccs_p2p.h
      $PROJECT_HOME/../../../../common/inc/esp_dma_info_sysc.hpp
      $PROJECT_HOME/../../../../common/matchlib_toolkit/examples/matchlib/cmod/include/ArbitratedScratchpadDP.h
        $PROJECT_HOME/../../../../common/matchlib_toolkit/examples/matchlib/cmod/include/arbitrated_crossbar.h
          $PROJECT_HOME/../../../../common/matchlib_toolkit/examples/matchlib/cmod/include/Arbiter.h
          $PROJECT_HOME/../../../../common/matchlib_toolkit/examples/matchlib/cmod/include/one_hot_to_bin.h
          $PROJECT_HOME/../../../../common/matchlib_toolkit/examples/matchlib/cmod/include/hls_globals.h
        $PROJECT_HOME/../../../../common/matchlib_toolkit/examples/matchlib/cmod/include/crossbar.h
    $PROJECT_HOME/../../inc/macfin2_data_types.h
    $PROJECT_HOME/../../../../common/matchlib_toolkit/include/auto_gen_port_info.h
      $MGC_HOME/shared/include/connections/marshaller.h
        $MGC_HOME/shared/include/mc_typeconv.h
      $PROJECT_HOME/../../../../common/matchlib_toolkit/include/auto_gen_fields.h
        $MGC_HOME/shared/include/connections/marshaller.h
          $MGC_HOME/shared/include/mc_typeconv.h
        $PROJECT_HOME/../../../../common/matchlib_toolkit/examples/matchlib/cmod/include/UIntOrEmpty.h
          $MGC_HOME/shared/include/systemc
  $PROJECT_HOME/../../inc/Ctrl.h
    $PROJECT_HOME/../../inc/macfin2_data_types.h
      $MGC_HOME/shared/include/ac_int.h
      $MGC_HOME/shared/include/ac_fixed.h
      $PROJECT_HOME/../../inc/macfin2_specs.h
        $MGC_HOME/shared/include/mc_connections.h
          $MGC_HOME/shared/include/systemc.h
            $MGC_HOME/shared/include/systemc
              $MGC_HOME/shared/include/sysc/kernel/sc_cmnhdr.h
              $MGC_HOME/shared/include/sysc/kernel/sc_externs.h
              $MGC_HOME/shared/include/sysc/kernel/sc_except.h
                $MGC_HOME/shared/include/sysc/kernel/sc_cmnhdr.h
              $MGC_HOME/shared/include/sysc/kernel/sc_module.h
                $MGC_HOME/shared/include/sysc/kernel/sc_kernel_ids.h
                  $MGC_HOME/shared/include/sysc/utils/sc_report.h
                    $MGC_HOME/shared/include/sysc/kernel/sc_cmnhdr.h
                    $MGC_HOME/shared/include/sysc/utils/sc_report_handler.h
                $MGC_HOME/shared/include/sysc/kernel/sc_process.h
                  $MGC_HOME/shared/include/sysc/kernel/sc_constants.h
                  $MGC_HOME/shared/include/sysc/kernel/sc_object.h
                    $MGC_HOME/shared/include/sysc/kernel/sc_attribute.h
                      $MGC_HOME/shared/include/sysc/kernel/sc_cmnhdr.h
                  $MGC_HOME/shared/include/sysc/communication/sc_export.h
                    $MGC_HOME/shared/include/sysc/communication/sc_communication_ids.h
                    $MGC_HOME/shared/include/sysc/communication/sc_interface.h
                      $MGC_HOME/shared/include/sysc/kernel/sc_cmnhdr.h
                    $MGC_HOME/shared/include/sysc/utils/sc_typeindex.h
                      $MGC_HOME/shared/include/sysc/kernel/sc_cmnhdr.h
                $MGC_HOME/shared/include/sysc/kernel/sc_module_name.h
                $MGC_HOME/shared/include/sysc/kernel/sc_sensitive.h
                $MGC_HOME/shared/include/sysc/kernel/sc_time.h
                  $MGC_HOME/shared/include/sysc/datatypes/int/sc_nbdefs.h
                    $MGC_HOME/shared/include/sysc/kernel/sc_cmnhdr.h
                  $MGC_HOME/shared/include/sysc/datatypes/fx/scfx_ieee.h
                    $MGC_HOME/shared/include/sysc/datatypes/fx/sc_fxdefs.h
                      $MGC_HOME/shared/include/sysc/kernel/sc_cmnhdr.h
                      $MGC_HOME/shared/include/sysc/utils/sc_machine.h
                        $MGC_HOME/shared/include/sysc/packages/boost/detail/endian.hpp
                      $MGC_HOME/shared/include/sysc/datatypes/fx/sc_fx_ids.h
                      $MGC_HOME/shared/include/sysc/datatypes/int/sc_nbutils.h
                        $MGC_HOME/shared/include/sysc/datatypes/bit/sc_bit_ids.h
                        $MGC_HOME/shared/include/sysc/datatypes/int/sc_int_ids.h
                $MGC_HOME/shared/include/sysc/kernel/sc_wait.h
                  $MGC_HOME/shared/include/sysc/kernel/sc_simcontext.h
                    $MGC_HOME/shared/include/sysc/kernel/sc_cmnhdr.h
                    $MGC_HOME/shared/include/sysc/kernel/sc_status.h
                      $MGC_HOME/shared/include/sysc/kernel/sc_cmnhdr.h
                    $MGC_HOME/shared/include/sysc/utils/sc_hash.h
                      $MGC_HOME/shared/include/sysc/kernel/sc_simcontext.h
                    $MGC_HOME/shared/include/sysc/utils/sc_pq.h
                      $MGC_HOME/shared/include/sysc/kernel/sc_cmnhdr.h
                $MGC_HOME/shared/include/sysc/kernel/sc_wait_cthread.h
                  $MGC_HOME/shared/include/sysc/datatypes/bit/sc_logic.h
                    $MGC_HOME/shared/include/sysc/kernel/sc_cmnhdr.h
                    $MGC_HOME/shared/include/sysc/kernel/sc_macros.h
                      $MGC_HOME/shared/include/sysc/kernel/sc_cmnhdr.h
                    $MGC_HOME/shared/include/sysc/utils/sc_mempool.h
                    $MGC_HOME/shared/include/sysc/datatypes/bit/sc_bit.h
                $MGC_HOME/shared/include/sysc/kernel/sc_process_handle.h
                  $MGC_HOME/shared/include/sysc/kernel/sc_module.h
                $MGC_HOME/shared/include/sysc/utils/sc_list.h
                  $MGC_HOME/shared/include/sysc/kernel/sc_cmnhdr.h
              $MGC_HOME/shared/include/sysc/kernel/sc_ver.h
                $MGC_HOME/shared/include/sysc/kernel/sc_cmnhdr.h
                $MGC_HOME/shared/include/sysc/communication/sc_writer_policy.h
              $MGC_HOME/shared/include/sysc/communication/sc_buffer.h
                $MGC_HOME/shared/include/sysc/communication/sc_signal.h
                  $MGC_HOME/shared/include/sysc/communication/sc_port.h
                    $MGC_HOME/shared/include/sysc/kernel/sc_event.h
                      $MGC_HOME/shared/include/sysc/kernel/sc_cmnhdr.h
                  $MGC_HOME/shared/include/sysc/communication/sc_prim_channel.h
                  $MGC_HOME/shared/include/sysc/communication/sc_signal_ifs.h
                  $MGC_HOME/shared/include/sysc/tracing/sc_trace.h
              $MGC_HOME/shared/include/sysc/communication/sc_clock.h
              $MGC_HOME/shared/include/sysc/communication/sc_clock_ports.h
                $MGC_HOME/shared/include/sysc/communication/sc_signal_ports.h
                  $MGC_HOME/shared/include/sysc/communication/sc_event_finder.h
              $MGC_HOME/shared/include/sysc/communication/sc_event_queue.h
              $MGC_HOME/shared/include/sysc/communication/sc_fifo.h
                $MGC_HOME/shared/include/sysc/communication/sc_fifo_ifs.h
              $MGC_HOME/shared/include/sysc/communication/sc_fifo_ports.h
              $MGC_HOME/shared/include/sysc/communication/sc_mutex.h
                $MGC_HOME/shared/include/sysc/communication/sc_mutex_if.h
              $MGC_HOME/shared/include/sysc/communication/sc_semaphore.h
                $MGC_HOME/shared/include/sysc/communication/sc_semaphore_if.h
              $MGC_HOME/shared/include/sysc/communication/sc_signal_resolved.h
              $MGC_HOME/shared/include/sysc/communication/sc_signal_resolved_ports.h
              $MGC_HOME/shared/include/sysc/communication/sc_signal_rv.h
                $MGC_HOME/shared/include/sysc/datatypes/bit/sc_lv.h
                  $MGC_HOME/shared/include/sysc/datatypes/bit/sc_lv_base.h
                    $MGC_HOME/shared/include/sysc/datatypes/bit/sc_bv_base.h
                      $MGC_HOME/shared/include/sysc/datatypes/bit/sc_bit_proxies.h
                        $MGC_HOME/shared/include/sysc/datatypes/bit/sc_proxy.h
                          $MGC_HOME/shared/include/sysc/kernel/sc_cmnhdr.h
                          $MGC_HOME/shared/include/sysc/datatypes/int/sc_signed.h
                            $MGC_HOME/shared/include/sysc/datatypes/misc/sc_value_base.h
                            $MGC_HOME/shared/include/sysc/utils/sc_temporary.h
                              $MGC_HOME/shared/include/sysc/kernel/sc_cmnhdr.h
                            $MGC_HOME/shared/include/sysc/datatypes/int/sc_length_param.h
                              $MGC_HOME/shared/include/sysc/datatypes/fx/sc_context.h
                                $MGC_HOME/shared/include/sysc/kernel/sc_cmnhdr.h
                            $MGC_HOME/shared/include/sysc/datatypes/int/sc_nbexterns.h
                            $MGC_HOME/shared/include/sysc/datatypes/int/sc_unsigned.h
                          $MGC_HOME/shared/include/sysc/datatypes/int/sc_int_base.h
                            $MGC_HOME/shared/include/sysc/kernel/sc_cmnhdr.h
                            $MGC_HOME/shared/include/sysc/datatypes/int/sc_uint_base.h
              $MGC_HOME/shared/include/sysc/communication/sc_signal_rv_ports.h
              $MGC_HOME/shared/include/sysc/datatypes/bit/sc_bv.h
              $MGC_HOME/shared/include/sysc/datatypes/int/sc_bigint.h
              $MGC_HOME/shared/include/sysc/datatypes/int/sc_biguint.h
              $MGC_HOME/shared/include/sysc/datatypes/int/sc_int.h
              $MGC_HOME/shared/include/sysc/datatypes/int/sc_uint.h
              $MGC_HOME/shared/include/sysc/datatypes/misc/sc_concatref.h
              $MGC_HOME/shared/include/sysc/utils/sc_utils_ids.h
              $MGC_HOME/shared/include/sysc/utils/sc_pvector.h
              $MGC_HOME/shared/include/sysc/utils/sc_string_view.h
                $MGC_HOME/shared/include/sysc/kernel/sc_cmnhdr.h
                $MGC_HOME/shared/include/sysc/packages/boost/utility/string_view.hpp
                  $MGC_HOME/shared/include/sysc/packages/boost/config.hpp
                    $MGC_HOME/shared/include/sysc/packages/boost/config/user.hpp
                    $MGC_HOME/shared/include/sysc/packages/boost/config/select_compiler_config.hpp
                    $MGC_HOME/shared/include/sysc/packages/boost/config/compiler/gcc.hpp
                    $MGC_HOME/shared/include/sysc/packages/boost/config/select_stdlib_config.hpp
                    $MGC_HOME/shared/include/sysc/packages/boost/config/stdlib/libstdcpp3.hpp
                    $MGC_HOME/shared/include/sysc/packages/boost/config/select_platform_config.hpp
                    $MGC_HOME/shared/include/sysc/packages/boost/config/platform/linux.hpp
                      $MGC_HOME/shared/include/sysc/packages/boost/config/posix_features.hpp
                    $MGC_HOME/shared/include/sysc/packages/boost/config/suffix.hpp
                  $MGC_HOME/shared/include/sysc/packages/boost/utility/string_view_fwd.hpp
              $MGC_HOME/shared/include/sysc/utils/sc_vector.h
          $MGC_HOME/shared/include/ac_sysc_macros.h
          $MGC_HOME/shared/include/ac_sysc_trace.h
          $MGC_HOME/shared/include/connections/connections.h
            $MGC_HOME/shared/include/connections/marshaller.h
              $MGC_HOME/shared/include/ccs_types.h
                $MGC_HOME/shared/include/tlm.h
                  $MGC_HOME/shared/include/tlm
                    $MGC_HOME/shared/include/systemc
                    $MGC_HOME/shared/include/tlm_core/tlm_2/tlm_version.h
                    $MGC_HOME/shared/include/tlm_core/tlm_1/tlm_analysis/tlm_analysis.h
                      $MGC_HOME/shared/include/tlm_core/tlm_1/tlm_analysis/tlm_write_if.h
                        $MGC_HOME/shared/include/systemc
                      $MGC_HOME/shared/include/tlm_core/tlm_1/tlm_analysis/tlm_analysis_if.h
                      $MGC_HOME/shared/include/tlm_core/tlm_1/tlm_analysis/tlm_analysis_triple.h
                      $MGC_HOME/shared/include/tlm_core/tlm_1/tlm_analysis/tlm_analysis_port.h
                      $MGC_HOME/shared/include/tlm_core/tlm_1/tlm_analysis/tlm_analysis_fifo.h
                        $MGC_HOME/shared/include/tlm_core/tlm_1/tlm_req_rsp/tlm_channels/tlm_fifo/tlm_fifo.h
                          $MGC_HOME/shared/include/tlm_core/tlm_1/tlm_req_rsp/tlm_1_interfaces/tlm_fifo_ifs.h
                            $MGC_HOME/shared/include/tlm_core/tlm_1/tlm_req_rsp/tlm_1_interfaces/tlm_core_ifs.h
                              $MGC_HOME/shared/include/tlm_core/tlm_1/tlm_req_rsp/tlm_1_interfaces/tlm_tag.h
                          $MGC_HOME/shared/include/tlm_core/tlm_1/tlm_req_rsp/tlm_channels/tlm_fifo/circular_buffer.h
                          $MGC_HOME/shared/include/tlm_core/tlm_1/tlm_req_rsp/tlm_channels/tlm_fifo/tlm_fifo_put_get.h
                          $MGC_HOME/shared/include/tlm_core/tlm_1/tlm_req_rsp/tlm_channels/tlm_fifo/tlm_fifo_peek.h
                          $MGC_HOME/shared/include/tlm_core/tlm_1/tlm_req_rsp/tlm_channels/tlm_fifo/tlm_fifo_resize.h
                    $MGC_HOME/shared/include/tlm_core/tlm_1/tlm_req_rsp/tlm_req_rsp.h
                      $MGC_HOME/shared/include/tlm_core/tlm_1/tlm_req_rsp/tlm_1_interfaces/tlm_master_slave_ifs.h
                      $MGC_HOME/shared/include/tlm_core/tlm_1/tlm_req_rsp/tlm_channels/tlm_req_rsp_channels/tlm_req_rsp_channels.h
                        $MGC_HOME/shared/include/tlm_core/tlm_1/tlm_req_rsp/tlm_adapters/tlm_adapters.h
                        $MGC_HOME/shared/include/tlm_core/tlm_1/tlm_req_rsp/tlm_channels/tlm_req_rsp_channels/tlm_put_get_imp.h
                      $MGC_HOME/shared/include/tlm_core/tlm_1/tlm_req_rsp/tlm_ports/tlm_nonblocking_port.h
                        $MGC_HOME/shared/include/tlm_core/tlm_1/tlm_req_rsp/tlm_ports/tlm_event_finder.h
                    $MGC_HOME/shared/include/tlm_core/tlm_2/tlm_2_interfaces/tlm_2_interfaces.h
                      $MGC_HOME/shared/include/tlm_core/tlm_2/tlm_2_interfaces/tlm_dmi.h
                        $MGC_HOME/shared/include/systemc
                      $MGC_HOME/shared/include/tlm_core/tlm_2/tlm_2_interfaces/tlm_fw_bw_ifs.h
                        $MGC_HOME/shared/include/systemc
                        $MGC_HOME/shared/include/tlm_core/tlm_2/tlm_generic_payload/tlm_generic_payload.h
                          $MGC_HOME/shared/include/tlm_core/tlm_2/tlm_generic_payload/tlm_helpers.h
                          $MGC_HOME/shared/include/tlm_core/tlm_2/tlm_generic_payload/tlm_phase.h
                            $MGC_HOME/shared/include/sysc/kernel/sc_cmnhdr.h
                          $MGC_HOME/shared/include/tlm_core/tlm_2/tlm_generic_payload/tlm_gp.h
                            $MGC_HOME/shared/include/sysc/kernel/sc_cmnhdr.h
                            $MGC_HOME/shared/include/tlm_core/tlm_2/tlm_generic_payload/tlm_array.h
                          $MGC_HOME/shared/include/tlm_core/tlm_2/tlm_generic_payload/tlm_endian_conv.h
                    $MGC_HOME/shared/include/tlm_core/tlm_2/tlm_sockets/tlm_sockets.h
                      $MGC_HOME/shared/include/tlm_core/tlm_2/tlm_sockets/tlm_initiator_socket.h
                        $MGC_HOME/shared/include/tlm_core/tlm_2/tlm_sockets/tlm_base_socket_if.h
                      $MGC_HOME/shared/include/tlm_core/tlm_2/tlm_sockets/tlm_target_socket.h
                    $MGC_HOME/shared/include/tlm_core/tlm_2/tlm_quantum/tlm_quantum.h
                      $MGC_HOME/shared/include/tlm_core/tlm_2/tlm_quantum/tlm_global_quantum.h
                $MGC_HOME/shared/include/ac_sc.h
                  $MGC_HOME/shared/include/ac_complex.h
                    $MGC_HOME/shared/include/ac_float.h
                $MGC_HOME/shared/include/mc_typeconv.h
              $MGC_HOME/shared/include/connections/connections_utils.h
                $MGC_HOME/shared/include/ac_assert.h
            $MGC_HOME/shared/include/connections/connections_trace.h
              $MGC_HOME/shared/include/systemc
            $MGC_HOME/shared/include/connections/message.h
          $MGC_HOME/shared/include/connections/connections_sync.h
          $MGC_HOME/shared/include/connections/connections_fifo.h
          $MGC_HOME/shared/include/connections/port_scanner.h
            $MGC_HOME/shared/include/systemc
        $PROJECT_HOME/../../../../common/matchlib_toolkit/examples/matchlib/cmod/include/nvhls_connections.h
          $PROJECT_HOME/../../../../common/matchlib_toolkit/examples/matchlib/cmod/include/nvhls_packet.h
            $PROJECT_HOME/../../../../common/matchlib_toolkit/examples/matchlib/cmod/include/nvhls_types.h
              $PROJECT_HOME/../../../../common/matchlib_toolkit/examples/matchlib/cmod/include/nvhls_int.h
                $PROJECT_HOME/../../../../common/matchlib_toolkit/examples/matchlib/cmod/include/nvhls_marshaller.h
                  $MGC_HOME/shared/include/connections/marshaller.h
                    $MGC_HOME/shared/include/mc_typeconv.h
                  $PROJECT_HOME/../../../../common/matchlib_toolkit/examples/matchlib/cmod/include/nvhls_assert.h
                    $PROJECT_HOME/../../../../common/matchlib_toolkit/examples/matchlib/cmod/include/hls_globals.h
                    $MGC_HOME/shared/include/ac_assert.h
            $PROJECT_HOME/../../../../common/matchlib_toolkit/examples/matchlib/cmod/include/nvhls_message.h
              $PROJECT_HOME/../../../../common/matchlib_toolkit/examples/matchlib/cmod/include/nvhls_connections_utils.h
          $PROJECT_HOME/../../../../common/matchlib_toolkit/examples/matchlib/cmod/include/nvhls_module.h
            $PROJECT_HOME/../../../../common/matchlib_toolkit/examples/matchlib/cmod/include/nvhls_trace.h
          $PROJECT_HOME/../../../../common/matchlib_toolkit/examples/matchlib/cmod/include/fifo.h
            $PROJECT_HOME/../../../../common/matchlib_toolkit/examples/matchlib/cmod/include/mem_array.h
              $PROJECT_HOME/../../../../common/matchlib_toolkit/examples/matchlib/cmod/include/nvhls_array.h
                $MGC_HOME/shared/include/ac_assert.h
              $PROJECT_HOME/../../../../common/matchlib_toolkit/examples/matchlib/cmod/include/TypeToBits.h
          $PROJECT_HOME/../../../../common/matchlib_toolkit/examples/matchlib/cmod/include/nvhls_connections_buffered_ports.h
            $PROJECT_HOME/../../../../common/matchlib_toolkit/include/ccs_p2p.h
          $PROJECT_HOME/../../../../common/matchlib_toolkit/examples/matchlib/cmod/include/nvhls_connections_network.h
            $PROJECT_HOME/../../../../common/matchlib_toolkit/examples/matchlib/cmod/include/nvhls_connections.h
        $PROJECT_HOME/../../../../common/matchlib_toolkit/examples/matchlib/cmod/include/nvhls_vector.h
          $PROJECT_HOME/../../../../common/matchlib_toolkit/examples/matchlib/cmod/include/hls_globals.h
          $PROJECT_HOME/../../../../common/matchlib_toolkit/include/ccs_p2p.h
        $PROJECT_HOME/../../../../common/inc/esp_dma_info_sysc.hpp
        $PROJECT_HOME/../../../../common/matchlib_toolkit/examples/matchlib/cmod/include/ArbitratedScratchpadDP.h
          $PROJECT_HOME/../../../../common/matchlib_toolkit/examples/matchlib/cmod/include/arbitrated_crossbar.h
            $PROJECT_HOME/../../../../common/matchlib_toolkit/examples/matchlib/cmod/include/Arbiter.h
            $PROJECT_HOME/../../../../common/matchlib_toolkit/examples/matchlib/cmod/include/one_hot_to_bin.h
            $PROJECT_HOME/../../../../common/matchlib_toolkit/examples/matchlib/cmod/include/hls_globals.h
          $PROJECT_HOME/../../../../common/matchlib_toolkit/examples/matchlib/cmod/include/crossbar.h
    $PROJECT_HOME/../../inc/macfin2_conf_info.h
      $PROJECT_HOME/../../../../common/matchlib_toolkit/include/auto_gen_port_info.h
        $MGC_HOME/shared/include/connections/marshaller.h
          $MGC_HOME/shared/include/mc_typeconv.h
        $PROJECT_HOME/../../../../common/matchlib_toolkit/include/auto_gen_fields.h
          $MGC_HOME/shared/include/connections/marshaller.h
            $MGC_HOME/shared/include/mc_typeconv.h
          $PROJECT_HOME/../../../../common/matchlib_toolkit/examples/matchlib/cmod/include/UIntOrEmpty.h
            $MGC_HOME/shared/include/systemc
    $PROJECT_HOME/../../../../common/matchlib_toolkit/include/ac_shared_bank_array.h
      $MGC_HOME/shared/include/ac_assert.h
      $PROJECT_HOME/../../../../common/matchlib_toolkit/include/ac_shared_proxy.h
        $MGC_HOME/shared/include/ac_shared.h
      $PROJECT_HOME/../../../../common/matchlib_toolkit/include/ac_max_pow2.h
      $PROJECT_HOME/../../../../common/matchlib_toolkit/include/ac_array_1D.h
        $MGC_HOME/shared/include/ac_assert.h
  $PROJECT_HOME/../../inc/macfin2_specs.h
    $MGC_HOME/shared/include/mc_connections.h
      $MGC_HOME/shared/include/systemc.h
        $MGC_HOME/shared/include/systemc
          $MGC_HOME/shared/include/sysc/kernel/sc_cmnhdr.h
          $MGC_HOME/shared/include/sysc/kernel/sc_externs.h
          $MGC_HOME/shared/include/sysc/kernel/sc_except.h
            $MGC_HOME/shared/include/sysc/kernel/sc_cmnhdr.h
          $MGC_HOME/shared/include/sysc/kernel/sc_module.h
            $MGC_HOME/shared/include/sysc/kernel/sc_kernel_ids.h
              $MGC_HOME/shared/include/sysc/utils/sc_report.h
                $MGC_HOME/shared/include/sysc/kernel/sc_cmnhdr.h
                $MGC_HOME/shared/include/sysc/utils/sc_report_handler.h
            $MGC_HOME/shared/include/sysc/kernel/sc_process.h
              $MGC_HOME/shared/include/sysc/kernel/sc_constants.h
              $MGC_HOME/shared/include/sysc/kernel/sc_object.h
                $MGC_HOME/shared/include/sysc/kernel/sc_attribute.h
                  $MGC_HOME/shared/include/sysc/kernel/sc_cmnhdr.h
              $MGC_HOME/shared/include/sysc/communication/sc_export.h
                $MGC_HOME/shared/include/sysc/communication/sc_communication_ids.h
                $MGC_HOME/shared/include/sysc/communication/sc_interface.h
                  $MGC_HOME/shared/include/sysc/kernel/sc_cmnhdr.h
                $MGC_HOME/shared/include/sysc/utils/sc_typeindex.h
                  $MGC_HOME/shared/include/sysc/kernel/sc_cmnhdr.h
            $MGC_HOME/shared/include/sysc/kernel/sc_module_name.h
            $MGC_HOME/shared/include/sysc/kernel/sc_sensitive.h
            $MGC_HOME/shared/include/sysc/kernel/sc_time.h
              $MGC_HOME/shared/include/sysc/datatypes/int/sc_nbdefs.h
                $MGC_HOME/shared/include/sysc/kernel/sc_cmnhdr.h
              $MGC_HOME/shared/include/sysc/datatypes/fx/scfx_ieee.h
                $MGC_HOME/shared/include/sysc/datatypes/fx/sc_fxdefs.h
                  $MGC_HOME/shared/include/sysc/kernel/sc_cmnhdr.h
                  $MGC_HOME/shared/include/sysc/utils/sc_machine.h
                    $MGC_HOME/shared/include/sysc/packages/boost/detail/endian.hpp
                  $MGC_HOME/shared/include/sysc/datatypes/fx/sc_fx_ids.h
                  $MGC_HOME/shared/include/sysc/datatypes/int/sc_nbutils.h
                    $MGC_HOME/shared/include/sysc/datatypes/bit/sc_bit_ids.h
                    $MGC_HOME/shared/include/sysc/datatypes/int/sc_int_ids.h
            $MGC_HOME/shared/include/sysc/kernel/sc_wait.h
              $MGC_HOME/shared/include/sysc/kernel/sc_simcontext.h
                $MGC_HOME/shared/include/sysc/kernel/sc_cmnhdr.h
                $MGC_HOME/shared/include/sysc/kernel/sc_status.h
                  $MGC_HOME/shared/include/sysc/kernel/sc_cmnhdr.h
                $MGC_HOME/shared/include/sysc/utils/sc_hash.h
                  $MGC_HOME/shared/include/sysc/kernel/sc_simcontext.h
                $MGC_HOME/shared/include/sysc/utils/sc_pq.h
                  $MGC_HOME/shared/include/sysc/kernel/sc_cmnhdr.h
            $MGC_HOME/shared/include/sysc/kernel/sc_wait_cthread.h
              $MGC_HOME/shared/include/sysc/datatypes/bit/sc_logic.h
                $MGC_HOME/shared/include/sysc/kernel/sc_cmnhdr.h
                $MGC_HOME/shared/include/sysc/kernel/sc_macros.h
                  $MGC_HOME/shared/include/sysc/kernel/sc_cmnhdr.h
                $MGC_HOME/shared/include/sysc/utils/sc_mempool.h
                $MGC_HOME/shared/include/sysc/datatypes/bit/sc_bit.h
            $MGC_HOME/shared/include/sysc/kernel/sc_process_handle.h
              $MGC_HOME/shared/include/sysc/kernel/sc_module.h
            $MGC_HOME/shared/include/sysc/utils/sc_list.h
              $MGC_HOME/shared/include/sysc/kernel/sc_cmnhdr.h
          $MGC_HOME/shared/include/sysc/kernel/sc_ver.h
            $MGC_HOME/shared/include/sysc/kernel/sc_cmnhdr.h
            $MGC_HOME/shared/include/sysc/communication/sc_writer_policy.h
          $MGC_HOME/shared/include/sysc/communication/sc_buffer.h
            $MGC_HOME/shared/include/sysc/communication/sc_signal.h
              $MGC_HOME/shared/include/sysc/communication/sc_port.h
                $MGC_HOME/shared/include/sysc/kernel/sc_event.h
                  $MGC_HOME/shared/include/sysc/kernel/sc_cmnhdr.h
              $MGC_HOME/shared/include/sysc/communication/sc_prim_channel.h
              $MGC_HOME/shared/include/sysc/communication/sc_signal_ifs.h
              $MGC_HOME/shared/include/sysc/tracing/sc_trace.h
          $MGC_HOME/shared/include/sysc/communication/sc_clock.h
          $MGC_HOME/shared/include/sysc/communication/sc_clock_ports.h
            $MGC_HOME/shared/include/sysc/communication/sc_signal_ports.h
              $MGC_HOME/shared/include/sysc/communication/sc_event_finder.h
          $MGC_HOME/shared/include/sysc/communication/sc_event_queue.h
          $MGC_HOME/shared/include/sysc/communication/sc_fifo.h
            $MGC_HOME/shared/include/sysc/communication/sc_fifo_ifs.h
          $MGC_HOME/shared/include/sysc/communication/sc_fifo_ports.h
          $MGC_HOME/shared/include/sysc/communication/sc_mutex.h
            $MGC_HOME/shared/include/sysc/communication/sc_mutex_if.h
          $MGC_HOME/shared/include/sysc/communication/sc_semaphore.h
            $MGC_HOME/shared/include/sysc/communication/sc_semaphore_if.h
          $MGC_HOME/shared/include/sysc/communication/sc_signal_resolved.h
          $MGC_HOME/shared/include/sysc/communication/sc_signal_resolved_ports.h
          $MGC_HOME/shared/include/sysc/communication/sc_signal_rv.h
            $MGC_HOME/shared/include/sysc/datatypes/bit/sc_lv.h
              $MGC_HOME/shared/include/sysc/datatypes/bit/sc_lv_base.h
                $MGC_HOME/shared/include/sysc/datatypes/bit/sc_bv_base.h
                  $MGC_HOME/shared/include/sysc/datatypes/bit/sc_bit_proxies.h
                    $MGC_HOME/shared/include/sysc/datatypes/bit/sc_proxy.h
                      $MGC_HOME/shared/include/sysc/kernel/sc_cmnhdr.h
                      $MGC_HOME/shared/include/sysc/datatypes/int/sc_signed.h
                        $MGC_HOME/shared/include/sysc/datatypes/misc/sc_value_base.h
                        $MGC_HOME/shared/include/sysc/utils/sc_temporary.h
                          $MGC_HOME/shared/include/sysc/kernel/sc_cmnhdr.h
                        $MGC_HOME/shared/include/sysc/datatypes/int/sc_length_param.h
                          $MGC_HOME/shared/include/sysc/datatypes/fx/sc_context.h
                            $MGC_HOME/shared/include/sysc/kernel/sc_cmnhdr.h
                        $MGC_HOME/shared/include/sysc/datatypes/int/sc_nbexterns.h
                        $MGC_HOME/shared/include/sysc/datatypes/int/sc_unsigned.h
                      $MGC_HOME/shared/include/sysc/datatypes/int/sc_int_base.h
                        $MGC_HOME/shared/include/sysc/kernel/sc_cmnhdr.h
                        $MGC_HOME/shared/include/sysc/datatypes/int/sc_uint_base.h
          $MGC_HOME/shared/include/sysc/communication/sc_signal_rv_ports.h
          $MGC_HOME/shared/include/sysc/datatypes/bit/sc_bv.h
          $MGC_HOME/shared/include/sysc/datatypes/int/sc_bigint.h
          $MGC_HOME/shared/include/sysc/datatypes/int/sc_biguint.h
          $MGC_HOME/shared/include/sysc/datatypes/int/sc_int.h
          $MGC_HOME/shared/include/sysc/datatypes/int/sc_uint.h
          $MGC_HOME/shared/include/sysc/datatypes/misc/sc_concatref.h
          $MGC_HOME/shared/include/sysc/utils/sc_utils_ids.h
          $MGC_HOME/shared/include/sysc/utils/sc_pvector.h
          $MGC_HOME/shared/include/sysc/utils/sc_string_view.h
            $MGC_HOME/shared/include/sysc/kernel/sc_cmnhdr.h
            $MGC_HOME/shared/include/sysc/packages/boost/utility/string_view.hpp
              $MGC_HOME/shared/include/sysc/packages/boost/config.hpp
                $MGC_HOME/shared/include/sysc/packages/boost/config/user.hpp
                $MGC_HOME/shared/include/sysc/packages/boost/config/select_compiler_config.hpp
                $MGC_HOME/shared/include/sysc/packages/boost/config/compiler/gcc.hpp
                $MGC_HOME/shared/include/sysc/packages/boost/config/select_stdlib_config.hpp
                $MGC_HOME/shared/include/sysc/packages/boost/config/stdlib/libstdcpp3.hpp
                $MGC_HOME/shared/include/sysc/packages/boost/config/select_platform_config.hpp
                $MGC_HOME/shared/include/sysc/packages/boost/config/platform/linux.hpp
                  $MGC_HOME/shared/include/sysc/packages/boost/config/posix_features.hpp
                $MGC_HOME/shared/include/sysc/packages/boost/config/suffix.hpp
              $MGC_HOME/shared/include/sysc/packages/boost/utility/string_view_fwd.hpp
          $MGC_HOME/shared/include/sysc/utils/sc_vector.h
      $MGC_HOME/shared/include/ac_sysc_macros.h
      $MGC_HOME/shared/include/ac_sysc_trace.h
      $MGC_HOME/shared/include/connections/connections.h
        $MGC_HOME/shared/include/connections/marshaller.h
          $MGC_HOME/shared/include/ccs_types.h
            $MGC_HOME/shared/include/tlm.h
              $MGC_HOME/shared/include/tlm
                $MGC_HOME/shared/include/systemc
                $MGC_HOME/shared/include/tlm_core/tlm_2/tlm_version.h
                $MGC_HOME/shared/include/tlm_core/tlm_1/tlm_analysis/tlm_analysis.h
                  $MGC_HOME/shared/include/tlm_core/tlm_1/tlm_analysis/tlm_write_if.h
                    $MGC_HOME/shared/include/systemc
                  $MGC_HOME/shared/include/tlm_core/tlm_1/tlm_analysis/tlm_analysis_if.h
                  $MGC_HOME/shared/include/tlm_core/tlm_1/tlm_analysis/tlm_analysis_triple.h
                  $MGC_HOME/shared/include/tlm_core/tlm_1/tlm_analysis/tlm_analysis_port.h
                  $MGC_HOME/shared/include/tlm_core/tlm_1/tlm_analysis/tlm_analysis_fifo.h
                    $MGC_HOME/shared/include/tlm_core/tlm_1/tlm_req_rsp/tlm_channels/tlm_fifo/tlm_fifo.h
                      $MGC_HOME/shared/include/tlm_core/tlm_1/tlm_req_rsp/tlm_1_interfaces/tlm_fifo_ifs.h
                        $MGC_HOME/shared/include/tlm_core/tlm_1/tlm_req_rsp/tlm_1_interfaces/tlm_core_ifs.h
                          $MGC_HOME/shared/include/tlm_core/tlm_1/tlm_req_rsp/tlm_1_interfaces/tlm_tag.h
                      $MGC_HOME/shared/include/tlm_core/tlm_1/tlm_req_rsp/tlm_channels/tlm_fifo/circular_buffer.h
                      $MGC_HOME/shared/include/tlm_core/tlm_1/tlm_req_rsp/tlm_channels/tlm_fifo/tlm_fifo_put_get.h
                      $MGC_HOME/shared/include/tlm_core/tlm_1/tlm_req_rsp/tlm_channels/tlm_fifo/tlm_fifo_peek.h
                      $MGC_HOME/shared/include/tlm_core/tlm_1/tlm_req_rsp/tlm_channels/tlm_fifo/tlm_fifo_resize.h
                $MGC_HOME/shared/include/tlm_core/tlm_1/tlm_req_rsp/tlm_req_rsp.h
                  $MGC_HOME/shared/include/tlm_core/tlm_1/tlm_req_rsp/tlm_1_interfaces/tlm_master_slave_ifs.h
                  $MGC_HOME/shared/include/tlm_core/tlm_1/tlm_req_rsp/tlm_channels/tlm_req_rsp_channels/tlm_req_rsp_channels.h
                    $MGC_HOME/shared/include/tlm_core/tlm_1/tlm_req_rsp/tlm_adapters/tlm_adapters.h
                    $MGC_HOME/shared/include/tlm_core/tlm_1/tlm_req_rsp/tlm_channels/tlm_req_rsp_channels/tlm_put_get_imp.h
                  $MGC_HOME/shared/include/tlm_core/tlm_1/tlm_req_rsp/tlm_ports/tlm_nonblocking_port.h
                    $MGC_HOME/shared/include/tlm_core/tlm_1/tlm_req_rsp/tlm_ports/tlm_event_finder.h
                $MGC_HOME/shared/include/tlm_core/tlm_2/tlm_2_interfaces/tlm_2_interfaces.h
                  $MGC_HOME/shared/include/tlm_core/tlm_2/tlm_2_interfaces/tlm_dmi.h
                    $MGC_HOME/shared/include/systemc
                  $MGC_HOME/shared/include/tlm_core/tlm_2/tlm_2_interfaces/tlm_fw_bw_ifs.h
                    $MGC_HOME/shared/include/systemc
                    $MGC_HOME/shared/include/tlm_core/tlm_2/tlm_generic_payload/tlm_generic_payload.h
                      $MGC_HOME/shared/include/tlm_core/tlm_2/tlm_generic_payload/tlm_helpers.h
                      $MGC_HOME/shared/include/tlm_core/tlm_2/tlm_generic_payload/tlm_phase.h
                        $MGC_HOME/shared/include/sysc/kernel/sc_cmnhdr.h
                      $MGC_HOME/shared/include/tlm_core/tlm_2/tlm_generic_payload/tlm_gp.h
                        $MGC_HOME/shared/include/sysc/kernel/sc_cmnhdr.h
                        $MGC_HOME/shared/include/tlm_core/tlm_2/tlm_generic_payload/tlm_array.h
                      $MGC_HOME/shared/include/tlm_core/tlm_2/tlm_generic_payload/tlm_endian_conv.h
                $MGC_HOME/shared/include/tlm_core/tlm_2/tlm_sockets/tlm_sockets.h
                  $MGC_HOME/shared/include/tlm_core/tlm_2/tlm_sockets/tlm_initiator_socket.h
                    $MGC_HOME/shared/include/tlm_core/tlm_2/tlm_sockets/tlm_base_socket_if.h
                  $MGC_HOME/shared/include/tlm_core/tlm_2/tlm_sockets/tlm_target_socket.h
                $MGC_HOME/shared/include/tlm_core/tlm_2/tlm_quantum/tlm_quantum.h
                  $MGC_HOME/shared/include/tlm_core/tlm_2/tlm_quantum/tlm_global_quantum.h
            $MGC_HOME/shared/include/ac_sc.h
              $MGC_HOME/shared/include/ac_complex.h
                $MGC_HOME/shared/include/ac_float.h
            $MGC_HOME/shared/include/mc_typeconv.h
          $MGC_HOME/shared/include/connections/connections_utils.h
            $MGC_HOME/shared/include/ac_assert.h
        $MGC_HOME/shared/include/connections/connections_trace.h
          $MGC_HOME/shared/include/systemc
        $MGC_HOME/shared/include/connections/message.h
      $MGC_HOME/shared/include/connections/connections_sync.h
      $MGC_HOME/shared/include/connections/connections_fifo.h
      $MGC_HOME/shared/include/connections/port_scanner.h
        $MGC_HOME/shared/include/systemc
    $PROJECT_HOME/../../../../common/matchlib_toolkit/examples/matchlib/cmod/include/nvhls_connections.h
      $PROJECT_HOME/../../../../common/matchlib_toolkit/examples/matchlib/cmod/include/nvhls_packet.h
        $PROJECT_HOME/../../../../common/matchlib_toolkit/examples/matchlib/cmod/include/nvhls_types.h
          $PROJECT_HOME/../../../../common/matchlib_toolkit/examples/matchlib/cmod/include/nvhls_int.h
            $PROJECT_HOME/../../../../common/matchlib_toolkit/examples/matchlib/cmod/include/nvhls_marshaller.h
              $MGC_HOME/shared/include/connections/marshaller.h
                $MGC_HOME/shared/include/mc_typeconv.h
              $PROJECT_HOME/../../../../common/matchlib_toolkit/examples/matchlib/cmod/include/nvhls_assert.h
                $PROJECT_HOME/../../../../common/matchlib_toolkit/examples/matchlib/cmod/include/hls_globals.h
                $MGC_HOME/shared/include/ac_assert.h
        $PROJECT_HOME/../../../../common/matchlib_toolkit/examples/matchlib/cmod/include/nvhls_message.h
          $PROJECT_HOME/../../../../common/matchlib_toolkit/examples/matchlib/cmod/include/nvhls_connections_utils.h
      $PROJECT_HOME/../../../../common/matchlib_toolkit/examples/matchlib/cmod/include/nvhls_module.h
        $PROJECT_HOME/../../../../common/matchlib_toolkit/examples/matchlib/cmod/include/nvhls_trace.h
      $PROJECT_HOME/../../../../common/matchlib_toolkit/examples/matchlib/cmod/include/fifo.h
        $PROJECT_HOME/../../../../common/matchlib_toolkit/examples/matchlib/cmod/include/mem_array.h
          $PROJECT_HOME/../../../../common/matchlib_toolkit/examples/matchlib/cmod/include/nvhls_array.h
            $MGC_HOME/shared/include/ac_assert.h
          $PROJECT_HOME/../../../../common/matchlib_toolkit/examples/matchlib/cmod/include/TypeToBits.h
      $PROJECT_HOME/../../../../common/matchlib_toolkit/examples/matchlib/cmod/include/nvhls_connections_buffered_ports.h
        $PROJECT_HOME/../../../../common/matchlib_toolkit/include/ccs_p2p.h
      $PROJECT_HOME/../../../../common/matchlib_toolkit/examples/matchlib/cmod/include/nvhls_connections_network.h
        $PROJECT_HOME/../../../../common/matchlib_toolkit/examples/matchlib/cmod/include/nvhls_connections.h
    $PROJECT_HOME/../../../../common/matchlib_toolkit/examples/matchlib/cmod/include/nvhls_vector.h
      $PROJECT_HOME/../../../../common/matchlib_toolkit/examples/matchlib/cmod/include/hls_globals.h
      $PROJECT_HOME/../../../../common/matchlib_toolkit/include/ccs_p2p.h
    $PROJECT_HOME/../../../../common/inc/esp_dma_info_sysc.hpp
    $PROJECT_HOME/../../../../common/matchlib_toolkit/examples/matchlib/cmod/include/ArbitratedScratchpadDP.h
      $PROJECT_HOME/../../../../common/matchlib_toolkit/examples/matchlib/cmod/include/arbitrated_crossbar.h
        $PROJECT_HOME/../../../../common/matchlib_toolkit/examples/matchlib/cmod/include/Arbiter.h
        $PROJECT_HOME/../../../../common/matchlib_toolkit/examples/matchlib/cmod/include/one_hot_to_bin.h
        $PROJECT_HOME/../../../../common/matchlib_toolkit/examples/matchlib/cmod/include/hls_globals.h
      $PROJECT_HOME/../../../../common/matchlib_toolkit/examples/matchlib/cmod/include/crossbar.h

Processes/Blocks in Design
  Process                    Real Operation(s) count Latency Throughput Reset Length II Comments 
  -------------------------- ----------------------- ------- ---------- ------------ -- --------
  /Ctrl/Ctrl:config/config                         9       1          2            1  0          
  /Ctrl/Ctrl:load/load                            39     519        524            1  0        ? 
  /Ctrl/Ctrl:compute/compute                      58    1031       1036            1  0        ? 
  /Ctrl/Ctrl:store/store                          55     468        468            1  0        ? 
  Design Total:                                  161    2019       1036            1  0          
  
Clock Information
  Clock Signal Edge   Period Sharing Alloc (%) Uncertainty Used by Processes/Blocks                                                                        
  ------------ ------ ------ ----------------- ----------- -----------------------------------------------------------------------------------------------
  clk          rising  5.000             20.00    0.000000 /Ctrl/Ctrl:config/config /Ctrl/Ctrl:load/load /Ctrl/Ctrl:compute/compute /Ctrl/Ctrl:store/store 
  
I/O Data Ranges
  Port               Mode DeclType DeclWidth DeclRange ActType ActWidth ActRange 
  ------------------ ---- -------- --------- --------- ------- -------- --------
  clk                IN   Unsigned         1                                     
  rst                IN   Unsigned         1                                     
  conf_info.val      IN   Unsigned         1                                     
  conf_info.msg      IN   Unsigned        96                                     
  dma_read_chnl.val  IN   Unsigned         1                                     
  dma_read_chnl.msg  IN   Unsigned        64                                     
  dma_write_chnl.rdy IN   Unsigned         1                                     
  dma_read_ctrl.rdy  IN   Unsigned         1                                     
  dma_write_ctrl.rdy IN   Unsigned         1                                     
  conf_info_out.rdy  IN   Unsigned         1                                     
  sync00.rdy         IN   Unsigned         1                                     
  in_wr_req.val      IN   Unsigned         1                                     
  in_wr_req.msg      IN   Unsigned        32                                     
  in_rd_rsp.rdy      IN   Unsigned         1                                     
  acc_done           OUT  Unsigned         1                                     
  conf_info.rdy      OUT  Unsigned         1                                     
  dma_read_chnl.rdy  OUT  Unsigned         1                                     
  dma_write_chnl.val OUT  Unsigned         1                                     
  dma_write_chnl.msg OUT  Unsigned        64                                     
  dma_read_ctrl.val  OUT  Unsigned         1                                     
  dma_read_ctrl.msg  OUT  Unsigned        73                                     
  dma_write_ctrl.val OUT  Unsigned         1                                     
  dma_write_ctrl.msg OUT  Unsigned        73                                     
  conf_info_out.val  OUT  Unsigned         1                                     
  conf_info_out.msg  OUT  Unsigned        96                                     
  sync00.val         OUT  Unsigned         1                                     
  sync00.msg         OUT  Unsigned         1                                     
  in_wr_req.rdy      OUT  Unsigned         1                                     
  in_rd_rsp.val      OUT  Unsigned         1                                     
  in_rd_rsp.msg      OUT  Unsigned        64                                     
  
Memory Resources
  Resource Name: /Ctrl/Ctrl:config/conf_info.Pop():mio
    Memory Component: ccs_conn_ctrl_in_buf_wait    Size:         1 x 96
    External:         false                        Packing Mode: compact
    Memory Map:
    Variable                        Indices Phys Memory Address     
    ------------------------------- ------- -----------------------
    /Ctrl/Ctrl:config/conf_info.msg    0:95 00000000-00000000 (0-0) 
    
  Resource Name: /Ctrl/Ctrl:config/conf_info_out.Push():mio
    Memory Component: ccs_conn_out_buf_wait        Size:         1 x 96
    External:         false                        Packing Mode: compact
    Memory Map:
    Variable                            Indices Phys Memory Address     
    ----------------------------------- ------- -----------------------
    /Ctrl/Ctrl:config/conf_info_out.msg    0:95 00000000-00000000 (0-0) 
    
  Resource Name: /Ctrl/Ctrl:config/conf1.Push():mio
    Memory Component: ccs_conn_out_buf_wait        Size:         1 x 96
    External:         false                        Packing Mode: compact
    Memory Map:
    Variable                    Indices Phys Memory Address     
    --------------------------- ------- -----------------------
    /Ctrl/Ctrl:config/conf1.msg    0:95 00000000-00000000 (0-0) 
    
  Resource Name: /Ctrl/Ctrl:config/conf2.Push():mio
    Memory Component: ccs_conn_out_buf_wait        Size:         1 x 96
    External:         false                        Packing Mode: compact
    Memory Map:
    Variable                    Indices Phys Memory Address     
    --------------------------- ------- -----------------------
    /Ctrl/Ctrl:config/conf2.msg    0:95 00000000-00000000 (0-0) 
    
  Resource Name: /Ctrl/Ctrl:config/conf3.Push():mio
    Memory Component: ccs_conn_out_buf_wait        Size:         1 x 96
    External:         false                        Packing Mode: compact
    Memory Map:
    Variable                    Indices Phys Memory Address     
    --------------------------- ------- -----------------------
    /Ctrl/Ctrl:config/conf3.msg    0:95 00000000-00000000 (0-0) 
    
  Resource Name: /Ctrl/Ctrl:config/sync00.Push():mio
    Memory Component: ccs_conn_out_buf_wait        Size:         1 x 1
    External:         false                        Packing Mode: compact
    Memory Map:
    Variable                     Indices Phys Memory Address     
    ---------------------------- ------- -----------------------
    /Ctrl/Ctrl:config/sync00.msg     0:0 00000000-00000000 (0-0) 
    
  Resource Name: /Ctrl/Ctrl:config/sync01.Push():mio
    Memory Component: ccs_conn_out_buf_wait        Size:         1 x 1
    External:         false                        Packing Mode: compact
    Memory Map:
    Variable                     Indices Phys Memory Address     
    ---------------------------- ------- -----------------------
    /Ctrl/Ctrl:config/sync01.msg     0:0 00000000-00000000 (0-0) 
    
  Resource Name: /Ctrl/Ctrl:config/sync02.Push():mio
    Memory Component: ccs_conn_out_buf_wait        Size:         1 x 1
    External:         false                        Packing Mode: compact
    Memory Map:
    Variable                     Indices Phys Memory Address     
    ---------------------------- ------- -----------------------
    /Ctrl/Ctrl:config/sync02.msg     0:0 00000000-00000000 (0-0) 
    
  Resource Name: /Ctrl/Ctrl:config/sync03.Push():mio
    Memory Component: ccs_conn_out_buf_wait        Size:         1 x 1
    External:         false                        Packing Mode: compact
    Memory Map:
    Variable                     Indices Phys Memory Address     
    ---------------------------- ------- -----------------------
    /Ctrl/Ctrl:config/sync03.msg     0:0 00000000-00000000 (0-0) 
    
  Resource Name: /Ctrl/Connections::conn_sync::chan::sync_out/ccs_ccore_start:rsc
    Memory Component: ccs_in                       Size:         1 x 1
    External:         true                         Packing Mode: sidebyside
    Memory Map:
    Variable                                                     Indices Phys Memory Address     
    ------------------------------------------------------------ ------- -----------------------
    /Ctrl/Connections::conn_sync::chan::sync_out/ccs_ccore_start     0:0 00000000-00000000 (0-0) 
    
  Resource Name: /Ctrl/Ctrl:load/sync01.Pop():mio
    Memory Component: ccs_conn_ctrl_in_buf_wait    Size:         1 x 1
    External:         false                        Packing Mode: compact
    Memory Map:
    Variable                   Indices Phys Memory Address     
    -------------------------- ------- -----------------------
    /Ctrl/Ctrl:load/sync01.msg     0:0 00000000-00000000 (0-0) 
    
  Resource Name: /Ctrl/Ctrl:load/conf1.Pop():mio
    Memory Component: ccs_conn_ctrl_in_buf_wait    Size:         1 x 96
    External:         false                        Packing Mode: compact
    Memory Map:
    Variable                  Indices Phys Memory Address     
    ------------------------- ------- -----------------------
    /Ctrl/Ctrl:load/conf1.msg    0:95 00000000-00000000 (0-0) 
    
  Resource Name: /Ctrl/Ctrl:load/dma_read_ctrl.Push():mio
    Memory Component: ccs_conn_out_buf_wait        Size:         1 x 73
    External:         false                        Packing Mode: compact
    Memory Map:
    Variable                          Indices Phys Memory Address     
    --------------------------------- ------- -----------------------
    /Ctrl/Ctrl:load/dma_read_ctrl.msg    0:72 00000000-00000000 (0-0) 
    
  Resource Name: /Ctrl/Ctrl:load/dma_read_chnl.Pop():mio
    Memory Component: ccs_conn_ctrl_in_buf_wait    Size:         1 x 64
    External:         false                        Packing Mode: compact
    Memory Map:
    Variable                          Indices Phys Memory Address     
    --------------------------------- ------- -----------------------
    /Ctrl/Ctrl:load/dma_read_chnl.msg    0:63 00000000-00000000 (0-0) 
    
  Resource Name: /Ctrl/Ctrl:load/plm_in_ping.a0.a.d.data:rsc
    Memory Component: DUAL_PORT_RBW                Size:         320 x 32
    External:         false                        Packing Mode: compact
    Memory Map:
    Variable                                Indices Phys Memory Address       
    --------------------------------------- ------- -------------------------
    /Ctrl/Ctrl:load/plm_in_ping.a0.a.d.data    0:31 0000013f-00000000 (319-0) 
    
  Resource Name: /Ctrl/Ctrl:load/plm_in_ping.a1.a.d.data:rsc
    Memory Component: DUAL_PORT_RBW                Size:         320 x 32
    External:         false                        Packing Mode: compact
    Memory Map:
    Variable                                Indices Phys Memory Address       
    --------------------------------------- ------- -------------------------
    /Ctrl/Ctrl:load/plm_in_ping.a1.a.d.data    0:31 0000013f-00000000 (319-0) 
    
  Resource Name: /Ctrl/Ctrl:load/plm_in_pong.a0.a.d.data:rsc
    Memory Component: DUAL_PORT_RBW                Size:         320 x 32
    External:         false                        Packing Mode: compact
    Memory Map:
    Variable                                Indices Phys Memory Address       
    --------------------------------------- ------- -------------------------
    /Ctrl/Ctrl:load/plm_in_pong.a0.a.d.data    0:31 0000013f-00000000 (319-0) 
    
  Resource Name: /Ctrl/Ctrl:load/plm_in_pong.a1.a.d.data:rsc
    Memory Component: DUAL_PORT_RBW                Size:         320 x 32
    External:         false                        Packing Mode: compact
    Memory Map:
    Variable                                Indices Phys Memory Address       
    --------------------------------------- ------- -------------------------
    /Ctrl/Ctrl:load/plm_in_pong.a1.a.d.data    0:31 0000013f-00000000 (319-0) 
    
  Resource Name: /Ctrl/Connections::conn_sync::chan::sync_in/ccs_ccore_start:rsc
    Memory Component: ccs_in                       Size:         1 x 1
    External:         true                         Packing Mode: sidebyside
    Memory Map:
    Variable                                                    Indices Phys Memory Address     
    ----------------------------------------------------------- ------- -----------------------
    /Ctrl/Connections::conn_sync::chan::sync_in/ccs_ccore_start     0:0 00000000-00000000 (0-0) 
    
  Resource Name: /Ctrl/Ctrl:compute/sync02.Pop():mio
    Memory Component: ccs_conn_ctrl_in_buf_wait    Size:         1 x 1
    External:         false                        Packing Mode: compact
    Memory Map:
    Variable                      Indices Phys Memory Address     
    ----------------------------- ------- -----------------------
    /Ctrl/Ctrl:compute/sync02.msg     0:0 00000000-00000000 (0-0) 
    
  Resource Name: /Ctrl/Ctrl:compute/conf2.Pop():mio
    Memory Component: ccs_conn_ctrl_in_buf_wait    Size:         1 x 96
    External:         false                        Packing Mode: compact
    Memory Map:
    Variable                     Indices Phys Memory Address     
    ---------------------------- ------- -----------------------
    /Ctrl/Ctrl:compute/conf2.msg    0:95 00000000-00000000 (0-0) 
    
  Resource Name: /Ctrl/Ctrl:compute/in_rd_rsp.Push():mio
    Memory Component: ccs_conn_out_buf_wait        Size:         1 x 64
    External:         false                        Packing Mode: compact
    Memory Map:
    Variable                         Indices Phys Memory Address     
    -------------------------------- ------- -----------------------
    /Ctrl/Ctrl:compute/in_rd_rsp.msg    0:63 00000000-00000000 (0-0) 
    
  Resource Name: /Ctrl/Ctrl:compute/in_wr_req.Pop():mio
    Memory Component: ccs_conn_ctrl_in_buf_wait    Size:         1 x 32
    External:         false                        Packing Mode: compact
    Memory Map:
    Variable                         Indices Phys Memory Address     
    -------------------------------- ------- -----------------------
    /Ctrl/Ctrl:compute/in_wr_req.msg    0:31 00000000-00000000 (0-0) 
    
  Resource Name: /Ctrl/Ctrl:compute/plm_in_ping.a0.a.d.data:rsc
    Memory Component: DUAL_PORT_RBW                Size:         320 x 32
    External:         false                        Packing Mode: compact
    Memory Map:
    Variable                                   Indices Phys Memory Address       
    ------------------------------------------ ------- -------------------------
    /Ctrl/Ctrl:compute/plm_in_ping.a0.a.d.data    0:31 0000013f-00000000 (319-0) 
    
  Resource Name: /Ctrl/Ctrl:compute/plm_in_ping.a1.a.d.data:rsc
    Memory Component: DUAL_PORT_RBW                Size:         320 x 32
    External:         false                        Packing Mode: compact
    Memory Map:
    Variable                                   Indices Phys Memory Address       
    ------------------------------------------ ------- -------------------------
    /Ctrl/Ctrl:compute/plm_in_ping.a1.a.d.data    0:31 0000013f-00000000 (319-0) 
    
  Resource Name: /Ctrl/Ctrl:compute/plm_in_pong.a0.a.d.data:rsc
    Memory Component: DUAL_PORT_RBW                Size:         320 x 32
    External:         false                        Packing Mode: compact
    Memory Map:
    Variable                                   Indices Phys Memory Address       
    ------------------------------------------ ------- -------------------------
    /Ctrl/Ctrl:compute/plm_in_pong.a0.a.d.data    0:31 0000013f-00000000 (319-0) 
    
  Resource Name: /Ctrl/Ctrl:compute/plm_in_pong.a1.a.d.data:rsc
    Memory Component: DUAL_PORT_RBW                Size:         320 x 32
    External:         false                        Packing Mode: compact
    Memory Map:
    Variable                                   Indices Phys Memory Address       
    ------------------------------------------ ------- -------------------------
    /Ctrl/Ctrl:compute/plm_in_pong.a1.a.d.data    0:31 0000013f-00000000 (319-0) 
    
  Resource Name: /Ctrl/Ctrl:compute/plm_out_ping.a0.a.d.data:rsc
    Memory Component: DUAL_PORT_RBW                Size:         32 x 32
    External:         false                        Packing Mode: compact
    Memory Map:
    Variable                                    Indices Phys Memory Address      
    ------------------------------------------- ------- ------------------------
    /Ctrl/Ctrl:compute/plm_out_ping.a0.a.d.data    0:31 0000001f-00000000 (31-0) 
    
  Resource Name: /Ctrl/Ctrl:compute/plm_out_ping.a1.a.d.data:rsc
    Memory Component: DUAL_PORT_RBW                Size:         32 x 32
    External:         false                        Packing Mode: compact
    Memory Map:
    Variable                                    Indices Phys Memory Address      
    ------------------------------------------- ------- ------------------------
    /Ctrl/Ctrl:compute/plm_out_ping.a1.a.d.data    0:31 0000001f-00000000 (31-0) 
    
  Resource Name: /Ctrl/Ctrl:compute/plm_out_pong.a0.a.d.data:rsc
    Memory Component: DUAL_PORT_RBW                Size:         32 x 32
    External:         false                        Packing Mode: compact
    Memory Map:
    Variable                                    Indices Phys Memory Address      
    ------------------------------------------- ------- ------------------------
    /Ctrl/Ctrl:compute/plm_out_pong.a0.a.d.data    0:31 0000001f-00000000 (31-0) 
    
  Resource Name: /Ctrl/Ctrl:compute/plm_out_pong.a1.a.d.data:rsc
    Memory Component: DUAL_PORT_RBW                Size:         32 x 32
    External:         false                        Packing Mode: compact
    Memory Map:
    Variable                                    Indices Phys Memory Address      
    ------------------------------------------- ------- ------------------------
    /Ctrl/Ctrl:compute/plm_out_pong.a1.a.d.data    0:31 0000001f-00000000 (31-0) 
    
  Resource Name: /Ctrl/Ctrl:store/sync03.Pop():mio
    Memory Component: ccs_conn_ctrl_in_buf_wait    Size:         1 x 1
    External:         false                        Packing Mode: compact
    Memory Map:
    Variable                    Indices Phys Memory Address     
    --------------------------- ------- -----------------------
    /Ctrl/Ctrl:store/sync03.msg     0:0 00000000-00000000 (0-0) 
    
  Resource Name: /Ctrl/Ctrl:store/conf3.Pop():mio
    Memory Component: ccs_conn_ctrl_in_buf_wait    Size:         1 x 96
    External:         false                        Packing Mode: compact
    Memory Map:
    Variable                   Indices Phys Memory Address     
    -------------------------- ------- -----------------------
    /Ctrl/Ctrl:store/conf3.msg    0:95 00000000-00000000 (0-0) 
    
  Resource Name: /Ctrl/Ctrl:store/dma_write_ctrl.Push():mio
    Memory Component: ccs_conn_out_buf_wait        Size:         1 x 73
    External:         false                        Packing Mode: compact
    Memory Map:
    Variable                            Indices Phys Memory Address     
    ----------------------------------- ------- -----------------------
    /Ctrl/Ctrl:store/dma_write_ctrl.msg    0:72 00000000-00000000 (0-0) 
    
  Resource Name: /Ctrl/Ctrl:store/dma_write_chnl.Push():mio
    Memory Component: ccs_conn_out_buf_wait        Size:         1 x 64
    External:         false                        Packing Mode: compact
    Memory Map:
    Variable                            Indices Phys Memory Address     
    ----------------------------------- ------- -----------------------
    /Ctrl/Ctrl:store/dma_write_chnl.msg    0:63 00000000-00000000 (0-0) 
    
  Resource Name: /Ctrl/Ctrl:store/plm_out_ping.a0.a.d.data:rsc
    Memory Component: DUAL_PORT_RBW                Size:         32 x 32
    External:         false                        Packing Mode: compact
    Memory Map:
    Variable                                  Indices Phys Memory Address      
    ----------------------------------------- ------- ------------------------
    /Ctrl/Ctrl:store/plm_out_ping.a0.a.d.data    0:31 0000001f-00000000 (31-0) 
    
  Resource Name: /Ctrl/Ctrl:store/plm_out_ping.a1.a.d.data:rsc
    Memory Component: DUAL_PORT_RBW                Size:         32 x 32
    External:         false                        Packing Mode: compact
    Memory Map:
    Variable                                  Indices Phys Memory Address      
    ----------------------------------------- ------- ------------------------
    /Ctrl/Ctrl:store/plm_out_ping.a1.a.d.data    0:31 0000001f-00000000 (31-0) 
    
  Resource Name: /Ctrl/Ctrl:store/plm_out_pong.a0.a.d.data:rsc
    Memory Component: DUAL_PORT_RBW                Size:         32 x 32
    External:         false                        Packing Mode: compact
    Memory Map:
    Variable                                  Indices Phys Memory Address      
    ----------------------------------------- ------- ------------------------
    /Ctrl/Ctrl:store/plm_out_pong.a0.a.d.data    0:31 0000001f-00000000 (31-0) 
    
  Resource Name: /Ctrl/Ctrl:store/plm_out_pong.a1.a.d.data:rsc
    Memory Component: DUAL_PORT_RBW                Size:         32 x 32
    External:         false                        Packing Mode: compact
    Memory Map:
    Variable                                  Indices Phys Memory Address      
    ----------------------------------------- ------- ------------------------
    /Ctrl/Ctrl:store/plm_out_pong.a1.a.d.data    0:31 0000001f-00000000 (31-0) 
    
  Resource Name: /Ctrl/plm_in_ping.a0.a.d.data:rsc
    Memory Component: DUAL_PORT_RBW                Size:         320 x 32
    External:         false                        Packing Mode: compact
    Memory Map:
    Variable                      Indices Phys Memory Address       
    ----------------------------- ------- -------------------------
    /Ctrl/plm_in_ping.a0.a.d.data    0:31 0000013f-00000000 (319-0) 
    
  Resource Name: /Ctrl/plm_in_ping.a1.a.d.data:rsc
    Memory Component: DUAL_PORT_RBW                Size:         320 x 32
    External:         false                        Packing Mode: compact
    Memory Map:
    Variable                      Indices Phys Memory Address       
    ----------------------------- ------- -------------------------
    /Ctrl/plm_in_ping.a1.a.d.data    0:31 0000013f-00000000 (319-0) 
    
  Resource Name: /Ctrl/plm_in_pong.a0.a.d.data:rsc
    Memory Component: DUAL_PORT_RBW                Size:         320 x 32
    External:         false                        Packing Mode: compact
    Memory Map:
    Variable                      Indices Phys Memory Address       
    ----------------------------- ------- -------------------------
    /Ctrl/plm_in_pong.a0.a.d.data    0:31 0000013f-00000000 (319-0) 
    
  Resource Name: /Ctrl/plm_in_pong.a1.a.d.data:rsc
    Memory Component: DUAL_PORT_RBW                Size:         320 x 32
    External:         false                        Packing Mode: compact
    Memory Map:
    Variable                      Indices Phys Memory Address       
    ----------------------------- ------- -------------------------
    /Ctrl/plm_in_pong.a1.a.d.data    0:31 0000013f-00000000 (319-0) 
    
  Resource Name: /Ctrl/plm_out_ping.a0.a.d.data:rsc
    Memory Component: DUAL_PORT_RBW                Size:         32 x 32
    External:         false                        Packing Mode: compact
    Memory Map:
    Variable                       Indices Phys Memory Address      
    ------------------------------ ------- ------------------------
    /Ctrl/plm_out_ping.a0.a.d.data    0:31 0000001f-00000000 (31-0) 
    
  Resource Name: /Ctrl/plm_out_ping.a1.a.d.data:rsc
    Memory Component: DUAL_PORT_RBW                Size:         32 x 32
    External:         false                        Packing Mode: compact
    Memory Map:
    Variable                       Indices Phys Memory Address      
    ------------------------------ ------- ------------------------
    /Ctrl/plm_out_ping.a1.a.d.data    0:31 0000001f-00000000 (31-0) 
    
  Resource Name: /Ctrl/plm_out_pong.a0.a.d.data:rsc
    Memory Component: DUAL_PORT_RBW                Size:         32 x 32
    External:         false                        Packing Mode: compact
    Memory Map:
    Variable                       Indices Phys Memory Address      
    ------------------------------ ------- ------------------------
    /Ctrl/plm_out_pong.a0.a.d.data    0:31 0000001f-00000000 (31-0) 
    
  Resource Name: /Ctrl/plm_out_pong.a1.a.d.data:rsc
    Memory Component: DUAL_PORT_RBW                Size:         32 x 32
    External:         false                        Packing Mode: compact
    Memory Map:
    Variable                       Indices Phys Memory Address      
    ------------------------------ ------- ------------------------
    /Ctrl/plm_out_pong.a1.a.d.data    0:31 0000001f-00000000 (31-0) 
    
C++ to Interface Mappings
  Resource/Fields C++ Type Interface Range Range Expression(x) x=step+offset Expression Limits 
  --------------- -------- --------------- ------------------- ------------- -----------------
  
Multi-Cycle (Combinational) Component Usage
  Instance Component Name Cycles 
  -------- -------------- ------
  
Loops
  Process                    Loop                       Iterations C-Steps Total Cycles  Duration  Unroll Init Comments 
  -------------------------- -------------------------- ---------- ------- ------------- --------- ------ ---- --------
  /Ctrl/Ctrl:config/config   config:rlp                   Infinite       1            3  15.00 ns                       
  /Ctrl/Ctrl:config/config    while                       Infinite       2            2  10.00 ns                       
  /Ctrl/Ctrl:load/load       load:rlp                     Infinite       1        525 ?   2.62 us                       
  /Ctrl/Ctrl:load/load        while                       Infinite       1        524 ?   2.62 us                       
  /Ctrl/Ctrl:load/load         while:for                         ?       4        523 ?   2.62 us                       
  /Ctrl/Ctrl:load/load          while:for:for                    ?       4        519 ?   2.60 us                       
  /Ctrl/Ctrl:load/load           while:for:for:for             513       3          515   2.58 us            1          
  /Ctrl/Ctrl:compute/compute compute:rlp                  Infinite       1       1037 ?   5.18 us                       
  /Ctrl/Ctrl:compute/compute  while                       Infinite       1       1036 ?   5.18 us                       
  /Ctrl/Ctrl:compute/compute   while:for                         ?       3       1035 ?   5.17 us                       
  /Ctrl/Ctrl:compute/compute    while:for:for                    ?       4       1032 ?   5.16 us                       
  /Ctrl/Ctrl:compute/compute     while:for:for:for             513       4         1028   5.14 us            2          
  /Ctrl/Ctrl:store/store     store:rlp                    Infinite       1        469 ?   2.35 us                       
  /Ctrl/Ctrl:store/store      while                       Infinite       7        468 ?   2.34 us                       
  /Ctrl/Ctrl:store/store       while:for                         ?       2        461 ?   2.31 us                       
  /Ctrl/Ctrl:store/store        while:for:for                    ?       4        459 ?   2.29 us                       
  /Ctrl/Ctrl:store/store         while:for:for:for              65       1        455 ?   2.27 us                       
  /Ctrl/Ctrl:store/store          while:for:for:for:for          3       2            6  30.00 ns                       
  
Loop Execution Profile
  Process                    Loop                       Total Cycles % of Overall Design Cycles Throughput Cycles Comments 
  -------------------------- -------------------------- ------------ -------------------------- ----------------- --------
  /Ctrl/Ctrl:config/config   config:rlp                           1                       33.33                2           
  /Ctrl/Ctrl:config/config    while                               2                       66.67                2           
  /Ctrl/Ctrl:load/load       load:rlp                           1 ?                        0.19            524 ?           
  /Ctrl/Ctrl:load/load        while                             1 ?                        0.19            524 ?           
  /Ctrl/Ctrl:load/load         while:for                        4 ?                        0.76            523 ?           
  /Ctrl/Ctrl:load/load          while:for:for                   4 ?                        0.76            519 ?           
  /Ctrl/Ctrl:load/load           while:for:for:for              515                       98.10                1           
  /Ctrl/Ctrl:compute/compute compute:rlp                        1 ?                        0.10           1036 ?           
  /Ctrl/Ctrl:compute/compute  while                             1 ?                        0.10           1036 ?           
  /Ctrl/Ctrl:compute/compute   while:for                        3 ?                        0.29           1035 ?           
  /Ctrl/Ctrl:compute/compute    while:for:for                   4 ?                        0.39           1032 ?           
  /Ctrl/Ctrl:compute/compute     while:for:for:for             1028                       99.13                2           
  /Ctrl/Ctrl:store/store     store:rlp                          1 ?                        0.21            468 ?           
  /Ctrl/Ctrl:store/store      while                             7 ?                        1.49            468 ?           
  /Ctrl/Ctrl:store/store       while:for                        2 ?                        0.43            461 ?           
  /Ctrl/Ctrl:store/store        while:for:for                   4 ?                        0.85            459 ?           
  /Ctrl/Ctrl:store/store         while:for:for:for             65 ?                       13.86            455 ?           
  /Ctrl/Ctrl:store/store          while:for:for:for:for         390                       83.16              390           
  
End of Report
